timestamp,sendQueueLen,fillChanLen,sentPacketNumber,gapFillReceived,fillChanDropped
2026-08-17T01:24:54.3330521Z,2,0,0,0,0
2026-08-17T01:24:54.3380636Z,5,0,0,0,0
2026-08-17T01:24:54.3433015Z,8,0,0,0,0
2026-08-17T01:24:54.3478574Z,10,0,1,0,0
2026-08-17T01:24:54.3529333Z,13,0,1,2,0
2026-08-17T01:24:54.3580584Z,17,0,1,4,0
2026-08-17T01:24:54.3633442Z,20,0,2,4,0
2026-08-17T01:24:54.3679027Z,22,0,4,4,0
2026-08-17T01:24:54.3731278Z,24,0,4,4,0
2026-08-17T01:24:54.3778573Z,25,0,6,4,0
2026-08-17T01:24:54.3830569Z,25,0,9,4,0
2026-08-17T01:24:54.3878586Z,28,0,9,4,0
2026-08-17T01:24:54.3933697Z,31,0,9,4,0
2026-08-17T01:24:54.3979076Z,31,0,11,4,0
2026-08-17T01:24:54.4031368Z,35,0,12,4,0
2026-08-17T01:24:54.4083802Z,38,0,12,4,0
2026-08-17T01:24:54.4130426Z,41,0,12,5,0
2026-08-17T01:24:54.4183299Z,43,0,12,5,0
2026-08-17T01:24:54.4234391Z,42,0,13,5,0
2026-08-17T01:24:54.4280987Z,42,0,13,5,0
2026-08-17T01:24:54.4335573Z,42,0,13,5,0
2026-08-17T01:24:54.4383745Z,42,0,13,5,0
2026-08-17T01:24:54.4434892Z,42,0,13,5,0
2026-08-17T01:24:54.4482751Z,42,0,13,5,0
2026-08-17T01:24:54.4529208Z,42,0,13,5,0
2026-08-17T01:24:54.4578454Z,43,0,13,5,0
2026-08-17T01:24:54.4630244Z,43,0,13,5,0
2026-08-17T01:24:54.468118Z,45,0,13,5,0
2026-08-17T01:24:54.4728561Z,47,0,13,5,0
2026-08-17T01:24:54.4782809Z,49,0,13,5,0
2026-08-17T01:24:54.4828638Z,50,0,13,5,0
2026-08-17T01:24:54.4882404Z,50,0,14,5,0
2026-08-17T01:24:54.4930427Z,50,0,14,5,0
2026-08-17T01:24:54.4983159Z,52,0,14,5,0
2026-08-17T01:24:54.5031275Z,53,0,15,5,0
2026-08-17T01:24:54.5080593Z,55,0,17,5,0
2026-08-17T01:24:54.5134197Z,58,0,18,5,0
2026-08-17T01:24:54.5181879Z,58,0,22,5,0
2026-08-17T01:24:54.5229408Z,59,0,23,5,0
2026-08-17T01:24:54.5282241Z,60,0,25,6,0
2026-08-17T01:24:54.5332453Z,60,0,25,6,0
2026-08-17T01:24:54.5378289Z,62,0,25,6,0
2026-08-17T01:24:54.5432093Z,66,0,25,8,0
2026-08-17T01:24:54.5480241Z,69,0,25,8,0
2026-08-17T01:24:54.5536098Z,70,0,29,9,0
2026-08-17T01:24:54.55812Z,70,0,32,9,0
2026-08-17T01:24:54.5630697Z,74,0,32,9,0
2026-08-17T01:24:54.5680107Z,74,0,32,9,0
2026-08-17T01:24:54.5732962Z,74,0,32,9,0
2026-08-17T01:24:54.5786126Z,74,0,32,9,0
2026-08-17T01:24:54.5834015Z,75,0,32,9,0
2026-08-17T01:24:54.5882352Z,78,0,32,10,0
2026-08-17T01:24:54.5928652Z,87,0,32,14,0
2026-08-17T01:24:54.5980992Z,91,0,34,15,0
2026-08-17T01:24:54.6030517Z,97,0,35,16,0
2026-08-17T01:24:54.6087617Z,97,0,35,16,0
2026-08-17T01:24:54.6130911Z,97,0,35,16,0
2026-08-17T01:24:54.6181926Z,97,0,35,16,0
2026-08-17T01:24:54.6233175Z,98,0,35,16,0
2026-08-17T01:24:54.6280789Z,102,0,35,19,0
2026-08-17T01:24:54.6331832Z,109,0,35,23,0
2026-08-17T01:24:54.6382757Z,114,0,37,26,0
2026-08-17T01:24:54.6434944Z,119,0,38,26,0
2026-08-17T01:24:54.6481686Z,120,0,40,26,0
2026-08-17T01:24:54.6528581Z,123,0,42,27,0
2026-08-17T01:24:54.6581428Z,126,0,45,29,0
2026-08-17T01:24:54.6637756Z,129,0,48,29,0
2026-08-17T01:24:54.668235Z,133,0,48,30,0
2026-08-17T01:24:54.6733975Z,134,0,48,30,0
2026-08-17T01:24:54.6783831Z,134,0,48,30,0
2026-08-17T01:24:54.6836156Z,134,0,48,30,0
2026-08-17T01:24:54.6882017Z,138,0,48,33,0
2026-08-17T01:24:54.6929591Z,143,0,48,36,0
2026-08-17T01:24:54.6982133Z,145,0,48,37,0
2026-08-17T01:24:54.7033495Z,149,0,48,40,0
2026-08-17T01:24:54.7078565Z,155,0,48,43,0
2026-08-17T01:24:54.7130469Z,159,0,48,45,0
2026-08-17T01:24:54.7185826Z,163,0,48,46,0
2026-08-17T01:24:54.7233391Z,166,0,48,48,0
2026-08-17T01:24:54.7281402Z,168,0,50,48,0
2026-08-17T01:24:54.732993Z,170,0,54,48,0
2026-08-17T01:24:54.73824Z,174,0,56,48,0
2026-08-17T01:24:54.7430611Z,175,0,56,48,0
2026-08-17T01:24:54.7481733Z,176,0,57,48,0
2026-08-17T01:24:54.7533767Z,176,0,57,48,0
2026-08-17T01:24:54.7585259Z,176,0,57,48,0
2026-08-17T01:24:54.763368Z,178,0,57,48,0
2026-08-17T01:24:54.7682806Z,181,0,57,48,0
2026-08-17T01:24:54.7732974Z,183,0,57,48,0
2026-08-17T01:24:54.7781403Z,186,0,57,48,0
2026-08-17T01:24:54.7831405Z,188,0,57,48,0
2026-08-17T01:24:54.7885482Z,193,0,58,52,0
2026-08-17T01:24:54.7934314Z,195,0,58,54,0
2026-08-17T01:24:54.7986871Z,196,0,58,55,0
2026-08-17T01:24:54.802965Z,204,0,58,58,0
2026-08-17T01:24:54.808325Z,208,0,58,58,0
2026-08-17T01:24:54.8130501Z,210,0,59,58,0
2026-08-17T01:24:54.818712Z,212,0,62,58,0
2026-08-17T01:24:54.8228966Z,211,0,64,58,0
2026-08-17T01:24:54.8283106Z,211,0,64,58,0
2026-08-17T01:24:54.833624Z,211,0,64,58,0
2026-08-17T01:24:54.8387762Z,211,0,64,58,0
2026-08-17T01:24:54.8432095Z,211,0,64,58,0
2026-08-17T01:24:54.8485274Z,211,0,64,58,0
2026-08-17T01:24:54.8535654Z,211,0,64,58,0
2026-08-17T01:24:54.8582157Z,212,0,64,58,0
2026-08-17T01:24:54.8633779Z,215,0,64,58,0
2026-08-17T01:24:54.8680936Z,216,0,64,58,0
2026-08-17T01:24:54.8732918Z,216,0,64,58,0
2026-08-17T01:24:54.8783253Z,220,0,64,58,0
2026-08-17T01:24:54.8834077Z,222,0,64,58,0
2026-08-17T01:24:54.8885004Z,223,0,64,58,0
2026-08-17T01:24:54.8937089Z,223,0,64,58,0
2026-08-17T01:24:54.8987421Z,223,0,64,58,0
2026-08-17T01:24:54.9033711Z,223,0,64,58,0
2026-08-17T01:24:54.9084131Z,223,0,64,58,0
2026-08-17T01:24:54.9135646Z,223,0,64,58,0
2026-08-17T01:24:54.9181086Z,223,0,64,58,0
2026-08-17T01:24:54.9236282Z,223,0,64,58,0
2026-08-17T01:24:54.928728Z,223,0,64,58,0
2026-08-17T01:24:54.9334774Z,223,0,64,58,0
2026-08-17T01:24:54.9385854Z,223,0,64,58,0
2026-08-17T01:24:54.9434841Z,223,0,64,58,0
2026-08-17T01:24:54.9486052Z,223,0,64,58,0
2026-08-17T01:24:54.9531346Z,223,0,64,58,0
2026-08-17T01:24:54.9583039Z,225,0,64,58,0
2026-08-17T01:24:54.9632989Z,228,0,64,58,0
2026-08-17T01:24:54.967883Z,231,0,64,58,0
2026-08-17T01:24:54.9728814Z,233,0,65,58,0
2026-08-17T01:24:54.9786988Z,233,0,65,58,0
2026-08-17T01:24:54.9831031Z,233,0,65,58,0
2026-08-17T01:24:54.9881387Z,233,0,65,58,0
2026-08-17T01:24:54.9934697Z,233,0,65,58,0
2026-08-17T01:24:54.9980245Z,233,0,65,58,0
2026-08-17T01:24:55.0031003Z,233,0,65,58,0
2026-08-17T01:24:55.0083624Z,237,0,65,58,0
2026-08-17T01:24:55.0128465Z,238,0,69,58,0
2026-08-17T01:24:55.0180242Z,242,0,74,58,0
2026-08-17T01:24:55.0231282Z,242,0,76,58,0
2026-08-17T01:24:55.0284343Z,242,0,76,58,0
2026-08-17T01:24:55.0335298Z,242,0,76,58,0
2026-08-17T01:24:55.0384158Z,242,0,76,58,0
2026-08-17T01:24:55.0436437Z,242,0,76,58,0
2026-08-17T01:24:55.0480894Z,242,0,76,58,0
2026-08-17T01:24:55.0531656Z,242,0,76,58,0
2026-08-17T01:24:55.0578571Z,243,0,76,58,0
2026-08-17T01:24:55.0637516Z,246,0,76,59,0
2026-08-17T01:24:55.0682422Z,254,0,77,64,0
2026-08-17T01:24:55.0737351Z,257,0,78,64,0
2026-08-17T01:24:55.0781067Z,262,0,78,64,0
2026-08-17T01:24:55.0831897Z,263,0,80,64,0
2026-08-17T01:24:55.0885342Z,263,0,80,64,0
2026-08-17T01:24:55.0929688Z,264,0,80,64,0
2026-08-17T01:24:55.0981421Z,267,0,80,64,0
2026-08-17T01:24:55.1029211Z,262,0,86,64,0
2026-08-17T01:24:55.1080375Z,265,0,88,64,0
2026-08-17T01:24:55.1131505Z,267,0,90,64,0
2026-08-17T01:24:55.1201043Z,267,0,92,64,0
2026-08-17T01:24:55.1232168Z,270,0,92,64,0
2026-08-17T01:24:55.1285067Z,269,0,93,64,0
2026-08-17T01:24:55.1332202Z,269,0,93,64,0
2026-08-17T01:24:55.1379426Z,271,0,93,64,0
2026-08-17T01:24:55.1430819Z,274,0,93,64,0
2026-08-17T01:24:55.1479628Z,274,0,95,64,0
2026-08-17T01:24:55.1532775Z,276,0,97,65,0
2026-08-17T01:24:55.1583418Z,275,0,101,65,0
2026-08-17T01:24:55.1633395Z,276,0,104,65,0
2026-08-17T01:24:55.1681675Z,274,0,108,65,0
2026-08-17T01:24:55.173647Z,274,0,109,65,0
2026-08-17T01:24:55.1783155Z,274,0,109,65,0
2026-08-17T01:24:55.1832833Z,274,0,109,65,0
2026-08-17T01:24:55.1879993Z,274,0,109,65,0
2026-08-17T01:24:55.1932742Z,274,0,109,65,0
2026-08-17T01:24:55.1984911Z,274,0,109,65,0
2026-08-17T01:24:55.2032776Z,274,0,109,65,0
2026-08-17T01:24:55.2078991Z,274,0,109,65,0
2026-08-17T01:24:55.2150783Z,274,0,109,65,0
2026-08-17T01:24:55.2179854Z,274,0,109,65,0
2026-08-17T01:24:55.2232064Z,274,0,109,65,0
2026-08-17T01:24:55.2283835Z,274,0,109,65,0
2026-08-17T01:24:55.2336083Z,274,0,109,65,0
2026-08-17T01:24:55.2380942Z,274,0,109,65,0
2026-08-17T01:24:55.24394Z,274,0,109,65,0
2026-08-17T01:24:55.2486437Z,274,0,109,65,0
2026-08-17T01:24:55.2537328Z,274,0,109,65,0
2026-08-17T01:24:55.2584814Z,274,0,109,65,0
2026-08-17T01:24:55.264746Z,274,0,109,65,0
2026-08-17T01:24:55.2682669Z,274,0,109,65,0
2026-08-17T01:24:55.2730916Z,274,0,109,65,0
2026-08-17T01:24:55.2790432Z,274,0,109,65,0
2026-08-17T01:24:55.2841523Z,274,0,109,65,0
2026-08-17T01:24:55.2886162Z,274,0,109,65,0
2026-08-17T01:24:55.2933211Z,274,0,109,65,0
2026-08-17T01:24:55.2985934Z,274,0,109,65,0
2026-08-17T01:24:55.3043878Z,274,0,109,65,0
2026-08-17T01:24:55.3083463Z,274,0,109,65,0
2026-08-17T01:24:55.3142797Z,274,0,109,65,0
2026-08-17T01:24:55.3185059Z,274,0,109,65,0
2026-08-17T01:24:55.3234654Z,274,0,109,65,0
2026-08-17T01:24:55.3287342Z,274,0,109,65,0
2026-08-17T01:24:55.3342783Z,274,0,109,65,0
2026-08-17T01:24:55.338148Z,274,0,109,65,0
2026-08-17T01:24:55.3434353Z,274,0,109,65,0
2026-08-17T01:24:55.348296Z,274,0,109,65,0
2026-08-17T01:24:55.3533479Z,274,0,109,65,0
2026-08-17T01:24:55.3588871Z,274,0,109,65,0
2026-08-17T01:24:55.3635058Z,274,0,109,65,0
2026-08-17T01:24:55.3683594Z,274,0,109,65,0
2026-08-17T01:24:55.3733509Z,274,0,109,65,0
2026-08-17T01:24:55.3783599Z,274,0,109,65,0
2026-08-17T01:24:55.3836018Z,274,0,109,65,0
2026-08-17T01:24:55.3884118Z,274,0,109,65,0
2026-08-17T01:24:55.3933349Z,274,0,109,65,0
2026-08-17T01:24:55.3984505Z,274,0,109,65,0
2026-08-17T01:24:55.403385Z,274,0,109,65,0
2026-08-17T01:24:55.4082923Z,274,0,109,65,0
2026-08-17T01:24:55.4134824Z,274,0,109,65,0
2026-08-17T01:24:55.4184445Z,274,0,109,65,0
2026-08-17T01:24:55.4234064Z,274,0,109,65,0
2026-08-17T01:24:55.4284704Z,274,0,109,65,0
2026-08-17T01:24:55.432948Z,274,0,109,65,0
2026-08-17T01:24:55.4384652Z,274,0,109,65,0
2026-08-17T01:24:55.4430343Z,274,0,109,65,0
2026-08-17T01:24:55.4482039Z,274,0,109,65,0
2026-08-17T01:24:55.453392Z,274,0,109,65,0
2026-08-17T01:24:55.4582295Z,274,0,109,65,0
2026-08-17T01:24:55.4634368Z,274,0,109,65,0
2026-08-17T01:24:55.46811Z,274,0,109,65,0
2026-08-17T01:24:55.4734729Z,274,0,109,65,0
2026-08-17T01:24:55.4784116Z,274,0,109,65,0
2026-08-17T01:24:55.483164Z,274,0,109,65,0
2026-08-17T01:24:55.4880601Z,274,0,109,65,0
2026-08-17T01:24:55.4934239Z,274,0,109,65,0
2026-08-17T01:24:55.4981737Z,274,0,109,65,0
2026-08-17T01:24:55.5029935Z,274,0,109,65,0
2026-08-17T01:24:55.5087502Z,274,0,109,65,0
2026-08-17T01:24:55.5133376Z,274,0,109,65,0
2026-08-17T01:24:55.5179507Z,274,0,109,65,0
2026-08-17T01:24:55.5238476Z,274,0,109,65,0
2026-08-17T01:24:55.5279538Z,274,0,109,65,0
2026-08-17T01:24:55.5329831Z,274,0,109,65,0
2026-08-17T01:24:55.5382439Z,274,0,109,65,0
2026-08-17T01:24:55.5432577Z,274,0,109,65,0
2026-08-17T01:24:55.5482513Z,274,0,109,65,0
2026-08-17T01:24:55.5538041Z,274,0,109,65,0
2026-08-17T01:24:55.5587896Z,274,0,109,65,0
2026-08-17T01:24:55.563207Z,274,0,109,65,0
2026-08-17T01:24:55.5681334Z,274,0,109,65,0
2026-08-17T01:24:55.574743Z,277,0,109,68,0
2026-08-17T01:24:55.5782813Z,277,0,109,68,0
2026-08-17T01:24:55.5833697Z,278,0,109,69,0
2026-08-17T01:24:55.5880166Z,280,0,109,72,0
2026-08-17T01:24:55.5930021Z,289,0,109,80,0
2026-08-17T01:24:55.5979887Z,290,0,109,81,0
2026-08-17T01:24:55.6031138Z,291,0,109,82,0
2026-08-17T01:24:55.6081438Z,291,0,109,82,0
2026-08-17T01:24:55.6305122Z,291,0,109,82,0
2026-08-17T01:24:55.675396Z,291,0,109,82,0
2026-08-17T01:24:55.6784013Z,296,0,109,87,0
2026-08-17T01:24:55.6846442Z,296,0,109,87,0
2026-08-17T01:24:55.6887968Z,297,0,109,88,0
2026-08-17T01:24:55.6933452Z,297,0,109,88,0
2026-08-17T01:24:55.6988555Z,297,0,109,88,0
2026-08-17T01:24:55.7032651Z,297,0,109,88,0
2026-08-17T01:24:55.7082968Z,297,0,109,88,0
2026-08-17T01:24:55.7134448Z,297,0,109,88,0
2026-08-17T01:24:55.7187055Z,297,0,109,88,0
2026-08-17T01:24:55.7232719Z,297,0,109,88,0
2026-08-17T01:24:55.7285038Z,297,0,109,88,0
2026-08-17T01:24:55.7330547Z,297,0,109,88,0
2026-08-17T01:24:55.7383573Z,297,0,109,88,0
2026-08-17T01:24:55.7431064Z,297,0,109,88,0
2026-08-17T01:24:55.7495169Z,297,0,109,88,0
2026-08-17T01:24:55.7541698Z,297,0,109,88,0
2026-08-17T01:24:55.7581811Z,297,0,109,88,0
2026-08-17T01:24:55.763069Z,297,0,109,88,0
2026-08-17T01:24:55.7681582Z,297,0,109,88,0
2026-08-17T01:24:55.77329Z,297,0,109,88,0
2026-08-17T01:24:55.7786009Z,297,0,109,88,0
2026-08-17T01:24:55.7833881Z,297,0,109,88,0
2026-08-17T01:24:55.795875Z,297,0,109,88,0
2026-08-17T01:24:55.7990837Z,297,0,109,88,0
2026-08-17T01:24:55.8034817Z,297,0,109,88,0
2026-08-17T01:24:55.8086577Z,297,0,109,88,0
2026-08-17T01:24:55.8131316Z,297,0,109,88,0
2026-08-17T01:24:55.8183747Z,297,0,109,88,0
2026-08-17T01:24:55.8271721Z,297,0,109,88,0
2026-08-17T01:24:55.8287309Z,297,0,109,88,0
2026-08-17T01:24:55.8336394Z,297,0,109,88,0
2026-08-17T01:24:55.8382748Z,297,0,109,88,0
2026-08-17T01:24:55.8464575Z,297,0,109,88,0
2026-08-17T01:24:55.8486157Z,297,0,109,88,0
2026-08-17T01:24:55.8539818Z,297,0,109,88,0
2026-08-17T01:24:55.8585408Z,297,0,109,88,0
2026-08-17T01:24:55.8674391Z,297,0,109,88,0
2026-08-17T01:24:55.8718737Z,297,0,109,88,0
2026-08-17T01:24:55.8801008Z,297,0,109,88,0
2026-08-17T01:24:55.8834899Z,297,0,109,88,0
2026-08-17T01:24:55.8881812Z,297,0,109,88,0
2026-08-17T01:24:55.8935055Z,297,0,109,88,0
2026-08-17T01:24:55.8983984Z,297,0,109,88,0
2026-08-17T01:24:55.9034649Z,297,0,109,88,0
2026-08-17T01:24:55.9083196Z,297,0,109,88,0
2026-08-17T01:24:55.9134385Z,297,0,109,88,0
2026-08-17T01:24:55.9184225Z,297,0,109,88,0
2026-08-17T01:24:55.9234791Z,297,0,109,88,0
2026-08-17T01:24:55.9286722Z,297,0,109,88,0
2026-08-17T01:24:55.9332234Z,297,0,109,88,0
2026-08-17T01:24:55.9385942Z,297,0,109,88,0
2026-08-17T01:24:55.9434392Z,297,0,109,88,0
2026-08-17T01:24:55.9480095Z,297,0,109,88,0
2026-08-17T01:24:55.9533572Z,297,0,109,88,0
2026-08-17T01:24:55.9579876Z,299,0,109,90,0
2026-08-17T01:24:55.963192Z,299,0,109,90,0
2026-08-17T01:24:55.9683673Z,299,0,109,90,0
2026-08-17T01:24:55.9734388Z,299,0,109,90,0
2026-08-17T01:24:55.9785873Z,299,0,109,90,0
2026-08-17T01:24:55.9831425Z,299,0,109,90,0
2026-08-17T01:24:55.9882842Z,299,0,109,90,0
2026-08-17T01:24:55.9934218Z,299,0,109,90,0
2026-08-17T01:24:55.9984488Z,299,0,109,90,0
2026-08-17T01:24:56.0032257Z,299,0,109,90,0
2026-08-17T01:24:56.0083051Z,299,0,109,90,0
2026-08-17T01:24:56.0132421Z,299,0,109,90,0
2026-08-17T01:24:56.0183405Z,299,0,109,90,0
2026-08-17T01:24:56.0234548Z,299,0,109,90,0
2026-08-17T01:24:56.0284604Z,299,0,109,90,0
2026-08-17T01:24:56.0330994Z,299,0,109,90,0
2026-08-17T01:24:56.0381353Z,299,0,109,90,0
2026-08-17T01:24:56.0432135Z,299,0,109,90,0
2026-08-17T01:24:56.0484567Z,299,0,109,90,0
2026-08-17T01:24:56.0535153Z,299,0,109,90,0
2026-08-17T01:24:56.0707535Z,299,0,109,90,0
2026-08-17T01:24:56.0739567Z,299,0,109,90,0
2026-08-17T01:24:56.0787728Z,299,0,109,90,0
2026-08-17T01:24:56.1488765Z,299,0,109,90,0
2026-08-17T01:24:56.1537528Z,299,0,109,90,0
2026-08-17T01:24:56.1579804Z,299,0,109,90,0
2026-08-17T01:24:56.1634974Z,299,0,109,90,0
2026-08-17T01:24:56.1779021Z,299,0,109,90,0
2026-08-17T01:24:56.1836625Z,299,0,109,90,0
2026-08-17T01:24:56.201982Z,299,0,109,90,0
2026-08-17T01:24:56.2031942Z,299,0,109,90,0
2026-08-17T01:24:56.2121377Z,299,0,109,90,0
2026-08-17T01:24:56.21342Z,299,0,109,90,0
2026-08-17T01:24:56.2184341Z,299,0,109,90,0
2026-08-17T01:24:56.2299822Z,299,0,109,90,0
2026-08-17T01:24:56.2337612Z,299,0,109,90,0
2026-08-17T01:24:56.2387851Z,299,0,109,90,0
2026-08-17T01:24:56.2451141Z,299,0,109,90,0
2026-08-17T01:24:56.2491877Z,299,0,109,90,0
2026-08-17T01:24:56.252972Z,299,0,109,90,0
2026-08-17T01:24:56.2601965Z,299,0,109,90,0
2026-08-17T01:24:56.2632658Z,299,0,109,90,0
2026-08-17T01:24:56.2682975Z,299,0,109,90,0
2026-08-17T01:24:56.2732293Z,299,0,109,90,0
2026-08-17T01:24:56.278646Z,299,0,109,90,0
2026-08-17T01:24:56.2831233Z,299,0,109,90,0
2026-08-17T01:24:56.2884454Z,299,0,109,90,0
2026-08-17T01:24:56.2945497Z,299,0,109,90,0
2026-08-17T01:24:56.2981625Z,299,0,109,90,0
2026-08-17T01:24:56.3034369Z,299,0,109,90,0
2026-08-17T01:24:56.3087565Z,299,0,109,90,0
2026-08-17T01:24:56.3133996Z,299,0,109,90,0
2026-08-17T01:24:56.3188083Z,299,0,109,90,0
2026-08-17T01:24:56.3235003Z,299,0,109,90,0
2026-08-17T01:24:56.3287289Z,299,0,109,90,0
2026-08-17T01:24:56.3358495Z,299,0,109,90,0
2026-08-17T01:24:56.3385201Z,299,0,109,90,0
2026-08-17T01:24:56.3434281Z,299,0,109,90,0
2026-08-17T01:24:56.3486828Z,299,0,109,90,0
2026-08-17T01:24:56.3530221Z,299,0,109,90,0
2026-08-17T01:24:56.3582059Z,299,0,109,90,0
2026-08-17T01:24:56.3650752Z,299,0,109,90,0
2026-08-17T01:24:56.3686606Z,299,0,109,90,0
2026-08-17T01:24:56.3731362Z,299,0,109,90,0
2026-08-17T01:24:56.3785233Z,299,0,109,90,0
2026-08-17T01:24:56.3837506Z,299,0,109,90,0
2026-08-17T01:24:56.3886243Z,299,0,109,90,0
2026-08-17T01:24:56.3936573Z,299,0,109,90,0
2026-08-17T01:24:56.3989763Z,299,0,109,90,0
2026-08-17T01:24:56.4030651Z,299,0,109,90,0
2026-08-17T01:24:56.409233Z,299,0,109,90,0
2026-08-17T01:24:56.4131829Z,299,0,109,90,0
2026-08-17T01:24:56.4180663Z,299,0,109,90,0
2026-08-17T01:24:56.4261754Z,299,0,109,90,0
2026-08-17T01:24:56.4283405Z,299,0,109,90,0
2026-08-17T01:24:56.4332819Z,299,0,109,90,0
2026-08-17T01:24:56.4387826Z,299,0,109,90,0
2026-08-17T01:24:56.4433797Z,299,0,109,90,0
2026-08-17T01:24:56.4480352Z,311,0,111,104,0
2026-08-17T01:24:56.4530229Z,308,0,114,104,0
2026-08-17T01:24:56.4581504Z,303,0,119,104,0
2026-08-17T01:24:56.4633381Z,294,0,129,106,0
2026-08-17T01:24:56.4683724Z,288,0,136,106,0
2026-08-17T01:24:56.4767757Z,287,0,137,106,0
2026-08-17T01:24:56.478111Z,286,0,138,106,0
2026-08-17T01:24:56.4833818Z,285,0,139,106,0
2026-08-17T01:24:56.491016Z,284,0,140,106,0
2026-08-17T01:24:56.4936659Z,284,0,140,106,0
2026-08-17T01:24:56.497864Z,285,0,141,108,0
2026-08-17T01:24:56.503114Z,281,0,145,108,0
2026-08-17T01:24:56.5084831Z,279,0,148,109,0
2026-08-17T01:24:56.5136095Z,277,0,151,110,0
2026-08-17T01:24:56.5178884Z,274,0,156,112,0
2026-08-17T01:24:56.5234067Z,279,0,157,119,0
2026-08-17T01:24:56.5287694Z,276,0,163,121,0
2026-08-17T01:24:56.533655Z,268,0,171,121,0
2026-08-17T01:24:56.5386987Z,266,0,174,123,0
2026-08-17T01:24:56.5449399Z,267,0,175,124,0
2026-08-17T01:24:56.5488053Z,263,0,179,124,0
2026-08-17T01:24:56.5534181Z,263,0,179,124,0
2026-08-17T01:24:56.5589881Z,262,0,181,125,0
2026-08-17T01:24:56.5635946Z,261,0,182,125,0
2026-08-17T01:24:56.5680512Z,259,0,185,126,0
2026-08-17T01:24:56.5748966Z,257,0,187,126,0
2026-08-17T01:24:56.614051Z,257,0,187,126,0
2026-08-17T01:24:56.6183421Z,256,0,189,127,0
2026-08-17T01:24:56.6236826Z,256,0,189,127,0
2026-08-17T01:24:56.6283891Z,256,0,189,127,0
2026-08-17T01:24:56.6331626Z,256,0,189,127,0
2026-08-17T01:24:56.6382289Z,257,0,189,128,0
2026-08-17T01:24:56.6432263Z,257,0,189,128,0
2026-08-17T01:24:56.6484148Z,257,0,189,128,0
2026-08-17T01:24:56.6529883Z,259,0,189,130,0
2026-08-17T01:24:56.6587037Z,260,0,189,131,0
2026-08-17T01:24:56.6638505Z,266,0,189,137,0
2026-08-17T01:24:56.668365Z,268,0,189,139,0
2026-08-17T01:24:56.6732138Z,267,0,190,139,0
2026-08-17T01:24:56.6784932Z,267,0,190,139,0
2026-08-17T01:24:56.6831564Z,267,0,190,139,0
2026-08-17T01:24:56.6882392Z,268,0,190,140,0
2026-08-17T01:24:56.6930027Z,268,0,190,140,0
2026-08-17T01:24:56.6982514Z,277,0,190,149,0
2026-08-17T01:24:56.7029371Z,284,0,191,157,0
2026-08-17T01:24:56.7093314Z,281,0,194,157,0
2026-08-17T01:24:56.713421Z,280,0,195,157,0
2026-08-17T01:24:56.7184773Z,276,0,200,158,0
2026-08-17T01:24:56.7234861Z,273,0,203,158,0
2026-08-17T01:24:56.7289157Z,272,0,204,158,0
2026-08-17T01:24:56.733472Z,272,0,204,158,0
2026-08-17T01:24:56.738535Z,271,0,205,158,0
2026-08-17T01:24:56.7433544Z,269,0,208,159,0
2026-08-17T01:24:56.7480231Z,266,0,211,159,0
2026-08-17T01:24:56.7533208Z,263,0,214,159,0
2026-08-17T01:24:56.7584072Z,263,0,214,159,0
2026-08-17T01:24:56.7636208Z,261,0,216,159,0
2026-08-17T01:24:56.7681395Z,264,0,218,164,0
2026-08-17T01:24:56.7761176Z,264,0,218,164,0
2026-08-17T01:24:56.7797814Z,264,0,218,164,0
2026-08-17T01:24:56.7828367Z,264,0,218,164,0
2026-08-17T01:24:56.788612Z,267,0,218,167,0
2026-08-17T01:24:56.7940983Z,267,0,218,167,0
2026-08-17T01:24:56.79841Z,267,0,218,167,0
2026-08-17T01:24:56.8032186Z,267,0,218,167,0
2026-08-17T01:24:56.8090371Z,267,0,218,167,0
2026-08-17T01:24:56.8131102Z,267,0,218,167,0
2026-08-17T01:24:56.8183879Z,267,0,218,167,0
2026-08-17T01:24:56.8244538Z,267,0,218,167,0
2026-08-17T01:24:56.828075Z,269,0,218,169,0
2026-08-17T01:24:56.8330571Z,270,0,218,170,0
2026-08-17T01:24:56.8382097Z,276,0,218,176,0
2026-08-17T01:24:56.843339Z,276,0,218,177,0
2026-08-17T01:24:56.8481329Z,287,0,218,187,0
2026-08-17T01:24:56.8534464Z,298,0,218,199,0
2026-08-17T01:24:56.8579738Z,296,0,221,199,0
2026-08-17T01:24:56.8629379Z,293,0,224,199,0
2026-08-17T01:24:56.86825Z,288,0,229,199,0
2026-08-17T01:24:56.8730642Z,282,0,235,199,0
2026-08-17T01:24:56.8782006Z,282,0,236,200,0
2026-08-17T01:24:56.8832914Z,282,0,238,202,0
2026-08-17T01:24:56.8882173Z,275,0,246,203,0
2026-08-17T01:24:56.8930935Z,271,0,250,203,0
2026-08-17T01:24:56.8982189Z,269,0,252,203,0
2026-08-17T01:24:56.9029627Z,270,0,254,206,0
2026-08-17T01:24:56.90822Z,270,0,254,206,0
2026-08-17T01:24:56.9131953Z,275,0,254,212,0
2026-08-17T01:24:56.9187333Z,280,0,254,216,0
2026-08-17T01:24:56.9235646Z,280,0,254,216,0
2026-08-17T01:24:56.9287427Z,280,0,254,216,0
2026-08-17T01:24:56.9335708Z,280,0,254,216,0
2026-08-17T01:24:56.9381461Z,280,0,254,216,0
2026-08-17T01:24:56.9434657Z,280,0,254,216,0
2026-08-17T01:24:56.9478914Z,285,0,254,221,0
2026-08-17T01:24:56.9533924Z,293,0,254,230,0
2026-08-17T01:24:56.9578503Z,294,0,254,230,0
2026-08-17T01:24:56.964263Z,294,0,254,230,0
2026-08-17T01:24:56.9681326Z,294,0,254,230,0
2026-08-17T01:24:56.9736523Z,294,0,254,230,0
2026-08-17T01:24:56.9784038Z,294,0,254,230,0
2026-08-17T01:24:56.9830618Z,293,0,255,230,0
2026-08-17T01:24:56.988316Z,289,0,259,230,0
2026-08-17T01:24:56.9941305Z,287,0,261,230,0
2026-08-17T01:24:56.9989145Z,281,0,267,230,0
2026-08-17T01:24:57.0028505Z,279,0,269,230,0
2026-08-17T01:24:57.00853Z,278,0,270,230,0
2026-08-17T01:24:57.0130336Z,278,0,270,230,0
2026-08-17T01:24:57.0179253Z,277,0,271,230,0
2026-08-17T01:24:57.0234471Z,277,0,271,230,0
2026-08-17T01:24:57.0285135Z,277,0,271,230,0
2026-08-17T01:24:57.0330023Z,276,0,272,230,0
2026-08-17T01:24:57.0383296Z,276,0,272,230,0
2026-08-17T01:24:57.0433Z,274,0,274,230,0
2026-08-17T01:24:57.0480708Z,270,0,278,230,0
2026-08-17T01:24:57.05348Z,268,0,280,230,0
2026-08-17T01:24:57.0582945Z,268,0,280,230,0
2026-08-17T01:24:57.063192Z,268,0,280,230,0
2026-08-17T01:24:57.0683443Z,268,0,280,230,0
2026-08-17T01:24:57.0733069Z,265,0,283,230,0
2026-08-17T01:24:57.0782698Z,263,0,285,230,0
2026-08-17T01:24:57.082844Z,257,0,291,230,0
2026-08-17T01:24:57.0881039Z,252,0,296,230,0
2026-08-17T01:24:57.0934306Z,252,0,296,230,0
2026-08-17T01:24:57.098758Z,248,0,300,230,0
2026-08-17T01:24:57.1033166Z,243,0,305,230,0
2026-08-17T01:24:57.1081003Z,239,0,309,230,0
2026-08-17T01:24:57.1136658Z,239,0,309,230,0
2026-08-17T01:24:57.1185816Z,239,0,309,230,0
2026-08-17T01:24:57.1235009Z,238,0,310,230,0
2026-08-17T01:24:57.128461Z,237,0,311,230,0
2026-08-17T01:24:57.1331623Z,234,0,314,230,0
2026-08-17T01:24:57.1381844Z,230,0,318,230,0
2026-08-17T01:24:57.1431946Z,225,0,323,230,0
2026-08-17T01:24:57.148147Z,223,0,325,230,0
2026-08-17T01:24:57.1532968Z,223,0,325,230,0
2026-08-17T01:24:57.1585885Z,223,0,325,230,0
2026-08-17T01:24:57.1629522Z,223,0,325,230,0
2026-08-17T01:24:57.1682037Z,222,0,326,230,0
2026-08-17T01:24:57.1734587Z,222,0,326,230,0
2026-08-17T01:24:57.1810649Z,222,0,326,230,0
2026-08-17T01:24:57.1833866Z,222,0,326,230,0
2026-08-17T01:24:57.1879359Z,222,0,326,230,0
2026-08-17T01:24:57.1934822Z,221,0,327,230,0
2026-08-17T01:24:57.1980022Z,219,0,329,230,0
2026-08-17T01:24:57.2031206Z,213,0,335,230,0
2026-08-17T01:24:57.2088061Z,208,0,340,230,0
2026-08-17T01:24:57.2133291Z,207,0,341,230,0
2026-08-17T01:24:57.2184359Z,207,0,341,230,0
2026-08-17T01:24:57.223609Z,207,0,341,230,0
2026-08-17T01:24:57.228271Z,207,0,341,230,0
2026-08-17T01:24:57.2330459Z,207,0,341,230,0
2026-08-17T01:24:57.2383766Z,207,0,341,230,0
2026-08-17T01:24:57.2430469Z,207,0,341,230,0
2026-08-17T01:24:57.2485844Z,207,0,341,230,0
2026-08-17T01:24:57.2529027Z,207,0,341,230,0
2026-08-17T01:24:57.2583521Z,207,0,341,230,0
2026-08-17T01:24:57.2637735Z,207,0,341,230,0
2026-08-17T01:24:57.2682741Z,207,0,341,230,0
2026-08-17T01:24:57.2736553Z,206,0,342,230,0
2026-08-17T01:24:57.2782027Z,198,0,350,230,0
2026-08-17T01:24:57.2830158Z,194,0,354,230,0
2026-08-17T01:24:57.2879252Z,192,0,356,230,0
2026-08-17T01:24:57.2930826Z,192,0,356,230,0
2026-08-17T01:24:57.2989118Z,192,0,356,230,0
2026-08-17T01:24:57.3029624Z,192,0,356,230,0
2026-08-17T01:24:57.3078829Z,189,0,359,230,0
2026-08-17T01:24:57.3129037Z,188,0,360,230,0
2026-08-17T01:24:57.3182433Z,185,0,363,230,0
2026-08-17T01:24:57.3232928Z,181,0,367,230,0
2026-08-17T01:24:57.3278304Z,179,0,369,230,0
2026-08-17T01:24:57.3333423Z,179,0,369,230,0
2026-08-17T01:24:57.33829Z,179,0,369,230,0
2026-08-17T01:24:57.3430789Z,179,0,369,230,0
2026-08-17T01:24:57.3483898Z,175,0,373,230,0
2026-08-17T01:24:57.3536594Z,173,0,375,230,0
2026-08-17T01:24:57.35793Z,172,0,376,230,0
2026-08-17T01:24:57.3632047Z,170,0,378,230,0
2026-08-17T01:24:57.3686791Z,167,0,381,230,0
2026-08-17T01:24:57.3731966Z,167,0,381,230,0
2026-08-17T01:24:57.3785832Z,166,0,382,230,0
2026-08-17T01:24:57.3832297Z,166,0,382,230,0
2026-08-17T01:24:57.387948Z,166,0,382,230,0
2026-08-17T01:24:57.3930431Z,166,0,382,230,0
2026-08-17T01:24:57.3980655Z,164,0,384,230,0
2026-08-17T01:24:57.4029979Z,161,0,387,230,0
2026-08-17T01:24:57.408Z,157,0,391,230,0
2026-08-17T01:24:57.4132476Z,153,0,395,230,0
2026-08-17T01:24:57.4183544Z,150,0,398,230,0
2026-08-17T01:24:57.4234654Z,150,0,398,230,0
2026-08-17T01:24:57.4287785Z,150,0,398,230,0
2026-08-17T01:24:57.4332555Z,150,0,398,230,0
2026-08-17T01:24:57.4380105Z,150,0,398,230,0
2026-08-17T01:24:57.4431402Z,150,0,398,230,0
2026-08-17T01:24:57.4483452Z,150,0,398,230,0
2026-08-17T01:24:57.4533839Z,147,0,401,230,0
2026-08-17T01:24:57.4583586Z,142,0,406,230,0
2026-08-17T01:24:57.4634443Z,129,0,419,230,0
2026-08-17T01:24:57.4688589Z,124,0,424,230,0
2026-08-17T01:24:57.4734749Z,121,0,427,230,0
2026-08-17T01:24:57.4780894Z,119,0,429,230,0
2026-08-17T01:24:57.4833477Z,115,0,433,230,0
2026-08-17T01:24:57.4878437Z,112,0,436,230,0
2026-08-17T01:24:57.4931534Z,108,0,440,230,0
2026-08-17T01:24:57.4983773Z,108,0,440,230,0
2026-08-17T01:24:57.5032528Z,108,0,440,230,0
2026-08-17T01:24:57.5079339Z,103,0,445,230,0
2026-08-17T01:24:57.5133803Z,100,0,448,230,0
2026-08-17T01:24:57.5184928Z,91,0,457,230,0
2026-08-17T01:24:57.5231919Z,85,0,463,230,0
2026-08-17T01:24:57.5281742Z,81,0,467,230,0
2026-08-17T01:24:57.5330767Z,78,0,470,230,0
2026-08-17T01:24:57.5380424Z,75,0,473,230,0
2026-08-17T01:24:57.5434886Z,72,0,476,230,0
2026-08-17T01:24:57.5480975Z,72,0,476,230,0
2026-08-17T01:24:57.5532828Z,72,0,476,230,0
2026-08-17T01:24:57.5580055Z,72,0,476,230,0
2026-08-17T01:24:57.5632701Z,69,0,479,230,0
2026-08-17T01:24:57.5682894Z,67,0,481,230,0
2026-08-17T01:24:57.5734124Z,67,0,481,230,0
2026-08-17T01:24:57.577988Z,66,0,482,230,0
2026-08-17T01:24:57.583163Z,62,0,486,230,0
2026-08-17T01:24:57.5883241Z,56,0,492,230,0
2026-08-17T01:24:57.5930841Z,54,0,494,230,0
2026-08-17T01:24:57.5985085Z,54,0,494,230,0
2026-08-17T01:24:57.6036704Z,54,0,494,230,0
2026-08-17T01:24:57.6089671Z,54,0,494,230,0
2026-08-17T01:24:57.6139151Z,54,0,494,230,0
2026-08-17T01:24:57.6184559Z,54,0,494,230,0
2026-08-17T01:24:57.6247603Z,54,0,494,230,0
2026-08-17T01:24:57.6278432Z,54,0,494,230,0
2026-08-17T01:24:57.6333592Z,54,0,494,230,0
2026-08-17T01:24:57.6384225Z,54,0,494,230,0
2026-08-17T01:24:57.6434098Z,54,0,494,230,0
2026-08-17T01:24:57.6484694Z,54,0,494,230,0
2026-08-17T01:24:57.6533595Z,54,0,494,230,0
2026-08-17T01:24:57.6582318Z,54,0,494,230,0
2026-08-17T01:24:57.6638545Z,54,0,494,230,0
2026-08-17T01:24:57.6685373Z,54,0,494,230,0
2026-08-17T01:24:57.6735832Z,54,0,494,230,0
2026-08-17T01:24:57.6787408Z,54,0,494,230,0
2026-08-17T01:24:57.6834224Z,53,0,495,230,0
2026-08-17T01:24:57.6878958Z,49,0,499,230,0
2026-08-17T01:24:57.6930071Z,44,0,504,230,0
2026-08-17T01:24:57.6981911Z,42,0,506,230,0
2026-08-17T01:24:57.7028783Z,42,0,506,230,0
2026-08-17T01:24:57.707891Z,40,0,508,230,0
2026-08-17T01:24:57.7128306Z,36,0,512,230,0
2026-08-17T01:24:57.7181427Z,34,0,514,230,0
2026-08-17T01:24:57.7231424Z,29,0,519,230,0
2026-08-17T01:24:57.7282121Z,27,0,521,230,0
2026-08-17T01:24:57.7330812Z,27,0,521,230,0
2026-08-17T01:24:57.7381089Z,27,0,521,230,0
2026-08-17T01:24:57.7428396Z,26,0,522,230,0
2026-08-17T01:24:57.7486182Z,24,0,524,230,0
2026-08-17T01:24:57.7531448Z,21,0,527,230,0
2026-08-17T01:24:57.7583049Z,21,0,527,230,0
2026-08-17T01:24:57.7632449Z,20,0,528,230,0
2026-08-17T01:24:57.7678357Z,13,0,535,230,0
2026-08-17T01:24:57.7731805Z,11,0,537,230,0
2026-08-17T01:24:57.7778891Z,8,0,540,230,0
2026-08-17T01:24:57.7829143Z,8,0,540,230,0
2026-08-17T01:24:57.7882258Z,8,0,540,230,0
2026-08-17T01:24:57.7933623Z,8,0,540,230,0
2026-08-17T01:24:57.7978804Z,8,0,540,230,0
2026-08-17T01:24:57.8032266Z,8,0,540,230,0
2026-08-17T01:24:57.8089442Z,8,0,540,230,0
2026-08-17T01:24:57.8132257Z,8,0,540,230,0
2026-08-17T01:24:57.8181474Z,8,0,540,230,0
2026-08-17T01:24:57.8231362Z,6,0,542,230,0
2026-08-17T01:24:57.8279412Z,4,0,544,230,0
2026-08-17T01:24:57.8331269Z,1,0,547,230,0
2026-08-17T01:24:57.8384868Z,0,0,549,230,0
2026-08-17T01:24:57.8435034Z,0,0,549,230,0
2026-08-17T01:24:57.8480521Z,0,0,549,230,0
2026-08-17T01:24:57.8534158Z,0,0,549,230,0
2026-08-17T01:24:57.8585166Z,0,0,549,230,0
2026-08-17T01:24:57.8634239Z,0,0,549,230,0
2026-08-17T01:24:57.8682827Z,0,0,549,230,0
2026-08-17T01:24:57.8734772Z,0,0,549,230,0
2026-08-17T01:24:57.8783051Z,0,0,549,230,0
2026-08-17T01:24:57.8835736Z,0,0,549,230,0
2026-08-17T01:24:57.8881324Z,0,0,549,230,0
2026-08-17T01:24:57.8934013Z,0,0,549,230,0
2026-08-17T01:24:57.8983069Z,0,0,549,230,0
2026-08-17T01:24:57.9036421Z,0,0,549,230,0
2026-08-17T01:24:57.9084731Z,0,0,549,230,0
2026-08-17T01:24:57.9133452Z,0,0,549,230,0
2026-08-17T01:24:57.9183745Z,0,0,549,230,0
2026-08-17T01:24:57.9235664Z,0,0,549,230,0
2026-08-17T01:24:57.9283495Z,0,0,549,230,0
2026-08-17T01:24:57.9332313Z,0,0,549,230,0
2026-08-17T01:24:57.9381848Z,0,0,549,230,0
2026-08-17T01:24:57.9434269Z,0,0,549,230,0
2026-08-17T01:24:57.9484841Z,0,0,549,230,0
2026-08-17T01:24:57.9532028Z,0,0,549,230,0
2026-08-17T01:24:57.958053Z,0,0,549,230,0
2026-08-17T01:24:57.963303Z,0,0,549,230,0
2026-08-17T01:24:57.968238Z,0,0,549,230,0
2026-08-17T01:24:57.9732498Z,0,0,549,230,0
2026-08-17T01:24:57.9782692Z,0,0,549,230,0
2026-08-17T01:24:57.983052Z,0,0,549,230,0
2026-08-17T01:24:57.9883778Z,0,0,549,230,0
2026-08-17T01:24:57.9930862Z,0,0,549,230,0
2026-08-17T01:24:57.9980288Z,0,0,549,230,0
2026-08-17T01:24:58.0035472Z,0,0,549,230,0
2026-08-17T01:24:58.0083369Z,0,0,549,230,0
2026-08-17T01:24:58.0130653Z,0,0,549,230,0
2026-08-17T01:24:58.0184363Z,0,0,549,230,0
2026-08-17T01:24:58.0231761Z,0,0,549,230,0
2026-08-17T01:24:58.0280791Z,0,0,549,230,0
2026-08-17T01:24:58.0334506Z,0,0,549,230,0
2026-08-17T01:24:58.0380953Z,0,0,549,230,0
2026-08-17T01:24:58.0429289Z,0,0,549,230,0
2026-08-17T01:24:58.0481116Z,0,0,549,230,0
2026-08-17T01:24:58.0534809Z,0,0,549,230,0
2026-08-17T01:24:58.0579947Z,0,0,549,230,0
2026-08-17T01:24:58.0630393Z,0,0,549,230,0
2026-08-17T01:24:58.0683486Z,0,0,549,230,0
2026-08-17T01:24:58.0733089Z,0,0,549,230,0
2026-08-17T01:24:58.0782206Z,0,0,549,230,0
2026-08-17T01:24:58.0830912Z,0,0,549,230,0
2026-08-17T01:24:58.0880483Z,0,0,549,230,0
2026-08-17T01:24:58.0929728Z,0,0,549,230,0
2026-08-17T01:24:58.0981591Z,0,0,549,230,0
2026-08-17T01:24:58.1031149Z,0,0,549,230,0
2026-08-17T01:24:58.1079844Z,0,0,549,230,0
2026-08-17T01:24:58.1130447Z,0,0,549,230,0
2026-08-17T01:24:58.1183831Z,0,0,549,230,0
2026-08-17T01:24:58.1232388Z,0,0,549,230,0
2026-08-17T01:24:58.1280257Z,0,0,549,230,0
2026-08-17T01:24:58.1334435Z,0,0,549,230,0
2026-08-17T01:24:58.1382667Z,0,0,549,230,0
2026-08-17T01:24:58.1430472Z,0,0,549,230,0
2026-08-17T01:24:58.1484931Z,0,0,549,230,0
2026-08-17T01:24:58.1532534Z,0,0,549,230,0
2026-08-17T01:24:58.1581172Z,0,0,549,230,0
2026-08-17T01:24:58.1632422Z,0,0,549,230,0
2026-08-17T01:24:58.1681704Z,0,0,549,230,0
2026-08-17T01:24:58.1732709Z,0,0,549,230,0
2026-08-17T01:24:58.1782556Z,0,0,549,230,0
2026-08-17T01:24:58.1832372Z,0,0,549,230,0
2026-08-17T01:24:58.1881576Z,0,0,549,230,0
2026-08-17T01:24:58.1935696Z,0,0,549,230,0
2026-08-17T01:24:58.1982661Z,0,0,549,230,0
2026-08-17T01:24:58.2032795Z,0,0,549,230,0
2026-08-17T01:24:58.2083064Z,0,0,549,230,0
2026-08-17T01:24:58.2138282Z,0,0,549,230,0
2026-08-17T01:24:58.217987Z,0,0,549,230,0
2026-08-17T01:24:58.223478Z,0,0,549,230,0
2026-08-17T01:24:58.228019Z,0,0,549,230,0
2026-08-17T01:24:58.2333134Z,0,0,549,230,0
2026-08-17T01:24:58.2381989Z,0,0,549,230,0
2026-08-17T01:24:58.2431156Z,0,0,549,230,0
2026-08-17T01:24:58.2484803Z,0,0,549,230,0
2026-08-17T01:24:58.2538237Z,0,0,549,230,0
2026-08-17T01:24:58.2579793Z,0,0,549,230,0
2026-08-17T01:24:58.2634053Z,0,0,549,230,0
2026-08-17T01:24:58.2684339Z,0,0,549,230,0
2026-08-17T01:24:58.2735551Z,0,0,549,230,0
2026-08-17T01:24:58.2782603Z,0,0,549,230,0
2026-08-17T01:24:58.2834121Z,0,0,549,230,0
2026-08-17T01:24:58.2884785Z,0,0,549,230,0
2026-08-17T01:24:58.2931016Z,0,0,549,230,0
2026-08-17T01:24:58.2983449Z,0,0,549,230,0
2026-08-17T01:24:58.3032661Z,0,0,549,230,0
2026-08-17T01:24:58.3084585Z,0,0,549,230,0
2026-08-17T01:24:58.3133864Z,0,0,549,230,0
2026-08-17T01:24:58.3182043Z,0,0,549,230,0
2026-08-17T01:24:58.3229773Z,0,0,549,230,0
2026-08-17T01:24:58.3279893Z,0,0,549,230,0
2026-08-17T01:24:58.3329605Z,0,0,549,230,0
2026-08-17T01:24:58.3381399Z,0,0,549,230,0
2026-08-17T01:24:58.3433852Z,0,0,549,230,0
2026-08-17T01:24:58.3481641Z,0,0,549,230,0
2026-08-17T01:24:58.3530506Z,0,0,549,230,0
2026-08-17T01:24:58.3579307Z,0,0,549,230,0
2026-08-17T01:24:58.3632602Z,0,0,549,230,0
2026-08-17T01:24:58.3681202Z,0,0,549,230,0
2026-08-17T01:24:58.3732955Z,0,0,549,230,0
2026-08-17T01:24:58.3781615Z,0,0,549,230,0
2026-08-17T01:24:58.3834495Z,0,0,549,230,0
2026-08-17T01:24:58.3882603Z,0,0,549,230,0
2026-08-17T01:24:58.3933164Z,0,0,549,230,0
2026-08-17T01:24:58.3982409Z,0,0,549,230,0
2026-08-17T01:24:58.4032439Z,0,0,549,230,0
2026-08-17T01:24:58.4081016Z,0,0,549,230,0
2026-08-17T01:24:58.4129725Z,0,0,549,230,0
2026-08-17T01:24:58.4184269Z,0,0,549,230,0
2026-08-17T01:24:58.4229965Z,0,0,549,230,0
2026-08-17T01:24:58.4284081Z,0,0,549,230,0
2026-08-17T01:24:58.4337446Z,0,0,549,230,0
2026-08-17T01:24:58.437953Z,0,0,549,230,0
2026-08-17T01:24:58.443224Z,0,0,549,230,0
2026-08-17T01:24:58.4481212Z,0,0,549,230,0
2026-08-17T01:24:58.4531168Z,0,0,549,230,0
2026-08-17T01:24:58.4581613Z,0,0,549,230,0
2026-08-17T01:24:58.4629835Z,0,0,549,230,0
2026-08-17T01:24:58.4687808Z,0,0,549,230,0
2026-08-17T01:24:58.4732296Z,0,0,549,230,0
2026-08-17T01:24:58.4780409Z,0,0,549,230,0
2026-08-17T01:24:58.4830985Z,0,0,549,230,0
2026-08-17T01:24:58.4879981Z,0,0,549,230,0
2026-08-17T01:24:58.4932821Z,0,0,549,230,0
2026-08-17T01:24:58.4981906Z,0,0,549,230,0
2026-08-17T01:24:58.5031047Z,0,0,549,230,0
2026-08-17T01:24:58.5080541Z,0,0,549,230,0
2026-08-17T01:24:58.5134841Z,0,0,549,230,0
2026-08-17T01:24:58.5179646Z,0,0,549,230,0
2026-08-17T01:24:58.5234533Z,0,0,549,230,0
2026-08-17T01:24:58.5283047Z,0,0,549,230,0
2026-08-17T01:24:58.5329931Z,0,0,549,230,0
2026-08-17T01:24:58.5380843Z,0,0,549,230,0
2026-08-17T01:24:58.5432343Z,0,0,549,230,0
2026-08-17T01:24:58.5481409Z,0,0,549,230,0
2026-08-17T01:24:58.5533321Z,0,0,549,230,0
2026-08-17T01:24:58.5582381Z,0,0,549,230,0
2026-08-17T01:24:58.5631152Z,0,0,549,230,0
2026-08-17T01:24:58.5684343Z,0,0,549,230,0
2026-08-17T01:24:58.5732733Z,0,0,549,230,0
2026-08-17T01:24:58.5782001Z,0,0,549,230,0
2026-08-17T01:24:58.5830893Z,0,0,549,230,0
2026-08-17T01:24:58.588087Z,0,0,549,230,0
2026-08-17T01:24:58.5931728Z,0,0,549,230,0
2026-08-17T01:24:58.597903Z,0,0,549,230,0
2026-08-17T01:24:58.6034623Z,0,0,549,230,0
2026-08-17T01:24:58.6081514Z,0,0,549,230,0
2026-08-17T01:24:58.6130003Z,0,0,549,230,0
2026-08-17T01:24:58.6183748Z,0,0,549,230,0
2026-08-17T01:24:58.6233138Z,0,0,549,230,0
2026-08-17T01:24:58.628142Z,0,0,549,230,0
2026-08-17T01:24:58.6331178Z,0,0,549,230,0
2026-08-17T01:24:58.6380145Z,0,0,549,230,0
2026-08-17T01:24:58.6434245Z,0,0,549,230,0
2026-08-17T01:24:58.6482734Z,0,0,549,230,0
2026-08-17T01:24:58.6533704Z,0,0,549,230,0
2026-08-17T01:24:58.6582456Z,0,0,549,230,0
2026-08-17T01:24:58.6631634Z,0,0,549,230,0
2026-08-17T01:24:58.6684251Z,0,0,549,230,0
2026-08-17T01:24:58.6730742Z,0,0,549,230,0
2026-08-17T01:24:58.6781174Z,0,0,549,230,0
2026-08-17T01:24:58.6832886Z,0,0,549,230,0
2026-08-17T01:24:58.6879832Z,0,0,549,230,0
2026-08-17T01:24:58.6930542Z,0,0,549,230,0
2026-08-17T01:24:58.6984582Z,0,0,549,230,0
2026-08-17T01:24:58.7032228Z,0,0,549,230,0
2026-08-17T01:24:58.7080703Z,0,0,549,230,0
2026-08-17T01:24:58.7129772Z,0,0,549,230,0
2026-08-17T01:24:58.7182491Z,0,0,549,230,0
2026-08-17T01:24:58.72358Z,0,0,549,230,0
2026-08-17T01:24:58.7283045Z,0,0,549,230,0
2026-08-17T01:24:58.7332576Z,0,0,549,230,0
2026-08-17T01:24:58.7379746Z,0,0,549,230,0
2026-08-17T01:24:58.7430848Z,0,0,549,230,0
2026-08-17T01:24:58.7483171Z,0,0,549,230,0
2026-08-17T01:24:58.7530468Z,0,0,549,230,0
2026-08-17T01:24:58.7582943Z,0,0,549,230,0
2026-08-17T01:24:58.7633289Z,0,0,549,230,0
2026-08-17T01:24:58.7680302Z,0,0,549,230,0
2026-08-17T01:24:58.7730893Z,0,0,549,230,0
2026-08-17T01:24:58.7780333Z,0,0,549,230,0
2026-08-17T01:24:58.7832264Z,0,0,549,230,0
2026-08-17T01:24:58.7880491Z,0,0,549,230,0
2026-08-17T01:24:58.7930459Z,0,0,549,230,0
2026-08-17T01:24:58.7979918Z,0,0,549,230,0
2026-08-17T01:24:58.8032265Z,0,0,549,230,0
2026-08-17T01:24:58.8081515Z,0,0,549,230,0
2026-08-17T01:24:58.813231Z,0,0,549,230,0
2026-08-17T01:24:58.8180537Z,0,0,549,230,0
2026-08-17T01:24:58.823091Z,0,0,549,230,0
2026-08-17T01:24:58.8282846Z,0,0,549,230,0
2026-08-17T01:24:58.8330075Z,0,0,549,230,0
2026-08-17T01:24:58.8382802Z,0,0,549,230,0
2026-08-17T01:24:58.8430645Z,0,0,549,230,0
2026-08-17T01:24:58.8482965Z,0,0,549,230,0
2026-08-17T01:24:58.8533398Z,0,0,549,230,0
2026-08-17T01:24:58.8580377Z,0,0,549,230,0
2026-08-17T01:24:58.8633036Z,0,0,549,230,0
2026-08-17T01:24:58.868133Z,0,0,549,230,0
2026-08-17T01:24:58.8733571Z,0,0,549,230,0
2026-08-17T01:24:58.8781724Z,0,0,549,230,0
2026-08-17T01:24:58.8833723Z,0,0,549,230,0
2026-08-17T01:24:58.888199Z,0,0,549,230,0
2026-08-17T01:24:58.8929594Z,0,0,549,230,0
2026-08-17T01:24:58.8983831Z,0,0,549,230,0
2026-08-17T01:24:58.9032481Z,0,0,549,230,0
2026-08-17T01:24:58.9081528Z,0,0,549,230,0
2026-08-17T01:24:58.9133453Z,0,0,549,230,0
2026-08-17T01:24:58.9181777Z,0,0,549,230,0
2026-08-17T01:24:58.9230138Z,0,0,549,230,0
2026-08-17T01:24:58.9284146Z,0,0,549,230,0
2026-08-17T01:24:58.9332856Z,0,0,549,230,0
2026-08-17T01:24:58.938183Z,0,0,549,230,0
2026-08-17T01:24:58.9434872Z,0,0,549,230,0
2026-08-17T01:24:58.9482021Z,0,0,549,230,0
2026-08-17T01:24:58.9531842Z,0,0,549,230,0
2026-08-17T01:24:58.9582168Z,0,0,549,230,0
2026-08-17T01:24:58.9632994Z,0,0,549,230,0
2026-08-17T01:24:58.9681664Z,0,0,549,230,0
2026-08-17T01:24:58.9738414Z,0,0,549,230,0
2026-08-17T01:24:58.9780031Z,0,0,549,230,0
2026-08-17T01:24:58.9833349Z,0,0,549,230,0
2026-08-17T01:24:58.9882639Z,0,0,549,230,0
2026-08-17T01:24:58.9932754Z,0,0,549,230,0
2026-08-17T01:24:58.9981357Z,0,0,549,230,0
2026-08-17T01:24:59.003496Z,0,0,549,230,0
2026-08-17T01:24:59.0085635Z,0,0,549,230,0
2026-08-17T01:24:59.0132626Z,0,0,549,230,0
2026-08-17T01:24:59.0181271Z,0,0,549,230,0
2026-08-17T01:24:59.0234168Z,0,0,549,230,0
2026-08-17T01:24:59.028175Z,0,0,549,230,0
2026-08-17T01:24:59.0330137Z,0,0,549,230,0
2026-08-17T01:24:59.0379947Z,0,0,549,230,0
2026-08-17T01:24:59.0433034Z,0,0,549,230,0
2026-08-17T01:24:59.0481013Z,0,0,549,230,0
2026-08-17T01:24:59.0531651Z,0,0,549,230,0
2026-08-17T01:24:59.0580099Z,0,0,549,230,0
2026-08-17T01:24:59.0631173Z,0,0,549,230,0
2026-08-17T01:24:59.0680123Z,0,0,549,230,0
2026-08-17T01:24:59.0732389Z,0,0,549,230,0
2026-08-17T01:24:59.0781084Z,0,0,549,230,0
2026-08-17T01:24:59.0831704Z,0,0,549,230,0
2026-08-17T01:24:59.0880724Z,0,0,549,230,0
2026-08-17T01:24:59.0934012Z,0,0,549,230,0
2026-08-17T01:24:59.098251Z,0,0,549,230,0
2026-08-17T01:24:59.103114Z,0,0,549,230,0
2026-08-17T01:24:59.1084311Z,0,0,549,230,0
2026-08-17T01:24:59.1133387Z,0,0,549,230,0
2026-08-17T01:24:59.1182395Z,0,0,549,230,0
2026-08-17T01:24:59.1235119Z,0,0,549,230,0
2026-08-17T01:24:59.1280724Z,0,0,549,230,0
2026-08-17T01:24:59.1329949Z,0,0,549,230,0
2026-08-17T01:24:59.1384142Z,0,0,549,230,0
2026-08-17T01:24:59.1434005Z,0,0,549,230,0
2026-08-17T01:24:59.1482251Z,0,0,549,230,0
2026-08-17T01:24:59.1530385Z,0,0,549,230,0
2026-08-17T01:24:59.1579501Z,0,0,549,230,0
2026-08-17T01:24:59.1639393Z,0,0,549,230,0
2026-08-17T01:24:59.1680826Z,0,0,549,230,0
2026-08-17T01:24:59.1733615Z,0,0,549,230,0
2026-08-17T01:24:59.1781907Z,0,0,549,230,0
2026-08-17T01:24:59.1829781Z,0,0,549,230,0
2026-08-17T01:24:59.1883643Z,0,0,549,230,0
2026-08-17T01:24:59.193112Z,0,0,549,230,0
2026-08-17T01:24:59.198379Z,0,0,549,230,0
2026-08-17T01:24:59.2034362Z,0,0,549,230,0
2026-08-17T01:24:59.2084106Z,0,0,549,230,0
2026-08-17T01:24:59.2130681Z,0,0,549,230,0
2026-08-17T01:24:59.2183276Z,0,0,549,230,0
2026-08-17T01:24:59.2237711Z,0,0,549,230,0
2026-08-17T01:24:59.2279491Z,0,0,549,230,0
2026-08-17T01:24:59.2333258Z,0,0,549,230,0
2026-08-17T01:24:59.2383311Z,0,0,549,230,0
2026-08-17T01:24:59.2432205Z,0,0,549,230,0
2026-08-17T01:24:59.248134Z,0,0,549,230,0
2026-08-17T01:24:59.2531265Z,0,0,549,230,0
2026-08-17T01:24:59.2581946Z,0,0,549,230,0
2026-08-17T01:24:59.2634559Z,0,0,549,230,0
2026-08-17T01:24:59.2683635Z,0,0,549,230,0
2026-08-17T01:24:59.2735315Z,0,0,549,230,0
2026-08-17T01:24:59.2782434Z,0,0,549,230,0
2026-08-17T01:24:59.2830093Z,0,0,549,230,0
2026-08-17T01:24:59.2884054Z,0,0,549,230,0
2026-08-17T01:24:59.2932211Z,0,0,549,230,0
2026-08-17T01:24:59.2980697Z,0,0,549,230,0
2026-08-17T01:24:59.3030116Z,0,0,549,230,0
2026-08-17T01:24:59.3080631Z,0,0,549,230,0
2026-08-17T01:24:59.3133625Z,0,0,549,230,0
2026-08-17T01:24:59.3182124Z,0,0,549,230,0
2026-08-17T01:24:59.3232257Z,0,0,549,230,0
2026-08-17T01:24:59.3282676Z,0,0,549,230,0
2026-08-17T01:24:59.3332174Z,0,0,549,230,0
2026-08-17T01:24:59.3380574Z,0,0,549,230,0
2026-08-17T01:24:59.3431553Z,0,0,549,230,0
2026-08-17T01:24:59.3480405Z,0,0,549,230,0
2026-08-17T01:24:59.3531543Z,0,0,549,230,0
2026-08-17T01:24:59.3580823Z,0,0,549,230,0
2026-08-17T01:24:59.3637065Z,0,0,549,230,0
2026-08-17T01:24:59.3679891Z,0,0,549,230,0
2026-08-17T01:24:59.3733886Z,0,0,549,230,0
2026-08-17T01:24:59.378273Z,0,0,549,230,0
2026-08-17T01:24:59.3832217Z,0,0,549,230,0
2026-08-17T01:24:59.388037Z,0,0,549,230,0
2026-08-17T01:24:59.3933419Z,0,0,549,230,0
2026-08-17T01:24:59.3981529Z,0,0,549,230,0
2026-08-17T01:24:59.4032152Z,0,0,549,230,0
2026-08-17T01:24:59.4081518Z,0,0,549,230,0
2026-08-17T01:24:59.413217Z,0,0,549,230,0
2026-08-17T01:24:59.4179948Z,0,0,549,230,0
2026-08-17T01:24:59.4229751Z,0,0,549,230,0
2026-08-17T01:24:59.4283301Z,0,0,549,230,0
2026-08-17T01:24:59.4331965Z,0,0,549,230,0
2026-08-17T01:24:59.4381795Z,0,0,549,230,0
2026-08-17T01:24:59.4432754Z,0,0,549,230,0
2026-08-17T01:24:59.4481401Z,0,0,549,230,0
2026-08-17T01:24:59.4536377Z,0,0,549,230,0
2026-08-17T01:24:59.4583925Z,0,0,549,230,0
2026-08-17T01:24:59.4632525Z,0,0,549,230,0
2026-08-17T01:24:59.4681299Z,0,0,549,230,0
2026-08-17T01:24:59.4730554Z,0,0,549,230,0
2026-08-17T01:24:59.4783496Z,0,0,549,230,0
2026-08-17T01:24:59.4834489Z,0,0,549,230,0
2026-08-17T01:24:59.4882407Z,0,0,549,230,0
2026-08-17T01:24:59.4931637Z,0,0,549,230,0
2026-08-17T01:24:59.4983227Z,0,0,549,230,0
2026-08-17T01:24:59.5032399Z,0,0,549,230,0
2026-08-17T01:24:59.5081394Z,0,0,549,230,0
2026-08-17T01:24:59.5136743Z,0,0,549,230,0
2026-08-17T01:24:59.5184174Z,0,0,549,230,0
2026-08-17T01:24:59.5233832Z,0,0,549,230,0
2026-08-17T01:24:59.5281941Z,0,0,549,230,0
2026-08-17T01:24:59.5330708Z,0,0,549,230,0
2026-08-17T01:24:59.5379296Z,0,0,549,230,0
2026-08-17T01:24:59.543368Z,0,0,549,230,0
2026-08-17T01:24:59.5481677Z,0,0,549,230,0
2026-08-17T01:24:59.5531997Z,0,0,549,230,0
2026-08-17T01:24:59.558088Z,0,0,549,230,0
2026-08-17T01:24:59.5633508Z,0,0,549,230,0
2026-08-17T01:24:59.5682Z,0,0,549,230,0
2026-08-17T01:24:59.5739969Z,0,0,549,230,0
2026-08-17T01:24:59.5782065Z,0,0,549,230,0
2026-08-17T01:24:59.5830917Z,0,0,549,230,0
2026-08-17T01:24:59.5882821Z,0,0,549,230,0
2026-08-17T01:24:59.5930784Z,0,0,549,230,0
2026-08-17T01:24:59.5984254Z,0,0,549,230,0
2026-08-17T01:24:59.6030839Z,0,0,549,230,0
2026-08-17T01:24:59.6083107Z,0,0,549,230,0
2026-08-17T01:24:59.6131362Z,0,0,549,230,0
2026-08-17T01:24:59.6184556Z,0,0,549,230,0
2026-08-17T01:24:59.6234848Z,0,0,549,230,0
2026-08-17T01:24:59.6283692Z,0,0,549,230,0
2026-08-17T01:24:59.6334596Z,0,0,549,230,0
2026-08-17T01:24:59.6381741Z,0,0,549,230,0
2026-08-17T01:24:59.6433898Z,0,0,549,230,0
2026-08-17T01:24:59.6482545Z,0,0,549,230,0
2026-08-17T01:24:59.6532133Z,0,0,549,230,0
2026-08-17T01:24:59.6580941Z,0,0,549,230,0
2026-08-17T01:24:59.6630033Z,0,0,549,230,0
2026-08-17T01:24:59.6680829Z,0,0,549,230,0
2026-08-17T01:24:59.6731222Z,0,0,549,230,0
2026-08-17T01:24:59.6785023Z,0,0,549,230,0
2026-08-17T01:24:59.6832184Z,0,0,549,230,0
2026-08-17T01:24:59.6882401Z,0,0,549,230,0
2026-08-17T01:24:59.6930417Z,0,0,549,230,0
2026-08-17T01:24:59.6985263Z,0,0,549,230,0
2026-08-17T01:24:59.7030482Z,0,0,549,230,0
2026-08-17T01:24:59.7081079Z,0,0,549,230,0
2026-08-17T01:24:59.7131031Z,0,0,549,230,0
2026-08-17T01:24:59.7183411Z,0,0,549,230,0
2026-08-17T01:24:59.7229803Z,0,0,549,230,0
2026-08-17T01:24:59.7280228Z,0,0,549,230,0
2026-08-17T01:24:59.7329339Z,0,0,549,230,0
2026-08-17T01:24:59.7380078Z,0,0,549,230,0
2026-08-17T01:24:59.7430498Z,0,0,549,230,0
2026-08-17T01:24:59.7484003Z,0,0,549,230,0
2026-08-17T01:24:59.7529828Z,0,0,549,230,0
2026-08-17T01:24:59.7580449Z,0,0,549,230,0
2026-08-17T01:24:59.7633415Z,0,0,549,230,0
2026-08-17T01:24:59.7680768Z,0,0,549,230,0
2026-08-17T01:24:59.7731367Z,0,0,549,230,0
2026-08-17T01:24:59.7783451Z,0,0,549,230,0
2026-08-17T01:24:59.7832476Z,0,0,549,230,0
2026-08-17T01:24:59.7879643Z,0,0,549,230,0
2026-08-17T01:24:59.7931958Z,0,0,549,230,0
2026-08-17T01:24:59.7983786Z,0,0,549,230,0
2026-08-17T01:24:59.8032092Z,0,0,549,230,0
2026-08-17T01:24:59.8083487Z,0,0,549,230,0
2026-08-17T01:24:59.8133907Z,0,0,549,230,0
2026-08-17T01:24:59.8180884Z,0,0,549,230,0
2026-08-17T01:24:59.823092Z,0,0,549,230,0
2026-08-17T01:24:59.8284781Z,0,0,549,230,0
2026-08-17T01:24:59.8330084Z,0,0,549,230,0
2026-08-17T01:24:59.838385Z,0,0,549,230,0
2026-08-17T01:24:59.8429689Z,0,0,549,230,0
2026-08-17T01:24:59.848198Z,0,0,549,230,0
2026-08-17T01:24:59.8534051Z,0,0,549,230,0
2026-08-17T01:24:59.858239Z,0,0,549,230,0
2026-08-17T01:24:59.8633319Z,0,0,549,230,0
2026-08-17T01:24:59.8680974Z,0,0,549,230,0
2026-08-17T01:24:59.8735592Z,0,0,549,230,0
2026-08-17T01:24:59.8783198Z,0,0,549,230,0
2026-08-17T01:24:59.8833195Z,0,0,549,230,0
2026-08-17T01:24:59.8880551Z,0,0,549,230,0
2026-08-17T01:24:59.8930457Z,0,0,549,230,0
2026-08-17T01:24:59.8984404Z,0,0,549,230,0
2026-08-17T01:24:59.903249Z,0,0,549,230,0
2026-08-17T01:24:59.9085289Z,0,0,549,230,0
2026-08-17T01:24:59.9129868Z,0,0,549,230,0
2026-08-17T01:24:59.9180695Z,0,0,549,230,0
2026-08-17T01:24:59.9230909Z,0,0,549,230,0
2026-08-17T01:24:59.9286622Z,0,0,549,230,0
2026-08-17T01:24:59.9332813Z,0,0,549,230,0
2026-08-17T01:24:59.9381821Z,0,0,549,230,0
2026-08-17T01:24:59.9432581Z,0,0,549,230,0
2026-08-17T01:24:59.9482206Z,0,0,549,230,0
2026-08-17T01:24:59.9530813Z,0,0,549,230,0
2026-08-17T01:24:59.9581594Z,0,0,549,230,0
2026-08-17T01:24:59.9635775Z,0,0,549,230,0
2026-08-17T01:24:59.9683096Z,0,0,549,230,0
2026-08-17T01:24:59.9731739Z,0,0,549,230,0
2026-08-17T01:24:59.9784449Z,0,0,549,230,0
2026-08-17T01:24:59.9832767Z,0,0,549,230,0
2026-08-17T01:24:59.9879942Z,0,0,549,230,0
2026-08-17T01:24:59.9936281Z,0,0,549,230,0
2026-08-17T01:24:59.998627Z,0,0,549,230,0
2026-08-17T01:25:00.0036345Z,0,0,549,230,0
2026-08-17T01:25:00.008418Z,0,0,549,230,0
2026-08-17T01:25:00.0130598Z,0,0,549,230,0
2026-08-17T01:25:00.0184072Z,0,0,549,230,0
2026-08-17T01:25:00.0232203Z,0,0,549,230,0
2026-08-17T01:25:00.0281096Z,0,0,549,230,0
2026-08-17T01:25:00.0331094Z,0,0,549,230,0
2026-08-17T01:25:00.0381844Z,0,0,549,230,0
2026-08-17T01:25:00.0432336Z,0,0,549,230,0
2026-08-17T01:25:00.0485248Z,0,0,549,230,0
2026-08-17T01:25:00.0530405Z,0,0,549,230,0
2026-08-17T01:25:00.0579562Z,0,0,549,230,0
2026-08-17T01:25:00.0629797Z,0,0,549,230,0
2026-08-17T01:25:00.0680699Z,0,0,549,230,0
2026-08-17T01:25:00.0729555Z,0,0,549,230,0
2026-08-17T01:25:00.0780461Z,0,0,549,230,0
2026-08-17T01:25:00.0830933Z,0,0,549,230,0
2026-08-17T01:25:00.0879857Z,0,0,549,230,0
2026-08-17T01:25:00.0929579Z,0,0,549,230,0
2026-08-17T01:25:00.0980438Z,0,0,549,230,0
2026-08-17T01:25:00.1029968Z,0,0,549,230,0
2026-08-17T01:25:00.1080912Z,0,0,549,230,0
2026-08-17T01:25:00.1129835Z,0,0,549,230,0
2026-08-17T01:25:00.1180617Z,0,0,549,230,0
2026-08-17T01:25:00.1229634Z,0,0,549,230,0
2026-08-17T01:25:00.1280657Z,0,0,549,230,0
2026-08-17T01:25:00.1329523Z,0,0,549,230,0
2026-08-17T01:25:00.1383315Z,0,0,549,230,0
2026-08-17T01:25:00.1437628Z,0,0,549,230,0
2026-08-17T01:25:00.1479687Z,0,0,549,230,0
2026-08-17T01:25:00.1533435Z,0,0,549,230,0
2026-08-17T01:25:00.1580961Z,0,0,549,230,0
2026-08-17T01:25:00.1635718Z,0,0,549,230,0
2026-08-17T01:25:00.1683238Z,0,0,549,230,0
2026-08-17T01:25:00.1730181Z,0,0,549,230,0
2026-08-17T01:25:00.1779688Z,0,0,549,230,0
2026-08-17T01:25:00.1829386Z,0,0,549,230,0
2026-08-17T01:25:00.1880383Z,0,0,549,230,0
2026-08-17T01:25:00.1930908Z,0,0,549,230,0
2026-08-17T01:25:00.1980285Z,0,0,549,230,0
2026-08-17T01:25:00.2030301Z,0,0,549,230,0
2026-08-17T01:25:00.2084113Z,0,0,549,230,0
2026-08-17T01:25:00.2133092Z,0,0,549,230,0
2026-08-17T01:25:00.2179387Z,0,0,549,230,0
2026-08-17T01:25:00.223065Z,0,0,549,230,0
2026-08-17T01:25:00.2281376Z,0,0,549,230,0
2026-08-17T01:25:00.2330319Z,0,0,549,230,0
2026-08-17T01:25:00.2381181Z,0,0,549,230,0
2026-08-17T01:25:00.2429953Z,0,0,549,230,0
2026-08-17T01:25:00.2480691Z,0,0,549,230,0
2026-08-17T01:25:00.2530776Z,0,0,549,230,0
2026-08-17T01:25:00.2581591Z,0,0,549,230,0
2026-08-17T01:25:00.2634549Z,0,0,549,230,0
2026-08-17T01:25:00.2681733Z,0,0,549,230,0
2026-08-17T01:25:00.2732148Z,0,0,549,230,0
2026-08-17T01:25:00.2784036Z,0,0,549,230,0
2026-08-17T01:25:00.2831514Z,0,0,549,230,0
2026-08-17T01:25:00.2882138Z,0,0,549,230,0
2026-08-17T01:25:00.2931065Z,0,0,549,230,0
2026-08-17T01:25:00.2983564Z,0,0,549,230,0
2026-08-17T01:25:00.3029769Z,0,0,549,230,0
2026-08-17T01:25:00.3080603Z,0,0,549,230,0
2026-08-17T01:25:00.3134284Z,0,0,549,230,0
2026-08-17T01:25:00.3182575Z,0,0,549,230,0
2026-08-17T01:25:00.3231887Z,0,0,549,230,0
2026-08-17T01:25:00.3279577Z,0,0,549,230,0
2026-08-17T01:25:00.332953Z,0,0,549,230,0
2026-08-17T01:25:00.3383683Z,0,0,549,230,0
2026-08-17T01:25:00.3432131Z,0,0,549,230,0
2026-08-17T01:25:00.3484522Z,0,0,549,230,0
2026-08-17T01:25:00.3534505Z,0,0,549,230,0
2026-08-17T01:25:00.3583847Z,0,0,549,230,0
2026-08-17T01:25:00.3630756Z,0,0,549,230,0
2026-08-17T01:25:00.3681595Z,0,0,549,230,0
2026-08-17T01:25:00.3731476Z,0,0,549,230,0
2026-08-17T01:25:00.3783922Z,0,0,549,230,0
2026-08-17T01:25:00.3831928Z,0,0,549,230,0
2026-08-17T01:25:00.3880394Z,0,0,549,230,0
2026-08-17T01:25:00.3932Z,0,0,549,230,0
2026-08-17T01:25:00.3979842Z,0,0,549,230,0
2026-08-17T01:25:00.4033444Z,0,0,549,230,0
2026-08-17T01:25:00.408167Z,0,0,549,230,0
2026-08-17T01:25:00.4133631Z,0,0,549,230,0
2026-08-17T01:25:00.4180921Z,0,0,549,230,0
2026-08-17T01:25:00.4229685Z,0,0,549,230,0
2026-08-17T01:25:00.4281642Z,0,0,549,230,0
2026-08-17T01:25:00.4331396Z,0,0,549,230,0
2026-08-17T01:25:00.4384073Z,0,0,549,230,0
2026-08-17T01:25:00.4429452Z,0,0,549,230,0
2026-08-17T01:25:00.4481399Z,0,0,549,230,0
2026-08-17T01:25:00.4532278Z,0,0,549,230,0
2026-08-17T01:25:00.4584466Z,0,0,549,230,0
2026-08-17T01:25:00.4629642Z,0,0,549,230,0
2026-08-17T01:25:00.4680278Z,0,0,549,230,0
2026-08-17T01:25:00.4732637Z,0,0,549,230,0
2026-08-17T01:25:00.4779447Z,0,0,549,230,0
2026-08-17T01:25:00.4829814Z,0,0,549,230,0
2026-08-17T01:25:00.4880508Z,0,0,549,230,0
2026-08-17T01:25:00.4931914Z,0,0,549,230,0
2026-08-17T01:25:00.4986225Z,0,0,549,230,0
2026-08-17T01:25:00.503006Z,0,0,549,230,0
2026-08-17T01:25:00.5080611Z,0,0,549,230,0
2026-08-17T01:25:00.5131305Z,0,0,549,230,0
2026-08-17T01:25:00.5182033Z,0,0,549,230,0
2026-08-17T01:25:00.52317Z,0,0,549,230,0
2026-08-17T01:25:00.5281804Z,0,0,549,230,0
2026-08-17T01:25:00.5331163Z,0,0,549,230,0
2026-08-17T01:25:00.5386831Z,0,0,549,230,0
2026-08-17T01:25:00.5432926Z,0,0,549,230,0
2026-08-17T01:25:00.5482592Z,0,0,549,230,0
2026-08-17T01:25:00.5536725Z,0,0,549,230,0
2026-08-17T01:25:00.5584985Z,0,0,549,230,0
2026-08-17T01:25:00.5629975Z,0,0,549,230,0
2026-08-17T01:25:00.5687551Z,0,0,549,230,0
2026-08-17T01:25:00.5732376Z,0,0,549,230,0
2026-08-17T01:25:00.5780956Z,0,0,549,230,0
2026-08-17T01:25:00.5830909Z,0,0,549,230,0
2026-08-17T01:25:00.5879873Z,0,0,549,230,0
2026-08-17T01:25:00.5934613Z,0,0,549,230,0
2026-08-17T01:25:00.5981943Z,0,0,549,230,0
2026-08-17T01:25:00.6032619Z,0,0,549,230,0
2026-08-17T01:25:00.6079736Z,0,0,549,230,0
2026-08-17T01:25:00.6134658Z,0,0,549,230,0
2026-08-17T01:25:00.6182586Z,0,0,549,230,0
2026-08-17T01:25:00.6233529Z,0,0,549,230,0
2026-08-17T01:25:00.6281253Z,0,0,549,230,0
2026-08-17T01:25:00.6331658Z,0,0,549,230,0
2026-08-17T01:25:00.6381999Z,0,0,549,230,0
2026-08-17T01:25:00.6432157Z,0,0,549,230,0
2026-08-17T01:25:00.6480345Z,0,0,549,230,0
2026-08-17T01:25:00.6534266Z,0,0,549,230,0
2026-08-17T01:25:00.6581713Z,0,0,549,230,0
2026-08-17T01:25:00.6632562Z,0,0,549,230,0
2026-08-17T01:25:00.6685415Z,0,0,549,230,0
2026-08-17T01:25:00.6733635Z,0,0,549,230,0
2026-08-17T01:25:00.6781363Z,0,0,549,230,0
2026-08-17T01:25:00.6833891Z,0,0,549,230,0
2026-08-17T01:25:00.6881825Z,0,0,549,230,0
2026-08-17T01:25:00.693112Z,0,0,549,230,0
2026-08-17T01:25:00.6980876Z,0,0,549,230,0
2026-08-17T01:25:00.7031822Z,0,0,549,230,0
2026-08-17T01:25:00.7079643Z,0,0,549,230,0
2026-08-17T01:25:00.7130254Z,0,0,549,230,0
2026-08-17T01:25:00.7181075Z,0,0,549,230,0
2026-08-17T01:25:00.7230016Z,0,0,549,230,0
2026-08-17T01:25:00.7280869Z,0,0,549,230,0
2026-08-17T01:25:00.7329738Z,0,0,549,230,0
2026-08-17T01:25:00.7383617Z,0,0,549,230,0
2026-08-17T01:25:00.7430985Z,0,0,549,230,0
2026-08-17T01:25:00.7479816Z,0,0,549,230,0
2026-08-17T01:25:00.7529567Z,0,0,549,230,0
2026-08-17T01:25:00.7580577Z,0,0,549,230,0
2026-08-17T01:25:00.7634094Z,0,0,549,230,0
2026-08-17T01:25:00.7681974Z,0,0,549,230,0
2026-08-17T01:25:00.773404Z,0,0,549,230,0
2026-08-17T01:25:00.778252Z,0,0,549,230,0
2026-08-17T01:25:00.7832218Z,0,0,549,230,0
2026-08-17T01:25:00.7881476Z,0,0,549,230,0
2026-08-17T01:25:00.7929628Z,0,0,549,230,0
2026-08-17T01:25:00.7980442Z,0,0,549,230,0
2026-08-17T01:25:00.803389Z,0,0,549,230,0
2026-08-17T01:25:00.8084299Z,0,0,549,230,0
2026-08-17T01:25:00.8130098Z,0,0,549,230,0
2026-08-17T01:25:00.8181553Z,0,0,549,230,0
2026-08-17T01:25:00.8233397Z,0,0,549,230,0
2026-08-17T01:25:00.8280872Z,0,0,549,230,0
2026-08-17T01:25:00.8329881Z,0,0,549,230,0
2026-08-17T01:25:00.8380626Z,0,0,549,230,0
2026-08-17T01:25:00.8429551Z,0,0,549,230,0
2026-08-17T01:25:00.8481969Z,0,0,549,230,0
2026-08-17T01:25:00.8536624Z,0,0,549,230,0
2026-08-17T01:25:00.8584163Z,0,0,549,230,0
2026-08-17T01:25:00.8630388Z,0,0,549,230,0
2026-08-17T01:25:00.8681526Z,0,0,549,230,0
2026-08-17T01:25:00.8735889Z,0,0,549,230,0
2026-08-17T01:25:00.8783932Z,0,0,549,230,0
2026-08-17T01:25:00.8829841Z,0,0,549,230,0
2026-08-17T01:25:00.8880082Z,0,0,549,230,0
2026-08-17T01:25:00.8929374Z,0,0,549,230,0
2026-08-17T01:25:00.8984298Z,0,0,549,230,0
2026-08-17T01:25:00.9030201Z,0,0,549,230,0
2026-08-17T01:25:00.9080955Z,0,0,549,230,0
2026-08-17T01:25:00.9129892Z,0,0,549,230,0
2026-08-17T01:25:00.9180716Z,0,0,549,230,0
2026-08-17T01:25:00.923503Z,0,0,549,230,0
2026-08-17T01:25:00.9282305Z,0,0,549,230,0
2026-08-17T01:25:00.933303Z,0,0,549,230,0
2026-08-17T01:25:00.9380832Z,0,0,549,230,0
2026-08-17T01:25:00.943434Z,0,0,549,230,0
2026-08-17T01:25:00.9482144Z,0,0,549,230,0
2026-08-17T01:25:00.9531938Z,0,0,549,230,0
2026-08-17T01:25:00.9584473Z,0,0,549,230,0
2026-08-17T01:25:00.9630565Z,0,0,549,230,0
2026-08-17T01:25:00.9679968Z,0,0,549,230,0
2026-08-17T01:25:00.9740197Z,0,0,549,230,0
2026-08-17T01:25:00.9782498Z,0,0,549,230,0
2026-08-17T01:25:00.9832744Z,0,0,549,230,0
2026-08-17T01:25:00.9879791Z,0,0,549,230,0
2026-08-17T01:25:00.9932718Z,0,0,549,230,0
2026-08-17T01:25:00.9979689Z,0,0,549,230,0
2026-08-17T01:25:01.0031892Z,0,0,549,230,0
2026-08-17T01:25:01.0086866Z,0,0,549,230,0
2026-08-17T01:25:01.0131812Z,0,0,549,230,0
2026-08-17T01:25:01.0184622Z,0,0,549,230,0
2026-08-17T01:25:01.0231208Z,0,0,549,230,0
2026-08-17T01:25:01.0286257Z,0,0,549,230,0
2026-08-17T01:25:01.033418Z,0,0,549,230,0
2026-08-17T01:25:01.0382433Z,0,0,549,230,0
2026-08-17T01:25:01.0429583Z,0,0,549,230,0
2026-08-17T01:25:01.0481384Z,0,0,549,230,0
2026-08-17T01:25:01.0533836Z,0,0,549,230,0
2026-08-17T01:25:01.0580792Z,0,0,549,230,0
2026-08-17T01:25:01.0634068Z,0,0,549,230,0
2026-08-17T01:25:01.0682964Z,0,0,549,230,0
2026-08-17T01:25:01.0733536Z,0,0,549,230,0
2026-08-17T01:25:01.0781091Z,0,0,549,230,0
2026-08-17T01:25:01.082998Z,0,0,549,230,0
2026-08-17T01:25:01.0881653Z,0,0,549,230,0
2026-08-17T01:25:01.0933533Z,0,0,549,230,0
2026-08-17T01:25:01.0982561Z,0,0,549,230,0
2026-08-17T01:25:01.103258Z,0,0,549,230,0
2026-08-17T01:25:01.1080612Z,0,0,549,230,0
2026-08-17T01:25:01.1132354Z,0,0,549,230,0
2026-08-17T01:25:01.1183096Z,0,0,549,230,0
2026-08-17T01:25:01.1231725Z,0,0,549,230,0
2026-08-17T01:25:01.1284707Z,0,0,549,230,0
2026-08-17T01:25:01.1333732Z,0,0,549,230,0
2026-08-17T01:25:01.1381644Z,0,0,549,230,0
2026-08-17T01:25:01.1432695Z,0,0,549,230,0
2026-08-17T01:25:01.1480078Z,0,0,549,230,0
2026-08-17T01:25:01.1533071Z,0,0,549,230,0
2026-08-17T01:25:01.1580418Z,0,0,549,230,0
2026-08-17T01:25:01.1630555Z,0,0,549,230,0
2026-08-17T01:25:01.1688974Z,0,0,549,230,0
2026-08-17T01:25:01.1732422Z,0,0,549,230,0
2026-08-17T01:25:01.1779385Z,0,0,549,230,0
2026-08-17T01:25:01.1833213Z,0,0,549,230,0
2026-08-17T01:25:01.1880324Z,0,0,549,230,0
2026-08-17T01:25:01.1933949Z,0,0,549,230,0
2026-08-17T01:25:01.1981563Z,0,0,549,230,0
2026-08-17T01:25:01.2032786Z,0,0,549,230,0
2026-08-17T01:25:01.208461Z,0,0,549,230,0
2026-08-17T01:25:01.2133129Z,0,0,549,230,0
2026-08-17T01:25:01.218047Z,0,0,549,230,0
2026-08-17T01:25:01.2233108Z,0,0,549,230,0
2026-08-17T01:25:01.2280884Z,0,0,549,230,0
2026-08-17T01:25:01.2330292Z,0,0,549,230,0
2026-08-17T01:25:01.2381163Z,0,0,549,230,0
2026-08-17T01:25:01.2430031Z,0,0,549,230,0
2026-08-17T01:25:01.2480907Z,0,0,549,230,0
2026-08-17T01:25:01.2533676Z,0,0,549,230,0
2026-08-17T01:25:01.2581935Z,0,0,549,230,0
2026-08-17T01:25:01.2629989Z,0,0,549,230,0
2026-08-17T01:25:01.2683041Z,0,0,549,230,0
2026-08-17T01:25:01.273241Z,0,0,549,230,0
2026-08-17T01:25:01.2780269Z,0,0,549,230,0
2026-08-17T01:25:01.2830212Z,0,0,549,230,0
2026-08-17T01:25:01.28799Z,0,0,549,230,0
2026-08-17T01:25:01.2934485Z,0,0,549,230,0
2026-08-17T01:25:01.298201Z,0,0,549,230,0
2026-08-17T01:25:01.3030416Z,0,0,549,230,0
2026-08-17T01:25:01.3081873Z,0,0,549,230,0
2026-08-17T01:25:01.3132811Z,0,0,549,230,0
2026-08-17T01:25:01.3179647Z,0,0,549,230,0
2026-08-17T01:25:01.3234502Z,0,0,549,230,0
2026-08-17T01:25:01.3284362Z,0,0,549,230,0
2026-08-17T01:25:01.3333677Z,0,0,549,230,0
2026-08-17T01:25:01.3382355Z,0,0,549,230,0
2026-08-17T01:25:01.3432615Z,0,0,549,230,0
2026-08-17T01:25:01.3485478Z,0,0,549,230,0
2026-08-17T01:25:01.3529985Z,0,0,549,230,0
2026-08-17T01:25:01.3580849Z,0,0,549,230,0
2026-08-17T01:25:01.3637524Z,0,0,549,230,0
2026-08-17T01:25:01.3684696Z,0,0,549,230,0
2026-08-17T01:25:01.3734052Z,0,0,549,230,0
2026-08-17T01:25:01.3781595Z,0,0,549,230,0
2026-08-17T01:25:01.3832788Z,0,0,549,230,0
2026-08-17T01:25:01.3880564Z,0,0,549,230,0
2026-08-17T01:25:01.3930366Z,0,0,549,230,0
2026-08-17T01:25:01.3984512Z,0,0,549,230,0
2026-08-17T01:25:01.4033517Z,0,0,549,230,0
2026-08-17T01:25:01.4082863Z,0,0,549,230,0
2026-08-17T01:25:01.4135319Z,0,0,549,230,0
2026-08-17T01:25:01.4183491Z,0,0,549,230,0
2026-08-17T01:25:01.4232963Z,0,0,549,230,0
2026-08-17T01:25:01.4281444Z,0,0,549,230,0
2026-08-17T01:25:01.4330248Z,0,0,549,230,0
2026-08-17T01:25:01.4380004Z,0,0,549,230,0
2026-08-17T01:25:01.443133Z,0,0,549,230,0
2026-08-17T01:25:01.4480743Z,0,0,549,230,0
2026-08-17T01:25:01.4532424Z,0,0,549,230,0
2026-08-17T01:25:01.4585413Z,0,0,549,230,0
2026-08-17T01:25:01.4630992Z,0,0,549,230,0
2026-08-17T01:25:01.4680483Z,0,0,549,230,0
2026-08-17T01:25:01.4729364Z,0,0,549,230,0
2026-08-17T01:25:01.4779944Z,0,0,549,230,0
2026-08-17T01:25:01.4833285Z,0,0,549,230,0
2026-08-17T01:25:01.4880718Z,0,0,549,230,0
2026-08-17T01:25:01.4931676Z,0,0,549,230,0
2026-08-17T01:25:01.4980695Z,0,0,549,230,0
2026-08-17T01:25:01.5031287Z,0,0,549,230,0
2026-08-17T01:25:01.5084035Z,0,0,549,230,0
2026-08-17T01:25:01.5134537Z,0,0,549,230,0
2026-08-17T01:25:01.518123Z,0,0,549,230,0
2026-08-17T01:25:01.5231616Z,0,0,549,230,0
2026-08-17T01:25:01.5280845Z,0,0,549,230,0
2026-08-17T01:25:01.5330739Z,0,0,549,230,0
2026-08-17T01:25:01.5386108Z,0,0,549,230,0
2026-08-17T01:25:01.5436886Z,0,0,549,230,0
2026-08-17T01:25:01.5484121Z,0,0,549,230,0
2026-08-17T01:25:01.553161Z,0,0,549,230,0
2026-08-17T01:25:01.5581194Z,0,0,549,230,0
2026-08-17T01:25:01.5632381Z,0,0,549,230,0
2026-08-17T01:25:01.5682236Z,0,0,549,230,0
2026-08-17T01:25:01.5731352Z,0,0,549,230,0
2026-08-17T01:25:01.5781161Z,0,0,549,230,0
2026-08-17T01:25:01.5831268Z,0,0,549,230,0
2026-08-17T01:25:01.5880461Z,0,0,549,230,0
2026-08-17T01:25:01.5930707Z,0,0,549,230,0
2026-08-17T01:25:01.598115Z,0,0,549,230,0
2026-08-17T01:25:01.6030509Z,0,0,549,230,0
2026-08-17T01:25:01.6081342Z,0,0,549,230,0
2026-08-17T01:25:01.6131204Z,0,0,549,230,0
2026-08-17T01:25:01.6184499Z,0,0,549,230,0
2026-08-17T01:25:01.6231276Z,0,0,549,230,0
2026-08-17T01:25:01.6281163Z,0,0,549,230,0
2026-08-17T01:25:01.6330187Z,0,0,549,230,0
2026-08-17T01:25:01.6381183Z,0,0,549,230,0
2026-08-17T01:25:01.643173Z,0,0,549,230,0
2026-08-17T01:25:01.6479302Z,0,0,549,230,0
2026-08-17T01:25:01.6532885Z,0,0,549,230,0
2026-08-17T01:25:01.6579799Z,0,0,549,230,0
2026-08-17T01:25:01.6633025Z,0,0,549,230,0
2026-08-17T01:25:01.6680636Z,0,0,549,230,0
2026-08-17T01:25:01.6730717Z,0,0,549,230,0
2026-08-17T01:25:01.6784054Z,0,0,549,230,0
2026-08-17T01:25:01.6833949Z,0,0,549,230,0
2026-08-17T01:25:01.6881809Z,0,0,549,230,0
2026-08-17T01:25:01.693339Z,0,0,549,230,0
2026-08-17T01:25:01.6983209Z,0,0,549,230,0
2026-08-17T01:25:01.7033107Z,0,0,549,230,0
2026-08-17T01:25:01.7081453Z,0,0,549,230,0
2026-08-17T01:25:01.713183Z,0,0,549,230,0
2026-08-17T01:25:01.7181076Z,0,0,549,230,0
2026-08-17T01:25:01.7236359Z,0,0,549,230,0
2026-08-17T01:25:01.7284732Z,0,0,549,230,0
2026-08-17T01:25:01.7330024Z,0,0,549,230,0
2026-08-17T01:25:01.7380132Z,0,0,549,230,0
2026-08-17T01:25:01.7429684Z,0,0,549,230,0
2026-08-17T01:25:01.7480688Z,0,0,549,230,0
2026-08-17T01:25:01.7530527Z,0,0,549,230,0
2026-08-17T01:25:01.7586905Z,0,0,549,230,0
2026-08-17T01:25:01.7630983Z,0,0,549,230,0
2026-08-17T01:25:01.7681844Z,0,0,549,230,0
2026-08-17T01:25:01.7730892Z,0,0,549,230,0
2026-08-17T01:25:01.7783466Z,0,0,549,230,0
2026-08-17T01:25:01.7830552Z,0,0,549,230,0
2026-08-17T01:25:01.7882014Z,0,0,549,230,0
2026-08-17T01:25:01.7930722Z,0,0,549,230,0
2026-08-17T01:25:01.7981033Z,0,0,549,230,0
2026-08-17T01:25:01.8029775Z,0,0,549,230,0
2026-08-17T01:25:01.8080669Z,0,0,549,230,0
2026-08-17T01:25:01.813081Z,0,0,549,230,0
2026-08-17T01:25:01.8181462Z,0,0,549,230,0
2026-08-17T01:25:01.8230609Z,0,0,549,230,0
2026-08-17T01:25:01.8282736Z,0,0,549,230,0
2026-08-17T01:25:01.8333555Z,0,0,549,230,0
2026-08-17T01:25:01.8382485Z,0,0,549,230,0
2026-08-17T01:25:01.8432813Z,0,0,549,230,0
2026-08-17T01:25:01.8479719Z,0,0,549,230,0
2026-08-17T01:25:01.8532562Z,0,0,549,230,0
2026-08-17T01:25:01.8584577Z,0,0,549,230,0
2026-08-17T01:25:01.86309Z,0,0,549,230,0
2026-08-17T01:25:01.8684018Z,0,0,549,230,0
2026-08-17T01:25:01.873057Z,0,0,549,230,0
2026-08-17T01:25:01.8779503Z,0,0,549,230,0
2026-08-17T01:25:01.8834012Z,0,0,549,230,0
2026-08-17T01:25:01.88812Z,0,0,549,230,0
2026-08-17T01:25:01.8933714Z,0,0,549,230,0
2026-08-17T01:25:01.8981569Z,0,0,549,230,0
2026-08-17T01:25:01.9036187Z,0,0,549,230,0
2026-08-17T01:25:01.9083573Z,0,0,549,230,0
2026-08-17T01:25:01.9133921Z,0,0,549,230,0
2026-08-17T01:25:01.9181527Z,0,0,549,230,0
2026-08-17T01:25:01.9230278Z,0,0,549,230,0
2026-08-17T01:25:01.9281091Z,0,0,549,230,0
2026-08-17T01:25:01.9330305Z,0,0,549,230,0
2026-08-17T01:25:01.9384069Z,0,0,549,230,0
2026-08-17T01:25:01.9434431Z,0,0,549,230,0
2026-08-17T01:25:01.9482397Z,0,0,549,230,0
2026-08-17T01:25:01.9530951Z,0,0,549,230,0
2026-08-17T01:25:01.9583373Z,0,0,549,230,0
2026-08-17T01:25:01.9633774Z,0,0,549,230,0
2026-08-17T01:25:01.9681198Z,0,0,549,230,0
2026-08-17T01:25:01.9731689Z,0,0,549,230,0
2026-08-17T01:25:01.978617Z,0,0,549,230,0
2026-08-17T01:25:01.9831923Z,0,0,549,230,0
2026-08-17T01:25:01.9886184Z,0,0,549,230,0
2026-08-17T01:25:01.9934362Z,0,0,549,230,0
2026-08-17T01:25:01.9985524Z,0,0,549,230,0
2026-08-17T01:25:02.0034635Z,0,0,549,230,0
2026-08-17T01:25:02.0082321Z,0,0,549,230,0
2026-08-17T01:25:02.0133394Z,0,0,549,230,0
2026-08-17T01:25:02.0181215Z,0,0,549,230,0
2026-08-17T01:25:02.0234379Z,0,0,549,230,0
2026-08-17T01:25:02.0282444Z,0,0,549,230,0
2026-08-17T01:25:02.0332155Z,0,0,549,230,0
2026-08-17T01:25:02.0384606Z,0,0,549,230,0
2026-08-17T01:25:02.0430936Z,0,0,549,230,0
2026-08-17T01:25:02.0481739Z,0,0,549,230,0
2026-08-17T01:25:02.0531121Z,0,0,549,230,0
2026-08-17T01:25:02.058372Z,0,0,549,230,0
2026-08-17T01:25:02.0630572Z,0,0,549,230,0
2026-08-17T01:25:02.0679651Z,0,0,549,230,0
2026-08-17T01:25:02.0731911Z,0,0,549,230,0
2026-08-17T01:25:02.0779159Z,0,0,549,230,0
2026-08-17T01:25:02.0832699Z,0,0,549,230,0
2026-08-17T01:25:02.088527Z,0,0,549,230,0
2026-08-17T01:25:02.0934135Z,0,0,549,230,0
2026-08-17T01:25:02.0980892Z,0,0,549,230,0
2026-08-17T01:25:02.103156Z,0,0,549,230,0
2026-08-17T01:25:02.1084178Z,0,0,549,230,0
2026-08-17T01:25:02.1130454Z,0,0,549,230,0
2026-08-17T01:25:02.1180051Z,0,0,549,230,0
2026-08-17T01:25:02.1233497Z,0,0,549,230,0
2026-08-17T01:25:02.1280738Z,0,0,549,230,0
2026-08-17T01:25:02.1330333Z,0,0,549,230,0
2026-08-17T01:25:02.138857Z,0,0,549,230,0
2026-08-17T01:25:02.1432255Z,0,0,549,230,0
2026-08-17T01:25:02.1479738Z,0,0,549,230,0
2026-08-17T01:25:02.1533749Z,0,0,549,230,0
2026-08-17T01:25:02.1581161Z,0,0,549,230,0
2026-08-17T01:25:02.1669714Z,0,0,549,230,0
2026-08-17T01:25:02.1685787Z,0,0,549,230,0
2026-08-17T01:25:02.1730179Z,0,0,549,230,0
2026-08-17T01:25:02.178262Z,0,0,549,230,0
2026-08-17T01:25:02.1834109Z,0,0,549,230,0
2026-08-17T01:25:02.1882237Z,0,0,549,230,0
2026-08-17T01:25:02.1931937Z,0,0,549,230,0
2026-08-17T01:25:02.1980436Z,0,0,549,230,0
2026-08-17T01:25:02.2029523Z,0,0,549,230,0
2026-08-17T01:25:02.2080457Z,0,0,549,230,0
2026-08-17T01:25:02.2131702Z,0,0,549,230,0
2026-08-17T01:25:02.2182489Z,0,0,549,230,0
2026-08-17T01:25:02.2232661Z,0,0,549,230,0
2026-08-17T01:25:02.2282494Z,0,0,549,230,0
2026-08-17T01:25:02.2332042Z,0,0,549,230,0
2026-08-17T01:25:02.2379705Z,0,0,549,230,0
2026-08-17T01:25:02.2430516Z,0,0,549,230,0
2026-08-17T01:25:02.2484108Z,0,0,549,230,0
2026-08-17T01:25:02.2534207Z,0,0,549,230,0
2026-08-17T01:25:02.2581713Z,0,0,549,230,0
2026-08-17T01:25:02.2631387Z,0,0,549,230,0
2026-08-17T01:25:02.2684451Z,0,0,549,230,0
2026-08-17T01:25:02.2733755Z,0,0,549,230,0
2026-08-17T01:25:02.2780731Z,0,0,549,230,0
2026-08-17T01:25:02.2831279Z,0,0,549,230,0
2026-08-17T01:25:02.2883553Z,0,0,549,230,0
2026-08-17T01:25:02.2931405Z,0,0,549,230,0
2026-08-17T01:25:02.2980094Z,0,0,549,230,0
2026-08-17T01:25:02.3030088Z,0,0,549,230,0
2026-08-17T01:25:02.3084257Z,0,0,549,230,0
2026-08-17T01:25:02.3132934Z,0,0,549,230,0
2026-08-17T01:25:02.3181502Z,0,0,549,230,0
2026-08-17T01:25:02.3231033Z,0,0,549,230,0
2026-08-17T01:25:02.328084Z,0,0,549,230,0
2026-08-17T01:25:02.3332898Z,0,0,549,230,0
2026-08-17T01:25:02.3380383Z,0,0,549,230,0
2026-08-17T01:25:02.3431817Z,0,0,549,230,0
2026-08-17T01:25:02.3480612Z,0,0,549,230,0
2026-08-17T01:25:02.3534062Z,0,0,549,230,0
2026-08-17T01:25:02.3581677Z,0,0,549,230,0
2026-08-17T01:25:02.3632455Z,0,0,549,230,0
2026-08-17T01:25:02.3679717Z,0,0,549,230,0
2026-08-17T01:25:02.3733315Z,0,0,549,230,0
2026-08-17T01:25:02.3780932Z,0,0,549,230,0
2026-08-17T01:25:02.3831484Z,0,0,549,230,0
2026-08-17T01:25:02.3879382Z,0,0,549,230,0
2026-08-17T01:25:02.3933173Z,0,0,549,230,0
2026-08-17T01:25:02.3982322Z,0,0,549,230,0
2026-08-17T01:25:02.4033323Z,0,0,549,230,0
2026-08-17T01:25:02.4082104Z,0,0,549,230,0
2026-08-17T01:25:02.4136202Z,0,0,549,230,0
2026-08-17T01:25:02.4184262Z,0,0,549,230,0
2026-08-17T01:25:02.4233909Z,0,0,549,230,0
2026-08-17T01:25:02.4281113Z,0,0,549,230,0
2026-08-17T01:25:02.433235Z,0,0,549,230,0
2026-08-17T01:25:02.4380108Z,0,0,549,230,0
2026-08-17T01:25:02.4433025Z,0,0,549,230,0
2026-08-17T01:25:02.4485504Z,0,0,549,230,0
2026-08-17T01:25:02.4530588Z,0,0,549,230,0
2026-08-17T01:25:02.4581541Z,0,0,549,230,0
2026-08-17T01:25:02.4630372Z,0,0,549,230,0
2026-08-17T01:25:02.4682731Z,0,0,549,230,0
2026-08-17T01:25:02.4732112Z,0,0,549,230,0
2026-08-17T01:25:02.4781586Z,0,0,549,230,0
2026-08-17T01:25:02.4831127Z,0,0,549,230,0
2026-08-17T01:25:02.4883397Z,0,0,549,230,0
2026-08-17T01:25:02.4930799Z,0,0,549,230,0
2026-08-17T01:25:02.4979765Z,0,0,549,230,0
2026-08-17T01:25:02.5030305Z,0,0,549,230,0
2026-08-17T01:25:02.5084087Z,0,0,549,230,0
2026-08-17T01:25:02.513537Z,0,0,549,230,0
2026-08-17T01:25:02.5182384Z,0,0,549,230,0
2026-08-17T01:25:02.5233728Z,0,0,549,230,0
2026-08-17T01:25:02.5281662Z,0,0,549,230,0
2026-08-17T01:25:02.5331631Z,0,0,549,230,0
2026-08-17T01:25:02.5384766Z,0,0,549,230,0
2026-08-17T01:25:02.5433506Z,0,0,549,230,0
2026-08-17T01:25:02.5480617Z,0,0,549,230,0
2026-08-17T01:25:02.553458Z,0,0,549,230,0
2026-08-17T01:25:02.5579627Z,0,0,549,230,0
2026-08-17T01:25:02.5629936Z,0,0,549,230,0
2026-08-17T01:25:02.5684202Z,0,0,549,230,0
2026-08-17T01:25:02.573068Z,0,0,549,230,0
2026-08-17T01:25:02.5784119Z,0,0,549,230,0
2026-08-17T01:25:02.583249Z,0,0,549,230,0
2026-08-17T01:25:02.5879871Z,0,0,549,230,0
2026-08-17T01:25:02.5933998Z,0,0,549,230,0
2026-08-17T01:25:02.5984387Z,0,0,549,230,0
2026-08-17T01:25:02.6031251Z,0,0,549,230,0
2026-08-17T01:25:02.6080688Z,0,0,549,230,0
2026-08-17T01:25:02.6129759Z,0,0,549,230,0
2026-08-17T01:25:02.6180765Z,0,0,549,230,0
2026-08-17T01:25:02.6233961Z,0,0,549,230,0
2026-08-17T01:25:02.6281269Z,0,0,549,230,0
2026-08-17T01:25:02.6332374Z,0,0,549,230,0
2026-08-17T01:25:02.6379995Z,0,0,549,230,0
2026-08-17T01:25:02.6434269Z,0,0,549,230,0
2026-08-17T01:25:02.6482856Z,0,0,549,230,0
2026-08-17T01:25:02.6531892Z,0,0,549,230,0
2026-08-17T01:25:02.6579438Z,0,0,549,230,0
2026-08-17T01:25:02.6633722Z,0,0,549,230,0
2026-08-17T01:25:02.6680994Z,0,0,549,230,0
2026-08-17T01:25:02.6732488Z,0,0,549,230,0
2026-08-17T01:25:02.6779902Z,0,0,549,230,0
2026-08-17T01:25:02.683351Z,0,0,549,230,0
2026-08-17T01:25:02.6881091Z,0,0,549,230,0
2026-08-17T01:25:02.6929584Z,0,0,549,230,0
2026-08-17T01:25:02.698337Z,0,0,549,230,0
2026-08-17T01:25:02.7034362Z,0,0,549,230,0
2026-08-17T01:25:02.7081409Z,0,0,549,230,0
2026-08-17T01:25:02.7131813Z,0,0,549,230,0
2026-08-17T01:25:02.718502Z,0,0,549,230,0
2026-08-17T01:25:02.7234212Z,0,0,549,230,0
2026-08-17T01:25:02.7282038Z,0,0,549,230,0
2026-08-17T01:25:02.7332614Z,0,0,549,230,0
2026-08-17T01:25:02.738218Z,0,0,549,230,0
2026-08-17T01:25:02.7432536Z,0,0,549,230,0
2026-08-17T01:25:02.748221Z,0,0,549,230,0
2026-08-17T01:25:02.7529891Z,0,0,549,230,0
2026-08-17T01:25:02.7584387Z,0,0,549,230,0
2026-08-17T01:25:02.7630763Z,0,0,549,230,0
2026-08-17T01:25:02.7681804Z,0,0,549,230,0
2026-08-17T01:25:02.7730916Z,0,0,549,230,0
2026-08-17T01:25:02.7781889Z,0,0,549,230,0
2026-08-17T01:25:02.7830813Z,0,0,549,230,0
2026-08-17T01:25:02.7881602Z,0,0,549,230,0
2026-08-17T01:25:02.793113Z,0,0,549,230,0
2026-08-17T01:25:02.7979708Z,0,0,549,230,0
2026-08-17T01:25:02.8032678Z,0,0,549,230,0
2026-08-17T01:25:02.8079809Z,0,0,549,230,0
2026-08-17T01:25:02.8130372Z,0,0,549,230,0
2026-08-17T01:25:02.8179405Z,0,0,549,230,0
2026-08-17T01:25:02.8233809Z,0,0,549,230,0
2026-08-17T01:25:02.8283525Z,0,0,549,230,0
2026-08-17T01:25:02.8333117Z,0,0,549,230,0
2026-08-17T01:25:02.8381711Z,0,0,549,230,0
2026-08-17T01:25:02.8431003Z,0,0,549,230,0
2026-08-17T01:25:02.8483956Z,0,0,549,230,0
2026-08-17T01:25:02.8530648Z,0,0,549,230,0
2026-08-17T01:25:02.8581462Z,0,0,549,230,0
2026-08-17T01:25:02.8631492Z,0,0,549,230,0
2026-08-17T01:25:02.8679298Z,0,0,549,230,0
2026-08-17T01:25:02.873262Z,0,0,549,230,0
2026-08-17T01:25:02.8779485Z,0,0,549,230,0
2026-08-17T01:25:02.8832198Z,0,0,549,230,0
2026-08-17T01:25:02.8879994Z,0,0,549,230,0
2026-08-17T01:25:02.8933325Z,0,0,549,230,0
2026-08-17T01:25:02.8982104Z,0,0,549,230,0
2026-08-17T01:25:02.9032964Z,0,0,549,230,0
2026-08-17T01:25:02.9085184Z,0,0,549,230,0
2026-08-17T01:25:02.9134356Z,0,0,549,230,0
2026-08-17T01:25:02.9183465Z,0,0,549,230,0
2026-08-17T01:25:02.9231635Z,0,0,549,230,0
2026-08-17T01:25:02.9283957Z,0,0,549,230,0
2026-08-17T01:25:02.9334191Z,0,0,549,230,0
2026-08-17T01:25:02.9382765Z,0,0,549,230,0
2026-08-17T01:25:02.9433963Z,0,0,549,230,0
2026-08-17T01:25:02.9482723Z,0,0,549,230,0
2026-08-17T01:25:02.9532668Z,0,0,549,230,0
2026-08-17T01:25:02.958586Z,0,0,549,230,0
2026-08-17T01:25:02.9631555Z,0,0,549,230,0
2026-08-17T01:25:02.9685186Z,0,0,549,230,0
2026-08-17T01:25:02.9732134Z,0,0,549,230,0
2026-08-17T01:25:02.9780749Z,0,0,549,230,0
2026-08-17T01:25:02.9836774Z,0,0,549,230,0
2026-08-17T01:25:02.9884048Z,0,0,549,230,0
2026-08-17T01:25:02.9932933Z,0,0,549,230,0
2026-08-17T01:25:02.9983532Z,0,0,549,230,0
2026-08-17T01:25:03.0032604Z,0,0,549,230,0
2026-08-17T01:25:03.0085026Z,0,0,549,230,0
2026-08-17T01:25:03.0131611Z,0,0,549,230,0
2026-08-17T01:25:03.018227Z,0,0,549,230,0
2026-08-17T01:25:03.023081Z,0,0,549,230,0
2026-08-17T01:25:03.0281403Z,0,0,549,230,0
2026-08-17T01:25:03.0329326Z,0,0,549,230,0
2026-08-17T01:25:03.0379922Z,0,0,549,230,0
2026-08-17T01:25:03.0432621Z,0,0,549,230,0
2026-08-17T01:25:03.0479983Z,0,0,549,230,0
2026-08-17T01:25:03.0532623Z,0,0,549,230,0
2026-08-17T01:25:03.057948Z,0,0,549,230,0
2026-08-17T01:25:03.0632817Z,0,0,549,230,0
2026-08-17T01:25:03.0679892Z,0,0,549,230,0
2026-08-17T01:25:03.073214Z,0,0,549,230,0
2026-08-17T01:25:03.0784357Z,0,0,549,230,0
2026-08-17T01:25:03.0830004Z,0,0,549,230,0
2026-08-17T01:25:03.0880647Z,0,0,549,230,0
2026-08-17T01:25:03.093347Z,0,0,549,230,0
2026-08-17T01:25:03.0982264Z,0,0,549,230,0
2026-08-17T01:25:03.1031974Z,0,0,549,230,0
2026-08-17T01:25:03.1084327Z,0,0,549,230,0
2026-08-17T01:25:03.1129474Z,0,0,549,230,0
2026-08-17T01:25:03.1185422Z,0,0,549,230,0
2026-08-17T01:25:03.1230437Z,0,0,549,230,0
2026-08-17T01:25:03.128455Z,0,0,549,230,0
2026-08-17T01:25:03.133052Z,0,0,549,230,0
2026-08-17T01:25:03.1388632Z,0,0,549,230,0
2026-08-17T01:25:03.1432444Z,0,0,549,230,0
2026-08-17T01:25:03.1479937Z,0,0,549,230,0
2026-08-17T01:25:03.153385Z,0,0,549,230,0
2026-08-17T01:25:03.1581367Z,0,0,549,230,0
2026-08-17T01:25:03.1632245Z,0,0,549,230,0
2026-08-17T01:25:03.1687958Z,0,0,549,230,0
2026-08-17T01:25:03.1734228Z,0,0,549,230,0
2026-08-17T01:25:03.1782945Z,0,0,549,230,0
2026-08-17T01:25:03.1829384Z,0,0,549,230,0
2026-08-17T01:25:03.1880266Z,0,0,549,230,0
2026-08-17T01:25:03.1934762Z,0,0,549,230,0
2026-08-17T01:25:03.198488Z,0,0,549,230,0
2026-08-17T01:25:03.2033882Z,0,0,549,230,0
2026-08-17T01:25:03.2081445Z,0,0,549,230,0
2026-08-17T01:25:03.213084Z,0,0,549,230,0
2026-08-17T01:25:03.2183509Z,0,0,549,230,0
2026-08-17T01:25:03.2233668Z,0,0,549,230,0
2026-08-17T01:25:03.2282552Z,0,0,549,230,0
2026-08-17T01:25:03.2333797Z,0,0,549,230,0
2026-08-17T01:25:03.2382447Z,0,0,549,230,0
2026-08-17T01:25:03.2433895Z,0,0,549,230,0
2026-08-17T01:25:03.2482041Z,0,0,549,230,0
2026-08-17T01:25:03.2532083Z,0,0,549,230,0
2026-08-17T01:25:03.2585135Z,0,0,549,230,0
2026-08-17T01:25:03.2630282Z,0,0,549,230,0
2026-08-17T01:25:03.2684304Z,0,0,549,230,0
2026-08-17T01:25:03.273076Z,0,0,549,230,0
2026-08-17T01:25:03.2781572Z,0,0,549,230,0
2026-08-17T01:25:03.2829813Z,0,0,549,230,0
2026-08-17T01:25:03.2880503Z,0,0,549,230,0
2026-08-17T01:25:03.2933267Z,0,0,549,230,0
2026-08-17T01:25:03.2982093Z,0,0,549,230,0
2026-08-17T01:25:03.3032499Z,0,0,549,230,0
2026-08-17T01:25:03.3130131Z,0,0,549,230,0
2026-08-17T01:25:03.3182436Z,0,0,549,230,0
2026-08-17T01:25:03.3232985Z,0,0,549,230,0
2026-08-17T01:25:03.3280821Z,0,0,549,230,0
2026-08-17T01:25:03.3330303Z,0,0,549,230,0
2026-08-17T01:25:03.3381218Z,0,0,549,230,0
2026-08-17T01:25:03.3431926Z,0,0,549,230,0
2026-08-17T01:25:03.3484826Z,0,0,549,230,0
2026-08-17T01:25:03.3531992Z,0,0,549,230,0
2026-08-17T01:25:03.3584089Z,0,0,549,230,0
2026-08-17T01:25:03.3629707Z,0,0,549,230,0
2026-08-17T01:25:03.3682669Z,0,0,549,230,0
2026-08-17T01:25:03.3732113Z,0,0,549,230,0
2026-08-17T01:25:03.3784413Z,0,0,549,230,0
2026-08-17T01:25:03.3831287Z,0,0,549,230,0
2026-08-17T01:25:03.3882138Z,0,0,549,230,0
2026-08-17T01:25:03.3931231Z,0,0,549,230,0
2026-08-17T01:25:03.3981048Z,0,0,549,230,0
2026-08-17T01:25:03.403194Z,0,0,549,230,0
2026-08-17T01:25:03.4085097Z,0,0,549,230,0
2026-08-17T01:25:03.413158Z,0,0,549,230,0
2026-08-17T01:25:03.4182427Z,0,0,549,230,0
2026-08-17T01:25:03.4231854Z,0,0,549,230,0
2026-08-17T01:25:03.4282809Z,0,0,549,230,0
2026-08-17T01:25:03.4334821Z,0,0,549,230,0
2026-08-17T01:25:03.4382764Z,0,0,549,230,0
2026-08-17T01:25:03.4434104Z,0,0,549,230,0
2026-08-17T01:25:03.4481846Z,0,0,549,230,0
2026-08-17T01:25:03.4530601Z,0,0,549,230,0
2026-08-17T01:25:03.4581442Z,0,0,549,230,0
2026-08-17T01:25:03.4632285Z,0,0,549,230,0
2026-08-17T01:25:03.4682098Z,0,0,549,230,0
2026-08-17T01:25:03.473392Z,0,0,549,230,0
2026-08-17T01:25:03.4781122Z,0,0,549,230,0
2026-08-17T01:25:03.4829952Z,0,0,549,230,0
2026-08-17T01:25:03.4880768Z,0,0,549,230,0
2026-08-17T01:25:03.4935301Z,0,0,549,230,0
2026-08-17T01:25:03.4982333Z,0,0,549,230,0
2026-08-17T01:25:03.5033952Z,0,0,549,230,0
2026-08-17T01:25:03.5081638Z,0,0,549,230,0
2026-08-17T01:25:03.5130549Z,0,0,549,230,0
2026-08-17T01:25:03.5181303Z,0,0,549,230,0
2026-08-17T01:25:03.5236415Z,0,0,549,230,0
2026-08-17T01:25:03.5284261Z,0,0,549,230,0
2026-08-17T01:25:03.5330002Z,0,0,549,230,0
2026-08-17T01:25:03.5380763Z,0,0,549,230,0
2026-08-17T01:25:03.5434869Z,0,0,549,230,0
2026-08-17T01:25:03.548213Z,0,0,549,230,0
2026-08-17T01:25:03.5536253Z,0,0,549,230,0
2026-08-17T01:25:03.5584759Z,0,0,549,230,0
2026-08-17T01:25:03.5630322Z,0,0,549,230,0
2026-08-17T01:25:03.5680715Z,0,0,549,230,0
2026-08-17T01:25:03.5730911Z,0,0,549,230,0
2026-08-17T01:25:03.5783623Z,0,0,549,230,0
2026-08-17T01:25:03.583018Z,0,0,549,230,0
2026-08-17T01:25:03.5884775Z,0,0,549,230,0
2026-08-17T01:25:03.5930412Z,0,0,549,230,0
2026-08-17T01:25:03.5979404Z,0,0,549,230,0
2026-08-17T01:25:03.6032863Z,0,0,549,230,0
2026-08-17T01:25:03.6079953Z,0,0,549,230,0
2026-08-17T01:25:03.6130004Z,0,0,549,230,0
2026-08-17T01:25:03.618089Z,0,0,549,230,0
2026-08-17T01:25:03.6230456Z,0,0,549,230,0
2026-08-17T01:25:03.6281Z,0,0,549,230,0
2026-08-17T01:25:03.6334392Z,0,0,549,230,0
2026-08-17T01:25:03.6382342Z,0,0,549,230,0
2026-08-17T01:25:03.6434098Z,0,0,549,230,0
2026-08-17T01:25:03.6481789Z,0,0,549,230,0
2026-08-17T01:25:03.6530851Z,0,0,549,230,0
2026-08-17T01:25:03.658141Z,0,0,549,230,0
2026-08-17T01:25:03.6630781Z,0,0,549,230,0
2026-08-17T01:25:03.6680038Z,0,0,549,230,0
2026-08-17T01:25:03.6733092Z,0,0,549,230,0
2026-08-17T01:25:03.6780947Z,0,0,549,230,0
2026-08-17T01:25:03.6831588Z,0,0,549,230,0
2026-08-17T01:25:03.6880857Z,0,0,549,230,0
2026-08-17T01:25:03.6931175Z,0,0,549,230,0
2026-08-17T01:25:03.6980413Z,0,0,549,230,0
2026-08-17T01:25:03.7034305Z,0,0,549,230,0
2026-08-17T01:25:03.7082493Z,0,0,549,230,0
2026-08-17T01:25:03.7131501Z,0,0,549,230,0
2026-08-17T01:25:03.7184428Z,0,0,549,230,0
2026-08-17T01:25:03.7234424Z,0,0,549,230,0
2026-08-17T01:25:03.7281585Z,0,0,549,230,0
2026-08-17T01:25:03.7330972Z,0,0,549,230,0
2026-08-17T01:25:03.7388875Z,0,0,549,230,0
2026-08-17T01:25:03.7434881Z,0,0,549,230,0
2026-08-17T01:25:03.7482172Z,0,0,549,230,0
2026-08-17T01:25:03.7532697Z,0,0,549,230,0
2026-08-17T01:25:03.7582744Z,0,0,549,230,0
2026-08-17T01:25:03.7632482Z,0,0,549,230,0
2026-08-17T01:25:03.7685945Z,0,0,549,230,0
2026-08-17T01:25:03.7731145Z,0,0,549,230,0
2026-08-17T01:25:03.7781961Z,0,0,549,230,0
2026-08-17T01:25:03.7836039Z,0,0,549,230,0
2026-08-17T01:25:03.7883709Z,0,0,549,230,0
2026-08-17T01:25:03.7933234Z,0,0,549,230,0
2026-08-17T01:25:03.7984927Z,0,0,549,230,0
2026-08-17T01:25:03.8031224Z,0,0,549,230,0
2026-08-17T01:25:03.8083514Z,0,0,549,230,0
2026-08-17T01:25:03.8134997Z,0,0,549,230,0
2026-08-17T01:25:03.8182691Z,0,0,549,230,0
2026-08-17T01:25:03.82311Z,0,0,549,230,0
2026-08-17T01:25:03.8282048Z,0,0,549,230,0
2026-08-17T01:25:03.8332443Z,0,0,549,230,0
2026-08-17T01:25:03.8385517Z,0,0,549,230,0
2026-08-17T01:25:03.8431945Z,0,0,549,230,0
2026-08-17T01:25:03.848131Z,0,0,549,230,0
2026-08-17T01:25:03.8529847Z,0,0,549,230,0
2026-08-17T01:25:03.8580768Z,0,0,549,230,0
2026-08-17T01:25:03.8630615Z,0,0,549,230,0
2026-08-17T01:25:03.8679194Z,0,0,549,230,0
2026-08-17T01:25:03.8733309Z,0,0,549,230,0
2026-08-17T01:25:03.87815Z,0,0,549,230,0
2026-08-17T01:25:03.8830054Z,0,0,549,230,0
2026-08-17T01:25:03.8880859Z,0,0,549,230,0
2026-08-17T01:25:03.8930953Z,0,0,549,230,0
2026-08-17T01:25:03.8983961Z,0,0,549,230,0
2026-08-17T01:25:03.9034475Z,0,0,549,230,0
2026-08-17T01:25:03.9084228Z,0,0,549,230,0
2026-08-17T01:25:03.9134496Z,0,0,549,230,0
2026-08-17T01:25:03.9182608Z,0,0,549,230,0
2026-08-17T01:25:03.9232776Z,0,0,549,230,0
2026-08-17T01:25:03.9279784Z,0,0,549,230,0
2026-08-17T01:25:03.9332627Z,0,0,549,230,0
2026-08-17T01:25:03.9379532Z,0,0,549,230,0
2026-08-17T01:25:03.943276Z,0,0,549,230,0
2026-08-17T01:25:03.9480285Z,0,0,549,230,0
2026-08-17T01:25:03.9533726Z,0,0,549,230,0
2026-08-17T01:25:03.9581847Z,0,0,549,230,0
2026-08-17T01:25:03.9630381Z,0,0,549,230,0
2026-08-17T01:25:03.9681064Z,0,0,549,230,0
2026-08-17T01:25:03.9733009Z,0,0,549,230,0
2026-08-17T01:25:03.97813Z,0,0,549,230,0
2026-08-17T01:25:03.9830473Z,0,0,549,230,0
2026-08-17T01:25:03.9880373Z,0,0,549,230,0
2026-08-17T01:25:03.9933226Z,0,0,549,230,0
2026-08-17T01:25:03.998018Z,0,0,549,230,0
2026-08-17T01:25:04.003315Z,0,0,549,230,0
2026-08-17T01:25:04.0080342Z,0,0,549,230,0
2026-08-17T01:25:04.0136473Z,0,0,549,230,0
2026-08-17T01:25:04.0183878Z,0,0,549,230,0
2026-08-17T01:25:04.0233862Z,0,0,549,230,0
2026-08-17T01:25:04.0283352Z,0,0,549,230,0
2026-08-17T01:25:04.0332997Z,0,0,549,230,0
2026-08-17T01:25:04.0388213Z,0,0,549,230,0
2026-08-17T01:25:04.0435019Z,0,0,549,230,0
2026-08-17T01:25:04.0482911Z,0,0,549,230,0
2026-08-17T01:25:04.0531123Z,0,0,549,230,0
2026-08-17T01:25:04.0581845Z,0,0,549,230,0
2026-08-17T01:25:04.0632867Z,0,0,549,230,0
2026-08-17T01:25:04.0682327Z,0,0,549,230,0
2026-08-17T01:25:04.073329Z,0,0,549,230,0
2026-08-17T01:25:04.0780518Z,0,0,549,230,0
2026-08-17T01:25:04.0833149Z,0,0,549,230,0
2026-08-17T01:25:04.0885015Z,0,0,549,230,0
2026-08-17T01:25:04.0929761Z,0,0,549,230,0
2026-08-17T01:25:04.0983377Z,0,0,549,230,0
2026-08-17T01:25:04.1032177Z,0,0,549,230,0
2026-08-17T01:25:04.1084254Z,0,0,549,230,0
2026-08-17T01:25:04.1134675Z,0,0,549,230,0
2026-08-17T01:25:04.1184577Z,0,0,549,230,0
2026-08-17T01:25:04.123747Z,0,0,549,230,0
2026-08-17T01:25:04.1280087Z,0,0,549,230,0
2026-08-17T01:25:04.1333392Z,0,0,549,230,0
2026-08-17T01:25:04.1381807Z,0,0,549,230,0
2026-08-17T01:25:04.1431236Z,0,0,549,230,0
2026-08-17T01:25:04.1480983Z,0,0,549,230,0
2026-08-17T01:25:04.153124Z,0,0,549,230,0
2026-08-17T01:25:04.1581853Z,0,0,549,230,0
2026-08-17T01:25:04.1631006Z,0,0,549,230,0
2026-08-17T01:25:04.1681693Z,0,0,549,230,0
2026-08-17T01:25:04.1730545Z,0,0,549,230,0
2026-08-17T01:25:04.1781245Z,0,0,549,230,0
2026-08-17T01:25:04.1832356Z,0,0,549,230,0
2026-08-17T01:25:04.188022Z,0,0,549,230,0
2026-08-17T01:25:04.1935116Z,0,0,549,230,0
2026-08-17T01:25:04.1982209Z,0,0,549,230,0
2026-08-17T01:25:04.2032891Z,0,0,549,230,0
2026-08-17T01:25:04.2080791Z,0,0,549,230,0
2026-08-17T01:25:04.2129973Z,0,0,549,230,0
2026-08-17T01:25:04.2181882Z,0,0,549,230,0
2026-08-17T01:25:04.2231878Z,0,0,549,230,0
2026-08-17T01:25:04.2280585Z,0,0,549,230,0
2026-08-17T01:25:04.2330385Z,0,0,549,230,0
2026-08-17T01:25:04.2381408Z,0,0,549,230,0
2026-08-17T01:25:04.2431635Z,0,0,549,230,0
2026-08-17T01:25:04.2484224Z,0,0,549,230,0
2026-08-17T01:25:04.2530542Z,0,0,549,230,0
2026-08-17T01:25:04.2581345Z,0,0,549,230,0
2026-08-17T01:25:04.2632049Z,0,0,549,230,0
2026-08-17T01:25:04.2682489Z,0,0,549,230,0
2026-08-17T01:25:04.2732779Z,0,0,549,230,0
2026-08-17T01:25:04.2785564Z,0,0,549,230,0
2026-08-17T01:25:04.2830321Z,0,0,549,230,0
2026-08-17T01:25:04.2886786Z,0,0,549,230,0
2026-08-17T01:25:04.293483Z,0,0,549,230,0
2026-08-17T01:25:04.2982338Z,0,0,549,230,0
2026-08-17T01:25:04.3031839Z,0,0,549,230,0
2026-08-17T01:25:04.3080465Z,0,0,549,230,0
2026-08-17T01:25:04.3131982Z,0,0,549,230,0
2026-08-17T01:25:04.318097Z,0,0,549,230,0
2026-08-17T01:25:04.3233393Z,0,0,549,230,0
2026-08-17T01:25:04.3282463Z,0,0,549,230,0
2026-08-17T01:25:04.3332042Z,0,0,549,230,0
2026-08-17T01:25:04.3380327Z,0,0,549,230,0
2026-08-17T01:25:04.343001Z,0,0,549,230,0
2026-08-17T01:25:04.3480251Z,0,0,549,230,0
2026-08-17T01:25:04.3532552Z,0,0,549,230,0
2026-08-17T01:25:04.3580719Z,0,0,549,230,0
2026-08-17T01:25:04.363105Z,0,0,549,230,0
2026-08-17T01:25:04.3683313Z,0,0,549,230,0
2026-08-17T01:25:04.3733267Z,0,0,549,230,0
2026-08-17T01:25:04.3780818Z,0,0,549,230,0
2026-08-17T01:25:04.3829724Z,0,0,549,230,0
2026-08-17T01:25:04.3882046Z,0,0,549,230,0
2026-08-17T01:25:04.3932182Z,0,0,549,230,0
2026-08-17T01:25:04.3981537Z,0,0,549,230,0
2026-08-17T01:25:04.4030669Z,0,0,549,230,0
2026-08-17T01:25:04.4083204Z,0,0,549,230,0
2026-08-17T01:25:04.4132271Z,0,0,549,230,0
2026-08-17T01:25:04.4180416Z,0,0,549,230,0
2026-08-17T01:25:04.4235599Z,0,0,549,230,0
2026-08-17T01:25:04.4282559Z,0,0,549,230,0
2026-08-17T01:25:04.4332379Z,0,0,549,230,0
2026-08-17T01:25:04.4380204Z,0,0,549,230,0
2026-08-17T01:25:04.4434789Z,0,0,549,230,0
2026-08-17T01:25:04.4481983Z,0,0,549,230,0
2026-08-17T01:25:04.4530974Z,0,0,549,230,0
2026-08-17T01:25:04.4583752Z,0,0,549,230,0
2026-08-17T01:25:04.4631254Z,0,0,549,230,0
2026-08-17T01:25:04.4680981Z,0,0,549,230,0
2026-08-17T01:25:04.4731026Z,0,0,549,230,0
2026-08-17T01:25:04.4781358Z,0,0,549,230,0
2026-08-17T01:25:04.4829976Z,0,0,549,230,0
2026-08-17T01:25:04.4881721Z,0,0,549,230,0
2026-08-17T01:25:04.4933529Z,0,0,549,230,0
2026-08-17T01:25:04.4980775Z,0,0,549,230,0
2026-08-17T01:25:04.503027Z,0,0,549,230,0
2026-08-17T01:25:04.5080808Z,0,0,549,230,0
2026-08-17T01:25:04.5133679Z,0,0,549,230,0
2026-08-17T01:25:04.5180838Z,0,0,549,230,0
2026-08-17T01:25:04.5230978Z,0,0,549,230,0
2026-08-17T01:25:04.5279229Z,0,0,549,230,0
2026-08-17T01:25:04.5333161Z,0,0,549,230,0
2026-08-17T01:25:04.538074Z,0,0,549,230,0
2026-08-17T01:25:04.5430911Z,0,0,549,230,0
2026-08-17T01:25:04.5481881Z,0,0,549,230,0
2026-08-17T01:25:04.5531238Z,0,0,549,230,0
2026-08-17T01:25:04.5583412Z,0,0,549,230,0
2026-08-17T01:25:04.5629998Z,0,0,549,230,0
2026-08-17T01:25:04.568401Z,0,0,549,230,0
2026-08-17T01:25:04.5729847Z,0,0,549,230,0
2026-08-17T01:25:04.5784008Z,0,0,549,230,0
2026-08-17T01:25:04.5831215Z,0,0,549,230,0
2026-08-17T01:25:04.5881936Z,0,0,549,230,0
2026-08-17T01:25:04.5931349Z,0,0,549,230,0
2026-08-17T01:25:04.5983987Z,0,0,549,230,0
2026-08-17T01:25:04.6033901Z,0,0,549,230,0
2026-08-17T01:25:04.608131Z,0,0,549,230,0
2026-08-17T01:25:04.6133218Z,0,0,549,230,0
2026-08-17T01:25:04.618225Z,0,0,549,230,0
2026-08-17T01:25:04.6230096Z,0,0,549,230,0
2026-08-17T01:25:04.6280644Z,0,0,549,230,0
2026-08-17T01:25:04.6331066Z,0,0,549,230,0
2026-08-17T01:25:04.6382413Z,0,0,549,230,0
2026-08-17T01:25:04.6429379Z,0,0,549,230,0
2026-08-17T01:25:04.647982Z,0,0,549,230,0
2026-08-17T01:25:04.6533453Z,0,0,549,230,0
2026-08-17T01:25:04.6583705Z,0,0,549,230,0
2026-08-17T01:25:04.6630738Z,0,0,549,230,0
2026-08-17T01:25:04.6684518Z,0,0,549,230,0
2026-08-17T01:25:04.6732581Z,0,0,549,230,0
2026-08-17T01:25:04.67801Z,0,0,549,230,0
2026-08-17T01:25:04.6833558Z,0,0,549,230,0
2026-08-17T01:25:04.6881464Z,0,0,549,230,0
2026-08-17T01:25:04.6933857Z,0,0,549,230,0
2026-08-17T01:25:04.6986224Z,0,0,549,230,0
2026-08-17T01:25:04.703359Z,0,0,549,230,0
2026-08-17T01:25:04.7083373Z,0,0,549,230,0
2026-08-17T01:25:04.7132056Z,0,0,549,230,0
2026-08-17T01:25:04.7183393Z,0,0,549,230,0
2026-08-17T01:25:04.7231903Z,0,0,549,230,0
2026-08-17T01:25:04.727967Z,0,0,549,230,0
2026-08-17T01:25:04.7331629Z,0,0,549,230,0
2026-08-17T01:25:04.7384731Z,0,0,549,230,0
2026-08-17T01:25:04.7430434Z,0,0,549,230,0
2026-08-17T01:25:04.7481187Z,0,0,549,230,0
2026-08-17T01:25:04.7534392Z,0,0,549,230,0
2026-08-17T01:25:04.7582222Z,0,0,549,230,0
2026-08-17T01:25:04.7629631Z,0,0,549,230,0
2026-08-17T01:25:04.7680716Z,0,0,549,230,0
2026-08-17T01:25:04.7733497Z,0,0,549,230,0
2026-08-17T01:25:04.7782074Z,0,0,549,230,0
2026-08-17T01:25:04.7829652Z,0,0,549,230,0
2026-08-17T01:25:04.7880784Z,0,0,549,230,0
2026-08-17T01:25:04.7929315Z,0,0,549,230,0
2026-08-17T01:25:04.7980183Z,0,0,549,230,0
2026-08-17T01:25:04.8033704Z,0,0,549,230,0
2026-08-17T01:25:04.8082143Z,0,0,549,230,0
2026-08-17T01:25:04.8129556Z,0,0,549,230,0
2026-08-17T01:25:04.8183878Z,0,0,549,230,0
2026-08-17T01:25:04.8235918Z,0,0,549,230,0
2026-08-17T01:25:04.8283993Z,0,0,549,230,0
2026-08-17T01:25:04.8332832Z,0,0,549,230,0
2026-08-17T01:25:04.8382898Z,0,0,549,230,0
2026-08-17T01:25:04.843273Z,0,0,549,230,0
2026-08-17T01:25:04.8485072Z,0,0,549,230,0
2026-08-17T01:25:04.8533344Z,0,0,549,230,0
2026-08-17T01:25:04.8580029Z,0,0,549,230,0
2026-08-17T01:25:04.8634649Z,0,0,549,230,0
2026-08-17T01:25:04.8681461Z,0,0,549,230,0
2026-08-17T01:25:04.8729515Z,0,0,549,230,0
2026-08-17T01:25:04.8784294Z,0,0,549,230,0
2026-08-17T01:25:04.8832419Z,0,0,549,230,0
2026-08-17T01:25:04.8880685Z,0,0,549,230,0
2026-08-17T01:25:04.8932101Z,0,0,549,230,0
2026-08-17T01:25:04.8982584Z,0,0,549,230,0
2026-08-17T01:25:04.9030792Z,0,0,549,230,0
2026-08-17T01:25:04.9082419Z,0,0,549,230,0
2026-08-17T01:25:04.9131122Z,0,0,549,230,0
2026-08-17T01:25:04.9181569Z,0,0,549,230,0
2026-08-17T01:25:04.9233358Z,0,0,549,230,0
2026-08-17T01:25:04.9284543Z,0,0,549,230,0
2026-08-17T01:25:04.9331487Z,0,0,549,230,0
2026-08-17T01:25:04.9383712Z,0,0,549,230,0
2026-08-17T01:25:04.9430591Z,0,0,549,230,0
2026-08-17T01:25:04.9481188Z,0,0,549,230,0
2026-08-17T01:25:04.953404Z,0,0,549,230,0
2026-08-17T01:25:04.95832Z,0,0,549,230,0
2026-08-17T01:25:04.9632445Z,0,0,549,230,0
2026-08-17T01:25:04.9682088Z,0,0,549,230,0
2026-08-17T01:25:04.9731475Z,0,0,549,230,0
2026-08-17T01:25:04.9782204Z,0,0,549,230,0
2026-08-17T01:25:04.9831878Z,0,0,549,230,0
2026-08-17T01:25:04.988071Z,0,0,549,230,0
2026-08-17T01:25:04.993063Z,0,0,549,230,0
2026-08-17T01:25:04.9983703Z,0,0,549,230,0
2026-08-17T01:25:05.003148Z,0,0,549,230,0
2026-08-17T01:25:05.0080733Z,0,0,549,230,0
2026-08-17T01:25:05.0131808Z,0,0,549,230,0
2026-08-17T01:25:05.0184046Z,0,0,549,230,0
2026-08-17T01:25:05.0231253Z,0,0,549,230,0
2026-08-17T01:25:05.0280205Z,0,0,549,230,0
2026-08-17T01:25:05.0333859Z,0,0,549,230,0
2026-08-17T01:25:05.0382548Z,0,0,549,230,0
2026-08-17T01:25:05.0434734Z,0,0,549,230,0
2026-08-17T01:25:05.04812Z,0,0,549,230,0
2026-08-17T01:25:05.0531122Z,0,0,549,230,0
2026-08-17T01:25:05.0582852Z,0,0,549,230,0
2026-08-17T01:25:05.0632998Z,0,0,549,230,0
2026-08-17T01:25:05.0682967Z,0,0,549,230,0
2026-08-17T01:25:05.0731614Z,0,0,549,230,0
2026-08-17T01:25:05.0779682Z,0,0,549,230,0
2026-08-17T01:25:05.0833885Z,0,0,549,230,0
2026-08-17T01:25:05.088451Z,0,0,549,230,0
2026-08-17T01:25:05.0933018Z,0,0,549,230,0
2026-08-17T01:25:05.0980541Z,0,0,549,230,0
2026-08-17T01:25:05.1030327Z,0,0,549,230,0
2026-08-17T01:25:05.1079821Z,0,0,549,230,0
2026-08-17T01:25:05.1130726Z,0,0,549,230,0
2026-08-17T01:25:05.1183486Z,0,0,549,230,0
2026-08-17T01:25:05.1233056Z,0,0,549,230,0
2026-08-17T01:25:05.1281976Z,0,0,549,230,0
2026-08-17T01:25:05.1330234Z,0,0,549,230,0
2026-08-17T01:25:05.1384309Z,0,0,549,230,0
2026-08-17T01:25:05.143314Z,0,0,549,230,0
2026-08-17T01:25:05.1480343Z,0,0,549,230,0
2026-08-17T01:25:05.1530868Z,0,0,549,230,0
2026-08-17T01:25:05.1580141Z,0,0,549,230,0
2026-08-17T01:25:05.1633236Z,0,0,549,230,0
2026-08-17T01:25:05.1681338Z,0,0,549,230,0
2026-08-17T01:25:05.1731486Z,0,0,549,230,0
2026-08-17T01:25:05.1784615Z,0,0,549,230,0
2026-08-17T01:25:05.1839009Z,0,0,549,230,0
2026-08-17T01:25:05.1881804Z,0,0,549,230,0
2026-08-17T01:25:05.1931759Z,0,0,549,230,0
2026-08-17T01:25:05.1980018Z,0,0,549,230,0
2026-08-17T01:25:05.20334Z,0,0,549,230,0
2026-08-17T01:25:05.2088177Z,0,0,549,230,0
2026-08-17T01:25:05.2133709Z,0,0,549,230,0
2026-08-17T01:25:05.2180858Z,0,0,549,230,0
2026-08-17T01:25:05.2231099Z,0,0,549,230,0
2026-08-17T01:25:05.2289609Z,0,0,549,230,0
2026-08-17T01:25:05.2334769Z,0,0,549,230,0
2026-08-17T01:25:05.2383765Z,0,0,549,230,0
2026-08-17T01:25:05.2431046Z,0,0,549,230,0
2026-08-17T01:25:05.2481003Z,0,0,549,230,0
2026-08-17T01:25:05.2532722Z,0,0,549,230,0
2026-08-17T01:25:05.2580507Z,0,0,549,230,0
2026-08-17T01:25:05.2634607Z,0,0,549,230,0
2026-08-17T01:25:05.2683386Z,0,0,549,230,0
2026-08-17T01:25:05.2732661Z,0,0,549,230,0
2026-08-17T01:25:05.2785089Z,0,0,549,230,0
2026-08-17T01:25:05.2834802Z,0,0,549,230,0
2026-08-17T01:25:05.2885749Z,0,0,549,230,0
2026-08-17T01:25:05.2930794Z,0,0,549,230,0
2026-08-17T01:25:05.2983327Z,0,0,549,230,0
2026-08-17T01:25:05.3033736Z,0,0,549,230,0
2026-08-17T01:25:05.3086856Z,0,0,549,230,0
2026-08-17T01:25:05.3132678Z,0,0,549,230,0
2026-08-17T01:25:05.3179836Z,0,0,549,230,0
2026-08-17T01:25:05.3232673Z,0,0,549,230,0
2026-08-17T01:25:05.3280302Z,0,0,549,230,0
2026-08-17T01:25:05.3330458Z,0,0,549,230,0
2026-08-17T01:25:05.3386635Z,0,0,549,230,0
2026-08-17T01:25:05.3429847Z,0,0,549,230,0
2026-08-17T01:25:05.3480542Z,0,0,549,230,0
2026-08-17T01:25:05.3530466Z,0,0,549,230,0
2026-08-17T01:25:05.3582573Z,0,0,549,230,0
2026-08-17T01:25:05.3631668Z,0,0,549,230,0
2026-08-17T01:25:05.367956Z,0,0,549,230,0
2026-08-17T01:25:05.3733389Z,0,0,549,230,0
2026-08-17T01:25:05.3782123Z,0,0,549,230,0
2026-08-17T01:25:05.3833876Z,0,0,549,230,0
2026-08-17T01:25:05.3881892Z,0,0,549,230,0
2026-08-17T01:25:05.3932408Z,0,0,549,230,0
2026-08-17T01:25:05.3981236Z,0,0,549,230,0
2026-08-17T01:25:05.4034037Z,0,0,549,230,0
2026-08-17T01:25:05.4085169Z,0,0,549,230,0
2026-08-17T01:25:05.4130142Z,0,0,549,230,0
2026-08-17T01:25:05.4184502Z,0,0,549,230,0
2026-08-17T01:25:05.4234793Z,0,0,549,230,0
2026-08-17T01:25:05.4282469Z,0,0,549,230,0
2026-08-17T01:25:05.433298Z,0,0,549,230,0
2026-08-17T01:25:05.438176Z,0,0,549,230,0
2026-08-17T01:25:05.4435254Z,0,0,549,230,0
2026-08-17T01:25:05.4482134Z,0,0,549,230,0
2026-08-17T01:25:05.4532658Z,0,0,549,230,0
2026-08-17T01:25:05.4585977Z,0,0,549,230,0
2026-08-17T01:25:05.4630185Z,0,0,549,230,0
2026-08-17T01:25:05.4681348Z,0,0,549,230,0
2026-08-17T01:25:05.4729425Z,0,0,549,230,0
2026-08-17T01:25:05.4783365Z,0,0,549,230,0
2026-08-17T01:25:05.4835102Z,0,0,549,230,0
2026-08-17T01:25:05.4882272Z,0,0,549,230,0
2026-08-17T01:25:05.4936849Z,0,0,549,230,0
2026-08-17T01:25:05.4982134Z,0,0,549,230,0
2026-08-17T01:25:05.5035859Z,0,0,549,230,0
2026-08-17T01:25:05.5083236Z,0,0,549,230,0
2026-08-17T01:25:05.5133141Z,0,0,549,230,0
2026-08-17T01:25:05.5186665Z,0,0,549,230,0
2026-08-17T01:25:05.5235626Z,0,0,549,230,0
2026-08-17T01:25:05.5279593Z,0,0,549,230,0
2026-08-17T01:25:05.5329384Z,0,0,549,230,0
2026-08-17T01:25:05.5379755Z,0,0,549,230,0
2026-08-17T01:25:05.5435097Z,0,0,549,230,0
2026-08-17T01:25:05.5482285Z,0,0,549,230,0
2026-08-17T01:25:05.5532609Z,0,0,549,230,0
2026-08-17T01:25:05.5580481Z,0,0,549,230,0
2026-08-17T01:25:05.5633092Z,0,0,549,230,0
2026-08-17T01:25:05.5681044Z,0,0,549,230,0
2026-08-17T01:25:05.5732269Z,0,0,549,230,0
2026-08-17T01:25:05.5782691Z,0,0,549,230,0
2026-08-17T01:25:05.583289Z,0,0,549,230,0
2026-08-17T01:25:05.5886852Z,0,0,549,230,0
2026-08-17T01:25:05.5935725Z,0,0,549,230,0
2026-08-17T01:25:05.5984183Z,0,0,549,230,0
2026-08-17T01:25:05.6030996Z,0,0,549,230,0
2026-08-17T01:25:05.6081159Z,0,0,549,230,0
2026-08-17T01:25:05.6131409Z,0,0,549,230,0
2026-08-17T01:25:05.6182402Z,0,0,549,230,0
2026-08-17T01:25:05.6233753Z,0,0,549,230,0
2026-08-17T01:25:05.628331Z,0,0,549,230,0
2026-08-17T01:25:05.6332767Z,0,0,549,230,0
2026-08-17T01:25:05.6381245Z,0,0,549,230,0
2026-08-17T01:25:05.6429836Z,0,0,549,230,0
2026-08-17T01:25:05.6482149Z,0,0,549,230,0
2026-08-17T01:25:05.6532537Z,0,0,549,230,0
2026-08-17T01:25:05.658157Z,0,0,549,230,0
2026-08-17T01:25:05.6632768Z,0,0,549,230,0
2026-08-17T01:25:05.6679692Z,0,0,549,230,0
2026-08-17T01:25:05.6734107Z,0,0,549,230,0
2026-08-17T01:25:05.6784417Z,0,0,549,230,0
2026-08-17T01:25:05.6830345Z,0,0,549,230,0
2026-08-17T01:25:05.6886708Z,0,0,549,230,0
2026-08-17T01:25:05.6931087Z,0,0,549,230,0
2026-08-17T01:25:05.6982024Z,0,0,549,230,0
2026-08-17T01:25:05.7032302Z,0,0,549,230,0
2026-08-17T01:25:05.7079707Z,0,0,549,230,0
2026-08-17T01:25:05.7133123Z,0,0,549,230,0
2026-08-17T01:25:05.7180511Z,0,0,549,230,0
2026-08-17T01:25:05.7232737Z,0,0,549,230,0
2026-08-17T01:25:05.7285167Z,0,0,549,230,0
2026-08-17T01:25:05.7333138Z,0,0,549,230,0
2026-08-17T01:25:05.7380421Z,0,0,549,230,0
2026-08-17T01:25:05.7434918Z,0,0,549,230,0
2026-08-17T01:25:05.7479423Z,0,0,549,230,0
2026-08-17T01:25:05.7538613Z,0,0,549,230,0
2026-08-17T01:25:05.7581197Z,0,0,549,230,0
2026-08-17T01:25:05.7634333Z,0,0,549,230,0
2026-08-17T01:25:05.7683303Z,0,0,549,230,0
2026-08-17T01:25:05.772965Z,0,0,549,230,0
2026-08-17T01:25:05.7785929Z,0,0,549,230,0
2026-08-17T01:25:05.7831278Z,0,0,549,230,0
2026-08-17T01:25:05.7883634Z,0,0,549,230,0
2026-08-17T01:25:05.7933666Z,0,0,549,230,0
2026-08-17T01:25:05.7984881Z,0,0,549,230,0
2026-08-17T01:25:05.8033833Z,0,0,549,230,0
2026-08-17T01:25:05.8086267Z,0,0,549,230,0
2026-08-17T01:25:05.8131216Z,0,0,549,230,0
2026-08-17T01:25:05.8183181Z,0,0,549,230,0
2026-08-17T01:25:05.8234678Z,0,0,549,230,0
2026-08-17T01:25:05.8282101Z,0,0,549,230,0
2026-08-17T01:25:05.8332497Z,0,0,549,230,0
2026-08-17T01:25:05.8382505Z,0,0,549,230,0
2026-08-17T01:25:05.8433363Z,0,0,549,230,0
2026-08-17T01:25:05.8486193Z,0,0,549,230,0
2026-08-17T01:25:05.8532235Z,0,0,549,230,0
2026-08-17T01:25:05.8579923Z,0,0,549,230,0
2026-08-17T01:25:05.8632967Z,0,0,549,230,0
2026-08-17T01:25:05.8682189Z,0,0,549,230,0
2026-08-17T01:25:05.8732748Z,0,0,549,230,0
2026-08-17T01:25:05.878161Z,0,0,549,230,0
2026-08-17T01:25:05.8830926Z,0,0,549,230,0
2026-08-17T01:25:05.8880868Z,0,0,549,230,0
2026-08-17T01:25:05.8931552Z,0,0,549,230,0
2026-08-17T01:25:05.8984114Z,0,0,549,230,0
2026-08-17T01:25:05.9033915Z,0,0,549,230,0
2026-08-17T01:25:05.9081159Z,0,0,549,230,0
2026-08-17T01:25:05.913111Z,0,0,549,230,0
2026-08-17T01:25:05.9181868Z,0,0,549,230,0
2026-08-17T01:25:05.9230747Z,0,0,549,230,0
2026-08-17T01:25:05.9282521Z,0,0,549,230,0
2026-08-17T01:25:05.9333426Z,0,0,549,230,0
2026-08-17T01:25:05.9380302Z,0,0,549,230,0
2026-08-17T01:25:05.9434606Z,0,0,549,230,0
2026-08-17T01:25:05.9482194Z,0,0,549,230,0
2026-08-17T01:25:05.9535211Z,0,0,549,230,0
2026-08-17T01:25:05.958276Z,0,0,549,230,0
2026-08-17T01:25:05.9631967Z,0,0,549,230,0
2026-08-17T01:25:05.968408Z,0,0,549,230,0
2026-08-17T01:25:05.9730532Z,0,0,549,230,0
2026-08-17T01:25:05.9782757Z,0,0,549,230,0
2026-08-17T01:25:05.9832095Z,0,0,549,230,0
2026-08-17T01:25:05.9884203Z,0,0,549,230,0
2026-08-17T01:25:05.9932223Z,0,0,549,230,0
2026-08-17T01:25:05.9985273Z,0,0,549,230,0
2026-08-17T01:25:06.003439Z,0,0,549,230,0
2026-08-17T01:25:06.0086981Z,0,0,549,230,0
2026-08-17T01:25:06.0131579Z,0,0,549,230,0
2026-08-17T01:25:06.0181007Z,0,0,549,230,0
2026-08-17T01:25:06.0230796Z,0,0,549,230,0
2026-08-17T01:25:06.0284661Z,0,0,549,230,0
2026-08-17T01:25:06.033338Z,0,0,549,230,0
2026-08-17T01:25:06.0387357Z,0,0,549,230,0
2026-08-17T01:25:06.0432265Z,0,0,549,230,0
2026-08-17T01:25:06.0485067Z,0,0,549,230,0
2026-08-17T01:25:06.0534217Z,0,0,549,230,0
2026-08-17T01:25:06.0581407Z,0,0,549,230,0
2026-08-17T01:25:06.0633159Z,0,0,549,230,0
2026-08-17T01:25:06.0679964Z,0,0,549,230,0
2026-08-17T01:25:06.073052Z,0,0,549,230,0
2026-08-17T01:25:06.0781247Z,0,0,549,230,0
2026-08-17T01:25:06.0833484Z,0,0,549,230,0
2026-08-17T01:25:06.088569Z,0,0,549,230,0
2026-08-17T01:25:06.0930214Z,0,0,549,230,0
2026-08-17T01:25:06.0983345Z,0,0,549,230,0
2026-08-17T01:25:06.1031276Z,0,0,549,230,0
2026-08-17T01:25:06.1083204Z,0,0,549,230,0
2026-08-17T01:25:06.1133493Z,0,0,549,230,0
2026-08-17T01:25:06.1187013Z,0,0,549,230,0
2026-08-17T01:25:06.1231013Z,0,0,549,230,0
2026-08-17T01:25:06.1284932Z,0,0,549,230,0
2026-08-17T01:25:06.1334919Z,0,0,549,230,0
2026-08-17T01:25:06.1381865Z,0,0,549,230,0
2026-08-17T01:25:06.1436656Z,0,0,549,230,0
2026-08-17T01:25:06.1484461Z,0,0,549,230,0
2026-08-17T01:25:06.1535131Z,0,0,549,230,0
2026-08-17T01:25:06.1582861Z,0,0,549,230,0
2026-08-17T01:25:06.163327Z,0,0,549,230,0
2026-08-17T01:25:06.1685416Z,0,0,549,230,0
2026-08-17T01:25:06.1732489Z,0,0,549,230,0
2026-08-17T01:25:06.1780302Z,0,0,549,230,0
2026-08-17T01:25:06.1835567Z,0,0,549,230,0
2026-08-17T01:25:06.1883674Z,0,0,549,230,0
2026-08-17T01:25:06.1933873Z,0,0,549,230,0
2026-08-17T01:25:06.198099Z,0,0,549,230,0
2026-08-17T01:25:06.2030223Z,0,0,549,230,0
2026-08-17T01:25:06.2079125Z,0,0,549,230,0
2026-08-17T01:25:06.2129838Z,0,0,549,230,0
2026-08-17T01:25:06.2179606Z,0,0,549,230,0
2026-08-17T01:25:06.2235851Z,0,0,549,230,0
2026-08-17T01:25:06.2282733Z,0,0,549,230,0
2026-08-17T01:25:06.2332697Z,0,0,549,230,0
2026-08-17T01:25:06.2380692Z,0,0,549,230,0
2026-08-17T01:25:06.2429575Z,0,0,549,230,0
2026-08-17T01:25:06.248575Z,0,0,549,230,0
2026-08-17T01:25:06.2533199Z,0,0,549,230,0
2026-08-17T01:25:06.2581788Z,0,0,549,230,0
2026-08-17T01:25:06.2632931Z,0,0,549,230,0
2026-08-17T01:25:06.2686014Z,0,0,549,230,0
2026-08-17T01:25:06.272968Z,0,0,549,230,0
2026-08-17T01:25:06.2783817Z,0,0,549,230,0
2026-08-17T01:25:06.2836709Z,0,0,549,230,0
2026-08-17T01:25:06.2883779Z,0,0,549,230,0
2026-08-17T01:25:06.2930989Z,0,0,549,230,0
2026-08-17T01:25:06.2980652Z,0,0,549,230,0
2026-08-17T01:25:06.3029578Z,0,0,549,230,0
2026-08-17T01:25:06.3084552Z,0,0,549,230,0
2026-08-17T01:25:06.3133854Z,0,0,549,230,0
2026-08-17T01:25:06.3182878Z,0,0,549,230,0
2026-08-17T01:25:06.323458Z,0,0,549,230,0
2026-08-17T01:25:06.3286863Z,0,0,549,230,0
2026-08-17T01:25:06.3330887Z,0,0,549,230,0
2026-08-17T01:25:06.338119Z,0,0,549,230,0
2026-08-17T01:25:06.3435579Z,0,0,549,230,0
2026-08-17T01:25:06.3482118Z,0,0,549,230,0
2026-08-17T01:25:06.3532802Z,0,0,549,230,0
2026-08-17T01:25:06.358207Z,0,0,549,230,0
2026-08-17T01:25:06.3634651Z,0,0,549,230,0
2026-08-17T01:25:06.368157Z,0,0,549,230,0
2026-08-17T01:25:06.3730192Z,0,0,549,230,0
2026-08-17T01:25:06.3780296Z,0,0,549,230,0
2026-08-17T01:25:06.3830838Z,0,0,549,230,0
2026-08-17T01:25:06.3883722Z,0,0,549,230,0
2026-08-17T01:25:06.3930845Z,0,0,549,230,0
2026-08-17T01:25:06.3980002Z,0,0,549,230,0
2026-08-17T01:25:06.4032813Z,0,0,549,230,0
2026-08-17T01:25:06.408184Z,0,0,549,230,0
2026-08-17T01:25:06.4131624Z,0,0,549,230,0
2026-08-17T01:25:06.4179681Z,0,0,549,230,0
2026-08-17T01:25:06.423203Z,0,0,549,230,0
2026-08-17T01:25:06.4280084Z,0,0,549,230,0
2026-08-17T01:25:06.4332665Z,0,0,549,230,0
2026-08-17T01:25:06.438204Z,0,0,549,230,0
2026-08-17T01:25:06.4432675Z,0,0,549,230,0
2026-08-17T01:25:06.448393Z,0,0,549,230,0
2026-08-17T01:25:06.4532173Z,0,0,549,230,0
2026-08-17T01:25:06.4584377Z,0,0,549,230,0
2026-08-17T01:25:06.4634779Z,0,0,549,230,0
2026-08-17T01:25:06.4682823Z,0,0,549,230,0
2026-08-17T01:25:06.4729865Z,0,0,549,230,0
2026-08-17T01:25:06.4784171Z,0,0,549,230,0
2026-08-17T01:25:06.4832042Z,0,0,549,230,0
2026-08-17T01:25:06.4884253Z,0,0,549,230,0
2026-08-17T01:25:06.4934108Z,0,0,549,230,0
2026-08-17T01:25:06.4980914Z,0,0,549,230,0
2026-08-17T01:25:06.5030864Z,0,0,549,230,0
2026-08-17T01:25:06.5084115Z,0,0,549,230,0
2026-08-17T01:25:06.5131915Z,0,0,549,230,0
2026-08-17T01:25:06.5179423Z,0,0,549,230,0
2026-08-17T01:25:06.5232504Z,0,0,549,230,0
2026-08-17T01:25:06.5280321Z,0,0,549,230,0
2026-08-17T01:25:06.5331728Z,0,0,549,230,0
2026-08-17T01:25:06.5385081Z,0,0,549,230,0
2026-08-17T01:25:06.5432689Z,0,0,549,230,0
2026-08-17T01:25:06.5479582Z,0,0,549,230,0
2026-08-17T01:25:06.5533143Z,0,0,549,230,0
2026-08-17T01:25:06.5581814Z,0,0,549,230,0
2026-08-17T01:25:06.563115Z,0,0,549,230,0
2026-08-17T01:25:06.567989Z,0,0,549,230,0
2026-08-17T01:25:06.5732686Z,0,0,549,230,0
2026-08-17T01:25:06.5781209Z,0,0,549,230,0
2026-08-17T01:25:06.5832868Z,0,0,549,230,0
2026-08-17T01:25:06.5883326Z,0,0,549,230,0
2026-08-17T01:25:06.5935018Z,0,0,549,230,0
2026-08-17T01:25:06.5982974Z,0,0,549,230,0
2026-08-17T01:25:06.6031653Z,0,0,549,230,0
2026-08-17T01:25:06.6084886Z,0,0,549,230,0
2026-08-17T01:25:06.613463Z,0,0,549,230,0
2026-08-17T01:25:06.6185074Z,0,0,549,230,0
2026-08-17T01:25:06.6231646Z,0,0,549,230,0
2026-08-17T01:25:06.6279588Z,0,0,549,230,0
2026-08-17T01:25:06.6329552Z,0,0,549,230,0
2026-08-17T01:25:06.638128Z,0,0,549,230,0
2026-08-17T01:25:06.6432245Z,0,0,549,230,0
2026-08-17T01:25:06.6480773Z,0,0,549,230,0
2026-08-17T01:25:06.6532084Z,0,0,549,230,0
2026-08-17T01:25:06.6584206Z,0,0,549,230,0
2026-08-17T01:25:06.6629646Z,0,0,549,230,0
2026-08-17T01:25:06.6680141Z,0,0,549,230,0
2026-08-17T01:25:06.6733886Z,0,0,549,230,0
2026-08-17T01:25:06.6782122Z,0,0,549,230,0
2026-08-17T01:25:06.6831565Z,0,0,549,230,0
2026-08-17T01:25:06.6879381Z,0,0,549,230,0
2026-08-17T01:25:06.693219Z,0,0,549,230,0
2026-08-17T01:25:06.6983947Z,0,0,549,230,0
2026-08-17T01:25:06.7033501Z,0,0,549,230,0
2026-08-17T01:25:06.7081318Z,0,0,549,230,0
2026-08-17T01:25:06.713004Z,0,0,549,230,0
2026-08-17T01:25:06.718029Z,0,0,549,230,0
2026-08-17T01:25:06.72327Z,0,0,549,230,0
2026-08-17T01:25:06.7280922Z,0,0,549,230,0
2026-08-17T01:25:06.7331215Z,0,0,549,230,0
2026-08-17T01:25:06.738399Z,0,0,549,230,0
2026-08-17T01:25:06.7430898Z,0,0,549,230,0
2026-08-17T01:25:06.7481182Z,0,0,549,230,0
2026-08-17T01:25:06.7533791Z,0,0,549,230,0
2026-08-17T01:25:06.7582955Z,0,0,549,230,0
2026-08-17T01:25:06.7630503Z,0,0,549,230,0
2026-08-17T01:25:06.7681016Z,0,0,549,230,0
2026-08-17T01:25:06.7739578Z,0,0,549,230,0
2026-08-17T01:25:06.7781564Z,0,0,549,230,0
2026-08-17T01:25:06.7832431Z,0,0,549,230,0
2026-08-17T01:25:06.7884502Z,0,0,549,230,0
2026-08-17T01:25:06.7936768Z,0,0,549,230,0
2026-08-17T01:25:06.798409Z,0,0,549,230,0
2026-08-17T01:25:06.80344Z,0,0,549,230,0
2026-08-17T01:25:06.808304Z,0,0,549,230,0
2026-08-17T01:25:06.8133031Z,0,0,549,230,0
2026-08-17T01:25:06.8181743Z,0,0,549,230,0
2026-08-17T01:25:06.8232803Z,0,0,549,230,0
2026-08-17T01:25:06.8281862Z,0,0,549,230,0
2026-08-17T01:25:06.8333341Z,0,0,549,230,0
2026-08-17T01:25:06.8381743Z,0,0,549,230,0
2026-08-17T01:25:06.8431194Z,0,0,549,230,0
2026-08-17T01:25:06.8480366Z,0,0,549,230,0
2026-08-17T01:25:06.8530876Z,0,0,549,230,0
2026-08-17T01:25:06.8583666Z,0,0,549,230,0
2026-08-17T01:25:06.863477Z,0,0,549,230,0
2026-08-17T01:25:06.8682859Z,0,0,549,230,0
2026-08-17T01:25:06.8733554Z,0,0,549,230,0
2026-08-17T01:25:06.878171Z,0,0,549,230,0
2026-08-17T01:25:06.8834629Z,0,0,549,230,0
2026-08-17T01:25:06.8883127Z,0,0,549,230,0
2026-08-17T01:25:06.8931419Z,0,0,549,230,0
2026-08-17T01:25:06.8984426Z,0,0,549,230,0
2026-08-17T01:25:06.9032262Z,0,0,549,230,0
2026-08-17T01:25:06.9080838Z,0,0,549,230,0
2026-08-17T01:25:06.9130852Z,0,0,549,230,0
2026-08-17T01:25:06.918392Z,0,0,549,230,0
2026-08-17T01:25:06.9229643Z,0,0,549,230,0
2026-08-17T01:25:06.928297Z,0,0,549,230,0
2026-08-17T01:25:06.9331731Z,0,0,549,230,0
2026-08-17T01:25:06.938013Z,0,0,549,230,0
2026-08-17T01:25:06.943121Z,0,0,549,230,0
2026-08-17T01:25:06.948147Z,0,0,549,230,0
2026-08-17T01:25:06.9531448Z,0,0,549,230,0
2026-08-17T01:25:06.9580474Z,0,0,549,230,0
2026-08-17T01:25:06.9633089Z,0,0,549,230,0
2026-08-17T01:25:06.9680551Z,0,0,549,230,0
2026-08-17T01:25:06.9733648Z,0,0,549,230,0
2026-08-17T01:25:06.9785858Z,0,0,549,230,0
2026-08-17T01:25:06.983076Z,0,0,549,230,0
2026-08-17T01:25:06.9885564Z,0,0,549,230,0
2026-08-17T01:25:06.9934028Z,0,0,549,230,0
2026-08-17T01:25:06.9982429Z,0,0,549,230,0
2026-08-17T01:25:07.0031124Z,0,0,549,230,0
2026-08-17T01:25:07.0082814Z,0,0,549,230,0
2026-08-17T01:25:07.01345Z,0,0,549,230,0
2026-08-17T01:25:07.0183184Z,0,0,549,230,0
2026-08-17T01:25:07.0230059Z,0,0,549,230,0
2026-08-17T01:25:07.0280862Z,0,0,549,230,0
2026-08-17T01:25:07.0334208Z,0,0,549,230,0
2026-08-17T01:25:07.0383865Z,0,0,549,230,0
2026-08-17T01:25:07.0431263Z,0,0,549,230,0
2026-08-17T01:25:07.0481242Z,0,0,549,230,0
2026-08-17T01:25:07.0532165Z,0,0,549,230,0
2026-08-17T01:25:07.0580447Z,0,0,549,230,0
2026-08-17T01:25:07.0633566Z,0,0,549,230,0
2026-08-17T01:25:07.0685903Z,0,0,549,230,0
2026-08-17T01:25:07.0731266Z,0,0,549,230,0
2026-08-17T01:25:07.0784238Z,0,0,549,230,0
2026-08-17T01:25:07.0833969Z,0,0,549,230,0
2026-08-17T01:25:07.0882815Z,0,0,549,230,0
2026-08-17T01:25:07.0934117Z,0,0,549,230,0
2026-08-17T01:25:07.0980974Z,0,0,549,230,0
2026-08-17T01:25:07.1030065Z,0,0,549,230,0
2026-08-17T01:25:07.1082671Z,0,0,549,230,0
2026-08-17T01:25:07.1131199Z,0,0,549,230,0
2026-08-17T01:25:07.118336Z,0,0,549,230,0
2026-08-17T01:25:07.1234248Z,0,0,549,230,0
2026-08-17T01:25:07.1280317Z,0,0,549,230,0
2026-08-17T01:25:07.1331071Z,0,0,549,230,0
2026-08-17T01:25:07.138492Z,0,0,549,230,0
2026-08-17T01:25:07.1433932Z,0,0,549,230,0
2026-08-17T01:25:07.148274Z,0,0,549,230,0
2026-08-17T01:25:07.1535092Z,0,0,549,230,0
2026-08-17T01:25:07.158708Z,0,0,549,230,0
2026-08-17T01:25:07.1635638Z,0,0,549,230,0
2026-08-17T01:25:07.1683678Z,0,0,549,230,0
2026-08-17T01:25:07.173191Z,0,0,549,230,0
2026-08-17T01:25:07.1780386Z,0,0,549,230,0
2026-08-17T01:25:07.1834076Z,0,0,549,230,0
2026-08-17T01:25:07.1881862Z,0,0,549,230,0
2026-08-17T01:25:07.1932121Z,0,0,549,230,0
2026-08-17T01:25:07.1981889Z,0,0,549,230,0
2026-08-17T01:25:07.2034415Z,0,0,549,230,0
2026-08-17T01:25:07.2080851Z,0,0,549,230,0
2026-08-17T01:25:07.2130379Z,0,0,549,230,0
2026-08-17T01:25:07.218505Z,0,0,549,230,0
2026-08-17T01:25:07.2233687Z,0,0,549,230,0
2026-08-17T01:25:07.2283133Z,0,0,549,230,0
2026-08-17T01:25:07.233344Z,0,0,549,230,0
2026-08-17T01:25:07.2382355Z,0,0,549,230,0
2026-08-17T01:25:07.243235Z,0,0,549,230,0
2026-08-17T01:25:07.2481561Z,0,0,549,230,0
2026-08-17T01:25:07.2532812Z,0,0,549,230,0
2026-08-17T01:25:07.2581361Z,0,0,549,230,0
2026-08-17T01:25:07.2631557Z,0,0,549,230,0
2026-08-17T01:25:07.2681084Z,0,0,549,230,0
2026-08-17T01:25:07.2731386Z,0,0,549,230,0
2026-08-17T01:25:07.2779586Z,0,0,549,230,0
2026-08-17T01:25:07.2832525Z,0,0,549,230,0
2026-08-17T01:25:07.2885038Z,0,0,549,230,0
2026-08-17T01:25:07.2934233Z,0,0,549,230,0
2026-08-17T01:25:07.2983138Z,0,0,549,230,0
2026-08-17T01:25:07.3032179Z,0,0,549,230,0
2026-08-17T01:25:07.3080577Z,0,0,549,230,0
2026-08-17T01:25:07.3133158Z,0,0,549,230,0
2026-08-17T01:25:07.3186628Z,0,0,549,230,0
2026-08-17T01:25:07.323142Z,0,0,549,230,0
2026-08-17T01:25:07.3280783Z,0,0,549,230,0
2026-08-17T01:25:07.3333247Z,0,0,549,230,0
2026-08-17T01:25:07.3382312Z,0,0,549,230,0
2026-08-17T01:25:07.343473Z,0,0,549,230,0
2026-08-17T01:25:07.3481748Z,0,0,549,230,0
2026-08-17T01:25:07.3531853Z,0,0,549,230,0
2026-08-17T01:25:07.358105Z,0,0,549,230,0
2026-08-17T01:25:07.3630872Z,0,0,549,230,0
2026-08-17T01:25:07.3681131Z,0,0,549,230,0
2026-08-17T01:25:07.373136Z,0,0,549,230,0
2026-08-17T01:25:07.3784096Z,0,0,549,230,0
2026-08-17T01:25:07.3831341Z,0,0,549,230,0
2026-08-17T01:25:07.388437Z,0,0,549,230,0
2026-08-17T01:25:07.3930207Z,0,0,549,230,0
2026-08-17T01:25:07.4002439Z,0,0,549,230,0
2026-08-17T01:25:07.4031125Z,0,0,549,230,0
2026-08-17T01:25:07.4079762Z,0,0,549,230,0
2026-08-17T01:25:07.4132736Z,0,0,549,230,0
2026-08-17T01:25:07.4181049Z,0,0,549,230,0
2026-08-17T01:25:07.4233065Z,0,0,549,230,0
2026-08-17T01:25:07.4279973Z,0,0,549,230,0
2026-08-17T01:25:07.4331926Z,0,0,549,230,0
2026-08-17T01:25:07.4382272Z,0,0,549,230,0
2026-08-17T01:25:07.4430549Z,0,0,549,230,0
2026-08-17T01:25:07.4483108Z,0,0,549,230,0
2026-08-17T01:25:07.4533309Z,0,0,549,230,0
2026-08-17T01:25:07.4581163Z,0,0,549,230,0
2026-08-17T01:25:07.4631159Z,0,0,549,230,0
2026-08-17T01:25:07.4683625Z,0,0,549,230,0
2026-08-17T01:25:07.4731472Z,0,0,549,230,0
2026-08-17T01:25:07.4780715Z,0,0,549,230,0
2026-08-17T01:25:07.4831156Z,0,0,549,230,0
2026-08-17T01:25:07.4881907Z,0,0,549,230,0
2026-08-17T01:25:07.4931559Z,0,0,549,230,0
2026-08-17T01:25:07.4980746Z,0,0,549,230,0
2026-08-17T01:25:07.5036368Z,0,0,549,230,0
2026-08-17T01:25:07.5084855Z,0,0,549,230,0
2026-08-17T01:25:07.5133002Z,0,0,549,230,0
2026-08-17T01:25:07.518574Z,0,0,549,230,0
2026-08-17T01:25:07.5233004Z,0,0,549,230,0
2026-08-17T01:25:07.5282277Z,0,0,549,230,0
2026-08-17T01:25:07.5330801Z,0,0,549,230,0
2026-08-17T01:25:07.5383841Z,0,0,549,230,0
2026-08-17T01:25:07.5433555Z,0,0,549,230,0
2026-08-17T01:25:07.5485666Z,0,0,549,230,0
2026-08-17T01:25:07.553046Z,0,0,549,230,0
2026-08-17T01:25:07.5583911Z,0,0,549,230,0
2026-08-17T01:25:07.5634744Z,0,0,549,230,0
2026-08-17T01:25:07.5682401Z,0,0,549,230,0
2026-08-17T01:25:07.5730913Z,0,0,549,230,0
2026-08-17T01:25:07.5781738Z,0,0,549,230,0
2026-08-17T01:25:07.583155Z,0,0,549,230,0
2026-08-17T01:25:07.5882132Z,0,0,549,230,0
2026-08-17T01:25:07.5932926Z,0,0,549,230,0
2026-08-17T01:25:07.5980852Z,0,0,549,230,0
2026-08-17T01:25:07.6034533Z,0,0,549,230,0
2026-08-17T01:25:07.608347Z,0,0,549,230,0
2026-08-17T01:25:07.6131352Z,0,0,549,230,0
2026-08-17T01:25:07.6179831Z,0,0,549,230,0
2026-08-17T01:25:07.6234686Z,0,0,549,230,0
2026-08-17T01:25:07.6283896Z,0,0,549,230,0
2026-08-17T01:25:07.6334753Z,0,0,549,230,0
2026-08-17T01:25:07.6385517Z,0,0,549,230,0
2026-08-17T01:25:07.6429946Z,0,0,549,230,0
2026-08-17T01:25:07.6484035Z,0,0,549,230,0
2026-08-17T01:25:07.6532557Z,0,0,549,230,0
2026-08-17T01:25:07.6580223Z,0,0,549,230,0
2026-08-17T01:25:07.6636909Z,0,0,549,230,0
2026-08-17T01:25:07.6679621Z,0,0,549,230,0
2026-08-17T01:25:07.6730618Z,0,0,549,230,0
2026-08-17T01:25:07.678417Z,0,0,549,230,0
2026-08-17T01:25:07.6831997Z,0,0,549,230,0
2026-08-17T01:25:07.688334Z,0,0,549,230,0
2026-08-17T01:25:07.6929954Z,0,0,549,230,0
2026-08-17T01:25:07.6987938Z,0,0,549,230,0
2026-08-17T01:25:07.703014Z,0,0,549,230,0
2026-08-17T01:25:07.7083876Z,0,0,549,230,0
2026-08-17T01:25:07.7134136Z,0,0,549,230,0
2026-08-17T01:25:07.7182231Z,0,0,549,230,0
2026-08-17T01:25:07.7231873Z,0,0,549,230,0
2026-08-17T01:25:07.7283768Z,0,0,549,230,0
2026-08-17T01:25:07.7333273Z,0,0,549,230,0
2026-08-17T01:25:07.7382038Z,0,0,549,230,0
2026-08-17T01:25:07.7429716Z,0,0,549,230,0
2026-08-17T01:25:07.7486958Z,0,0,549,230,0
2026-08-17T01:25:07.7531558Z,0,0,549,230,0
2026-08-17T01:25:07.7580142Z,0,0,549,230,0
2026-08-17T01:25:07.7634197Z,0,0,549,230,0
2026-08-17T01:25:07.768291Z,0,0,549,230,0
2026-08-17T01:25:07.7735853Z,0,0,549,230,0
2026-08-17T01:25:07.7787832Z,0,0,549,230,0
2026-08-17T01:25:07.7830241Z,0,0,549,230,0
2026-08-17T01:25:07.7886156Z,0,0,549,230,0
2026-08-17T01:25:07.793212Z,0,0,549,230,0
2026-08-17T01:25:07.7979749Z,0,0,549,230,0
2026-08-17T01:25:07.8033828Z,0,0,549,230,0
2026-08-17T01:25:07.808629Z,0,0,549,230,0
2026-08-17T01:25:07.8131158Z,0,0,549,230,0
2026-08-17T01:25:07.8181735Z,0,0,549,230,0
2026-08-17T01:25:07.8236545Z,0,0,549,230,0
2026-08-17T01:25:07.8283923Z,0,0,549,230,0
2026-08-17T01:25:07.833211Z,0,0,549,230,0
2026-08-17T01:25:07.8380599Z,0,0,549,230,0
2026-08-17T01:25:07.8432105Z,0,0,549,230,0
2026-08-17T01:25:07.8480832Z,0,0,549,230,0
2026-08-17T01:25:07.8531072Z,0,0,549,230,0
2026-08-17T01:25:07.8585293Z,0,0,549,230,0
2026-08-17T01:25:07.8633349Z,0,0,549,230,0
2026-08-17T01:25:07.8680887Z,0,0,549,230,0
2026-08-17T01:25:07.8734444Z,0,0,549,230,0
2026-08-17T01:25:07.878367Z,0,0,549,230,0
2026-08-17T01:25:07.8831633Z,0,0,549,230,0
2026-08-17T01:25:07.888073Z,0,0,549,230,0
2026-08-17T01:25:07.8931383Z,0,0,549,230,0
2026-08-17T01:25:07.8981961Z,0,0,549,230,0
2026-08-17T01:25:07.9035319Z,0,0,549,230,0
2026-08-17T01:25:07.90821Z,0,0,549,230,0
2026-08-17T01:25:07.9131214Z,0,0,549,230,0
2026-08-17T01:25:07.9181381Z,0,0,549,230,0
2026-08-17T01:25:07.9231487Z,0,0,549,230,0
2026-08-17T01:25:07.9280181Z,0,0,549,230,0
2026-08-17T01:25:07.9334125Z,0,0,549,230,0
2026-08-17T01:25:07.9381239Z,0,0,549,230,0
2026-08-17T01:25:07.9432295Z,0,0,549,230,0
2026-08-17T01:25:07.9480531Z,0,0,549,230,0
2026-08-17T01:25:07.9533732Z,0,0,549,230,0
2026-08-17T01:25:07.9581492Z,0,0,549,230,0
2026-08-17T01:25:07.963181Z,0,0,549,230,0
2026-08-17T01:25:07.9680651Z,0,0,549,230,0
2026-08-17T01:25:07.9730603Z,0,0,549,230,0
2026-08-17T01:25:07.9784982Z,0,0,549,230,0
2026-08-17T01:25:07.9829651Z,0,0,549,230,0
2026-08-17T01:25:07.9882992Z,0,0,549,230,0
2026-08-17T01:25:07.9934018Z,0,0,549,230,0
2026-08-17T01:25:07.9980323Z,0,0,549,230,0
2026-08-17T01:25:08.0030498Z,0,0,549,230,0
2026-08-17T01:25:08.0083613Z,0,0,549,230,0
2026-08-17T01:25:08.0133496Z,0,0,549,230,0
2026-08-17T01:25:08.018047Z,0,0,549,230,0
2026-08-17T01:25:08.0233239Z,0,0,549,230,0
2026-08-17T01:25:08.0279742Z,0,0,549,230,0
2026-08-17T01:25:08.0333641Z,0,0,549,230,0
2026-08-17T01:25:08.0380581Z,0,0,549,230,0
2026-08-17T01:25:08.0433765Z,0,0,549,230,0
2026-08-17T01:25:08.0481526Z,0,0,549,230,0
2026-08-17T01:25:08.0531252Z,0,0,549,230,0
2026-08-17T01:25:08.0583106Z,0,0,549,230,0
2026-08-17T01:25:08.0631009Z,0,0,549,230,0
2026-08-17T01:25:08.0684135Z,0,0,549,230,0
2026-08-17T01:25:08.073364Z,0,0,549,230,0
2026-08-17T01:25:08.078147Z,0,0,549,230,0
2026-08-17T01:25:08.0829867Z,0,0,549,230,0
2026-08-17T01:25:08.0883623Z,0,0,549,230,0
2026-08-17T01:25:08.093072Z,0,0,549,230,0
2026-08-17T01:25:08.0984724Z,0,0,549,230,0
2026-08-17T01:25:08.1033298Z,0,0,549,230,0
2026-08-17T01:25:08.1083087Z,0,0,549,230,0
2026-08-17T01:25:08.1134882Z,0,0,549,230,0
2026-08-17T01:25:08.1181795Z,0,0,549,230,0
2026-08-17T01:25:08.1231806Z,0,0,549,230,0
2026-08-17T01:25:08.1280966Z,0,0,549,230,0
2026-08-17T01:25:08.1334227Z,0,0,549,230,0
2026-08-17T01:25:08.1384369Z,0,0,549,230,0
2026-08-17T01:25:08.142955Z,0,0,549,230,0
2026-08-17T01:25:08.1482357Z,0,0,549,230,0
2026-08-17T01:25:08.1533164Z,0,0,549,230,0
2026-08-17T01:25:08.1584168Z,0,0,549,230,0
2026-08-17T01:25:08.1631508Z,0,0,549,230,0
2026-08-17T01:25:08.1680966Z,0,0,549,230,0
2026-08-17T01:25:08.1734498Z,0,0,549,230,0
2026-08-17T01:25:08.1784354Z,0,0,549,230,0
2026-08-17T01:25:08.1834075Z,0,0,549,230,0
2026-08-17T01:25:08.1880736Z,0,0,549,230,0
2026-08-17T01:25:08.1934197Z,0,0,549,230,0
2026-08-17T01:25:08.1982175Z,0,0,549,230,0
2026-08-17T01:25:08.2033203Z,0,0,549,230,0
2026-08-17T01:25:08.2083043Z,0,0,549,230,0
2026-08-17T01:25:08.2132961Z,0,0,549,230,0
2026-08-17T01:25:08.2185613Z,0,0,549,230,0
2026-08-17T01:25:08.2235436Z,0,0,549,230,0
2026-08-17T01:25:08.2282438Z,0,0,549,230,0
2026-08-17T01:25:08.2333697Z,0,0,549,230,0
2026-08-17T01:25:08.238058Z,0,0,549,230,0
2026-08-17T01:25:08.2434289Z,0,0,549,230,0
2026-08-17T01:25:08.2482471Z,0,0,549,230,0
2026-08-17T01:25:08.2532118Z,0,0,549,230,0
2026-08-17T01:25:08.2580456Z,0,0,549,230,0
2026-08-17T01:25:08.2634856Z,0,0,549,230,0
2026-08-17T01:25:08.2681738Z,0,0,549,230,0
2026-08-17T01:25:08.273501Z,0,0,549,230,0
2026-08-17T01:25:08.2782748Z,0,0,549,230,0
2026-08-17T01:25:08.283398Z,0,0,549,230,0
2026-08-17T01:25:08.2881175Z,0,0,549,230,0
2026-08-17T01:25:08.2935347Z,0,0,549,230,0
2026-08-17T01:25:08.2981876Z,0,0,549,230,0
2026-08-17T01:25:08.3033218Z,0,0,549,230,0
2026-08-17T01:25:08.3085014Z,0,0,549,230,0
2026-08-17T01:25:08.3132674Z,0,0,549,230,0
2026-08-17T01:25:08.3184899Z,0,0,549,230,0
2026-08-17T01:25:08.3233334Z,0,0,549,230,0
2026-08-17T01:25:08.328248Z,0,0,549,230,0
2026-08-17T01:25:08.3333785Z,0,0,549,230,0
2026-08-17T01:25:08.3380796Z,0,0,549,230,0
2026-08-17T01:25:08.3432115Z,0,0,549,230,0
2026-08-17T01:25:08.3481313Z,0,0,549,230,0
2026-08-17T01:25:08.3532187Z,0,0,549,230,0
2026-08-17T01:25:08.3584359Z,0,0,549,230,0
2026-08-17T01:25:08.3632841Z,0,0,549,230,0
2026-08-17T01:25:08.3684492Z,0,0,549,230,0
2026-08-17T01:25:08.3730399Z,0,0,549,230,0
2026-08-17T01:25:08.3780882Z,0,0,549,230,0
2026-08-17T01:25:08.383231Z,0,0,549,230,0
2026-08-17T01:25:08.3884356Z,0,0,549,230,0
2026-08-17T01:25:08.3931751Z,0,0,549,230,0
2026-08-17T01:25:08.3980032Z,0,0,549,230,0
2026-08-17T01:25:08.4033371Z,0,0,549,230,0
2026-08-17T01:25:08.4084408Z,0,0,549,230,0
2026-08-17T01:25:08.413438Z,0,0,549,230,0
2026-08-17T01:25:08.4182173Z,0,0,549,230,0
2026-08-17T01:25:08.4232272Z,0,0,549,230,0
2026-08-17T01:25:08.42813Z,0,0,549,230,0
2026-08-17T01:25:08.433233Z,0,0,549,230,0
2026-08-17T01:25:08.4383178Z,0,0,549,230,0
2026-08-17T01:25:08.4434081Z,0,0,549,230,0
2026-08-17T01:25:08.4483036Z,0,0,549,230,0
2026-08-17T01:25:08.4534042Z,0,0,549,230,0
2026-08-17T01:25:08.4583648Z,0,0,549,230,0
2026-08-17T01:25:08.4634068Z,0,0,549,230,0
2026-08-17T01:25:08.4680128Z,0,0,549,230,0
2026-08-17T01:25:08.4730319Z,0,0,549,230,0
2026-08-17T01:25:08.478194Z,0,0,549,230,0
2026-08-17T01:25:08.4830432Z,0,0,549,230,0
2026-08-17T01:25:08.4883577Z,0,0,549,230,0
2026-08-17T01:25:08.4934064Z,0,0,549,230,0
2026-08-17T01:25:08.4982956Z,0,0,549,230,0
2026-08-17T01:25:08.5031495Z,0,0,549,230,0
2026-08-17T01:25:08.5079602Z,0,0,549,230,0
2026-08-17T01:25:08.513122Z,0,0,549,230,0
2026-08-17T01:25:08.5179928Z,0,0,549,230,0
2026-08-17T01:25:08.5232906Z,0,0,549,230,0
2026-08-17T01:25:08.5281825Z,0,0,549,230,0
2026-08-17T01:25:08.5332335Z,0,0,549,230,0
2026-08-17T01:25:08.5380361Z,0,0,549,230,0
2026-08-17T01:25:08.5431517Z,0,0,549,230,0
2026-08-17T01:25:08.5485956Z,0,0,549,230,0
2026-08-17T01:25:08.5531164Z,0,0,549,230,0
2026-08-17T01:25:08.5580878Z,0,0,549,230,0
2026-08-17T01:25:08.5635268Z,0,0,549,230,0
2026-08-17T01:25:08.5682378Z,0,0,549,230,0
2026-08-17T01:25:08.5732886Z,0,0,549,230,0
2026-08-17T01:25:08.5787762Z,0,0,549,230,0
2026-08-17T01:25:08.5832547Z,0,0,549,230,0
2026-08-17T01:25:08.5880579Z,0,0,549,230,0
2026-08-17T01:25:08.5934358Z,0,0,549,230,0
2026-08-17T01:25:08.5983337Z,0,0,549,230,0
2026-08-17T01:25:08.6037331Z,0,0,549,230,0
2026-08-17T01:25:08.6080493Z,0,0,549,230,0
2026-08-17T01:25:08.612964Z,0,0,549,230,0
2026-08-17T01:25:08.6180688Z,0,0,549,230,0
2026-08-17T01:25:08.6229891Z,0,0,549,230,0
2026-08-17T01:25:08.6280381Z,0,0,549,230,0
2026-08-17T01:25:08.6330752Z,0,0,549,230,0
2026-08-17T01:25:08.6380187Z,0,0,549,230,0
2026-08-17T01:25:08.643397Z,0,0,549,230,0
2026-08-17T01:25:08.6481974Z,0,0,549,230,0
2026-08-17T01:25:08.6532508Z,0,0,549,230,0
2026-08-17T01:25:08.6583781Z,0,0,549,230,0
2026-08-17T01:25:08.6631783Z,0,0,549,230,0
2026-08-17T01:25:08.6682258Z,0,0,549,230,0
2026-08-17T01:25:08.6733556Z,0,0,549,230,0
2026-08-17T01:25:08.6782339Z,0,0,549,230,0
2026-08-17T01:25:08.68299Z,0,0,549,230,0
2026-08-17T01:25:08.6882717Z,0,0,549,230,0
2026-08-17T01:25:08.6933167Z,0,0,549,230,0
2026-08-17T01:25:08.6981293Z,0,0,549,230,0
2026-08-17T01:25:08.7033045Z,0,0,549,230,0
2026-08-17T01:25:08.708368Z,0,0,549,230,0
2026-08-17T01:25:08.7134755Z,0,0,549,230,0
2026-08-17T01:25:08.7183037Z,0,0,549,230,0
2026-08-17T01:25:08.7232157Z,0,0,549,230,0
2026-08-17T01:25:08.7281432Z,0,0,549,230,0
2026-08-17T01:25:08.7332585Z,0,0,549,230,0
2026-08-17T01:25:08.7383462Z,0,0,549,230,0
2026-08-17T01:25:08.743401Z,0,0,549,230,0
2026-08-17T01:25:08.7483865Z,0,0,549,230,0
2026-08-17T01:25:08.7530447Z,0,0,549,230,0
2026-08-17T01:25:08.7581693Z,0,0,549,230,0
2026-08-17T01:25:08.7629951Z,0,0,549,230,0
2026-08-17T01:25:08.7683431Z,0,0,549,230,0
2026-08-17T01:25:08.7729987Z,0,0,549,230,0
2026-08-17T01:25:08.7783307Z,0,0,549,230,0
2026-08-17T01:25:08.7829352Z,0,0,549,230,0
2026-08-17T01:25:08.7882248Z,0,0,549,230,0
2026-08-17T01:25:08.7932233Z,0,0,549,230,0
2026-08-17T01:25:08.7984616Z,0,0,549,230,0
2026-08-17T01:25:08.803542Z,0,0,549,230,0
2026-08-17T01:25:08.8081826Z,0,0,549,230,0
2026-08-17T01:25:08.8132947Z,0,0,549,230,0
2026-08-17T01:25:08.8180707Z,0,0,549,230,0
2026-08-17T01:25:08.8229907Z,0,0,549,230,0
2026-08-17T01:25:08.8283525Z,0,0,549,230,0
2026-08-17T01:25:08.8329984Z,0,0,549,230,0
2026-08-17T01:25:08.8381564Z,0,0,549,230,0
2026-08-17T01:25:08.8430474Z,0,0,549,230,0
2026-08-17T01:25:08.8480892Z,0,0,549,230,0
2026-08-17T01:25:08.8533961Z,0,0,549,230,0
2026-08-17T01:25:08.8580538Z,0,0,549,230,0
2026-08-17T01:25:08.8631793Z,0,0,549,230,0
2026-08-17T01:25:08.8682214Z,0,0,549,230,0
2026-08-17T01:25:08.8732563Z,0,0,549,230,0
2026-08-17T01:25:08.8780782Z,0,0,549,230,0
2026-08-17T01:25:08.8833365Z,0,0,549,230,0
2026-08-17T01:25:08.8880154Z,0,0,549,230,0
2026-08-17T01:25:08.8933753Z,0,0,549,230,0
2026-08-17T01:25:08.898197Z,0,0,549,230,0
2026-08-17T01:25:08.9032437Z,0,0,549,230,0
2026-08-17T01:25:08.9080252Z,0,0,549,230,0
2026-08-17T01:25:08.9132625Z,0,0,549,230,0
2026-08-17T01:25:08.9184507Z,0,0,549,230,0
2026-08-17T01:25:08.9233988Z,0,0,549,230,0
2026-08-17T01:25:08.9282526Z,0,0,549,230,0
2026-08-17T01:25:08.9331724Z,0,0,549,230,0
2026-08-17T01:25:08.9383584Z,0,0,549,230,0
2026-08-17T01:25:08.9429647Z,0,0,549,230,0
2026-08-17T01:25:08.9479998Z,0,0,549,230,0
2026-08-17T01:25:08.9534235Z,0,0,549,230,0
2026-08-17T01:25:08.9582834Z,0,0,549,230,0
2026-08-17T01:25:08.9630151Z,0,0,549,230,0
2026-08-17T01:25:08.9680436Z,0,0,549,230,0
2026-08-17T01:25:08.9729875Z,0,0,549,230,0
2026-08-17T01:25:08.9781329Z,0,0,549,230,0
2026-08-17T01:25:08.9831105Z,0,0,549,230,0
2026-08-17T01:25:08.9883535Z,0,0,549,230,0
2026-08-17T01:25:08.9933314Z,0,0,549,230,0
2026-08-17T01:25:08.9980796Z,0,0,549,230,0
2026-08-17T01:25:09.0037459Z,0,0,549,230,0
2026-08-17T01:25:09.0079213Z,0,0,549,230,0
2026-08-17T01:25:09.0132446Z,0,0,549,230,0
2026-08-17T01:25:09.0184102Z,0,0,549,230,0
2026-08-17T01:25:09.0234031Z,0,0,549,230,0
2026-08-17T01:25:09.0281781Z,0,0,549,230,0
2026-08-17T01:25:09.0334613Z,0,0,549,230,0
2026-08-17T01:25:09.0382073Z,0,0,549,230,0
2026-08-17T01:25:09.0430905Z,0,0,549,230,0
2026-08-17T01:25:09.0483288Z,0,0,549,230,0
2026-08-17T01:25:09.0533753Z,0,0,549,230,0
2026-08-17T01:25:09.0580227Z,0,0,549,230,0
2026-08-17T01:25:09.0630943Z,0,0,549,230,0
2026-08-17T01:25:09.0681311Z,0,0,549,230,0
2026-08-17T01:25:09.0734335Z,0,0,549,230,0
2026-08-17T01:25:09.0781561Z,0,0,549,230,0
2026-08-17T01:25:09.0831533Z,0,0,549,230,0
2026-08-17T01:25:09.0884119Z,0,0,549,230,0
2026-08-17T01:25:09.0929871Z,0,0,549,230,0
2026-08-17T01:25:09.0982538Z,0,0,549,230,0
2026-08-17T01:25:09.103233Z,0,0,549,230,0
2026-08-17T01:25:09.1079561Z,0,0,549,230,0
2026-08-17T01:25:09.113335Z,0,0,549,230,0
2026-08-17T01:25:09.1180667Z,0,0,549,230,0
2026-08-17T01:25:09.122945Z,0,0,549,230,0
2026-08-17T01:25:09.1281219Z,0,0,549,230,0
2026-08-17T01:25:09.132956Z,0,0,549,230,0
2026-08-17T01:25:09.138083Z,0,0,549,230,0
2026-08-17T01:25:09.1429909Z,0,0,549,230,0
2026-08-17T01:25:09.1480248Z,0,0,549,230,0
2026-08-17T01:25:09.1532747Z,0,0,549,230,0
2026-08-17T01:25:09.1580701Z,0,0,549,230,0
2026-08-17T01:25:09.1630889Z,0,0,549,230,0
2026-08-17T01:25:09.1688698Z,0,0,549,230,0
2026-08-17T01:25:09.1731337Z,0,0,549,230,0
2026-08-17T01:25:09.1782784Z,0,0,549,230,0
2026-08-17T01:25:09.1830417Z,0,0,549,230,0
2026-08-17T01:25:09.1880014Z,0,0,549,230,0
2026-08-17T01:25:09.1933115Z,0,0,549,230,0
2026-08-17T01:25:09.1986511Z,0,0,549,230,0
2026-08-17T01:25:09.2030687Z,0,0,549,230,0
2026-08-17T01:25:09.2083932Z,0,0,549,230,0
2026-08-17T01:25:09.2133936Z,0,0,549,230,0
2026-08-17T01:25:09.2180355Z,0,0,549,230,0
2026-08-17T01:25:09.223089Z,0,0,549,230,0
2026-08-17T01:25:09.2282196Z,0,0,549,230,0
2026-08-17T01:25:09.2330085Z,0,0,549,230,0
2026-08-17T01:25:09.2381782Z,0,0,549,230,0
2026-08-17T01:25:09.2429355Z,0,0,549,230,0
2026-08-17T01:25:09.2479802Z,0,0,549,230,0
2026-08-17T01:25:09.2529382Z,0,0,549,230,0
2026-08-17T01:25:09.2579764Z,0,0,549,230,0
2026-08-17T01:25:09.2629649Z,0,0,549,230,0
2026-08-17T01:25:09.267995Z,0,0,549,230,0
2026-08-17T01:25:09.2732879Z,0,0,549,230,0
2026-08-17T01:25:09.278061Z,0,0,549,230,0
2026-08-17T01:25:09.2833706Z,0,0,549,230,0
2026-08-17T01:25:09.2880779Z,0,0,549,230,0
2026-08-17T01:25:09.2931283Z,0,0,549,230,0
2026-08-17T01:25:09.2983436Z,0,0,549,230,0
2026-08-17T01:25:09.3032688Z,0,0,549,230,0
2026-08-17T01:25:09.3080548Z,0,0,549,230,0
2026-08-17T01:25:09.313188Z,0,0,549,230,0
2026-08-17T01:25:09.3179384Z,0,0,549,230,0
2026-08-17T01:25:09.3233768Z,0,0,549,230,0
2026-08-17T01:25:09.3281764Z,0,0,549,230,0
2026-08-17T01:25:09.3330477Z,0,0,549,230,0
2026-08-17T01:25:09.3380831Z,0,0,549,230,0
2026-08-17T01:25:09.3432665Z,0,0,549,230,0
2026-08-17T01:25:09.3479488Z,0,0,549,230,0
2026-08-17T01:25:09.3532777Z,0,0,549,230,0
2026-08-17T01:25:09.3580978Z,0,0,549,230,0
2026-08-17T01:25:09.3633258Z,0,0,549,230,0
2026-08-17T01:25:09.3681071Z,0,0,549,230,0
2026-08-17T01:25:09.3729967Z,0,0,549,230,0
2026-08-17T01:25:09.3784263Z,0,0,549,230,0
2026-08-17T01:25:09.3829481Z,0,0,549,230,0
2026-08-17T01:25:09.3882855Z,0,0,549,230,0
2026-08-17T01:25:09.3931372Z,0,0,549,230,0
2026-08-17T01:25:09.3981679Z,0,0,549,230,0
2026-08-17T01:25:09.4031333Z,0,0,549,230,0
2026-08-17T01:25:09.4080292Z,0,0,549,230,0
2026-08-17T01:25:09.4133633Z,0,0,549,230,0
2026-08-17T01:25:09.418022Z,0,0,549,230,0
2026-08-17T01:25:09.4230704Z,0,0,549,230,0
2026-08-17T01:25:09.428108Z,0,0,549,230,0
2026-08-17T01:25:09.4332057Z,0,0,549,230,0
2026-08-17T01:25:09.4380656Z,0,0,549,230,0
2026-08-17T01:25:09.4433872Z,0,0,549,230,0
2026-08-17T01:25:09.4480469Z,0,0,549,230,0
2026-08-17T01:25:09.4535277Z,0,0,549,230,0
2026-08-17T01:25:09.4584058Z,0,0,549,230,0
2026-08-17T01:25:09.4633613Z,0,0,549,230,0
2026-08-17T01:25:09.4681504Z,0,0,549,230,0
2026-08-17T01:25:09.4731599Z,0,0,549,230,0
2026-08-17T01:25:09.4783814Z,0,0,549,230,0
2026-08-17T01:25:09.4829803Z,0,0,549,230,0
2026-08-17T01:25:09.4883215Z,0,0,549,230,0
2026-08-17T01:25:09.4931932Z,0,0,549,230,0
2026-08-17T01:25:09.4979895Z,0,0,549,230,0
2026-08-17T01:25:09.5029422Z,0,0,549,230,0
2026-08-17T01:25:09.5083966Z,0,0,549,230,0
2026-08-17T01:25:09.5133952Z,0,0,549,230,0
2026-08-17T01:25:09.5181811Z,0,0,549,230,0
2026-08-17T01:25:09.523077Z,0,0,549,230,0
2026-08-17T01:25:09.5281181Z,0,0,549,230,0
2026-08-17T01:25:09.5331187Z,0,0,549,230,0
2026-08-17T01:25:09.5383247Z,0,0,549,230,0
2026-08-17T01:25:09.5430415Z,0,0,549,230,0
2026-08-17T01:25:09.5486105Z,0,0,549,230,0
2026-08-17T01:25:09.5532203Z,0,0,549,230,0
2026-08-17T01:25:09.5580044Z,0,0,549,230,0
2026-08-17T01:25:09.5634159Z,0,0,549,230,0
2026-08-17T01:25:09.5681541Z,0,0,549,230,0
2026-08-17T01:25:09.573252Z,0,0,549,230,0
2026-08-17T01:25:09.5781678Z,0,0,549,230,0
2026-08-17T01:25:09.5834328Z,0,0,549,230,0
2026-08-17T01:25:09.5884189Z,0,0,549,230,0
2026-08-17T01:25:09.5934095Z,0,0,549,230,0
2026-08-17T01:25:09.5981736Z,0,0,549,230,0
2026-08-17T01:25:09.603054Z,0,0,549,230,0
2026-08-17T01:25:09.6080619Z,0,0,549,230,0
2026-08-17T01:25:09.6130067Z,0,0,549,230,0
2026-08-17T01:25:09.6179884Z,0,0,549,230,0
2026-08-17T01:25:09.6234487Z,0,0,549,230,0
2026-08-17T01:25:09.6282953Z,0,0,549,230,0
2026-08-17T01:25:09.6331299Z,0,0,549,230,0
2026-08-17T01:25:09.6379635Z,0,0,549,230,0
2026-08-17T01:25:09.6432965Z,0,0,549,230,0
2026-08-17T01:25:09.648274Z,0,0,549,230,0
2026-08-17T01:25:09.6535733Z,0,0,549,230,0
2026-08-17T01:25:09.6583971Z,0,0,549,230,0
2026-08-17T01:25:09.6633283Z,0,0,549,230,0
2026-08-17T01:25:09.6682887Z,0,0,549,230,0
2026-08-17T01:25:09.6733574Z,0,0,549,230,0
2026-08-17T01:25:09.6780744Z,0,0,549,230,0
2026-08-17T01:25:09.6829577Z,0,0,549,230,0
2026-08-17T01:25:09.6885085Z,0,0,549,230,0
2026-08-17T01:25:09.6930143Z,0,0,549,230,0
2026-08-17T01:25:09.698486Z,0,0,549,230,0
2026-08-17T01:25:09.7032266Z,0,0,549,230,0
2026-08-17T01:25:09.7084242Z,0,0,549,230,0
2026-08-17T01:25:09.7131912Z,0,0,549,230,0
2026-08-17T01:25:09.7184449Z,0,0,549,230,0
2026-08-17T01:25:09.7236747Z,0,0,549,230,0
2026-08-17T01:25:09.7284267Z,0,0,549,230,0
2026-08-17T01:25:09.7330236Z,0,0,549,230,0
2026-08-17T01:25:09.7385929Z,0,0,549,230,0
2026-08-17T01:25:09.74312Z,0,0,549,230,0
2026-08-17T01:25:09.74823Z,0,0,549,230,0
2026-08-17T01:25:09.7535644Z,0,0,549,230,0
2026-08-17T01:25:09.758229Z,0,0,549,230,0
2026-08-17T01:25:09.7636236Z,0,0,549,230,0
2026-08-17T01:25:09.7682822Z,0,0,549,230,0
2026-08-17T01:25:09.773626Z,0,0,549,230,0
2026-08-17T01:25:09.7782768Z,0,0,549,230,0
2026-08-17T01:25:09.7835861Z,0,0,549,230,0
2026-08-17T01:25:09.7882414Z,0,0,549,230,0
2026-08-17T01:25:09.7931421Z,0,0,549,230,0
2026-08-17T01:25:09.7983159Z,0,0,549,230,0
2026-08-17T01:25:09.8036962Z,0,0,549,230,0
2026-08-17T01:25:09.808383Z,0,0,549,230,0
2026-08-17T01:25:09.8133842Z,0,0,549,230,0
2026-08-17T01:25:09.8180715Z,0,0,549,230,0
2026-08-17T01:25:09.8231177Z,0,0,549,230,0
2026-08-17T01:25:09.8282745Z,0,0,549,230,0
2026-08-17T01:25:09.8333743Z,0,0,549,230,0
2026-08-17T01:25:09.8380709Z,0,0,549,230,0
2026-08-17T01:25:09.8430499Z,0,0,549,230,0
2026-08-17T01:25:09.8482481Z,0,0,549,230,0
2026-08-17T01:25:09.8531753Z,0,0,549,230,0
2026-08-17T01:25:09.8580594Z,0,0,549,230,0
2026-08-17T01:25:09.863138Z,0,0,549,230,0
2026-08-17T01:25:09.8679766Z,0,0,549,230,0
2026-08-17T01:25:09.8732755Z,0,0,549,230,0
2026-08-17T01:25:09.8781581Z,0,0,549,230,0
2026-08-17T01:25:09.8832262Z,0,0,549,230,0
2026-08-17T01:25:09.888404Z,0,0,549,230,0
2026-08-17T01:25:09.8930396Z,0,0,549,230,0
2026-08-17T01:25:09.8984674Z,0,0,549,230,0
2026-08-17T01:25:09.9034086Z,0,0,549,230,0
2026-08-17T01:25:09.9082482Z,0,0,549,230,0
2026-08-17T01:25:09.9132072Z,0,0,549,230,0
2026-08-17T01:25:09.9182468Z,0,0,549,230,0
2026-08-17T01:25:09.9233471Z,0,0,549,230,0
2026-08-17T01:25:09.9285265Z,0,0,549,230,0
2026-08-17T01:25:09.9331399Z,0,0,549,230,0
2026-08-17T01:25:09.9382418Z,0,0,549,230,0
2026-08-17T01:25:09.9431466Z,0,0,549,230,0
2026-08-17T01:25:09.9482527Z,0,0,549,230,0
2026-08-17T01:25:09.9539807Z,0,0,549,230,0
2026-08-17T01:25:09.9582266Z,0,0,549,230,0
2026-08-17T01:25:09.9633732Z,0,0,549,230,0
2026-08-17T01:25:09.9681045Z,0,0,549,230,0
2026-08-17T01:25:09.973018Z,0,0,549,230,0
2026-08-17T01:25:09.9781698Z,0,0,549,230,0
2026-08-17T01:25:09.9833409Z,0,0,549,230,0
2026-08-17T01:25:09.9881305Z,0,0,549,230,0
2026-08-17T01:25:09.9932084Z,0,0,549,230,0
2026-08-17T01:25:09.9980401Z,0,0,549,230,0
2026-08-17T01:25:10.0031243Z,0,0,549,230,0
2026-08-17T01:25:10.0083835Z,0,0,549,230,0
2026-08-17T01:25:10.0129895Z,0,0,549,230,0
2026-08-17T01:25:10.0183759Z,0,0,549,230,0
2026-08-17T01:25:10.0231928Z,0,0,549,230,0
2026-08-17T01:25:10.0279508Z,0,0,549,230,0
2026-08-17T01:25:10.0333653Z,0,0,549,230,0
2026-08-17T01:25:10.0383026Z,0,0,549,230,0
2026-08-17T01:25:10.0432782Z,0,0,549,230,0
2026-08-17T01:25:10.0484889Z,0,0,549,230,0
2026-08-17T01:25:10.0533473Z,0,0,549,230,0
2026-08-17T01:25:10.0580307Z,0,0,549,230,0
2026-08-17T01:25:10.063294Z,0,0,549,230,0
2026-08-17T01:25:10.0681635Z,0,0,549,230,0
2026-08-17T01:25:10.0730108Z,0,0,549,230,0
2026-08-17T01:25:10.0780782Z,0,0,549,230,0
2026-08-17T01:25:10.0833902Z,0,0,549,230,0
2026-08-17T01:25:10.0880882Z,0,0,549,230,0
2026-08-17T01:25:10.0930023Z,0,0,549,230,0
2026-08-17T01:25:10.0983302Z,0,0,549,230,0
2026-08-17T01:25:10.1032766Z,0,0,549,230,0
2026-08-17T01:25:10.1084739Z,0,0,549,230,0
2026-08-17T01:25:10.1129164Z,0,0,549,230,0
2026-08-17T01:25:10.1180852Z,0,0,549,230,0
2026-08-17T01:25:10.1245944Z,0,0,549,230,0
2026-08-17T01:25:10.1281561Z,0,0,549,230,0
2026-08-17T01:25:10.1332843Z,0,0,549,230,0
2026-08-17T01:25:10.1379532Z,0,0,549,230,0
2026-08-17T01:25:10.1434061Z,0,0,549,230,0
2026-08-17T01:25:10.1482416Z,0,0,549,230,0
2026-08-17T01:25:10.1531775Z,0,0,549,230,0
2026-08-17T01:25:10.1579809Z,0,0,549,230,0
2026-08-17T01:25:10.1633747Z,0,0,549,230,0
2026-08-17T01:25:10.1680263Z,0,0,549,230,0
2026-08-17T01:25:10.1734539Z,0,0,549,230,0
2026-08-17T01:25:10.1782036Z,0,0,549,230,0
2026-08-17T01:25:10.1832328Z,0,0,549,230,0
2026-08-17T01:25:10.1881326Z,0,0,549,230,0
2026-08-17T01:25:10.1930106Z,0,0,549,230,0
2026-08-17T01:25:10.1980957Z,0,0,549,230,0
2026-08-17T01:25:10.2034775Z,0,0,549,230,0
2026-08-17T01:25:10.2082418Z,0,0,549,230,0
2026-08-17T01:25:10.2133889Z,0,0,549,230,0
2026-08-17T01:25:10.2182512Z,0,0,549,230,0
2026-08-17T01:25:10.2235637Z,0,0,549,230,0
2026-08-17T01:25:10.228218Z,0,0,549,230,0
2026-08-17T01:25:10.2332431Z,0,0,549,230,0
2026-08-17T01:25:10.2379341Z,0,0,549,230,0
2026-08-17T01:25:10.2430172Z,0,0,549,230,0
2026-08-17T01:25:10.2482761Z,0,0,549,230,0
2026-08-17T01:25:10.2532298Z,0,0,549,230,0
2026-08-17T01:25:10.2584181Z,0,0,549,230,0
2026-08-17T01:25:10.2634316Z,0,0,549,230,0
2026-08-17T01:25:10.2683362Z,0,0,549,230,0
2026-08-17T01:25:10.2734595Z,0,0,549,230,0
2026-08-17T01:25:10.2781691Z,0,0,549,230,0
2026-08-17T01:25:10.2830742Z,0,0,549,230,0
2026-08-17T01:25:10.2882352Z,0,0,549,230,0
2026-08-17T01:25:10.2934355Z,0,0,549,230,0
2026-08-17T01:25:10.2982719Z,0,0,549,230,0
2026-08-17T01:25:10.3032557Z,0,0,549,230,0
2026-08-17T01:25:10.3083198Z,0,0,549,230,0
2026-08-17T01:25:10.3132892Z,0,0,549,230,0
2026-08-17T01:25:10.3179764Z,0,0,549,230,0
2026-08-17T01:25:10.3232782Z,0,0,549,230,0
2026-08-17T01:25:10.328505Z,0,0,549,230,0
2026-08-17T01:25:10.3332583Z,0,0,549,230,0
2026-08-17T01:25:10.3384874Z,0,0,549,230,0
2026-08-17T01:25:10.3434183Z,0,0,549,230,0
2026-08-17T01:25:10.3481136Z,0,0,549,230,0
2026-08-17T01:25:10.3529552Z,0,0,549,230,0
2026-08-17T01:25:10.3579897Z,0,0,549,230,0
2026-08-17T01:25:10.3630713Z,0,0,549,230,0
2026-08-17T01:25:10.3681635Z,0,0,549,230,0
2026-08-17T01:25:10.3730196Z,0,0,549,230,0
2026-08-17T01:25:10.3784529Z,0,0,549,230,0
2026-08-17T01:25:10.3833285Z,0,0,549,230,0
2026-08-17T01:25:10.3881779Z,0,0,549,230,0
2026-08-17T01:25:10.3932687Z,0,0,549,230,0
2026-08-17T01:25:10.3986473Z,0,0,549,230,0
2026-08-17T01:25:10.4029966Z,0,0,549,230,0
2026-08-17T01:25:10.408155Z,0,0,549,230,0
2026-08-17T01:25:10.4130579Z,0,0,549,230,0
2026-08-17T01:25:10.4180849Z,0,0,549,230,0
2026-08-17T01:25:10.4231284Z,0,0,549,230,0
2026-08-17T01:25:10.428152Z,0,0,549,230,0
2026-08-17T01:25:10.4330343Z,0,0,549,230,0
2026-08-17T01:25:10.4384359Z,0,0,549,230,0
2026-08-17T01:25:10.4433259Z,0,0,549,230,0
2026-08-17T01:25:10.4480331Z,0,0,549,230,0
2026-08-17T01:25:10.4532305Z,0,0,549,230,0
2026-08-17T01:25:10.458262Z,0,0,549,230,0
2026-08-17T01:25:10.463231Z,0,0,549,230,0
2026-08-17T01:25:10.4680574Z,0,0,549,230,0
2026-08-17T01:25:10.4732769Z,0,0,549,230,0
2026-08-17T01:25:10.4782937Z,0,0,549,230,0
2026-08-17T01:25:10.4832855Z,0,0,549,230,0
2026-08-17T01:25:10.4880722Z,0,0,549,230,0
2026-08-17T01:25:10.4934274Z,0,0,549,230,0
2026-08-17T01:25:10.4981039Z,0,0,549,230,0
2026-08-17T01:25:10.5032136Z,0,0,549,230,0
2026-08-17T01:25:10.5084232Z,0,0,549,230,0
2026-08-17T01:25:10.5134455Z,0,0,549,230,0
2026-08-17T01:25:10.5181888Z,0,0,549,230,0
2026-08-17T01:25:10.5229556Z,0,0,549,230,0
2026-08-17T01:25:10.5279883Z,0,0,549,230,0
2026-08-17T01:25:10.5331825Z,0,0,549,230,0
2026-08-17T01:25:10.5384159Z,0,0,549,230,0
2026-08-17T01:25:10.5432342Z,0,0,549,230,0
2026-08-17T01:25:10.5483828Z,0,0,549,230,0
2026-08-17T01:25:10.5529785Z,0,0,549,230,0
2026-08-17T01:25:10.5583768Z,0,0,549,230,0
2026-08-17T01:25:10.5632382Z,0,0,549,230,0
2026-08-17T01:25:10.5684115Z,0,0,549,230,0
2026-08-17T01:25:10.573366Z,0,0,549,230,0
2026-08-17T01:25:10.578319Z,0,0,549,230,0
2026-08-17T01:25:10.5835934Z,0,0,549,230,0
2026-08-17T01:25:10.5883339Z,0,0,549,230,0
2026-08-17T01:25:10.5932345Z,0,0,549,230,0
2026-08-17T01:25:10.5984729Z,0,0,549,230,0
2026-08-17T01:25:10.6033783Z,0,0,549,230,0
2026-08-17T01:25:10.6082348Z,0,0,549,230,0
2026-08-17T01:25:10.6130471Z,0,0,549,230,0
2026-08-17T01:25:10.6183165Z,0,0,549,230,0
2026-08-17T01:25:10.6233861Z,0,0,549,230,0
2026-08-17T01:25:10.6281302Z,0,0,549,230,0
2026-08-17T01:25:10.633079Z,0,0,549,230,0
2026-08-17T01:25:10.6381051Z,0,0,549,230,0
2026-08-17T01:25:10.6429647Z,0,0,549,230,0
2026-08-17T01:25:10.6489556Z,0,0,549,230,0
2026-08-17T01:25:10.6534967Z,0,0,549,230,0
2026-08-17T01:25:10.6581656Z,0,0,549,230,0
2026-08-17T01:25:10.6630122Z,0,0,549,230,0
2026-08-17T01:25:10.6681575Z,0,0,549,230,0
2026-08-17T01:25:10.6731534Z,0,0,549,230,0
2026-08-17T01:25:10.6782926Z,0,0,549,230,0
2026-08-17T01:25:10.6831652Z,0,0,549,230,0
2026-08-17T01:25:10.6883639Z,0,0,549,230,0
2026-08-17T01:25:10.6930437Z,0,0,549,230,0
2026-08-17T01:25:10.6983387Z,0,0,549,230,0
2026-08-17T01:25:10.7033542Z,0,0,549,230,0
2026-08-17T01:25:10.7080505Z,0,0,549,230,0
2026-08-17T01:25:10.7129988Z,0,0,549,230,0
2026-08-17T01:25:10.7180383Z,0,0,549,230,0
2026-08-17T01:25:10.7231116Z,0,0,549,230,0
2026-08-17T01:25:10.7281541Z,0,0,549,230,0
2026-08-17T01:25:10.7333188Z,0,0,549,230,0
2026-08-17T01:25:10.738074Z,0,0,549,230,0
2026-08-17T01:25:10.7432112Z,0,0,549,230,0
2026-08-17T01:25:10.7484429Z,0,0,549,230,0
2026-08-17T01:25:10.7531046Z,0,0,549,230,0
2026-08-17T01:25:10.7580044Z,0,0,549,230,0
2026-08-17T01:25:10.763335Z,0,0,549,230,0
2026-08-17T01:25:10.7680837Z,0,0,549,230,0
2026-08-17T01:25:10.7733348Z,0,0,549,230,0
2026-08-17T01:25:10.7780357Z,0,0,549,230,0
2026-08-17T01:25:10.7831974Z,0,0,549,230,0
2026-08-17T01:25:10.7879169Z,0,0,549,230,0
2026-08-17T01:25:10.7929676Z,0,0,549,230,0
2026-08-17T01:25:10.7983228Z,0,0,549,230,0
2026-08-17T01:25:10.803266Z,0,0,549,230,0
2026-08-17T01:25:10.8083953Z,0,0,549,230,0
2026-08-17T01:25:10.8130238Z,0,0,549,230,0
2026-08-17T01:25:10.818412Z,0,0,549,230,0
2026-08-17T01:25:10.823109Z,0,0,549,230,0
2026-08-17T01:25:10.8279387Z,0,0,549,230,0
2026-08-17T01:25:10.8332165Z,0,0,549,230,0
2026-08-17T01:25:10.8380471Z,0,0,549,230,0
2026-08-17T01:25:10.8430322Z,0,0,549,230,0
2026-08-17T01:25:10.8486172Z,0,0,549,230,0
2026-08-17T01:25:10.8530825Z,0,0,549,230,0
2026-08-17T01:25:10.8579811Z,0,0,549,230,0
2026-08-17T01:25:10.8630613Z,0,0,549,230,0
2026-08-17T01:25:10.868277Z,0,0,549,230,0
2026-08-17T01:25:10.8730708Z,0,0,549,230,0
2026-08-17T01:25:10.8784274Z,0,0,549,230,0
2026-08-17T01:25:10.8832396Z,0,0,549,230,0
2026-08-17T01:25:10.8881056Z,0,0,549,230,0
2026-08-17T01:25:10.893382Z,0,0,549,230,0
2026-08-17T01:25:10.8981924Z,0,0,549,230,0
2026-08-17T01:25:10.9033672Z,0,0,549,230,0
2026-08-17T01:25:10.9083471Z,0,0,549,230,0
2026-08-17T01:25:10.913406Z,0,0,549,230,0
2026-08-17T01:25:10.9183006Z,0,0,549,230,0
2026-08-17T01:25:10.9232863Z,0,0,549,230,0
2026-08-17T01:25:10.9285057Z,0,0,549,230,0
2026-08-17T01:25:10.933046Z,0,0,549,230,0
2026-08-17T01:25:10.9382147Z,0,0,549,230,0
2026-08-17T01:25:10.9429709Z,0,0,549,230,0
2026-08-17T01:25:10.9482373Z,0,0,549,230,0
2026-08-17T01:25:10.9531866Z,0,0,549,230,0
2026-08-17T01:25:10.9579588Z,0,0,549,230,0
2026-08-17T01:25:10.9631482Z,0,0,549,230,0
2026-08-17T01:25:10.9684075Z,0,0,549,230,0
2026-08-17T01:25:10.9731093Z,0,0,549,230,0
2026-08-17T01:25:10.978304Z,0,0,549,230,0
2026-08-17T01:25:10.9829396Z,0,0,549,230,0
2026-08-17T01:25:10.9880751Z,0,0,549,230,0
2026-08-17T01:25:10.9929561Z,0,0,549,230,0
2026-08-17T01:25:10.9981323Z,0,0,549,230,0
2026-08-17T01:25:11.0030266Z,0,0,549,230,0
2026-08-17T01:25:11.0082382Z,0,0,549,230,0
2026-08-17T01:25:11.0131487Z,0,0,549,230,0
2026-08-17T01:25:11.0184176Z,0,0,549,230,0
2026-08-17T01:25:11.023286Z,0,0,549,230,0
2026-08-17T01:25:11.0281043Z,0,0,549,230,0
2026-08-17T01:25:11.0331069Z,0,0,549,230,0
2026-08-17T01:25:11.0381499Z,0,0,549,230,0
2026-08-17T01:25:11.0430692Z,0,0,549,230,0
2026-08-17T01:25:11.0483478Z,0,0,549,230,0
2026-08-17T01:25:11.0535168Z,0,0,549,230,0
2026-08-17T01:25:11.0583466Z,0,0,549,230,0
2026-08-17T01:25:11.0632121Z,0,0,549,230,0
2026-08-17T01:25:11.0680274Z,0,0,549,230,0
2026-08-17T01:25:11.0734646Z,0,0,549,230,0
2026-08-17T01:25:11.0781457Z,0,0,549,230,0
2026-08-17T01:25:11.0831808Z,0,0,549,230,0
2026-08-17T01:25:11.0884273Z,0,0,549,230,0
2026-08-17T01:25:11.0930458Z,0,0,549,230,0
2026-08-17T01:25:11.0979678Z,0,0,549,230,0
2026-08-17T01:25:11.103267Z,0,0,549,230,0
2026-08-17T01:25:11.1082748Z,0,0,549,230,0
2026-08-17T01:25:11.1134032Z,0,0,549,230,0
2026-08-17T01:25:11.1181647Z,0,0,549,230,0
2026-08-17T01:25:11.1232783Z,0,0,549,230,0
2026-08-17T01:25:11.1281745Z,0,0,549,230,0
2026-08-17T01:25:11.1330572Z,0,0,549,230,0
2026-08-17T01:25:11.138014Z,0,0,549,230,0
2026-08-17T01:25:11.1432429Z,0,0,549,230,0
2026-08-17T01:25:11.1481863Z,0,0,549,230,0
2026-08-17T01:25:11.1533482Z,0,0,549,230,0
2026-08-17T01:25:11.158317Z,0,0,549,230,0
2026-08-17T01:25:11.1632003Z,0,0,549,230,0
2026-08-17T01:25:11.1681692Z,0,0,549,230,0
2026-08-17T01:25:11.1732912Z,0,0,549,230,0
2026-08-17T01:25:11.1779627Z,0,0,549,230,0
2026-08-17T01:25:11.1831543Z,0,0,549,230,0
2026-08-17T01:25:11.1881493Z,0,0,549,230,0
2026-08-17T01:25:11.193456Z,0,0,549,230,0
2026-08-17T01:25:11.1982545Z,0,0,549,230,0
2026-08-17T01:25:11.2034728Z,0,0,549,230,0
2026-08-17T01:25:11.2085089Z,0,0,549,230,0
2026-08-17T01:25:11.2132217Z,0,0,549,230,0
2026-08-17T01:25:11.2179607Z,0,0,549,230,0
2026-08-17T01:25:11.2230769Z,0,0,549,230,0
2026-08-17T01:25:11.2283444Z,0,0,549,230,0
2026-08-17T01:25:11.2335396Z,0,0,549,230,0
2026-08-17T01:25:11.2383281Z,0,0,549,230,0
2026-08-17T01:25:11.2434173Z,0,0,549,230,0
2026-08-17T01:25:11.2482109Z,0,0,549,230,0
2026-08-17T01:25:11.2533667Z,0,0,549,230,0
2026-08-17T01:25:11.2586481Z,0,0,549,230,0
2026-08-17T01:25:11.2636901Z,0,0,549,230,0
2026-08-17T01:25:11.2685718Z,0,0,549,230,0
2026-08-17T01:25:11.2734676Z,0,0,549,230,0
2026-08-17T01:25:11.2783664Z,0,0,549,230,0
2026-08-17T01:25:11.2832167Z,0,0,549,230,0
2026-08-17T01:25:11.2884489Z,0,0,549,230,0
2026-08-17T01:25:11.2935112Z,0,0,549,230,0
2026-08-17T01:25:11.2982697Z,0,0,549,230,0
2026-08-17T01:25:11.3036339Z,0,0,549,230,0
2026-08-17T01:25:11.3079683Z,0,0,549,230,0
2026-08-17T01:25:11.3134543Z,0,0,549,230,0
2026-08-17T01:25:11.3181916Z,0,0,549,230,0
2026-08-17T01:25:11.3229451Z,0,0,549,230,0
2026-08-17T01:25:11.3280069Z,0,0,549,230,0
2026-08-17T01:25:11.3331523Z,0,0,549,230,0
2026-08-17T01:25:11.3382868Z,0,0,549,230,0
2026-08-17T01:25:11.343069Z,0,0,549,230,0
2026-08-17T01:25:11.3482623Z,0,0,549,230,0
2026-08-17T01:25:11.3532492Z,0,0,549,230,0
2026-08-17T01:25:11.3586083Z,0,0,549,230,0
2026-08-17T01:25:11.3638576Z,0,0,549,230,0
2026-08-17T01:25:11.3681294Z,0,0,549,230,0
2026-08-17T01:25:11.3735567Z,0,0,549,230,0
2026-08-17T01:25:11.3788074Z,0,0,549,230,0
2026-08-17T01:25:11.3829902Z,0,0,549,230,0
2026-08-17T01:25:11.3885156Z,0,0,549,230,0
2026-08-17T01:25:11.3934786Z,0,0,549,230,0
2026-08-17T01:25:11.3987753Z,0,0,549,230,0
2026-08-17T01:25:11.4031584Z,0,0,549,230,0
2026-08-17T01:25:11.4083685Z,0,0,549,230,0
2026-08-17T01:25:11.4132815Z,0,0,549,230,0
2026-08-17T01:25:11.4188574Z,0,0,549,230,0
2026-08-17T01:25:11.4229897Z,0,0,549,230,0
2026-08-17T01:25:11.4284448Z,0,0,549,230,0
2026-08-17T01:25:11.4334096Z,0,0,549,230,0
2026-08-17T01:25:11.4382225Z,0,0,549,230,0
2026-08-17T01:25:11.4431134Z,0,0,549,230,0
2026-08-17T01:25:11.4483405Z,0,0,549,230,0
2026-08-17T01:25:11.4531242Z,0,0,549,230,0
2026-08-17T01:25:11.4582854Z,0,0,549,230,0
2026-08-17T01:25:11.4633857Z,0,0,549,230,0
2026-08-17T01:25:11.4682465Z,0,0,549,230,0
2026-08-17T01:25:11.4733685Z,0,0,549,230,0
2026-08-17T01:25:11.4784037Z,0,0,549,230,0
2026-08-17T01:25:11.4834774Z,0,0,549,230,0
2026-08-17T01:25:11.4881539Z,0,0,549,230,0
2026-08-17T01:25:11.4933452Z,0,0,549,230,0
2026-08-17T01:25:11.4984867Z,0,0,549,230,0
2026-08-17T01:25:11.5032863Z,0,0,549,230,0
2026-08-17T01:25:11.5085998Z,0,0,549,230,0
2026-08-17T01:25:11.5135479Z,0,0,549,230,0
2026-08-17T01:25:11.5183099Z,0,0,549,230,0
2026-08-17T01:25:11.523278Z,0,0,549,230,0
2026-08-17T01:25:11.5280369Z,0,0,549,230,0
2026-08-17T01:25:11.5333981Z,0,0,549,230,0
2026-08-17T01:25:11.5381818Z,0,0,549,230,0
2026-08-17T01:25:11.5432224Z,0,0,549,230,0
2026-08-17T01:25:11.5481842Z,0,0,549,230,0
2026-08-17T01:25:11.5530543Z,0,0,549,230,0
2026-08-17T01:25:11.5582739Z,0,0,549,230,0
2026-08-17T01:25:11.5634094Z,0,0,549,230,0
2026-08-17T01:25:11.5685319Z,0,0,549,230,0
2026-08-17T01:25:11.5732367Z,0,0,549,230,0
2026-08-17T01:25:11.5781604Z,0,0,549,230,0
2026-08-17T01:25:11.5833235Z,0,0,549,230,0
2026-08-17T01:25:11.5885267Z,0,0,549,230,0
2026-08-17T01:25:11.5930984Z,0,0,549,230,0
2026-08-17T01:25:11.5983462Z,0,0,549,230,0
2026-08-17T01:25:11.6033189Z,0,0,549,230,0
2026-08-17T01:25:11.6083646Z,0,0,549,230,0
2026-08-17T01:25:11.6135262Z,0,0,549,230,0
2026-08-17T01:25:11.6183026Z,0,0,549,230,0
2026-08-17T01:25:11.6242383Z,0,0,549,230,0
2026-08-17T01:25:11.6284548Z,0,0,549,230,0
2026-08-17T01:25:11.6333179Z,0,0,549,230,0
2026-08-17T01:25:11.6387077Z,0,0,549,230,0
2026-08-17T01:25:11.6430377Z,0,0,549,230,0
2026-08-17T01:25:11.6486618Z,0,0,549,230,0
2026-08-17T01:25:11.6532779Z,0,0,549,230,0
2026-08-17T01:25:11.6584925Z,0,0,549,230,0
2026-08-17T01:25:11.6633397Z,0,0,549,230,0
2026-08-17T01:25:11.6686634Z,0,0,549,230,0
2026-08-17T01:25:11.6732941Z,0,0,549,230,0
2026-08-17T01:25:11.6782444Z,0,0,549,230,0
2026-08-17T01:25:11.6833712Z,0,0,549,230,0
2026-08-17T01:25:11.6879809Z,0,0,549,230,0
2026-08-17T01:25:11.6933036Z,0,0,549,230,0
2026-08-17T01:25:11.698614Z,0,0,549,230,0
2026-08-17T01:25:11.7034635Z,0,0,549,230,0
2026-08-17T01:25:11.7087372Z,0,0,549,230,0
2026-08-17T01:25:11.7130902Z,0,0,549,230,0
2026-08-17T01:25:11.7182589Z,0,0,549,230,0
2026-08-17T01:25:11.7231661Z,0,0,549,230,0
2026-08-17T01:25:11.7283529Z,0,0,549,230,0
2026-08-17T01:25:11.7333467Z,0,0,549,230,0
2026-08-17T01:25:11.7380728Z,0,0,549,230,0
2026-08-17T01:25:11.7431165Z,0,0,549,230,0
2026-08-17T01:25:11.7483532Z,0,0,549,230,0
2026-08-17T01:25:11.7531695Z,0,0,549,230,0
2026-08-17T01:25:11.75855Z,0,0,549,230,0
2026-08-17T01:25:11.7631665Z,0,0,549,230,0
2026-08-17T01:25:11.7684171Z,0,0,549,230,0
2026-08-17T01:25:11.7733587Z,0,0,549,230,0
2026-08-17T01:25:11.7782495Z,0,0,549,230,0
2026-08-17T01:25:11.7831572Z,0,0,549,230,0
2026-08-17T01:25:11.7883906Z,0,0,549,230,0
2026-08-17T01:25:11.7932651Z,0,0,549,230,0
2026-08-17T01:25:11.7985406Z,0,0,549,230,0
2026-08-17T01:25:11.8033657Z,0,0,549,230,0
2026-08-17T01:25:11.8081601Z,0,0,549,230,0
2026-08-17T01:25:11.8134193Z,0,0,549,230,0
2026-08-17T01:25:11.8180547Z,0,0,549,230,0
2026-08-17T01:25:11.8233935Z,0,0,549,230,0
2026-08-17T01:25:11.8280871Z,0,0,549,230,0
2026-08-17T01:25:11.833233Z,0,0,549,230,0
2026-08-17T01:25:11.8379986Z,0,0,549,230,0
2026-08-17T01:25:11.8430209Z,0,0,549,230,0
2026-08-17T01:25:11.8484411Z,0,0,549,230,0
2026-08-17T01:25:11.8534279Z,0,0,549,230,0
2026-08-17T01:25:11.8583794Z,0,0,549,230,0
2026-08-17T01:25:11.8632597Z,0,0,549,230,0
2026-08-17T01:25:11.8684342Z,0,0,549,230,0
2026-08-17T01:25:11.8731273Z,0,0,549,230,0
2026-08-17T01:25:11.87843Z,0,0,549,230,0
2026-08-17T01:25:11.8832913Z,0,0,549,230,0
2026-08-17T01:25:11.8884532Z,0,0,549,230,0
2026-08-17T01:25:11.8932412Z,0,0,549,230,0
2026-08-17T01:25:11.898015Z,0,0,549,230,0
2026-08-17T01:25:11.9033618Z,0,0,549,230,0
2026-08-17T01:25:11.9080303Z,0,0,549,230,0
2026-08-17T01:25:11.9129809Z,0,0,549,230,0
2026-08-17T01:25:11.9181917Z,0,0,549,230,0
2026-08-17T01:25:11.9234814Z,0,0,549,230,0
2026-08-17T01:25:11.9282408Z,0,0,549,230,0
2026-08-17T01:25:11.9331985Z,0,0,549,230,0
2026-08-17T01:25:11.9383745Z,0,0,549,230,0
2026-08-17T01:25:11.943486Z,0,0,549,230,0
2026-08-17T01:25:11.9480222Z,0,0,549,230,0
2026-08-17T01:25:11.9539251Z,0,0,549,230,0
2026-08-17T01:25:11.958166Z,0,0,549,230,0
2026-08-17T01:25:11.9631385Z,0,0,549,230,0
2026-08-17T01:25:11.968368Z,0,0,549,230,0
2026-08-17T01:25:11.9735432Z,0,0,549,230,0
2026-08-17T01:25:11.9783674Z,0,0,549,230,0
2026-08-17T01:25:11.9833217Z,0,0,549,230,0
2026-08-17T01:25:11.9886091Z,0,0,549,230,0
2026-08-17T01:25:11.993119Z,0,0,549,230,0
2026-08-17T01:25:11.9980297Z,0,0,549,230,0
2026-08-17T01:25:12.0036292Z,0,0,549,230,0
2026-08-17T01:25:12.0084433Z,0,0,549,230,0
2026-08-17T01:25:12.013038Z,0,0,549,230,0
2026-08-17T01:25:12.0184271Z,0,0,549,230,0
2026-08-17T01:25:12.0237901Z,0,0,549,230,0
2026-08-17T01:25:12.0279869Z,0,0,549,230,0
2026-08-17T01:25:12.0333047Z,0,0,549,230,0
2026-08-17T01:25:12.0385426Z,0,0,549,230,0
2026-08-17T01:25:12.0432661Z,0,0,549,230,0
2026-08-17T01:25:12.0484649Z,0,0,549,230,0
2026-08-17T01:25:12.0534402Z,0,0,549,230,0
2026-08-17T01:25:12.0582223Z,0,0,549,230,0
2026-08-17T01:25:12.0631177Z,0,0,549,230,0
2026-08-17T01:25:12.0680452Z,0,0,549,230,0
2026-08-17T01:25:12.0732014Z,0,0,549,230,0
2026-08-17T01:25:12.078379Z,0,0,549,230,0
2026-08-17T01:25:12.0830917Z,0,0,549,230,0
2026-08-17T01:25:12.0880776Z,0,0,549,230,0
2026-08-17T01:25:12.0931263Z,0,0,549,230,0
2026-08-17T01:25:12.0980473Z,0,0,549,230,0
2026-08-17T01:25:12.1033592Z,0,0,549,230,0
2026-08-17T01:25:12.1084413Z,0,0,549,230,0
2026-08-17T01:25:12.1130375Z,0,0,549,230,0
2026-08-17T01:25:12.1185441Z,0,0,549,230,0
2026-08-17T01:25:12.1234975Z,0,0,549,230,0
2026-08-17T01:25:12.1284286Z,0,0,549,230,0
2026-08-17T01:25:12.1330258Z,0,0,549,230,0
2026-08-17T01:25:12.138443Z,0,0,549,230,0
2026-08-17T01:25:12.1433911Z,0,0,549,230,0
2026-08-17T01:25:12.1481284Z,0,0,549,230,0
2026-08-17T01:25:12.1530166Z,0,0,549,230,0
2026-08-17T01:25:12.1584526Z,0,0,549,230,0
2026-08-17T01:25:12.1634038Z,0,0,549,230,0
2026-08-17T01:25:12.1682231Z,0,0,549,230,0
2026-08-17T01:25:12.1731816Z,0,0,549,230,0
2026-08-17T01:25:12.178239Z,0,0,549,230,0
2026-08-17T01:25:12.1831601Z,0,0,549,230,0
2026-08-17T01:25:12.188091Z,0,0,549,230,0
2026-08-17T01:25:12.1935087Z,0,0,549,230,0
2026-08-17T01:25:12.1988158Z,0,0,549,230,0
2026-08-17T01:25:12.2032912Z,0,0,549,230,0
2026-08-17T01:25:12.2082376Z,0,0,549,230,0
2026-08-17T01:25:12.2130426Z,0,0,549,230,0
2026-08-17T01:25:12.21808Z,0,0,549,230,0
2026-08-17T01:25:12.2230467Z,0,0,549,230,0
2026-08-17T01:25:12.2279977Z,0,0,549,230,0
2026-08-17T01:25:12.2329359Z,0,0,549,230,0
2026-08-17T01:25:12.2382338Z,0,0,549,230,0
2026-08-17T01:25:12.2431997Z,0,0,549,230,0
2026-08-17T01:25:12.2483568Z,0,0,549,230,0
2026-08-17T01:25:12.2533198Z,0,0,549,230,0
2026-08-17T01:25:12.2581279Z,0,0,549,230,0
2026-08-17T01:25:12.2631803Z,0,0,549,230,0
2026-08-17T01:25:12.2683565Z,0,0,549,230,0
2026-08-17T01:25:12.2730279Z,0,0,549,230,0
2026-08-17T01:25:12.278069Z,0,0,549,230,0
2026-08-17T01:25:12.2831832Z,0,0,549,230,0
2026-08-17T01:25:12.2882049Z,0,0,549,230,0
2026-08-17T01:25:12.2932908Z,0,0,549,230,0
2026-08-17T01:25:12.2979965Z,0,0,549,230,0
2026-08-17T01:25:12.3034684Z,0,0,549,230,0
2026-08-17T01:25:12.3084336Z,0,0,549,230,0
2026-08-17T01:25:12.3130958Z,0,0,549,230,0
2026-08-17T01:25:12.3180556Z,0,0,549,230,0
2026-08-17T01:25:12.3229929Z,0,0,549,230,0
2026-08-17T01:25:12.3279502Z,0,0,549,230,0
2026-08-17T01:25:12.3333748Z,0,0,549,230,0
2026-08-17T01:25:12.3380512Z,0,0,549,230,0
2026-08-17T01:25:12.3429657Z,0,0,549,230,0
2026-08-17T01:25:12.3481589Z,0,0,549,230,0
2026-08-17T01:25:12.3534331Z,0,0,549,230,0
2026-08-17T01:25:12.3582366Z,0,0,549,230,0
2026-08-17T01:25:12.3634882Z,0,0,549,230,0
2026-08-17T01:25:12.3684584Z,0,0,549,230,0
2026-08-17T01:25:12.3735131Z,0,0,549,230,0
2026-08-17T01:25:12.3783143Z,0,0,549,230,0
2026-08-17T01:25:12.3834001Z,0,0,549,230,0
2026-08-17T01:25:12.3882569Z,0,0,549,230,0
2026-08-17T01:25:12.3934024Z,0,0,549,230,0
2026-08-17T01:25:12.3983977Z,0,0,549,230,0
2026-08-17T01:25:12.4032166Z,0,0,549,230,0
2026-08-17T01:25:12.4081012Z,0,0,549,230,0
2026-08-17T01:25:12.4130509Z,0,0,549,230,0
2026-08-17T01:25:12.4184307Z,0,0,549,230,0
2026-08-17T01:25:12.4233626Z,0,0,549,230,0
2026-08-17T01:25:12.4282476Z,0,0,549,230,0
2026-08-17T01:25:12.4333525Z,0,0,549,230,0
2026-08-17T01:25:12.4380945Z,0,0,549,230,0
2026-08-17T01:25:12.4432277Z,0,0,549,230,0
2026-08-17T01:25:12.4484916Z,0,0,549,230,0
2026-08-17T01:25:12.4534545Z,0,0,549,230,0
2026-08-17T01:25:12.4582852Z,0,0,549,230,0
2026-08-17T01:25:12.4630177Z,0,0,549,230,0
2026-08-17T01:25:12.4681222Z,0,0,549,230,0
2026-08-17T01:25:12.4732355Z,0,0,549,230,0
2026-08-17T01:25:12.4782365Z,0,0,549,230,0
2026-08-17T01:25:12.4833885Z,0,0,549,230,0
2026-08-17T01:25:12.4882897Z,0,0,549,230,0
2026-08-17T01:25:12.4934249Z,0,0,549,230,0
2026-08-17T01:25:12.4982869Z,0,0,549,230,0
2026-08-17T01:25:12.5032588Z,0,0,549,230,0
2026-08-17T01:25:12.508542Z,0,0,549,230,0
2026-08-17T01:25:12.5134046Z,0,0,549,230,0
2026-08-17T01:25:12.5181669Z,0,0,549,230,0
2026-08-17T01:25:12.5230805Z,0,0,549,230,0
2026-08-17T01:25:12.528172Z,0,0,549,230,0
2026-08-17T01:25:12.5332292Z,0,0,549,230,0
2026-08-17T01:25:12.5385005Z,0,0,549,230,0
2026-08-17T01:25:12.5433515Z,0,0,549,230,0
2026-08-17T01:25:12.5481462Z,0,0,549,230,0
2026-08-17T01:25:12.5532585Z,0,0,549,230,0
2026-08-17T01:25:12.5580344Z,0,0,549,230,0
2026-08-17T01:25:12.562985Z,0,0,549,230,0
2026-08-17T01:25:12.5680823Z,0,0,549,230,0
2026-08-17T01:25:12.5732707Z,0,0,549,230,0
2026-08-17T01:25:12.5779989Z,0,0,549,230,0
2026-08-17T01:25:12.5829848Z,0,0,549,230,0
2026-08-17T01:25:12.5880266Z,0,0,549,230,0
2026-08-17T01:25:12.5932347Z,0,0,549,230,0
2026-08-17T01:25:12.5984499Z,0,0,549,230,0
2026-08-17T01:25:12.603384Z,0,0,549,230,0
2026-08-17T01:25:12.6083533Z,0,0,549,230,0
2026-08-17T01:25:12.613362Z,0,0,549,230,0
2026-08-17T01:25:12.6181084Z,0,0,549,230,0
2026-08-17T01:25:12.623021Z,0,0,549,230,0
2026-08-17T01:25:12.628064Z,0,0,549,230,0
2026-08-17T01:25:12.633198Z,0,0,549,230,0
2026-08-17T01:25:12.6381131Z,0,0,549,230,0
2026-08-17T01:25:12.6432145Z,0,0,549,230,0
2026-08-17T01:25:12.6483858Z,0,0,549,230,0
2026-08-17T01:25:12.6533577Z,0,0,549,230,0
2026-08-17T01:25:12.6585974Z,0,0,549,230,0
2026-08-17T01:25:12.6632786Z,0,0,549,230,0
2026-08-17T01:25:12.6686712Z,0,0,549,230,0
2026-08-17T01:25:12.6733117Z,0,0,549,230,0
2026-08-17T01:25:12.6781765Z,0,0,549,230,0
2026-08-17T01:25:12.6837136Z,0,0,549,230,0
2026-08-17T01:25:12.6885691Z,0,0,549,230,0
2026-08-17T01:25:12.6931176Z,0,0,549,230,0
2026-08-17T01:25:12.698192Z,0,0,549,230,0
2026-08-17T01:25:12.7030244Z,0,0,549,230,0
2026-08-17T01:25:12.7081284Z,0,0,549,230,0
2026-08-17T01:25:12.7131946Z,0,0,549,230,0
2026-08-17T01:25:12.7185232Z,0,0,549,230,0
2026-08-17T01:25:12.7233657Z,0,0,549,230,0
2026-08-17T01:25:12.7280695Z,0,0,549,230,0
2026-08-17T01:25:12.7331902Z,0,0,549,230,0
2026-08-17T01:25:12.7380745Z,0,0,549,230,0
2026-08-17T01:25:12.742996Z,0,0,549,230,0
2026-08-17T01:25:12.7485197Z,0,0,549,230,0
2026-08-17T01:25:12.7534139Z,0,0,549,230,0
2026-08-17T01:25:12.7580519Z,0,0,549,230,0
2026-08-17T01:25:12.7633585Z,0,0,549,230,0
2026-08-17T01:25:12.7683606Z,0,0,549,230,0
2026-08-17T01:25:12.7733645Z,0,0,549,230,0
2026-08-17T01:25:12.7780939Z,0,0,549,230,0
2026-08-17T01:25:12.7830828Z,0,0,549,230,0
2026-08-17T01:25:12.7882587Z,0,0,549,230,0
2026-08-17T01:25:12.7932717Z,0,0,549,230,0
2026-08-17T01:25:12.798222Z,0,0,549,230,0
2026-08-17T01:25:12.8036933Z,0,0,549,230,0
2026-08-17T01:25:12.8085202Z,0,0,549,230,0
2026-08-17T01:25:12.8133645Z,0,0,549,230,0
2026-08-17T01:25:12.8180823Z,0,0,549,230,0
2026-08-17T01:25:12.8236008Z,0,0,549,230,0
2026-08-17T01:25:12.8283549Z,0,0,549,230,0
2026-08-17T01:25:12.8337198Z,0,0,549,230,0
2026-08-17T01:25:12.8381372Z,0,0,549,230,0
2026-08-17T01:25:12.843195Z,0,0,549,230,0
2026-08-17T01:25:12.8481947Z,0,0,549,230,0
2026-08-17T01:25:12.853268Z,0,0,549,230,0
2026-08-17T01:25:12.8582505Z,0,0,549,230,0
2026-08-17T01:25:12.8629915Z,0,0,549,230,0
2026-08-17T01:25:12.868163Z,0,0,549,230,0
2026-08-17T01:25:12.8731681Z,0,0,549,230,0
2026-08-17T01:25:12.8780002Z,0,0,549,230,0
2026-08-17T01:25:12.883002Z,0,0,549,230,0
2026-08-17T01:25:12.8880329Z,0,0,549,230,0
2026-08-17T01:25:12.8931376Z,0,0,549,230,0
2026-08-17T01:25:12.8984725Z,0,0,549,230,0
2026-08-17T01:25:12.9035033Z,0,0,549,230,0
2026-08-17T01:25:12.9080447Z,0,0,549,230,0
2026-08-17T01:25:12.913064Z,0,0,549,230,0
2026-08-17T01:25:12.9183238Z,0,0,549,230,0
2026-08-17T01:25:12.9234551Z,0,0,549,230,0
2026-08-17T01:25:12.9282883Z,0,0,549,230,0
2026-08-17T01:25:12.933364Z,0,0,549,230,0
2026-08-17T01:25:12.9382776Z,0,0,549,230,0
2026-08-17T01:25:12.9436661Z,0,0,549,230,0
2026-08-17T01:25:12.9483722Z,0,0,549,230,0
2026-08-17T01:25:12.9534375Z,0,0,549,230,0
2026-08-17T01:25:12.9586574Z,0,0,549,230,0
2026-08-17T01:25:12.9632576Z,0,0,549,230,0
2026-08-17T01:25:12.96804Z,0,0,549,230,0
2026-08-17T01:25:12.9734019Z,0,0,549,230,0
2026-08-17T01:25:12.9781353Z,0,0,549,230,0
2026-08-17T01:25:12.9830109Z,0,0,549,230,0
2026-08-17T01:25:12.9880231Z,0,0,549,230,0
2026-08-17T01:25:12.9934161Z,0,0,549,230,0
2026-08-17T01:25:12.9981772Z,0,0,549,230,0
2026-08-17T01:25:13.0033739Z,0,0,549,230,0
2026-08-17T01:25:13.0082677Z,0,0,549,230,0
2026-08-17T01:25:13.0134039Z,0,0,549,230,0
2026-08-17T01:25:13.0182089Z,0,0,549,230,0
2026-08-17T01:25:13.0233134Z,0,0,549,230,0
2026-08-17T01:25:13.0282013Z,0,0,549,230,0
2026-08-17T01:25:13.0331918Z,0,0,549,230,0
2026-08-17T01:25:13.0380968Z,0,0,549,230,0
2026-08-17T01:25:13.0433518Z,0,0,549,230,0
2026-08-17T01:25:13.0481263Z,0,0,549,230,0
2026-08-17T01:25:13.053481Z,0,0,549,230,0
2026-08-17T01:25:13.0581817Z,0,0,549,230,0
2026-08-17T01:25:13.0634768Z,0,0,549,230,0
2026-08-17T01:25:13.068435Z,0,0,549,230,0
2026-08-17T01:25:13.0731106Z,0,0,549,230,0
2026-08-17T01:25:13.0779455Z,0,0,549,230,0
2026-08-17T01:25:13.0833262Z,0,0,549,230,0
2026-08-17T01:25:13.0883953Z,0,0,549,230,0
2026-08-17T01:25:13.0930235Z,0,0,549,230,0
2026-08-17T01:25:13.0980886Z,0,0,549,230,0
2026-08-17T01:25:13.1033041Z,0,0,549,230,0
2026-08-17T01:25:13.1082339Z,0,0,549,230,0
2026-08-17T01:25:13.1132536Z,0,0,549,230,0
2026-08-17T01:25:13.1182463Z,0,0,549,230,0
2026-08-17T01:25:13.1232221Z,0,0,549,230,0
2026-08-17T01:25:13.1279565Z,0,0,549,230,0
2026-08-17T01:25:13.1330211Z,0,0,549,230,0
2026-08-17T01:25:13.1382143Z,0,0,549,230,0
2026-08-17T01:25:13.1431705Z,0,0,549,230,0
2026-08-17T01:25:13.1480077Z,0,0,549,230,0
2026-08-17T01:25:13.1533985Z,0,0,549,230,0
2026-08-17T01:25:13.158361Z,0,0,549,230,0
2026-08-17T01:25:13.1631069Z,0,0,549,230,0
2026-08-17T01:25:13.167988Z,0,0,549,230,0
2026-08-17T01:25:13.1731971Z,0,0,549,230,0
2026-08-17T01:25:13.1779773Z,0,0,549,230,0
2026-08-17T01:25:13.1829745Z,0,0,549,230,0
2026-08-17T01:25:13.188425Z,0,0,549,230,0
2026-08-17T01:25:13.1932582Z,0,0,549,230,0
2026-08-17T01:25:13.1980692Z,0,0,549,230,0
2026-08-17T01:25:13.2031027Z,0,0,549,230,0
2026-08-17T01:25:13.2079851Z,0,0,549,230,0
2026-08-17T01:25:13.2133204Z,0,0,549,230,0
2026-08-17T01:25:13.2182976Z,0,0,549,230,0
2026-08-17T01:25:13.2233044Z,0,0,549,230,0
2026-08-17T01:25:13.2279698Z,0,0,549,230,0
2026-08-17T01:25:13.2331384Z,0,0,549,230,0
2026-08-17T01:25:13.2382637Z,0,0,549,230,0
2026-08-17T01:25:13.2433694Z,0,0,549,230,0
2026-08-17T01:25:13.2483576Z,0,0,549,230,0
2026-08-17T01:25:13.2532415Z,0,0,549,230,0
2026-08-17T01:25:13.2581511Z,0,0,549,230,0
2026-08-17T01:25:13.2632094Z,0,0,549,230,0
2026-08-17T01:25:13.2679932Z,0,0,549,230,0
2026-08-17T01:25:13.2733161Z,0,0,549,230,0
2026-08-17T01:25:13.2779446Z,0,0,549,230,0
2026-08-17T01:25:13.2832806Z,0,0,549,230,0
2026-08-17T01:25:13.2883875Z,0,0,549,230,0
2026-08-17T01:25:13.2933294Z,0,0,549,230,0
2026-08-17T01:25:13.2980924Z,0,0,549,230,0
2026-08-17T01:25:13.3029942Z,0,0,549,230,0
2026-08-17T01:25:13.3083216Z,0,0,549,230,0
2026-08-17T01:25:13.3134759Z,0,0,549,230,0
2026-08-17T01:25:13.3183148Z,0,0,549,230,0
2026-08-17T01:25:13.3233218Z,0,0,549,230,0
2026-08-17T01:25:13.328083Z,0,0,549,230,0
2026-08-17T01:25:13.3332358Z,0,0,549,230,0
2026-08-17T01:25:13.3380619Z,0,0,549,230,0
2026-08-17T01:25:13.3432012Z,0,0,549,230,0
2026-08-17T01:25:13.3481608Z,0,0,549,230,0
2026-08-17T01:25:13.3531095Z,0,0,549,230,0
2026-08-17T01:25:13.3581637Z,0,0,549,230,0
2026-08-17T01:25:13.3632943Z,0,0,549,230,0
2026-08-17T01:25:13.3680543Z,0,0,549,230,0
2026-08-17T01:25:13.3735212Z,0,0,549,230,0
2026-08-17T01:25:13.3782589Z,0,0,549,230,0
2026-08-17T01:25:13.383464Z,0,0,549,230,0
2026-08-17T01:25:13.3882762Z,0,0,549,230,0
2026-08-17T01:25:13.3934541Z,0,0,549,230,0
2026-08-17T01:25:13.398251Z,0,0,549,230,0
2026-08-17T01:25:13.4033393Z,0,0,549,230,0
2026-08-17T01:25:13.4081212Z,0,0,549,230,0
2026-08-17T01:25:13.4130221Z,0,0,549,230,0
2026-08-17T01:25:13.4181166Z,0,0,549,230,0
2026-08-17T01:25:13.4230296Z,0,0,549,230,0
2026-08-17T01:25:13.4281287Z,0,0,549,230,0
2026-08-17T01:25:13.4331314Z,0,0,549,230,0
2026-08-17T01:25:13.4381402Z,0,0,549,230,0
2026-08-17T01:25:13.4437302Z,0,0,549,230,0
2026-08-17T01:25:13.4481173Z,0,0,549,230,0
2026-08-17T01:25:13.4531153Z,0,0,549,230,0
2026-08-17T01:25:13.4582074Z,0,0,549,230,0
2026-08-17T01:25:13.4633083Z,0,0,549,230,0
2026-08-17T01:25:13.4682358Z,0,0,549,230,0
2026-08-17T01:25:13.4732254Z,0,0,549,230,0
2026-08-17T01:25:13.4782299Z,0,0,549,230,0
2026-08-17T01:25:13.4832714Z,0,0,549,230,0
2026-08-17T01:25:13.4880815Z,0,0,549,230,0
2026-08-17T01:25:13.4932348Z,0,0,549,230,0
2026-08-17T01:25:13.4988782Z,0,0,549,230,0
2026-08-17T01:25:13.5033092Z,0,0,549,230,0
2026-08-17T01:25:13.5083655Z,0,0,549,230,0
2026-08-17T01:25:13.5135416Z,0,0,549,230,0
2026-08-17T01:25:13.5182816Z,0,0,549,230,0
2026-08-17T01:25:13.5232469Z,0,0,549,230,0
2026-08-17T01:25:13.5289646Z,0,0,549,230,0
2026-08-17T01:25:13.53346Z,0,0,549,230,0
2026-08-17T01:25:13.5382711Z,0,0,549,230,0
2026-08-17T01:25:13.5432853Z,0,0,549,230,0
2026-08-17T01:25:13.5481845Z,0,0,549,230,0
2026-08-17T01:25:13.5534063Z,0,0,549,230,0
2026-08-17T01:25:13.5587062Z,0,0,549,230,0
2026-08-17T01:25:13.5636236Z,0,0,549,230,0
2026-08-17T01:25:13.5684019Z,0,0,549,230,0
2026-08-17T01:25:13.5733645Z,0,0,549,230,0
2026-08-17T01:25:13.5780624Z,0,0,549,230,0
2026-08-17T01:25:13.5831758Z,0,0,549,230,0
2026-08-17T01:25:13.588343Z,0,0,549,230,0
2026-08-17T01:25:13.5933434Z,0,0,549,230,0
2026-08-17T01:25:13.5984772Z,0,0,549,230,0
2026-08-17T01:25:13.6032118Z,0,0,549,230,0
2026-08-17T01:25:13.6082192Z,0,0,549,230,0
2026-08-17T01:25:13.6130106Z,0,0,549,230,0
2026-08-17T01:25:13.6179951Z,0,0,549,230,0
2026-08-17T01:25:13.6233239Z,0,0,549,230,0
2026-08-17T01:25:13.6280118Z,0,0,549,230,0
2026-08-17T01:25:13.6334268Z,0,0,549,230,0
2026-08-17T01:25:13.6381926Z,0,0,549,230,0
2026-08-17T01:25:13.6431018Z,0,0,549,230,0
2026-08-17T01:25:13.6481828Z,0,0,549,230,0
2026-08-17T01:25:13.6531039Z,0,0,549,230,0
2026-08-17T01:25:13.6583524Z,0,0,549,230,0
2026-08-17T01:25:13.6632888Z,0,0,549,230,0
2026-08-17T01:25:13.6680227Z,0,0,549,230,0
2026-08-17T01:25:13.6734198Z,0,0,549,230,0
2026-08-17T01:25:13.6781513Z,0,0,549,230,0
2026-08-17T01:25:13.6830503Z,0,0,549,230,0
2026-08-17T01:25:13.688101Z,0,0,549,230,0
2026-08-17T01:25:13.693369Z,0,0,549,230,0
2026-08-17T01:25:13.6981047Z,0,0,549,230,0
2026-08-17T01:25:13.7031847Z,0,0,549,230,0
2026-08-17T01:25:13.708489Z,0,0,549,230,0
2026-08-17T01:25:13.7135439Z,0,0,549,230,0
2026-08-17T01:25:13.7182129Z,0,0,549,230,0
2026-08-17T01:25:13.72337Z,0,0,549,230,0
2026-08-17T01:25:13.7283849Z,0,0,549,230,0
2026-08-17T01:25:13.7335057Z,0,0,549,230,0
2026-08-17T01:25:13.7381858Z,0,0,549,230,0
2026-08-17T01:25:13.7432303Z,0,0,549,230,0
2026-08-17T01:25:13.7482355Z,0,0,549,230,0
2026-08-17T01:25:13.7531124Z,0,0,549,230,0
2026-08-17T01:25:13.7583065Z,0,0,549,230,0
2026-08-17T01:25:13.7633505Z,0,0,549,230,0
2026-08-17T01:25:13.7679926Z,0,0,549,230,0
2026-08-17T01:25:13.7731906Z,0,0,549,230,0
2026-08-17T01:25:13.7783876Z,0,0,549,230,0
2026-08-17T01:25:13.7833647Z,0,0,549,230,0
2026-08-17T01:25:13.788083Z,0,0,549,230,0
2026-08-17T01:25:13.7934545Z,0,0,549,230,0
2026-08-17T01:25:13.7981244Z,0,0,549,230,0
2026-08-17T01:25:13.8032368Z,0,0,549,230,0
2026-08-17T01:25:13.8080414Z,0,0,549,230,0
2026-08-17T01:25:13.813407Z,0,0,549,230,0
2026-08-17T01:25:13.8180442Z,0,0,549,230,0
2026-08-17T01:25:13.8234188Z,0,0,549,230,0
2026-08-17T01:25:13.8282709Z,0,0,549,230,0
2026-08-17T01:25:13.8331246Z,0,0,549,230,0
2026-08-17T01:25:13.8384546Z,0,0,549,230,0
2026-08-17T01:25:13.8432865Z,0,0,549,230,0
2026-08-17T01:25:13.8484682Z,0,0,549,230,0
2026-08-17T01:25:13.8531686Z,0,0,549,230,0
2026-08-17T01:25:13.8584215Z,0,0,549,230,0
2026-08-17T01:25:13.8630535Z,0,0,549,230,0
2026-08-17T01:25:13.8684513Z,0,0,549,230,0
2026-08-17T01:25:13.873269Z,0,0,549,230,0
2026-08-17T01:25:13.8781546Z,0,0,549,230,0
2026-08-17T01:25:13.8831622Z,0,0,549,230,0
2026-08-17T01:25:13.8884143Z,0,0,549,230,0
2026-08-17T01:25:13.8930965Z,0,0,549,230,0
2026-08-17T01:25:13.8984964Z,0,0,549,230,0
2026-08-17T01:25:13.9033701Z,0,0,549,230,0
2026-08-17T01:25:13.9082476Z,0,0,549,230,0
2026-08-17T01:25:13.9135486Z,0,0,549,230,0
2026-08-17T01:25:13.9183698Z,0,0,549,230,0
2026-08-17T01:25:13.9233561Z,0,0,549,230,0
2026-08-17T01:25:13.9281321Z,0,0,549,230,0
2026-08-17T01:25:13.9334234Z,0,0,549,230,0
2026-08-17T01:25:13.9381782Z,0,0,549,230,0
2026-08-17T01:25:13.9434625Z,0,0,549,230,0
2026-08-17T01:25:13.9481574Z,0,0,549,230,0
2026-08-17T01:25:13.9531282Z,0,0,549,230,0
2026-08-17T01:25:13.9581287Z,0,0,549,230,0
2026-08-17T01:25:13.9630138Z,0,0,549,230,0
2026-08-17T01:25:13.9683998Z,0,0,549,230,0
2026-08-17T01:25:13.9732581Z,0,0,549,230,0
2026-08-17T01:25:13.978091Z,0,0,549,230,0
2026-08-17T01:25:13.98321Z,0,0,549,230,0
2026-08-17T01:25:13.988381Z,0,0,549,230,0
2026-08-17T01:25:13.9933444Z,0,0,549,230,0
2026-08-17T01:25:13.998264Z,0,0,549,230,0
2026-08-17T01:25:14.0032659Z,0,0,549,230,0
2026-08-17T01:25:14.0085008Z,0,0,549,230,0
2026-08-17T01:25:14.0134305Z,0,0,549,230,0
2026-08-17T01:25:14.0183994Z,0,0,549,230,0
2026-08-17T01:25:14.0229895Z,0,0,549,230,0
2026-08-17T01:25:14.028428Z,0,0,549,230,0
2026-08-17T01:25:14.0334593Z,0,0,549,230,0
2026-08-17T01:25:14.0382021Z,0,0,549,230,0
2026-08-17T01:25:14.0432674Z,0,0,549,230,0
2026-08-17T01:25:14.0480151Z,0,0,549,230,0
2026-08-17T01:25:14.0534683Z,0,0,549,230,0
2026-08-17T01:25:14.0584054Z,0,0,549,230,0
2026-08-17T01:25:14.0631125Z,0,0,549,230,0
2026-08-17T01:25:14.0684692Z,0,0,549,230,0
2026-08-17T01:25:14.0732873Z,0,0,549,230,0
2026-08-17T01:25:14.0783898Z,0,0,549,230,0
2026-08-17T01:25:14.083283Z,0,0,549,230,0
2026-08-17T01:25:14.088256Z,0,0,549,230,0
2026-08-17T01:25:14.0937986Z,0,0,549,230,0
2026-08-17T01:25:14.0979496Z,0,0,549,230,0
2026-08-17T01:25:14.1032754Z,0,0,549,230,0
2026-08-17T01:25:14.1081017Z,0,0,549,230,0
2026-08-17T01:25:14.113591Z,0,0,549,230,0
2026-08-17T01:25:14.1181484Z,0,0,549,230,0
2026-08-17T01:25:14.1233514Z,0,0,549,230,0
2026-08-17T01:25:14.1285748Z,0,0,549,230,0
2026-08-17T01:25:14.1330089Z,0,0,549,230,0
2026-08-17T01:25:14.1382763Z,0,0,549,230,0
2026-08-17T01:25:14.1433511Z,0,0,549,230,0
2026-08-17T01:25:14.1479968Z,0,0,549,230,0
2026-08-17T01:25:14.1533789Z,0,0,549,230,0
2026-08-17T01:25:14.1581902Z,0,0,549,230,0
2026-08-17T01:25:14.1629977Z,0,0,549,230,0
2026-08-17T01:25:14.1681688Z,0,0,549,230,0
2026-08-17T01:25:14.173228Z,0,0,549,230,0
2026-08-17T01:25:14.1781094Z,0,0,549,230,0
2026-08-17T01:25:14.1831949Z,0,0,549,230,0
2026-08-17T01:25:14.1884219Z,0,0,549,230,0
2026-08-17T01:25:14.1935094Z,0,0,549,230,0
2026-08-17T01:25:14.1982602Z,0,0,549,230,0
2026-08-17T01:25:14.2079329Z,0,0,549,230,0
2026-08-17T01:25:14.2132731Z,0,0,549,230,0
2026-08-17T01:25:14.2181345Z,0,0,549,230,0
2026-08-17T01:25:14.2230921Z,0,0,549,230,0
2026-08-17T01:25:14.2282842Z,0,0,549,230,0
2026-08-17T01:25:14.2335287Z,0,0,549,230,0
2026-08-17T01:25:14.2382053Z,0,0,549,230,0
2026-08-17T01:25:14.243235Z,0,0,549,230,0
2026-08-17T01:25:14.2485284Z,0,0,549,230,0
2026-08-17T01:25:14.2533237Z,0,0,549,230,0
2026-08-17T01:25:14.2581101Z,0,0,549,230,0
2026-08-17T01:25:14.2633898Z,0,0,549,230,0
2026-08-17T01:25:14.2682852Z,0,0,549,230,0
2026-08-17T01:25:14.273267Z,0,0,549,230,0
2026-08-17T01:25:14.2780399Z,0,0,549,230,0
2026-08-17T01:25:14.2836692Z,0,0,549,230,0
2026-08-17T01:25:14.2884374Z,0,0,549,230,0
2026-08-17T01:25:14.2933968Z,0,0,549,230,0
2026-08-17T01:25:14.2981901Z,0,0,549,230,0
2026-08-17T01:25:14.3035038Z,0,0,549,230,0
2026-08-17T01:25:14.3082649Z,0,0,549,230,0
2026-08-17T01:25:14.3131701Z,0,0,549,230,0
2026-08-17T01:25:14.3186798Z,0,0,549,230,0
2026-08-17T01:25:14.3230499Z,0,0,549,230,0
2026-08-17T01:25:14.3281804Z,0,0,549,230,0
2026-08-17T01:25:14.3330941Z,0,0,549,230,0
2026-08-17T01:25:14.338334Z,0,0,549,230,0
2026-08-17T01:25:14.3432701Z,0,0,549,230,0
2026-08-17T01:25:14.3480301Z,0,0,549,230,0
2026-08-17T01:25:14.3535533Z,0,0,549,230,0
2026-08-17T01:25:14.3583077Z,0,0,549,230,0
2026-08-17T01:25:14.3634318Z,0,0,549,230,0
2026-08-17T01:25:14.3682328Z,0,0,549,230,0
2026-08-17T01:25:14.3732064Z,0,0,549,230,0
2026-08-17T01:25:14.3780209Z,0,0,549,230,0
2026-08-17T01:25:14.3835086Z,0,0,549,230,0
2026-08-17T01:25:14.388263Z,0,0,549,230,0
2026-08-17T01:25:14.3932322Z,0,0,549,230,0
2026-08-17T01:25:14.3986059Z,0,0,549,230,0
2026-08-17T01:25:14.4035376Z,0,0,549,230,0
2026-08-17T01:25:14.4083897Z,0,0,549,230,0
2026-08-17T01:25:14.4133986Z,0,0,549,230,0
2026-08-17T01:25:14.4184099Z,0,0,549,230,0
2026-08-17T01:25:14.423655Z,0,0,549,230,0
2026-08-17T01:25:14.4284621Z,0,0,549,230,0
2026-08-17T01:25:14.4334304Z,0,0,549,230,0
2026-08-17T01:25:14.438268Z,0,0,549,230,0
2026-08-17T01:25:14.4435129Z,0,0,549,230,0
2026-08-17T01:25:14.4483151Z,0,0,549,230,0
2026-08-17T01:25:14.4534176Z,0,0,549,230,0
2026-08-17T01:25:14.458749Z,0,0,549,230,0
2026-08-17T01:25:14.463761Z,0,0,549,230,0
2026-08-17T01:25:14.4680903Z,0,0,549,230,0
2026-08-17T01:25:14.47317Z,0,0,549,230,0
2026-08-17T01:25:14.4787802Z,0,0,549,230,0
2026-08-17T01:25:14.4834951Z,0,0,549,230,0
2026-08-17T01:25:14.4882732Z,0,0,549,230,0
2026-08-17T01:25:14.4932977Z,0,0,549,230,0
2026-08-17T01:25:14.498191Z,0,0,549,230,0
2026-08-17T01:25:14.5030676Z,0,0,549,230,0
2026-08-17T01:25:14.5079793Z,0,0,549,230,0
2026-08-17T01:25:14.5133719Z,0,0,549,230,0
2026-08-17T01:25:14.5182992Z,0,0,549,230,0
2026-08-17T01:25:14.5231008Z,0,0,549,230,0
2026-08-17T01:25:14.5284549Z,0,0,549,230,0
2026-08-17T01:25:14.5333175Z,0,0,549,230,0
2026-08-17T01:25:14.5380031Z,0,0,549,230,0
2026-08-17T01:25:14.5429824Z,0,0,549,230,0
2026-08-17T01:25:14.5484466Z,0,0,549,230,0
2026-08-17T01:25:14.5534454Z,0,0,549,230,0
2026-08-17T01:25:14.5584406Z,0,0,549,230,0
2026-08-17T01:25:14.5634124Z,0,0,549,230,0
2026-08-17T01:25:14.5683364Z,0,0,549,230,0
2026-08-17T01:25:14.5732354Z,0,0,549,230,0
2026-08-17T01:25:14.5782731Z,0,0,549,230,0
2026-08-17T01:25:14.5833654Z,0,0,549,230,0
2026-08-17T01:25:14.5881448Z,0,0,549,230,0
2026-08-17T01:25:14.5930782Z,0,0,549,230,0
2026-08-17T01:25:14.5979711Z,0,0,549,230,0
2026-08-17T01:25:14.6031145Z,0,0,549,230,0
2026-08-17T01:25:14.6079589Z,0,0,549,230,0
2026-08-17T01:25:14.613346Z,0,0,549,230,0
2026-08-17T01:25:14.6180653Z,0,0,549,230,0
2026-08-17T01:25:14.6230927Z,0,0,549,230,0
2026-08-17T01:25:14.6280748Z,0,0,549,230,0
2026-08-17T01:25:14.6335513Z,0,0,549,230,0
2026-08-17T01:25:14.6381211Z,0,0,549,230,0
2026-08-17T01:25:14.6431859Z,0,0,549,230,0
2026-08-17T01:25:14.6480174Z,0,0,549,230,0
2026-08-17T01:25:14.6530004Z,0,0,549,230,0
2026-08-17T01:25:14.6582468Z,0,0,549,230,0
2026-08-17T01:25:14.6631808Z,0,0,549,230,0
2026-08-17T01:25:14.6680632Z,0,0,549,230,0
2026-08-17T01:25:14.6734364Z,0,0,549,230,0
2026-08-17T01:25:14.6783912Z,0,0,549,230,0
2026-08-17T01:25:14.6833956Z,0,0,549,230,0
2026-08-17T01:25:14.6883952Z,0,0,549,230,0
2026-08-17T01:25:14.6931094Z,0,0,549,230,0
2026-08-17T01:25:14.6981889Z,0,0,549,230,0
2026-08-17T01:25:14.7032598Z,0,0,549,230,0
2026-08-17T01:25:14.7079864Z,0,0,549,230,0
2026-08-17T01:25:14.7132935Z,0,0,549,230,0
2026-08-17T01:25:14.7181814Z,0,0,549,230,0
2026-08-17T01:25:14.7229977Z,0,0,549,230,0
2026-08-17T01:25:14.7281979Z,0,0,549,230,0
2026-08-17T01:25:14.7333575Z,0,0,549,230,0
2026-08-17T01:25:14.7381962Z,0,0,549,230,0
2026-08-17T01:25:14.7431823Z,0,0,549,230,0
2026-08-17T01:25:14.7484428Z,0,0,549,230,0
2026-08-17T01:25:14.753284Z,0,0,549,230,0
2026-08-17T01:25:14.7583651Z,0,0,549,230,0
2026-08-17T01:25:14.7634521Z,0,0,549,230,0
2026-08-17T01:25:14.7682576Z,0,0,549,230,0
2026-08-17T01:25:14.7729748Z,0,0,549,230,0
2026-08-17T01:25:14.7782332Z,0,0,549,230,0
2026-08-17T01:25:14.7834251Z,0,0,549,230,0
2026-08-17T01:25:14.7884099Z,0,0,549,230,0
2026-08-17T01:25:14.7932252Z,0,0,549,230,0
2026-08-17T01:25:14.7980006Z,0,0,549,230,0
2026-08-17T01:25:14.8033258Z,0,0,549,230,0
2026-08-17T01:25:14.8083057Z,0,0,549,230,0
2026-08-17T01:25:14.8134749Z,0,0,549,230,0
2026-08-17T01:25:14.8181768Z,0,0,549,230,0
2026-08-17T01:25:14.8231077Z,0,0,549,230,0
2026-08-17T01:25:14.8282995Z,0,0,549,230,0
2026-08-17T01:25:14.8332106Z,0,0,549,230,0
2026-08-17T01:25:14.838442Z,0,0,549,230,0
2026-08-17T01:25:14.8433389Z,0,0,549,230,0
2026-08-17T01:25:14.8481264Z,0,0,549,230,0
2026-08-17T01:25:14.8532159Z,0,0,549,230,0
2026-08-17T01:25:14.8581189Z,0,0,549,230,0
2026-08-17T01:25:14.8632651Z,0,0,549,230,0
2026-08-17T01:25:14.8682825Z,0,0,549,230,0
2026-08-17T01:25:14.8732927Z,0,0,549,230,0
2026-08-17T01:25:14.8783648Z,0,0,549,230,0
2026-08-17T01:25:14.883286Z,0,0,549,230,0
2026-08-17T01:25:14.8881807Z,0,0,549,230,0
2026-08-17T01:25:14.8937649Z,0,0,549,230,0
2026-08-17T01:25:14.8982482Z,0,0,549,230,0
2026-08-17T01:25:14.9031393Z,0,0,549,230,0
2026-08-17T01:25:14.9080749Z,0,0,549,230,0
2026-08-17T01:25:14.9132082Z,0,0,549,230,0
2026-08-17T01:25:14.918137Z,0,0,549,230,0
2026-08-17T01:25:14.923436Z,0,0,549,230,0
2026-08-17T01:25:14.9282401Z,0,0,549,230,0
2026-08-17T01:25:14.9331123Z,0,0,549,230,0
2026-08-17T01:25:14.9381868Z,0,0,549,230,0
2026-08-17T01:25:14.9432588Z,0,0,549,230,0
2026-08-17T01:25:14.948105Z,0,0,549,230,0
2026-08-17T01:25:14.9529931Z,0,0,549,230,0
2026-08-17T01:25:14.9580636Z,0,0,549,230,0
2026-08-17T01:25:14.9633757Z,0,0,549,230,0
2026-08-17T01:25:14.9685482Z,0,0,549,230,0
2026-08-17T01:25:14.9733721Z,0,0,549,230,0
2026-08-17T01:25:14.9781004Z,0,0,549,230,0
2026-08-17T01:25:14.9834072Z,0,0,549,230,0
2026-08-17T01:25:14.9881868Z,0,0,549,230,0
2026-08-17T01:25:14.993732Z,0,0,549,230,0
2026-08-17T01:25:14.998491Z,0,0,549,230,0
2026-08-17T01:25:15.0032866Z,0,0,549,230,0
2026-08-17T01:25:15.0085352Z,0,0,549,230,0
2026-08-17T01:25:15.0133834Z,0,0,549,230,0
2026-08-17T01:25:15.0180911Z,0,0,549,230,0
2026-08-17T01:25:15.0232857Z,0,0,549,230,0
2026-08-17T01:25:15.0281222Z,0,0,549,230,0
2026-08-17T01:25:15.0334127Z,0,0,549,230,0
2026-08-17T01:25:15.0384306Z,0,0,549,230,0
2026-08-17T01:25:15.0434142Z,0,0,549,230,0
2026-08-17T01:25:15.0486636Z,0,0,549,230,0
2026-08-17T01:25:15.0534981Z,0,0,549,230,0
2026-08-17T01:25:15.0583408Z,0,0,549,230,0
2026-08-17T01:25:15.0634135Z,0,0,549,230,0
2026-08-17T01:25:15.0682601Z,0,0,549,230,0
2026-08-17T01:25:15.0733384Z,0,0,549,230,0
2026-08-17T01:25:15.0782869Z,0,0,549,230,0
2026-08-17T01:25:15.0829949Z,0,0,549,230,0
2026-08-17T01:25:15.0882043Z,0,0,549,230,0
2026-08-17T01:25:15.093227Z,0,0,549,230,0
2026-08-17T01:25:15.0984293Z,0,0,549,230,0
2026-08-17T01:25:15.1031214Z,0,0,549,230,0
2026-08-17T01:25:15.1080064Z,0,0,549,230,0
2026-08-17T01:25:15.113379Z,0,0,549,230,0
2026-08-17T01:25:15.1180694Z,0,0,549,230,0
2026-08-17T01:25:15.1234069Z,0,0,549,230,0
2026-08-17T01:25:15.1283598Z,0,0,549,230,0
2026-08-17T01:25:15.1332571Z,0,0,549,230,0
2026-08-17T01:25:15.138091Z,0,0,549,230,0
2026-08-17T01:25:15.1430894Z,0,0,549,230,0
2026-08-17T01:25:15.1483321Z,0,0,549,230,0
2026-08-17T01:25:15.1530757Z,0,0,549,230,0
2026-08-17T01:25:15.1584112Z,0,0,549,230,0
2026-08-17T01:25:15.1631703Z,0,0,549,230,0
2026-08-17T01:25:15.1684118Z,0,0,549,230,0
2026-08-17T01:25:15.1735386Z,0,0,549,230,0
2026-08-17T01:25:15.1782103Z,0,0,549,230,0
2026-08-17T01:25:15.1831594Z,0,0,549,230,0
2026-08-17T01:25:15.1883109Z,0,0,549,230,0
2026-08-17T01:25:15.1934782Z,0,0,549,230,0
2026-08-17T01:25:15.1983763Z,0,0,549,230,0
2026-08-17T01:25:15.2033324Z,0,0,549,230,0
2026-08-17T01:25:15.2086447Z,0,0,549,230,0
2026-08-17T01:25:15.213409Z,0,0,549,230,0
2026-08-17T01:25:15.2182216Z,0,0,549,230,0
2026-08-17T01:25:15.2235467Z,0,0,549,230,0
2026-08-17T01:25:15.2280584Z,0,0,549,230,0
2026-08-17T01:25:15.2334069Z,0,0,549,230,0
2026-08-17T01:25:15.2380972Z,0,0,549,230,0
2026-08-17T01:25:15.243091Z,0,0,549,230,0
2026-08-17T01:25:15.2481512Z,0,0,549,230,0
2026-08-17T01:25:15.2533039Z,0,0,549,230,0
2026-08-17T01:25:15.2583007Z,0,0,549,230,0
2026-08-17T01:25:15.2633677Z,0,0,549,230,0
2026-08-17T01:25:15.268182Z,0,0,549,230,0
2026-08-17T01:25:15.2731187Z,0,0,549,230,0
2026-08-17T01:25:15.2783182Z,0,0,549,230,0
2026-08-17T01:25:15.2835089Z,0,0,549,230,0
2026-08-17T01:25:15.2880484Z,0,0,549,230,0
2026-08-17T01:25:15.2934777Z,0,0,549,230,0
2026-08-17T01:25:15.2984184Z,0,0,549,230,0
2026-08-17T01:25:15.3033306Z,0,0,549,230,0
2026-08-17T01:25:15.3083331Z,0,0,549,230,0
2026-08-17T01:25:15.3133569Z,0,0,549,230,0
2026-08-17T01:25:15.3181723Z,0,0,549,230,0
2026-08-17T01:25:15.3231459Z,0,0,549,230,0
2026-08-17T01:25:15.3282127Z,0,0,549,230,0
2026-08-17T01:25:15.3330984Z,0,0,549,230,0
2026-08-17T01:25:15.3382693Z,0,0,549,230,0
2026-08-17T01:25:15.343475Z,0,0,549,230,0
2026-08-17T01:25:15.3480248Z,0,0,549,230,0
2026-08-17T01:25:15.3533616Z,0,0,549,230,0
2026-08-17T01:25:15.3582429Z,0,0,549,230,0
2026-08-17T01:25:15.3630653Z,0,0,549,230,0
2026-08-17T01:25:15.3683543Z,0,0,549,230,0
2026-08-17T01:25:15.373216Z,0,0,549,230,0
2026-08-17T01:25:15.3780536Z,0,0,549,230,0
2026-08-17T01:25:15.3830561Z,0,0,549,230,0
2026-08-17T01:25:15.3879603Z,0,0,549,230,0
2026-08-17T01:25:15.393292Z,0,0,549,230,0
2026-08-17T01:25:15.3981288Z,0,0,549,230,0
2026-08-17T01:25:15.4031775Z,0,0,549,230,0
2026-08-17T01:25:15.4083768Z,0,0,549,230,0
2026-08-17T01:25:15.413334Z,0,0,549,230,0
2026-08-17T01:25:15.418181Z,0,0,549,230,0
2026-08-17T01:25:15.4230283Z,0,0,549,230,0
2026-08-17T01:25:15.4280967Z,0,0,549,230,0
2026-08-17T01:25:15.4334189Z,0,0,549,230,0
2026-08-17T01:25:15.4384404Z,0,0,549,230,0
2026-08-17T01:25:15.4433927Z,0,0,549,230,0
2026-08-17T01:25:15.4483879Z,0,0,549,230,0
2026-08-17T01:25:15.4534499Z,0,0,549,230,0
2026-08-17T01:25:15.4584691Z,0,0,549,230,0
2026-08-17T01:25:15.4634461Z,0,0,549,230,0
2026-08-17T01:25:15.4683784Z,0,0,549,230,0
2026-08-17T01:25:15.4734531Z,0,0,549,230,0
2026-08-17T01:25:15.4781873Z,0,0,549,230,0
2026-08-17T01:25:15.4839253Z,0,0,549,230,0
2026-08-17T01:25:15.4899614Z,0,0,549,230,0
2026-08-17T01:25:15.4933023Z,0,0,549,230,0
2026-08-17T01:25:15.498078Z,0,0,549,230,0
2026-08-17T01:25:15.5031348Z,0,0,549,230,0
2026-08-17T01:25:15.5080352Z,0,0,549,230,0
2026-08-17T01:25:15.5130928Z,0,0,549,230,0
2026-08-17T01:25:15.5179248Z,0,0,549,230,0
2026-08-17T01:25:15.5232934Z,0,0,549,230,0
2026-08-17T01:25:15.528102Z,0,0,549,230,0
2026-08-17T01:25:15.5332848Z,0,0,549,230,0
2026-08-17T01:25:15.5381121Z,0,0,549,230,0
2026-08-17T01:25:15.5430247Z,0,0,549,230,0
2026-08-17T01:25:15.548383Z,0,0,549,230,0
2026-08-17T01:25:15.5533119Z,0,0,549,230,0
2026-08-17T01:25:15.5581243Z,0,0,549,230,0
2026-08-17T01:25:15.5631883Z,0,0,549,230,0
2026-08-17T01:25:15.5684116Z,0,0,549,230,0
2026-08-17T01:25:15.5734734Z,0,0,549,230,0
2026-08-17T01:25:15.5780339Z,0,0,549,230,0
2026-08-17T01:25:15.5833642Z,0,0,549,230,0
2026-08-17T01:25:15.588282Z,0,0,549,230,0
2026-08-17T01:25:15.5931167Z,0,0,549,230,0
2026-08-17T01:25:15.5979449Z,0,0,549,230,0
2026-08-17T01:25:15.6030881Z,0,0,549,230,0
2026-08-17T01:25:15.6081809Z,0,0,549,230,0
2026-08-17T01:25:15.6131201Z,0,0,549,230,0
2026-08-17T01:25:15.6180175Z,0,0,549,230,0
2026-08-17T01:25:15.6232164Z,0,0,549,230,0
2026-08-17T01:25:15.6280422Z,0,0,549,230,0
2026-08-17T01:25:15.6331711Z,0,0,549,230,0
2026-08-17T01:25:15.6380188Z,0,0,549,230,0
2026-08-17T01:25:15.643365Z,0,0,549,230,0
2026-08-17T01:25:15.6480981Z,0,0,549,230,0
2026-08-17T01:25:15.6531576Z,0,0,549,230,0
2026-08-17T01:25:15.6583987Z,0,0,549,230,0
2026-08-17T01:25:15.6633074Z,0,0,549,230,0
2026-08-17T01:25:15.668212Z,0,0,549,230,0
2026-08-17T01:25:15.6730726Z,0,0,549,230,0
2026-08-17T01:25:15.6781211Z,0,0,549,230,0
2026-08-17T01:25:15.6831884Z,0,0,549,230,0
2026-08-17T01:25:15.6879611Z,0,0,549,230,0
2026-08-17T01:25:15.6932696Z,0,0,549,230,0
2026-08-17T01:25:15.6980802Z,0,0,549,230,0
2026-08-17T01:25:15.7029832Z,0,0,549,230,0
2026-08-17T01:25:15.708389Z,0,0,549,230,0
2026-08-17T01:25:15.7130874Z,0,0,549,230,0
2026-08-17T01:25:15.7181614Z,0,0,549,230,0
2026-08-17T01:25:15.723148Z,0,0,549,230,0
2026-08-17T01:25:15.7279625Z,0,0,549,230,0
2026-08-17T01:25:15.7334154Z,0,0,549,230,0
2026-08-17T01:25:15.738266Z,0,0,549,230,0
2026-08-17T01:25:15.743005Z,0,0,549,230,0
2026-08-17T01:25:15.7480701Z,0,0,549,230,0
2026-08-17T01:25:15.753438Z,0,0,549,230,0
2026-08-17T01:25:15.7585066Z,0,0,549,230,0
2026-08-17T01:25:15.7632874Z,0,0,549,230,0
2026-08-17T01:25:15.7680814Z,0,0,549,230,0
2026-08-17T01:25:15.773244Z,0,0,549,230,0
2026-08-17T01:25:15.7780505Z,0,0,549,230,0
2026-08-17T01:25:15.7829384Z,0,0,549,230,0
2026-08-17T01:25:15.7881185Z,0,0,549,230,0
2026-08-17T01:25:15.7929613Z,0,0,549,230,0
2026-08-17T01:25:15.7980022Z,0,0,549,230,0
2026-08-17T01:25:15.8033946Z,0,0,549,230,0
2026-08-17T01:25:15.8082657Z,0,0,549,230,0
2026-08-17T01:25:15.8136609Z,0,0,549,230,0
2026-08-17T01:25:15.8183794Z,0,0,549,230,0
2026-08-17T01:25:15.8229828Z,0,0,549,230,0
2026-08-17T01:25:15.8280804Z,0,0,549,230,0
2026-08-17T01:25:15.8332467Z,0,0,549,230,0
2026-08-17T01:25:15.8380599Z,0,0,549,230,0
2026-08-17T01:25:15.8432134Z,0,0,549,230,0
2026-08-17T01:25:15.8480354Z,0,0,549,230,0
2026-08-17T01:25:15.8531366Z,0,0,549,230,0
2026-08-17T01:25:15.8580038Z,0,0,549,230,0
2026-08-17T01:25:15.8635553Z,0,0,549,230,0
2026-08-17T01:25:15.8680249Z,0,0,549,230,0
2026-08-17T01:25:15.8730465Z,0,0,549,230,0
2026-08-17T01:25:15.8781005Z,0,0,549,230,0
2026-08-17T01:25:15.8836025Z,0,0,549,230,0
2026-08-17T01:25:15.8883021Z,0,0,549,230,0
2026-08-17T01:25:15.8934174Z,0,0,549,230,0
2026-08-17T01:25:15.8985895Z,0,0,549,230,0
2026-08-17T01:25:15.9030094Z,0,0,549,230,0
2026-08-17T01:25:15.9083101Z,0,0,549,230,0
2026-08-17T01:25:15.9135262Z,0,0,549,230,0
2026-08-17T01:25:15.9182687Z,0,0,549,230,0
2026-08-17T01:25:15.9232937Z,0,0,549,230,0
2026-08-17T01:25:15.9280871Z,0,0,549,230,0
2026-08-17T01:25:15.9329884Z,0,0,549,230,0
2026-08-17T01:25:15.9382961Z,0,0,549,230,0
2026-08-17T01:25:15.9434019Z,0,0,549,230,0
2026-08-17T01:25:15.9480838Z,0,0,549,230,0
2026-08-17T01:25:15.9529491Z,0,0,549,230,0
2026-08-17T01:25:15.9579955Z,0,0,549,230,0
2026-08-17T01:25:15.9632703Z,0,0,549,230,0
2026-08-17T01:25:15.9680189Z,0,0,549,230,0
2026-08-17T01:25:15.9729728Z,0,0,549,230,0
2026-08-17T01:25:15.978242Z,0,0,549,230,0
2026-08-17T01:25:15.9833387Z,0,0,549,230,0
2026-08-17T01:25:15.9879926Z,0,0,549,230,0
2026-08-17T01:25:15.993264Z,0,0,549,230,0
2026-08-17T01:25:15.9979506Z,0,0,549,230,0
2026-08-17T01:25:16.0032434Z,0,0,549,230,0
2026-08-17T01:25:16.0079387Z,0,0,549,230,0
2026-08-17T01:25:16.0135331Z,0,0,549,230,0
2026-08-17T01:25:16.0181476Z,0,0,549,230,0
2026-08-17T01:25:16.0229685Z,0,0,549,230,0
2026-08-17T01:25:16.0280291Z,0,0,549,230,0
2026-08-17T01:25:16.0332939Z,0,0,549,230,0
2026-08-17T01:25:16.0379765Z,0,0,549,230,0
2026-08-17T01:25:16.0433734Z,0,0,549,230,0
2026-08-17T01:25:16.0480765Z,0,0,549,230,0
2026-08-17T01:25:16.0533685Z,0,0,549,230,0
2026-08-17T01:25:16.0580307Z,0,0,549,230,0
2026-08-17T01:25:16.0630281Z,0,0,549,230,0
2026-08-17T01:25:16.0682615Z,0,0,549,230,0
2026-08-17T01:25:16.0729403Z,0,0,549,230,0
2026-08-17T01:25:16.0782723Z,0,0,549,230,0
2026-08-17T01:25:16.0829717Z,0,0,549,230,0
2026-08-17T01:25:16.0880214Z,0,0,549,230,0
2026-08-17T01:25:16.0933819Z,0,0,549,230,0
2026-08-17T01:25:16.0982194Z,0,0,549,230,0
2026-08-17T01:25:16.1030063Z,0,0,549,230,0
2026-08-17T01:25:16.1084172Z,0,0,549,230,0
2026-08-17T01:25:16.113079Z,0,0,549,230,0
2026-08-17T01:25:16.1184057Z,0,0,549,230,0
2026-08-17T01:25:16.1230406Z,0,0,549,230,0
2026-08-17T01:25:16.1281608Z,0,0,549,230,0
2026-08-17T01:25:16.1331985Z,0,0,549,230,0
2026-08-17T01:25:16.1380952Z,0,0,549,230,0
2026-08-17T01:25:16.1433679Z,0,0,549,230,0
2026-08-17T01:25:16.1480529Z,0,0,549,230,0
2026-08-17T01:25:16.15344Z,0,0,549,230,0
2026-08-17T01:25:16.1579887Z,0,0,549,230,0
2026-08-17T01:25:16.1630226Z,0,0,549,230,0
2026-08-17T01:25:16.1680722Z,0,0,549,230,0
2026-08-17T01:25:16.1734329Z,0,0,549,230,0
2026-08-17T01:25:16.178355Z,0,0,549,230,0
2026-08-17T01:25:16.1832225Z,0,0,549,230,0
2026-08-17T01:25:16.1884435Z,0,0,549,230,0
2026-08-17T01:25:16.1933086Z,0,0,549,230,0
2026-08-17T01:25:16.1982049Z,0,0,549,230,0
2026-08-17T01:25:16.2034086Z,0,0,549,230,0
2026-08-17T01:25:16.2082658Z,0,0,549,230,0
2026-08-17T01:25:16.2133039Z,0,0,549,230,0
2026-08-17T01:25:16.2181029Z,0,0,549,230,0
2026-08-17T01:25:16.2233107Z,0,0,549,230,0
2026-08-17T01:25:16.2281298Z,0,0,549,230,0
2026-08-17T01:25:16.2331163Z,0,0,549,230,0
2026-08-17T01:25:16.2383462Z,0,0,549,230,0
2026-08-17T01:25:16.243189Z,0,0,549,230,0
2026-08-17T01:25:16.2480432Z,0,0,549,230,0
2026-08-17T01:25:16.2529783Z,0,0,549,230,0
2026-08-17T01:25:16.2583958Z,0,0,549,230,0
2026-08-17T01:25:16.2630119Z,0,0,549,230,0
2026-08-17T01:25:16.2680927Z,0,0,549,230,0
2026-08-17T01:25:16.2734443Z,0,0,549,230,0
2026-08-17T01:25:16.2780796Z,0,0,549,230,0
2026-08-17T01:25:16.2831646Z,0,0,549,230,0
2026-08-17T01:25:16.2883999Z,0,0,549,230,0
2026-08-17T01:25:16.2933015Z,0,0,549,230,0
2026-08-17T01:25:16.2982129Z,0,0,549,230,0
2026-08-17T01:25:16.3033354Z,0,0,549,230,0
2026-08-17T01:25:16.3081983Z,0,0,549,230,0
2026-08-17T01:25:16.3136811Z,0,0,549,230,0
2026-08-17T01:25:16.3183522Z,0,0,549,230,0
2026-08-17T01:25:16.3233957Z,0,0,549,230,0
2026-08-17T01:25:16.3281632Z,0,0,549,230,0
2026-08-17T01:25:16.3331846Z,0,0,549,230,0
2026-08-17T01:25:16.3380358Z,0,0,549,230,0
2026-08-17T01:25:16.343435Z,0,0,549,230,0
2026-08-17T01:25:16.3480378Z,0,0,549,230,0
2026-08-17T01:25:16.3529671Z,0,0,549,230,0
2026-08-17T01:25:16.3581677Z,0,0,549,230,0
2026-08-17T01:25:16.3635197Z,0,0,549,230,0
2026-08-17T01:25:16.3680424Z,0,0,549,230,0
2026-08-17T01:25:16.3729648Z,0,0,549,230,0
2026-08-17T01:25:16.3782834Z,0,0,549,230,0
2026-08-17T01:25:16.3830575Z,0,0,549,230,0
2026-08-17T01:25:16.3883528Z,0,0,549,230,0
2026-08-17T01:25:16.3933519Z,0,0,549,230,0
2026-08-17T01:25:16.3981674Z,0,0,549,230,0
2026-08-17T01:25:16.4030247Z,0,0,549,230,0
2026-08-17T01:25:16.4083536Z,0,0,549,230,0
2026-08-17T01:25:16.4133108Z,0,0,549,230,0
2026-08-17T01:25:16.4181633Z,0,0,549,230,0
2026-08-17T01:25:16.4232344Z,0,0,549,230,0
2026-08-17T01:25:16.4280845Z,0,0,549,230,0
2026-08-17T01:25:16.4331191Z,0,0,549,230,0
2026-08-17T01:25:16.4384088Z,0,0,549,230,0
2026-08-17T01:25:16.443024Z,0,0,549,230,0
2026-08-17T01:25:16.448353Z,0,0,549,230,0
2026-08-17T01:25:16.4533869Z,0,0,549,230,0
2026-08-17T01:25:16.4581373Z,0,0,549,230,0
2026-08-17T01:25:16.4631949Z,0,0,549,230,0
2026-08-17T01:25:16.4680191Z,0,0,549,230,0
2026-08-17T01:25:16.473002Z,0,0,549,230,0
2026-08-17T01:25:16.4781412Z,0,0,549,230,0
2026-08-17T01:25:16.4830945Z,0,0,549,230,0
2026-08-17T01:25:16.4880837Z,0,0,549,230,0
2026-08-17T01:25:16.4933079Z,0,0,549,230,0
2026-08-17T01:25:16.4981818Z,0,0,549,230,0
2026-08-17T01:25:16.5034024Z,0,0,549,230,0
2026-08-17T01:25:16.5083053Z,0,0,549,230,0
2026-08-17T01:25:16.5131617Z,0,0,549,230,0
2026-08-17T01:25:16.5179772Z,0,0,549,230,0
2026-08-17T01:25:16.523389Z,0,0,549,230,0
2026-08-17T01:25:16.5283078Z,0,0,549,230,0
2026-08-17T01:25:16.5331255Z,0,0,549,230,0
2026-08-17T01:25:16.5382915Z,0,0,549,230,0
2026-08-17T01:25:16.5434318Z,0,0,549,230,0
2026-08-17T01:25:16.5482472Z,0,0,549,230,0
2026-08-17T01:25:16.5534101Z,0,0,549,230,0
2026-08-17T01:25:16.5582869Z,0,0,549,230,0
2026-08-17T01:25:16.563266Z,0,0,549,230,0
2026-08-17T01:25:16.5682499Z,0,0,549,230,0
2026-08-17T01:25:16.5730726Z,0,0,549,230,0
2026-08-17T01:25:16.5784169Z,0,0,549,230,0
2026-08-17T01:25:16.5833152Z,0,0,549,230,0
2026-08-17T01:25:16.5881928Z,0,0,549,230,0
2026-08-17T01:25:16.5931097Z,0,0,549,230,0
2026-08-17T01:25:16.5984232Z,0,0,549,230,0
2026-08-17T01:25:16.6034551Z,0,0,549,230,0
2026-08-17T01:25:16.6082585Z,0,0,549,230,0
2026-08-17T01:25:16.6131963Z,0,0,549,230,0
2026-08-17T01:25:16.6187426Z,0,0,549,230,0
2026-08-17T01:25:16.6232308Z,0,0,549,230,0
2026-08-17T01:25:16.6280215Z,0,0,549,230,0
2026-08-17T01:25:16.6334453Z,0,0,549,230,0
2026-08-17T01:25:16.6380285Z,0,0,549,230,0
2026-08-17T01:25:16.6429521Z,0,0,549,230,0
2026-08-17T01:25:16.6483031Z,0,0,549,230,0
2026-08-17T01:25:16.653193Z,0,0,549,230,0
2026-08-17T01:25:16.6579901Z,0,0,549,230,0
2026-08-17T01:25:16.6632543Z,0,0,549,230,0
2026-08-17T01:25:16.6679706Z,0,0,549,230,0
2026-08-17T01:25:16.6733154Z,0,0,549,230,0
2026-08-17T01:25:16.6784563Z,0,0,549,230,0
2026-08-17T01:25:16.6830101Z,0,0,549,230,0
2026-08-17T01:25:16.6880514Z,0,0,549,230,0
2026-08-17T01:25:16.6934563Z,0,0,549,230,0
2026-08-17T01:25:16.6979809Z,0,0,549,230,0
2026-08-17T01:25:16.7034301Z,0,0,549,230,0
2026-08-17T01:25:16.7080106Z,0,0,549,230,0
2026-08-17T01:25:16.712872Z,0,0,549,230,0
2026-08-17T01:25:16.7181908Z,0,0,549,230,0
2026-08-17T01:25:16.7232497Z,0,0,549,230,0
2026-08-17T01:25:16.7282049Z,0,0,549,230,0
2026-08-17T01:25:16.7332869Z,0,0,549,230,0
2026-08-17T01:25:16.7382219Z,0,0,549,230,0
2026-08-17T01:25:16.7432657Z,0,0,549,230,0
2026-08-17T01:25:16.7482386Z,0,0,549,230,0
2026-08-17T01:25:16.7535006Z,0,0,549,230,0
2026-08-17T01:25:16.758088Z,0,0,549,230,0
2026-08-17T01:25:16.7631818Z,0,0,549,230,0
2026-08-17T01:25:16.7681216Z,0,0,549,230,0
2026-08-17T01:25:16.7730251Z,0,0,549,230,0
2026-08-17T01:25:16.7780984Z,0,0,549,230,0
2026-08-17T01:25:16.7833199Z,0,0,549,230,0
2026-08-17T01:25:16.7880457Z,0,0,549,230,0
2026-08-17T01:25:16.7929363Z,0,0,549,230,0
2026-08-17T01:25:16.7983894Z,0,0,549,230,0
2026-08-17T01:25:16.8033358Z,0,0,549,230,0
2026-08-17T01:25:16.8081063Z,0,0,549,230,0
2026-08-17T01:25:16.8130675Z,0,0,549,230,0
2026-08-17T01:25:16.8181069Z,0,0,549,230,0
2026-08-17T01:25:16.8230951Z,0,0,549,230,0
2026-08-17T01:25:16.8280426Z,0,0,549,230,0
2026-08-17T01:25:16.8330205Z,0,0,549,230,0
2026-08-17T01:25:16.8387709Z,0,0,549,230,0
2026-08-17T01:25:16.8435178Z,0,0,549,230,0
2026-08-17T01:25:16.8483677Z,0,0,549,230,0
2026-08-17T01:25:16.8532881Z,0,0,549,230,0
2026-08-17T01:25:16.8584569Z,0,0,549,230,0
2026-08-17T01:25:16.8633782Z,0,0,549,230,0
2026-08-17T01:25:16.8681203Z,0,0,549,230,0
2026-08-17T01:25:16.8734376Z,0,0,549,230,0
2026-08-17T01:25:16.8783213Z,0,0,549,230,0
2026-08-17T01:25:16.8833922Z,0,0,549,230,0
2026-08-17T01:25:16.8880528Z,0,0,549,230,0
2026-08-17T01:25:16.8933581Z,0,0,549,230,0
2026-08-17T01:25:16.8980553Z,0,0,549,230,0
2026-08-17T01:25:16.9030424Z,0,0,549,230,0
2026-08-17T01:25:16.9084664Z,0,0,549,230,0
2026-08-17T01:25:16.9132611Z,0,0,549,230,0
2026-08-17T01:25:16.9184154Z,0,0,549,230,0
2026-08-17T01:25:16.9232252Z,0,0,549,230,0
2026-08-17T01:25:16.9281515Z,0,0,549,230,0
2026-08-17T01:25:16.9330264Z,0,0,549,230,0
2026-08-17T01:25:16.9381022Z,0,0,549,230,0
2026-08-17T01:25:16.9431509Z,0,0,549,230,0
2026-08-17T01:25:16.9479514Z,0,0,549,230,0
2026-08-17T01:25:16.9533073Z,0,0,549,230,0
2026-08-17T01:25:16.9580922Z,0,0,549,230,0
2026-08-17T01:25:16.9632917Z,0,0,549,230,0
2026-08-17T01:25:16.9681552Z,0,0,549,230,0
2026-08-17T01:25:16.9731165Z,0,0,549,230,0
2026-08-17T01:25:16.9787735Z,0,0,549,230,0
2026-08-17T01:25:16.983136Z,0,0,549,230,0
2026-08-17T01:25:16.9884217Z,0,0,549,230,0
2026-08-17T01:25:16.9938173Z,0,0,549,230,0
2026-08-17T01:25:16.997999Z,0,0,549,230,0
2026-08-17T01:25:17.0033489Z,0,0,549,230,0
2026-08-17T01:25:17.0087146Z,0,0,549,230,0
2026-08-17T01:25:17.0131454Z,0,0,549,230,0
2026-08-17T01:25:17.0188602Z,0,0,549,230,0
2026-08-17T01:25:17.0233587Z,0,0,549,230,0
2026-08-17T01:25:17.0288206Z,0,0,549,230,0
2026-08-17T01:25:17.0338161Z,0,0,549,230,0
2026-08-17T01:25:17.0380183Z,0,0,549,230,0
2026-08-17T01:25:17.0430488Z,0,0,549,230,0
2026-08-17T01:25:17.0481266Z,0,0,549,230,0
2026-08-17T01:25:17.053463Z,0,0,549,230,0
2026-08-17T01:25:17.0582087Z,0,0,549,230,0
2026-08-17T01:25:17.0638998Z,0,0,549,230,0
2026-08-17T01:25:17.0680973Z,0,0,549,230,0
2026-08-17T01:25:17.0730343Z,0,0,549,230,0
2026-08-17T01:25:17.0780973Z,0,0,549,230,0
2026-08-17T01:25:17.0835Z,0,0,549,230,0
2026-08-17T01:25:17.0883017Z,0,0,549,230,0
2026-08-17T01:25:17.0933803Z,0,0,549,230,0
2026-08-17T01:25:17.0981748Z,0,0,549,230,0
2026-08-17T01:25:17.1030474Z,0,0,549,230,0
2026-08-17T01:25:17.1081105Z,0,0,549,230,0
2026-08-17T01:25:17.1129752Z,0,0,549,230,0
2026-08-17T01:25:17.1183231Z,0,0,549,230,0
2026-08-17T01:25:17.123324Z,0,0,549,230,0
2026-08-17T01:25:17.1280493Z,0,0,549,230,0
2026-08-17T01:25:17.1333168Z,0,0,549,230,0
2026-08-17T01:25:17.1383481Z,0,0,549,230,0
2026-08-17T01:25:17.1432333Z,0,0,549,230,0
2026-08-17T01:25:17.1481052Z,0,0,549,230,0
2026-08-17T01:25:17.1530896Z,0,0,549,230,0
2026-08-17T01:25:17.1584258Z,0,0,549,230,0
2026-08-17T01:25:17.1635153Z,0,0,549,230,0
2026-08-17T01:25:17.1683649Z,0,0,549,230,0
2026-08-17T01:25:17.1731391Z,0,0,549,230,0
2026-08-17T01:25:17.1780857Z,0,0,549,230,0
2026-08-17T01:25:17.1833413Z,0,0,549,230,0
2026-08-17T01:25:17.1880944Z,0,0,549,230,0
2026-08-17T01:25:17.1933541Z,0,0,549,230,0
2026-08-17T01:25:17.198043Z,0,0,549,230,0
2026-08-17T01:25:17.2033336Z,0,0,549,230,0
2026-08-17T01:25:17.2081799Z,0,0,549,230,0
2026-08-17T01:25:17.213232Z,0,0,549,230,0
2026-08-17T01:25:17.2185283Z,0,0,549,230,0
2026-08-17T01:25:17.2235017Z,0,0,549,230,0
2026-08-17T01:25:17.2284317Z,0,0,549,230,0
2026-08-17T01:25:17.2334517Z,0,0,549,230,0
2026-08-17T01:25:17.2382904Z,0,0,549,230,0
2026-08-17T01:25:17.243143Z,0,0,549,230,0
2026-08-17T01:25:17.248051Z,0,0,549,230,0
2026-08-17T01:25:17.2533585Z,0,0,549,230,0
2026-08-17T01:25:17.2580568Z,0,0,549,230,0
2026-08-17T01:25:17.2633672Z,0,0,549,230,0
2026-08-17T01:25:17.2684255Z,0,0,549,230,0
2026-08-17T01:25:17.2730304Z,0,0,549,230,0
2026-08-17T01:25:17.2784442Z,0,0,549,230,0
2026-08-17T01:25:17.283314Z,0,0,549,230,0
2026-08-17T01:25:17.2885005Z,0,0,549,230,0
2026-08-17T01:25:17.2932893Z,0,0,549,230,0
2026-08-17T01:25:17.2980719Z,0,0,549,230,0
2026-08-17T01:25:17.3033031Z,0,0,549,230,0
2026-08-17T01:25:17.3085407Z,0,0,549,230,0
2026-08-17T01:25:17.3133126Z,0,0,549,230,0
2026-08-17T01:25:17.3180369Z,0,0,549,230,0
2026-08-17T01:25:17.3233652Z,0,0,549,230,0
2026-08-17T01:25:17.3282802Z,0,0,549,230,0
2026-08-17T01:25:17.3333601Z,0,0,549,230,0
2026-08-17T01:25:17.3381372Z,0,0,549,230,0
2026-08-17T01:25:17.3431098Z,0,0,549,230,0
2026-08-17T01:25:17.348548Z,0,0,549,230,0
2026-08-17T01:25:17.3530704Z,0,0,549,230,0
2026-08-17T01:25:17.3582207Z,0,0,549,230,0
2026-08-17T01:25:17.3631344Z,0,0,549,230,0
2026-08-17T01:25:17.3679945Z,0,0,549,230,0
2026-08-17T01:25:17.3733527Z,0,0,549,230,0
2026-08-17T01:25:17.3780648Z,0,0,549,230,0
2026-08-17T01:25:17.3834015Z,0,0,549,230,0
2026-08-17T01:25:17.3881555Z,0,0,549,230,0
2026-08-17T01:25:17.3932556Z,0,0,549,230,0
2026-08-17T01:25:17.3982104Z,0,0,549,230,0
2026-08-17T01:25:17.403163Z,0,0,549,230,0
2026-08-17T01:25:17.4083961Z,0,0,549,230,0
2026-08-17T01:25:17.413316Z,0,0,549,230,0
2026-08-17T01:25:17.4179671Z,0,0,549,230,0
2026-08-17T01:25:17.4233533Z,0,0,549,230,0
2026-08-17T01:25:17.4281423Z,0,0,549,230,0
2026-08-17T01:25:17.432997Z,0,0,549,230,0
2026-08-17T01:25:17.4383868Z,0,0,549,230,0
2026-08-17T01:25:17.4432181Z,0,0,549,230,0
2026-08-17T01:25:17.4481145Z,0,0,549,230,0
2026-08-17T01:25:17.4530453Z,0,0,549,230,0
2026-08-17T01:25:17.4583651Z,0,0,549,230,0
2026-08-17T01:25:17.4633148Z,0,0,549,230,0
2026-08-17T01:25:17.4685016Z,0,0,549,230,0
2026-08-17T01:25:17.4733145Z,0,0,549,230,0
2026-08-17T01:25:17.4780602Z,0,0,549,230,0
2026-08-17T01:25:17.4832246Z,0,0,549,230,0
2026-08-17T01:25:17.4881394Z,0,0,549,230,0
2026-08-17T01:25:17.4931623Z,0,0,549,230,0
2026-08-17T01:25:17.49806Z,0,0,549,230,0
2026-08-17T01:25:17.5034243Z,0,0,549,230,0
2026-08-17T01:25:17.5084023Z,0,0,549,230,0
2026-08-17T01:25:17.5130843Z,0,0,549,230,0
2026-08-17T01:25:17.5184748Z,0,0,549,230,0
2026-08-17T01:25:17.5233345Z,0,0,549,230,0
2026-08-17T01:25:17.5283475Z,0,0,549,230,0
2026-08-17T01:25:17.5334135Z,0,0,549,230,0
2026-08-17T01:25:17.5381369Z,0,0,549,230,0
2026-08-17T01:25:17.5432353Z,0,0,549,230,0
2026-08-17T01:25:17.5480416Z,0,0,549,230,0
2026-08-17T01:25:17.5533523Z,0,0,549,230,0
2026-08-17T01:25:17.558094Z,0,0,549,230,0
2026-08-17T01:25:17.5630063Z,0,0,549,230,0
2026-08-17T01:25:17.5681699Z,0,0,549,230,0
2026-08-17T01:25:17.5731672Z,0,0,549,230,0
2026-08-17T01:25:17.5783462Z,0,0,549,230,0
2026-08-17T01:25:17.5830639Z,0,0,549,230,0
2026-08-17T01:25:17.5884292Z,0,0,549,230,0
2026-08-17T01:25:17.5933133Z,0,0,549,230,0
2026-08-17T01:25:17.5979638Z,0,0,549,230,0
2026-08-17T01:25:17.603255Z,0,0,549,230,0
2026-08-17T01:25:17.6080712Z,0,0,549,230,0
2026-08-17T01:25:17.6129354Z,0,0,549,230,0
2026-08-17T01:25:17.6183564Z,0,0,549,230,0
2026-08-17T01:25:17.6232038Z,0,0,549,230,0
2026-08-17T01:25:17.6279959Z,0,0,549,230,0
2026-08-17T01:25:17.6333305Z,0,0,549,230,0
2026-08-17T01:25:17.6380235Z,0,0,549,230,0
2026-08-17T01:25:17.6433074Z,0,0,549,230,0
2026-08-17T01:25:17.6480162Z,0,0,549,230,0
2026-08-17T01:25:17.653259Z,0,0,549,230,0
2026-08-17T01:25:17.65806Z,0,0,549,230,0
2026-08-17T01:25:17.6630849Z,0,0,549,230,0
2026-08-17T01:25:17.6682397Z,0,0,549,230,0
2026-08-17T01:25:17.6730571Z,0,0,549,230,0
2026-08-17T01:25:17.6780904Z,0,0,549,230,0
2026-08-17T01:25:17.6833252Z,0,0,549,230,0
2026-08-17T01:25:17.6880818Z,0,0,549,230,0
2026-08-17T01:25:17.6930934Z,0,0,549,230,0
2026-08-17T01:25:17.6982258Z,0,0,549,230,0
2026-08-17T01:25:17.7030211Z,0,0,549,230,0
2026-08-17T01:25:17.7083184Z,0,0,549,230,0
2026-08-17T01:25:17.7133Z,0,0,549,230,0
2026-08-17T01:25:17.7180277Z,0,0,549,230,0
2026-08-17T01:25:17.7234078Z,0,0,549,230,0
2026-08-17T01:25:17.7281648Z,0,0,549,230,0
2026-08-17T01:25:17.7330811Z,0,0,549,230,0
2026-08-17T01:25:17.7383916Z,0,0,549,230,0
2026-08-17T01:25:17.7430619Z,0,0,549,230,0
2026-08-17T01:25:17.7482274Z,0,0,549,230,0
2026-08-17T01:25:17.7532792Z,0,0,549,230,0
2026-08-17T01:25:17.7581021Z,0,0,549,230,0
2026-08-17T01:25:17.7629706Z,0,0,549,230,0
2026-08-17T01:25:17.7681056Z,0,0,549,230,0
2026-08-17T01:25:17.7732634Z,0,0,549,230,0
2026-08-17T01:25:17.7779376Z,0,0,549,230,0
2026-08-17T01:25:17.7830794Z,0,0,549,230,0
2026-08-17T01:25:17.7884694Z,0,0,549,230,0
2026-08-17T01:25:17.7932031Z,0,0,549,230,0
2026-08-17T01:25:17.7979684Z,0,0,549,230,0
2026-08-17T01:25:17.803257Z,0,0,549,230,0
2026-08-17T01:25:17.8080132Z,0,0,549,230,0
2026-08-17T01:25:17.813324Z,0,0,549,230,0
2026-08-17T01:25:17.8185115Z,0,0,549,230,0
2026-08-17T01:25:17.8231102Z,0,0,549,230,0
2026-08-17T01:25:17.8281471Z,0,0,549,230,0
2026-08-17T01:25:17.8331609Z,0,0,549,230,0
2026-08-17T01:25:17.8379466Z,0,0,549,230,0
2026-08-17T01:25:17.8432436Z,0,0,549,230,0
2026-08-17T01:25:17.8480308Z,0,0,549,230,0
2026-08-17T01:25:17.8534432Z,0,0,549,230,0
2026-08-17T01:25:17.8581402Z,0,0,549,230,0
2026-08-17T01:25:17.8632397Z,0,0,549,230,0
2026-08-17T01:25:17.8680617Z,0,0,549,230,0
2026-08-17T01:25:17.873053Z,0,0,549,230,0
2026-08-17T01:25:17.8783455Z,0,0,549,230,0
2026-08-17T01:25:17.883519Z,0,0,549,230,0
2026-08-17T01:25:17.8882039Z,0,0,549,230,0
2026-08-17T01:25:17.8931863Z,0,0,549,230,0
2026-08-17T01:25:17.8980126Z,0,0,549,230,0
2026-08-17T01:25:17.9034495Z,0,0,549,230,0
2026-08-17T01:25:17.9084357Z,0,0,549,230,0
2026-08-17T01:25:17.9130475Z,0,0,549,230,0
2026-08-17T01:25:17.9182131Z,0,0,549,230,0
2026-08-17T01:25:17.9230589Z,0,0,549,230,0
2026-08-17T01:25:17.9279949Z,0,0,549,230,0
2026-08-17T01:25:17.9333415Z,0,0,549,230,0
2026-08-17T01:25:17.9379863Z,0,0,549,230,0
2026-08-17T01:25:17.9432714Z,0,0,549,230,0
2026-08-17T01:25:17.9479027Z,0,0,549,230,0
2026-08-17T01:25:17.9531521Z,0,0,549,230,0
2026-08-17T01:25:17.9579747Z,0,0,549,230,0
2026-08-17T01:25:17.9630324Z,0,0,549,230,0
2026-08-17T01:25:17.9684256Z,0,0,549,230,0
2026-08-17T01:25:17.9732818Z,0,0,549,230,0
2026-08-17T01:25:17.9779148Z,0,0,549,230,0
2026-08-17T01:25:17.9832894Z,0,0,549,230,0
2026-08-17T01:25:17.9880222Z,0,0,549,230,0
2026-08-17T01:25:17.9934368Z,0,0,549,230,0
2026-08-17T01:25:17.9981771Z,0,0,549,230,0
2026-08-17T01:25:18.0031455Z,0,0,549,230,0
2026-08-17T01:25:18.0083527Z,0,0,549,230,0
2026-08-17T01:25:18.013296Z,0,0,549,230,0
2026-08-17T01:25:18.0183613Z,0,0,549,230,0
2026-08-17T01:25:18.0233119Z,0,0,549,230,0
2026-08-17T01:25:18.0279924Z,0,0,549,230,0
2026-08-17T01:25:18.0332679Z,0,0,549,230,0
2026-08-17T01:25:18.0381115Z,0,0,549,230,0
2026-08-17T01:25:18.043039Z,0,0,549,230,0
2026-08-17T01:25:18.04821Z,0,0,549,230,0
2026-08-17T01:25:18.0531098Z,0,0,549,230,0
2026-08-17T01:25:18.0581445Z,0,0,549,230,0
2026-08-17T01:25:18.0634393Z,0,0,549,230,0
2026-08-17T01:25:18.0684328Z,0,0,549,230,0
2026-08-17T01:25:18.0731199Z,0,0,549,230,0
2026-08-17T01:25:18.0780768Z,0,0,549,230,0
2026-08-17T01:25:18.0830703Z,0,0,549,230,0
2026-08-17T01:25:18.0884968Z,0,0,549,230,0
2026-08-17T01:25:18.0930071Z,0,0,549,230,0
2026-08-17T01:25:18.0980553Z,0,0,549,230,0
2026-08-17T01:25:18.1033464Z,0,0,549,230,0
2026-08-17T01:25:18.1083743Z,0,0,549,230,0
2026-08-17T01:25:18.1130521Z,0,0,549,230,0
2026-08-17T01:25:18.1183129Z,0,0,549,230,0
2026-08-17T01:25:18.1232419Z,0,0,549,230,0
2026-08-17T01:25:18.1280973Z,0,0,549,230,0
2026-08-17T01:25:18.1332729Z,0,0,549,230,0
2026-08-17T01:25:18.1381768Z,0,0,549,230,0
2026-08-17T01:25:18.1430459Z,0,0,549,230,0
2026-08-17T01:25:18.1483078Z,0,0,549,230,0
2026-08-17T01:25:18.1532523Z,0,0,549,230,0
2026-08-17T01:25:18.1583497Z,0,0,549,230,0
2026-08-17T01:25:18.1633846Z,0,0,549,230,0
2026-08-17T01:25:18.1681315Z,0,0,549,230,0
2026-08-17T01:25:18.1732954Z,0,0,549,230,0
2026-08-17T01:25:18.1779947Z,0,0,549,230,0
2026-08-17T01:25:18.1833762Z,0,0,549,230,0
2026-08-17T01:25:18.1882513Z,0,0,549,230,0
2026-08-17T01:25:18.1933118Z,0,0,549,230,0
2026-08-17T01:25:18.1981142Z,0,0,549,230,0
2026-08-17T01:25:18.2034548Z,0,0,549,230,0
2026-08-17T01:25:18.2081014Z,0,0,549,230,0
2026-08-17T01:25:18.2129555Z,0,0,549,230,0
2026-08-17T01:25:18.2181423Z,0,0,549,230,0
2026-08-17T01:25:18.2233983Z,0,0,549,230,0
2026-08-17T01:25:18.2282524Z,0,0,549,230,0
2026-08-17T01:25:18.2330083Z,0,0,549,230,0
2026-08-17T01:25:18.2381566Z,0,0,549,230,0
2026-08-17T01:25:18.2429678Z,0,0,549,230,0
2026-08-17T01:25:18.248451Z,0,0,549,230,0
2026-08-17T01:25:18.2531659Z,0,0,549,230,0
2026-08-17T01:25:18.2580876Z,0,0,549,230,0
2026-08-17T01:25:18.2629781Z,0,0,549,230,0
2026-08-17T01:25:18.2680372Z,0,0,549,230,0
2026-08-17T01:25:18.2733784Z,0,0,549,230,0
2026-08-17T01:25:18.2781742Z,0,0,549,230,0
2026-08-17T01:25:18.2831759Z,0,0,549,230,0
2026-08-17T01:25:18.2884896Z,0,0,549,230,0
2026-08-17T01:25:18.2933227Z,0,0,549,230,0
2026-08-17T01:25:18.2980378Z,0,0,549,230,0
2026-08-17T01:25:18.3033644Z,0,0,549,230,0
2026-08-17T01:25:18.308333Z,0,0,549,230,0
2026-08-17T01:25:18.3132477Z,0,0,549,230,0
2026-08-17T01:25:18.3179494Z,0,0,549,230,0
2026-08-17T01:25:18.3230415Z,0,0,549,230,0
2026-08-17T01:25:18.3281414Z,0,0,549,230,0
2026-08-17T01:25:18.3330591Z,0,0,549,230,0
2026-08-17T01:25:18.33809Z,0,0,549,230,0
2026-08-17T01:25:18.343262Z,0,0,549,230,0
2026-08-17T01:25:18.3483452Z,0,0,549,230,0
2026-08-17T01:25:18.3533883Z,0,0,549,230,0
2026-08-17T01:25:18.358316Z,0,0,549,230,0
2026-08-17T01:25:18.3632288Z,0,0,549,230,0
2026-08-17T01:25:18.3685949Z,0,0,549,230,0
2026-08-17T01:25:18.3730834Z,0,0,549,230,0
2026-08-17T01:25:18.3783808Z,0,0,549,230,0
2026-08-17T01:25:18.3833596Z,0,0,549,230,0
2026-08-17T01:25:18.3882035Z,0,0,549,230,0
2026-08-17T01:25:18.392955Z,0,0,549,230,0
2026-08-17T01:25:18.3980218Z,0,0,549,230,0
2026-08-17T01:25:18.4032918Z,0,0,549,230,0
2026-08-17T01:25:18.4080253Z,0,0,549,230,0
2026-08-17T01:25:18.4129569Z,0,0,549,230,0
2026-08-17T01:25:18.4182885Z,0,0,549,230,0
2026-08-17T01:25:18.4232938Z,0,0,549,230,0
2026-08-17T01:25:18.4284665Z,0,0,549,230,0
2026-08-17T01:25:18.4334342Z,0,0,549,230,0
2026-08-17T01:25:18.4381431Z,0,0,549,230,0
2026-08-17T01:25:18.4434712Z,0,0,549,230,0
2026-08-17T01:25:18.4481593Z,0,0,549,230,0
2026-08-17T01:25:18.4532609Z,0,0,549,230,0
2026-08-17T01:25:18.4579604Z,0,0,549,230,0
2026-08-17T01:25:18.4634368Z,0,0,549,230,0
2026-08-17T01:25:18.4681964Z,0,0,549,230,0
2026-08-17T01:25:18.4732287Z,0,0,549,230,0
2026-08-17T01:25:18.4781236Z,0,0,549,230,0
2026-08-17T01:25:18.4830067Z,0,0,549,230,0
2026-08-17T01:25:18.4880582Z,0,0,549,230,0
2026-08-17T01:25:18.4933546Z,0,0,549,230,0
2026-08-17T01:25:18.4982082Z,0,0,549,230,0
2026-08-17T01:25:18.5031528Z,0,0,549,230,0
2026-08-17T01:25:18.5083536Z,0,0,549,230,0
2026-08-17T01:25:18.5132988Z,0,0,549,230,0
2026-08-17T01:25:18.5180506Z,0,0,549,230,0
2026-08-17T01:25:18.5230684Z,0,0,549,230,0
2026-08-17T01:25:18.5284121Z,0,0,549,230,0
2026-08-17T01:25:18.5332301Z,0,0,549,230,0
2026-08-17T01:25:18.538005Z,0,0,549,230,0
2026-08-17T01:25:18.5434074Z,0,0,549,230,0
2026-08-17T01:25:18.5484536Z,0,0,549,230,0
2026-08-17T01:25:18.5537399Z,0,0,549,230,0
2026-08-17T01:25:18.5579571Z,0,0,549,230,0
2026-08-17T01:25:18.5633268Z,0,0,549,230,0
2026-08-17T01:25:18.5686434Z,0,0,549,230,0
2026-08-17T01:25:18.5733965Z,0,0,549,230,0
2026-08-17T01:25:18.5781386Z,0,0,549,230,0
2026-08-17T01:25:18.5830843Z,0,0,549,230,0
2026-08-17T01:25:18.5881362Z,0,0,549,230,0
2026-08-17T01:25:18.5934157Z,0,0,549,230,0
2026-08-17T01:25:18.5981816Z,0,0,549,230,0
2026-08-17T01:25:18.6030745Z,0,0,549,230,0
2026-08-17T01:25:18.6085944Z,0,0,549,230,0
2026-08-17T01:25:18.6133751Z,0,0,549,230,0
2026-08-17T01:25:18.6183882Z,0,0,549,230,0
2026-08-17T01:25:18.6232878Z,0,0,549,230,0
2026-08-17T01:25:18.6279401Z,0,0,549,230,0
2026-08-17T01:25:18.6334887Z,0,0,549,230,0
2026-08-17T01:25:18.6383346Z,0,0,549,230,0
2026-08-17T01:25:18.6432186Z,0,0,549,230,0
2026-08-17T01:25:18.6484504Z,0,0,549,230,0
2026-08-17T01:25:18.6534242Z,0,0,549,230,0
2026-08-17T01:25:18.6583513Z,0,0,549,230,0
2026-08-17T01:25:18.6632282Z,0,0,549,230,0
2026-08-17T01:25:18.6683827Z,0,0,549,230,0
2026-08-17T01:25:18.6729924Z,0,0,549,230,0
2026-08-17T01:25:18.6784181Z,0,0,549,230,0
2026-08-17T01:25:18.6837478Z,0,0,549,230,0
2026-08-17T01:25:18.6879853Z,0,0,549,230,0
2026-08-17T01:25:18.6932304Z,0,0,549,230,0
2026-08-17T01:25:18.6982941Z,0,0,549,230,0
2026-08-17T01:25:18.7031896Z,0,0,549,230,0
2026-08-17T01:25:18.7082771Z,0,0,549,230,0
2026-08-17T01:25:18.7131537Z,0,0,549,230,0
2026-08-17T01:25:18.7183925Z,0,0,549,230,0
2026-08-17T01:25:18.7231348Z,0,0,549,230,0
2026-08-17T01:25:18.7283471Z,0,0,549,230,0
2026-08-17T01:25:18.7334505Z,0,0,549,230,0
2026-08-17T01:25:18.7383052Z,0,0,549,230,0
2026-08-17T01:25:18.7432365Z,0,0,549,230,0
2026-08-17T01:25:18.7484288Z,0,0,549,230,0
2026-08-17T01:25:18.753724Z,0,0,549,230,0
2026-08-17T01:25:18.7584149Z,0,0,549,230,0
2026-08-17T01:25:18.7633175Z,0,0,549,230,0
2026-08-17T01:25:18.7682293Z,0,0,549,230,0
2026-08-17T01:25:18.7734109Z,0,0,549,230,0
2026-08-17T01:25:18.7780797Z,0,0,549,230,0
2026-08-17T01:25:18.7833923Z,0,0,549,230,0
2026-08-17T01:25:18.7885653Z,0,0,549,230,0
2026-08-17T01:25:18.7933485Z,0,0,549,230,0
2026-08-17T01:25:18.7980981Z,0,0,549,230,0
2026-08-17T01:25:18.8035281Z,0,0,549,230,0
2026-08-17T01:25:18.8084432Z,0,0,549,230,0
2026-08-17T01:25:18.8133544Z,0,0,549,230,0
2026-08-17T01:25:18.8181735Z,0,0,549,230,0
2026-08-17T01:25:18.8234229Z,0,0,549,230,0
2026-08-17T01:25:18.8284291Z,0,0,549,230,0
2026-08-17T01:25:18.8334571Z,0,0,549,230,0
2026-08-17T01:25:18.8382245Z,0,0,549,230,0
2026-08-17T01:25:18.8431645Z,0,0,549,230,0
2026-08-17T01:25:18.8484489Z,0,0,549,230,0
2026-08-17T01:25:18.8534135Z,0,0,549,230,0
2026-08-17T01:25:18.8582023Z,0,0,549,230,0
2026-08-17T01:25:18.8637103Z,0,0,549,230,0
2026-08-17T01:25:18.8685474Z,0,0,549,230,0
2026-08-17T01:25:18.8733757Z,0,0,549,230,0
2026-08-17T01:25:18.8784196Z,0,0,549,230,0
2026-08-17T01:25:18.883397Z,0,0,549,230,0
2026-08-17T01:25:18.8884566Z,0,0,549,230,0
2026-08-17T01:25:18.8929723Z,0,0,549,230,0
2026-08-17T01:25:18.8982656Z,0,0,549,230,0
2026-08-17T01:25:18.9032254Z,0,0,549,230,0
2026-08-17T01:25:18.9085274Z,0,0,549,230,0
2026-08-17T01:25:18.9134232Z,0,0,549,230,0
2026-08-17T01:25:18.9184153Z,0,0,549,230,0
2026-08-17T01:25:18.9229983Z,0,0,549,230,0
2026-08-17T01:25:18.9280831Z,0,0,549,230,0
2026-08-17T01:25:18.93345Z,0,0,549,230,0
2026-08-17T01:25:18.9382443Z,0,0,549,230,0
2026-08-17T01:25:18.9432683Z,0,0,549,230,0
2026-08-17T01:25:18.9485594Z,0,0,549,230,0
2026-08-17T01:25:18.9530922Z,0,0,549,230,0
2026-08-17T01:25:18.9585166Z,0,0,549,230,0
2026-08-17T01:25:18.9632224Z,0,0,549,230,0
2026-08-17T01:25:18.9683248Z,0,0,549,230,0
2026-08-17T01:25:18.9733617Z,0,0,549,230,0
2026-08-17T01:25:18.9782818Z,0,0,549,230,0
2026-08-17T01:25:18.9833465Z,0,0,549,230,0
2026-08-17T01:25:18.9881859Z,0,0,549,230,0
2026-08-17T01:25:18.9929789Z,0,0,549,230,0
2026-08-17T01:25:18.9981311Z,0,0,549,230,0
2026-08-17T01:25:19.0031167Z,0,0,549,230,0
2026-08-17T01:25:19.008003Z,0,0,549,230,0
2026-08-17T01:25:19.0130343Z,0,0,549,230,0
2026-08-17T01:25:19.018325Z,0,0,549,230,0
2026-08-17T01:25:19.0233519Z,0,0,549,230,0
2026-08-17T01:25:19.0281574Z,0,0,549,230,0
2026-08-17T01:25:19.0332963Z,0,0,549,230,0
2026-08-17T01:25:19.0380351Z,0,0,549,230,0
2026-08-17T01:25:19.0431919Z,0,0,549,230,0
2026-08-17T01:25:19.0480396Z,0,0,549,230,0
2026-08-17T01:25:19.0534861Z,0,0,549,230,0
2026-08-17T01:25:19.0582959Z,0,0,549,230,0
2026-08-17T01:25:19.0631117Z,0,0,549,230,0
2026-08-17T01:25:19.0683217Z,0,0,549,230,0
2026-08-17T01:25:19.0730063Z,0,0,549,230,0
2026-08-17T01:25:19.0789319Z,0,0,549,230,0
2026-08-17T01:25:19.0833434Z,0,0,549,230,0
2026-08-17T01:25:19.0880905Z,0,0,549,230,0
2026-08-17T01:25:19.0931513Z,0,0,549,230,0
2026-08-17T01:25:19.0988571Z,0,0,549,230,0
2026-08-17T01:25:19.1036244Z,0,0,549,230,0
2026-08-17T01:25:19.1083119Z,0,0,549,230,0
2026-08-17T01:25:19.1139119Z,0,0,549,230,0
2026-08-17T01:25:19.1188308Z,0,0,549,230,0
2026-08-17T01:25:19.1233186Z,0,0,549,230,0
2026-08-17T01:25:19.1290086Z,0,0,549,230,0
2026-08-17T01:25:19.1331008Z,0,0,549,230,0
2026-08-17T01:25:19.1381849Z,0,0,549,230,0
2026-08-17T01:25:19.1432511Z,0,0,549,230,0
2026-08-17T01:25:19.1483343Z,0,0,549,230,0
2026-08-17T01:25:19.1534351Z,0,0,549,230,0
2026-08-17T01:25:19.1582501Z,0,0,549,230,0
2026-08-17T01:25:19.1633913Z,0,0,549,230,0
2026-08-17T01:25:19.1681429Z,0,0,549,230,0
2026-08-17T01:25:19.1730531Z,0,0,549,230,0
2026-08-17T01:25:19.1781595Z,0,0,549,230,0
2026-08-17T01:25:19.1830946Z,0,0,549,230,0
2026-08-17T01:25:19.1880832Z,0,0,549,230,0
2026-08-17T01:25:19.1930573Z,0,0,549,230,0
2026-08-17T01:25:19.1983081Z,0,0,549,230,0
2026-08-17T01:25:19.2034839Z,0,0,549,230,0
2026-08-17T01:25:19.2081969Z,0,0,549,230,0
2026-08-17T01:25:19.2136413Z,0,0,549,230,0
2026-08-17T01:25:19.2181898Z,0,0,549,230,0
2026-08-17T01:25:19.2231335Z,0,0,549,230,0
2026-08-17T01:25:19.2283032Z,0,0,549,230,0
2026-08-17T01:25:19.2333538Z,0,0,549,230,0
2026-08-17T01:25:19.2381249Z,0,0,549,230,0
2026-08-17T01:25:19.2432009Z,0,0,549,230,0
2026-08-17T01:25:19.2485071Z,0,0,549,230,0
2026-08-17T01:25:19.253047Z,0,0,549,230,0
2026-08-17T01:25:19.2582107Z,0,0,549,230,0
2026-08-17T01:25:19.263349Z,0,0,549,230,0
2026-08-17T01:25:19.2681122Z,0,0,549,230,0
2026-08-17T01:25:19.2729746Z,0,0,549,230,0
2026-08-17T01:25:19.2782378Z,0,0,549,230,0
2026-08-17T01:25:19.2832069Z,0,0,549,230,0
2026-08-17T01:25:19.2885116Z,0,0,549,230,0
2026-08-17T01:25:19.2933514Z,0,0,549,230,0
2026-08-17T01:25:19.2981271Z,0,0,549,230,0
2026-08-17T01:25:19.3032871Z,0,0,549,230,0
2026-08-17T01:25:19.3084718Z,0,0,549,230,0
2026-08-17T01:25:19.3130177Z,0,0,549,230,0
2026-08-17T01:25:19.3180031Z,0,0,549,230,0
2026-08-17T01:25:19.3229542Z,0,0,549,230,0
2026-08-17T01:25:19.3283948Z,0,0,549,230,0
2026-08-17T01:25:19.3332715Z,0,0,549,230,0
2026-08-17T01:25:19.3380778Z,0,0,549,230,0
2026-08-17T01:25:19.3431599Z,0,0,549,230,0
2026-08-17T01:25:19.3480835Z,0,0,549,230,0
2026-08-17T01:25:19.3531146Z,0,0,549,230,0
2026-08-17T01:25:19.3584561Z,0,0,549,230,0
2026-08-17T01:25:19.3630158Z,0,0,549,230,0
2026-08-17T01:25:19.3685012Z,0,0,549,230,0
2026-08-17T01:25:19.3733486Z,0,0,549,230,0
2026-08-17T01:25:19.3779941Z,0,0,549,230,0
2026-08-17T01:25:19.3834233Z,0,0,549,230,0
2026-08-17T01:25:19.3883625Z,0,0,549,230,0
2026-08-17T01:25:19.3935491Z,0,0,549,230,0
2026-08-17T01:25:19.3983388Z,0,0,549,230,0
2026-08-17T01:25:19.4032067Z,0,0,549,230,0
2026-08-17T01:25:19.4079898Z,0,0,549,230,0
2026-08-17T01:25:19.4131284Z,0,0,549,230,0
2026-08-17T01:25:19.4181396Z,0,0,549,230,0
2026-08-17T01:25:19.4231609Z,0,0,549,230,0
2026-08-17T01:25:19.4284468Z,0,0,549,230,0
2026-08-17T01:25:19.43303Z,0,0,549,230,0
2026-08-17T01:25:19.438392Z,0,0,549,230,0
2026-08-17T01:25:19.4433045Z,0,0,549,230,0
2026-08-17T01:25:19.448063Z,0,0,549,230,0
2026-08-17T01:25:19.4530243Z,0,0,549,230,0
2026-08-17T01:25:19.4586049Z,0,0,549,230,0
2026-08-17T01:25:19.4634038Z,0,0,549,230,0
2026-08-17T01:25:19.4681873Z,0,0,549,230,0
2026-08-17T01:25:19.4731106Z,0,0,549,230,0
2026-08-17T01:25:19.4781675Z,0,0,549,230,0
2026-08-17T01:25:19.4832859Z,0,0,549,230,0
2026-08-17T01:25:19.4881404Z,0,0,549,230,0
2026-08-17T01:25:19.4931057Z,0,0,549,230,0
2026-08-17T01:25:19.4985072Z,0,0,549,230,0
2026-08-17T01:25:19.5031296Z,0,0,549,230,0
2026-08-17T01:25:19.5084668Z,0,0,549,230,0
2026-08-17T01:25:19.5133694Z,0,0,549,230,0
2026-08-17T01:25:19.5184731Z,0,0,549,230,0
2026-08-17T01:25:19.523651Z,0,0,549,230,0
2026-08-17T01:25:19.5282998Z,0,0,549,230,0
2026-08-17T01:25:19.5332855Z,0,0,549,230,0
2026-08-17T01:25:19.5381607Z,0,0,549,230,0
2026-08-17T01:25:19.5432977Z,0,0,549,230,0
2026-08-17T01:25:19.5483067Z,0,0,549,230,0
2026-08-17T01:25:19.5534044Z,0,0,549,230,0
2026-08-17T01:25:19.5581148Z,0,0,549,230,0
2026-08-17T01:25:19.5632378Z,0,0,549,230,0
2026-08-17T01:25:19.5681812Z,0,0,549,230,0
2026-08-17T01:25:19.572998Z,0,0,549,230,0
2026-08-17T01:25:19.5786756Z,0,0,549,230,0
2026-08-17T01:25:19.583241Z,0,0,549,230,0
2026-08-17T01:25:19.5884432Z,0,0,549,230,0
2026-08-17T01:25:19.593236Z,0,0,549,230,0
2026-08-17T01:25:19.5980222Z,0,0,549,230,0
2026-08-17T01:25:19.6038468Z,0,0,549,230,0
2026-08-17T01:25:19.6080768Z,0,0,549,230,0
2026-08-17T01:25:19.6131081Z,0,0,549,230,0
2026-08-17T01:25:19.617959Z,0,0,549,230,0
2026-08-17T01:25:19.623166Z,0,0,549,230,0
2026-08-17T01:25:19.6284554Z,0,0,549,230,0
2026-08-17T01:25:19.6333456Z,0,0,549,230,0
2026-08-17T01:25:19.6383202Z,0,0,549,230,0
2026-08-17T01:25:19.6433367Z,0,0,549,230,0
2026-08-17T01:25:19.6480726Z,0,0,549,230,0
2026-08-17T01:25:19.652991Z,0,0,549,230,0
2026-08-17T01:25:19.6580797Z,0,0,549,230,0
2026-08-17T01:25:19.6636375Z,0,0,549,230,0
2026-08-17T01:25:19.6684753Z,0,0,549,230,0
2026-08-17T01:25:19.673331Z,0,0,549,230,0
2026-08-17T01:25:19.6781402Z,0,0,549,230,0
2026-08-17T01:25:19.6831187Z,0,0,549,230,0
2026-08-17T01:25:19.6881643Z,0,0,549,230,0
2026-08-17T01:25:19.6939312Z,0,0,549,230,0
2026-08-17T01:25:19.6984238Z,0,0,549,230,0
2026-08-17T01:25:19.7032433Z,0,0,549,230,0
2026-08-17T01:25:19.7088151Z,0,0,549,230,0
2026-08-17T01:25:19.7134359Z,0,0,549,230,0
2026-08-17T01:25:19.7182449Z,0,0,549,230,0
2026-08-17T01:25:19.7231207Z,0,0,549,230,0
2026-08-17T01:25:19.7281924Z,0,0,549,230,0
2026-08-17T01:25:19.73343Z,0,0,549,230,0
2026-08-17T01:25:19.7383587Z,0,0,549,230,0
2026-08-17T01:25:19.7431643Z,0,0,549,230,0
2026-08-17T01:25:19.7479682Z,0,0,549,230,0
2026-08-17T01:25:19.7533363Z,0,0,549,230,0
2026-08-17T01:25:19.7580968Z,0,0,549,230,0
2026-08-17T01:25:19.763356Z,0,0,549,230,0
2026-08-17T01:25:19.7682911Z,0,0,549,230,0
2026-08-17T01:25:19.7732002Z,0,0,549,230,0
2026-08-17T01:25:19.7780372Z,0,0,549,230,0
2026-08-17T01:25:19.7830882Z,0,0,549,230,0
2026-08-17T01:25:19.7882609Z,0,0,549,230,0
2026-08-17T01:25:19.793166Z,0,0,549,230,0
2026-08-17T01:25:19.7983193Z,0,0,549,230,0
2026-08-17T01:25:19.8031948Z,0,0,549,230,0
2026-08-17T01:25:19.8084579Z,0,0,549,230,0
2026-08-17T01:25:19.813271Z,0,0,549,230,0
2026-08-17T01:25:19.818482Z,0,0,549,230,0
2026-08-17T01:25:19.8234472Z,0,0,549,230,0
2026-08-17T01:25:19.8283147Z,0,0,549,230,0
2026-08-17T01:25:19.833398Z,0,0,549,230,0
2026-08-17T01:25:19.8383908Z,0,0,549,230,0
2026-08-17T01:25:19.8434681Z,0,0,549,230,0
2026-08-17T01:25:19.8486783Z,0,0,549,230,0
2026-08-17T01:25:19.8531079Z,0,0,549,230,0
2026-08-17T01:25:19.8583352Z,0,0,549,230,0
2026-08-17T01:25:19.863027Z,0,0,549,230,0
2026-08-17T01:25:19.8680994Z,0,0,549,230,0
2026-08-17T01:25:19.8731851Z,0,0,549,230,0
2026-08-17T01:25:19.8779648Z,0,0,549,230,0
2026-08-17T01:25:19.8829612Z,0,0,549,230,0
2026-08-17T01:25:19.8881175Z,0,0,549,230,0
2026-08-17T01:25:19.8930283Z,0,0,549,230,0
2026-08-17T01:25:19.8980326Z,0,0,549,230,0
2026-08-17T01:25:19.9034825Z,0,0,549,230,0
2026-08-17T01:25:19.9083967Z,0,0,549,230,0
2026-08-17T01:25:19.9130473Z,0,0,549,230,0
2026-08-17T01:25:19.917997Z,0,0,549,230,0
2026-08-17T01:25:19.9230416Z,0,0,549,230,0
2026-08-17T01:25:19.9282274Z,0,0,549,230,0
2026-08-17T01:25:19.9332422Z,0,0,549,230,0
2026-08-17T01:25:19.9381956Z,0,0,549,230,0
2026-08-17T01:25:19.9432465Z,0,0,549,230,0
2026-08-17T01:25:19.9484041Z,0,0,549,230,0
2026-08-17T01:25:19.9533869Z,0,0,549,230,0
2026-08-17T01:25:19.9584629Z,0,0,549,230,0
2026-08-17T01:25:19.9634512Z,0,0,549,230,0
2026-08-17T01:25:19.9682616Z,0,0,549,230,0
2026-08-17T01:25:19.9732937Z,0,0,549,230,0
2026-08-17T01:25:19.9786466Z,0,0,549,230,0
2026-08-17T01:25:19.9835534Z,0,0,549,230,0
2026-08-17T01:25:19.9883486Z,0,0,549,230,0
2026-08-17T01:25:19.9932871Z,0,0,549,230,0
2026-08-17T01:25:19.9983263Z,0,0,549,230,0
2026-08-17T01:25:20.0033128Z,0,0,549,230,0
2026-08-17T01:25:20.0079936Z,0,0,549,230,0
2026-08-17T01:25:20.0134173Z,0,0,549,230,0
2026-08-17T01:25:20.0185242Z,0,0,549,230,0
2026-08-17T01:25:20.0230736Z,0,0,549,230,0
2026-08-17T01:25:20.0283398Z,0,0,549,230,0
2026-08-17T01:25:20.0334708Z,0,0,549,230,0
2026-08-17T01:25:20.0381863Z,0,0,549,230,0
2026-08-17T01:25:20.0430922Z,0,0,549,230,0
2026-08-17T01:25:20.0482923Z,0,0,549,230,0
2026-08-17T01:25:20.0532733Z,0,0,549,230,0
2026-08-17T01:25:20.0582188Z,0,0,549,230,0
2026-08-17T01:25:20.0629846Z,0,0,549,230,0
2026-08-17T01:25:20.0683817Z,0,0,549,230,0
2026-08-17T01:25:20.073225Z,0,0,549,230,0
2026-08-17T01:25:20.0780528Z,0,0,549,230,0
2026-08-17T01:25:20.0829649Z,0,0,549,230,0
2026-08-17T01:25:20.0883318Z,0,0,549,230,0
2026-08-17T01:25:20.0931554Z,0,0,549,230,0
2026-08-17T01:25:20.0981255Z,0,0,549,230,0
2026-08-17T01:25:20.1031144Z,0,0,549,230,0
2026-08-17T01:25:20.1080066Z,0,0,549,230,0
2026-08-17T01:25:20.1134253Z,0,0,549,230,0
2026-08-17T01:25:20.1182634Z,0,0,549,230,0
2026-08-17T01:25:20.1231303Z,0,0,549,230,0
2026-08-17T01:25:20.1285105Z,0,0,549,230,0
2026-08-17T01:25:20.133495Z,0,0,549,230,0
2026-08-17T01:25:20.1384661Z,0,0,549,230,0
2026-08-17T01:25:20.1435514Z,0,0,549,230,0
2026-08-17T01:25:20.1483958Z,0,0,549,230,0
2026-08-17T01:25:20.1534367Z,0,0,549,230,0
2026-08-17T01:25:20.1583358Z,0,0,549,230,0
2026-08-17T01:25:20.1632031Z,0,0,549,230,0
2026-08-17T01:25:20.1680885Z,0,0,549,230,0
2026-08-17T01:25:20.1732443Z,0,0,549,230,0
2026-08-17T01:25:20.1780337Z,0,0,549,230,0
2026-08-17T01:25:20.1831147Z,0,0,549,230,0
2026-08-17T01:25:20.1880884Z,0,0,549,230,0
2026-08-17T01:25:20.1932885Z,0,0,549,230,0
2026-08-17T01:25:20.1981548Z,0,0,549,230,0
2026-08-17T01:25:20.2036317Z,0,0,549,230,0
2026-08-17T01:25:20.2079841Z,0,0,549,230,0
2026-08-17T01:25:20.2131881Z,0,0,549,230,0
2026-08-17T01:25:20.2180588Z,0,0,549,230,0
2026-08-17T01:25:20.2233762Z,0,0,549,230,0
2026-08-17T01:25:20.2281188Z,0,0,549,230,0
2026-08-17T01:25:20.2333294Z,0,0,549,230,0
2026-08-17T01:25:20.2381854Z,0,0,549,230,0
2026-08-17T01:25:20.2432666Z,0,0,549,230,0
2026-08-17T01:25:20.2481111Z,0,0,549,230,0
2026-08-17T01:25:20.2534413Z,0,0,549,230,0
2026-08-17T01:25:20.2583573Z,0,0,549,230,0
2026-08-17T01:25:20.2631533Z,0,0,549,230,0
2026-08-17T01:25:20.2683421Z,0,0,549,230,0
2026-08-17T01:25:20.2730728Z,0,0,549,230,0
2026-08-17T01:25:20.2780025Z,0,0,549,230,0
2026-08-17T01:25:20.2834103Z,0,0,549,230,0
2026-08-17T01:25:20.2881941Z,0,0,549,230,0
2026-08-17T01:25:20.2931413Z,0,0,549,230,0
2026-08-17T01:25:20.2981397Z,0,0,549,230,0
2026-08-17T01:25:20.303192Z,0,0,549,230,0
2026-08-17T01:25:20.3080341Z,0,0,549,230,0
2026-08-17T01:25:20.3134866Z,0,0,549,230,0
2026-08-17T01:25:20.3184945Z,0,0,549,230,0
2026-08-17T01:25:20.3230251Z,0,0,549,230,0
2026-08-17T01:25:20.3281053Z,0,0,549,230,0
2026-08-17T01:25:20.3331038Z,0,0,549,230,0
2026-08-17T01:25:20.3380411Z,0,0,549,230,0
2026-08-17T01:25:20.3433936Z,0,0,549,230,0
2026-08-17T01:25:20.3484262Z,0,0,549,230,0
2026-08-17T01:25:20.3532993Z,0,0,549,230,0
2026-08-17T01:25:20.3582035Z,0,0,549,230,0
2026-08-17T01:25:20.3631431Z,0,0,549,230,0
2026-08-17T01:25:20.3683372Z,0,0,549,230,0
2026-08-17T01:25:20.3730335Z,0,0,549,230,0
2026-08-17T01:25:20.3781687Z,0,0,549,230,0
2026-08-17T01:25:20.3831613Z,0,0,549,230,0
2026-08-17T01:25:20.3883711Z,0,0,549,230,0
2026-08-17T01:25:20.3933174Z,0,0,549,230,0
2026-08-17T01:25:20.3979834Z,0,0,549,230,0
2026-08-17T01:25:20.4032667Z,0,0,549,230,0
2026-08-17T01:25:20.4079415Z,0,0,549,230,0
2026-08-17T01:25:20.4130203Z,0,0,549,230,0
2026-08-17T01:25:20.4180584Z,0,0,549,230,0
2026-08-17T01:25:20.4230954Z,0,0,549,230,0
2026-08-17T01:25:20.4279979Z,0,0,549,230,0
2026-08-17T01:25:20.4333Z,0,0,549,230,0
2026-08-17T01:25:20.4380109Z,0,0,549,230,0
2026-08-17T01:25:20.4433124Z,0,0,549,230,0
2026-08-17T01:25:20.4481126Z,0,0,549,230,0
2026-08-17T01:25:20.4533274Z,0,0,549,230,0
2026-08-17T01:25:20.4579786Z,0,0,549,230,0
2026-08-17T01:25:20.4630607Z,0,0,549,230,0
2026-08-17T01:25:20.4683121Z,0,0,549,230,0
2026-08-17T01:25:20.4734291Z,0,0,549,230,0
2026-08-17T01:25:20.4782514Z,0,0,549,230,0
2026-08-17T01:25:20.4831054Z,0,0,549,230,0
2026-08-17T01:25:20.4879974Z,0,0,549,230,0
2026-08-17T01:25:20.4932584Z,0,0,549,230,0
2026-08-17T01:25:20.4979818Z,0,0,549,230,0
2026-08-17T01:25:20.5033716Z,0,0,549,230,0
2026-08-17T01:25:20.5081168Z,0,0,549,230,0
2026-08-17T01:25:20.5136853Z,0,0,549,230,0
2026-08-17T01:25:20.5180554Z,0,0,549,230,0
2026-08-17T01:25:20.52301Z,0,0,549,230,0
2026-08-17T01:25:20.5285689Z,0,0,549,230,0
2026-08-17T01:25:20.5333456Z,0,0,549,230,0
2026-08-17T01:25:20.538454Z,0,0,549,230,0
2026-08-17T01:25:20.5434791Z,0,0,549,230,0
2026-08-17T01:25:20.5485647Z,0,0,549,230,0
2026-08-17T01:25:20.5534059Z,0,0,549,230,0
2026-08-17T01:25:20.5587021Z,0,0,549,230,0
2026-08-17T01:25:20.5632684Z,0,0,549,230,0
2026-08-17T01:25:20.5680771Z,0,0,549,230,0
2026-08-17T01:25:20.5730816Z,0,0,549,230,0
2026-08-17T01:25:20.5783213Z,0,0,549,230,0
2026-08-17T01:25:20.5833525Z,0,0,549,230,0
2026-08-17T01:25:20.5883218Z,0,0,549,230,0
2026-08-17T01:25:20.5933513Z,0,0,549,230,0
2026-08-17T01:25:20.5984817Z,0,0,549,230,0
2026-08-17T01:25:20.6034736Z,0,0,549,230,0
2026-08-17T01:25:20.6085828Z,0,0,549,230,0
2026-08-17T01:25:20.6134498Z,0,0,549,230,0
2026-08-17T01:25:20.61827Z,0,0,549,230,0
2026-08-17T01:25:20.6231509Z,0,0,549,230,0
2026-08-17T01:25:20.6280807Z,0,0,549,230,0
2026-08-17T01:25:20.6331405Z,0,0,549,230,0
2026-08-17T01:25:20.6382029Z,0,0,549,230,0
2026-08-17T01:25:20.642987Z,0,0,549,230,0
2026-08-17T01:25:20.6479203Z,0,0,549,230,0
2026-08-17T01:25:20.6529771Z,0,0,549,230,0
2026-08-17T01:25:20.6579388Z,0,0,549,230,0
2026-08-17T01:25:20.6630666Z,0,0,549,230,0
2026-08-17T01:25:20.6680895Z,0,0,549,230,0
2026-08-17T01:25:20.6732667Z,0,0,549,230,0
2026-08-17T01:25:20.6784732Z,0,0,549,230,0
2026-08-17T01:25:20.6831977Z,0,0,549,230,0
2026-08-17T01:25:20.6884019Z,0,0,549,230,0
2026-08-17T01:25:20.693073Z,0,0,549,230,0
2026-08-17T01:25:20.6983236Z,0,0,549,230,0
2026-08-17T01:25:20.7032825Z,0,0,549,230,0
2026-08-17T01:25:20.708485Z,0,0,549,230,0
2026-08-17T01:25:20.7131693Z,0,0,549,230,0
2026-08-17T01:25:20.7183652Z,0,0,549,230,0
2026-08-17T01:25:20.7233013Z,0,0,549,230,0
2026-08-17T01:25:20.7279635Z,0,0,549,230,0
2026-08-17T01:25:20.733181Z,0,0,549,230,0
2026-08-17T01:25:20.7383318Z,0,0,549,230,0
2026-08-17T01:25:20.7433402Z,0,0,549,230,0
2026-08-17T01:25:20.748544Z,0,0,549,230,0
2026-08-17T01:25:20.7538097Z,0,0,549,230,0
2026-08-17T01:25:20.7585707Z,0,0,549,230,0
2026-08-17T01:25:20.7638199Z,0,0,549,230,0
2026-08-17T01:25:20.7685197Z,0,0,549,230,0
2026-08-17T01:25:20.7733854Z,0,0,549,230,0
2026-08-17T01:25:20.7785858Z,0,0,549,230,0
2026-08-17T01:25:20.7838937Z,0,0,549,230,0
2026-08-17T01:25:20.7885968Z,0,0,549,230,0
2026-08-17T01:25:20.7933149Z,0,0,549,230,0
2026-08-17T01:25:20.7984355Z,0,0,549,230,0
2026-08-17T01:25:20.8032423Z,0,0,549,230,0
2026-08-17T01:25:20.808538Z,0,0,549,230,0
2026-08-17T01:25:20.8135496Z,0,0,549,230,0
2026-08-17T01:25:20.8182966Z,0,0,549,230,0
2026-08-17T01:25:20.8235432Z,0,0,549,230,0
2026-08-17T01:25:20.8283151Z,0,0,549,230,0
2026-08-17T01:25:20.8331109Z,0,0,549,230,0
2026-08-17T01:25:20.8381625Z,0,0,549,230,0
2026-08-17T01:25:20.8431239Z,0,0,549,230,0
2026-08-17T01:25:20.8483861Z,0,0,549,230,0
2026-08-17T01:25:20.8532626Z,0,0,549,230,0
2026-08-17T01:25:20.8580028Z,0,0,549,230,0
2026-08-17T01:25:20.86313Z,0,0,549,230,0
2026-08-17T01:25:20.8683013Z,0,0,549,230,0
2026-08-17T01:25:20.8729595Z,0,0,549,230,0
2026-08-17T01:25:20.8781338Z,0,0,549,230,0
2026-08-17T01:25:20.883456Z,0,0,549,230,0
2026-08-17T01:25:20.8883414Z,0,0,549,230,0
2026-08-17T01:25:20.8932075Z,0,0,549,230,0
2026-08-17T01:25:20.8982888Z,0,0,549,230,0
2026-08-17T01:25:20.9033541Z,0,0,549,230,0
2026-08-17T01:25:20.9082692Z,0,0,549,230,0
2026-08-17T01:25:20.9132926Z,0,0,549,230,0
2026-08-17T01:25:20.9182752Z,0,0,549,230,0
2026-08-17T01:25:20.9234331Z,0,0,549,230,0
2026-08-17T01:25:20.9283221Z,0,0,549,230,0
2026-08-17T01:25:20.9333707Z,0,0,549,230,0
2026-08-17T01:25:20.9386606Z,0,0,549,230,0
2026-08-17T01:25:20.9430646Z,0,0,549,230,0
2026-08-17T01:25:20.9481368Z,0,0,549,230,0
2026-08-17T01:25:20.9535323Z,0,0,549,230,0
2026-08-17T01:25:20.9581055Z,0,0,549,230,0
2026-08-17T01:25:20.9632666Z,0,0,549,230,0
2026-08-17T01:25:20.9686029Z,0,0,549,230,0
2026-08-17T01:25:20.9733698Z,0,0,549,230,0
2026-08-17T01:25:20.9781221Z,0,0,549,230,0
2026-08-17T01:25:20.9836044Z,0,0,549,230,0
2026-08-17T01:25:20.9883237Z,0,0,549,230,0
2026-08-17T01:25:20.993357Z,0,0,549,230,0
2026-08-17T01:25:20.9986867Z,0,0,549,230,0
2026-08-17T01:25:21.0035768Z,0,0,549,230,0
2026-08-17T01:25:21.0082273Z,0,0,549,230,0
2026-08-17T01:25:21.0136868Z,0,0,549,230,0
2026-08-17T01:25:21.0179865Z,0,0,549,230,0
2026-08-17T01:25:21.0230551Z,0,0,549,230,0
2026-08-17T01:25:21.0295733Z,0,0,549,230,0
2026-08-17T01:25:21.0331695Z,0,0,549,230,0
2026-08-17T01:25:21.0384505Z,0,0,549,230,0
2026-08-17T01:25:21.0432503Z,0,0,549,230,0
2026-08-17T01:25:21.0480547Z,0,0,549,230,0
2026-08-17T01:25:21.0532025Z,0,0,549,230,0
2026-08-17T01:25:21.0586474Z,0,0,549,230,0
2026-08-17T01:25:21.0631299Z,0,0,549,230,0
2026-08-17T01:25:21.0684382Z,0,0,549,230,0
2026-08-17T01:25:21.0730352Z,0,0,549,230,0
2026-08-17T01:25:21.0784459Z,0,0,549,230,0
2026-08-17T01:25:21.0830756Z,0,0,549,230,0
2026-08-17T01:25:21.0884561Z,0,0,549,230,0
2026-08-17T01:25:21.0933388Z,0,0,549,230,0
2026-08-17T01:25:21.0981517Z,0,0,549,230,0
2026-08-17T01:25:21.1032226Z,0,0,549,230,0
2026-08-17T01:25:21.1084661Z,0,0,549,230,0
2026-08-17T01:25:21.1133959Z,0,0,549,230,0
2026-08-17T01:25:21.1180796Z,0,0,549,230,0
2026-08-17T01:25:21.1234236Z,0,0,549,230,0
2026-08-17T01:25:21.1283301Z,0,0,549,230,0
2026-08-17T01:25:21.1333182Z,0,0,549,230,0
2026-08-17T01:25:21.1381521Z,0,0,549,230,0
2026-08-17T01:25:21.1432497Z,0,0,549,230,0
2026-08-17T01:25:21.147984Z,0,0,549,230,0
2026-08-17T01:25:21.1534076Z,0,0,549,230,0
2026-08-17T01:25:21.1582361Z,0,0,549,230,0
2026-08-17T01:25:21.1633386Z,0,0,549,230,0
2026-08-17T01:25:21.1685879Z,0,0,549,230,0
2026-08-17T01:25:21.1732361Z,0,0,549,230,0
2026-08-17T01:25:21.1781435Z,0,0,549,230,0
2026-08-17T01:25:21.1831996Z,0,0,549,230,0
2026-08-17T01:25:21.1885175Z,0,0,549,230,0
2026-08-17T01:25:21.1930524Z,0,0,549,230,0
2026-08-17T01:25:21.1980946Z,0,0,549,230,0
2026-08-17T01:25:21.2029133Z,0,0,549,230,0
2026-08-17T01:25:21.2081112Z,0,0,549,230,0
2026-08-17T01:25:21.2130926Z,0,0,549,230,0
2026-08-17T01:25:21.2180817Z,0,0,549,230,0
2026-08-17T01:25:21.2234459Z,0,0,549,230,0
2026-08-17T01:25:21.2283186Z,0,0,549,230,0
2026-08-17T01:25:21.2333772Z,0,0,549,230,0
2026-08-17T01:25:21.2380694Z,0,0,549,230,0
2026-08-17T01:25:21.2430934Z,0,0,549,230,0
2026-08-17T01:25:21.2480048Z,0,0,549,230,0
2026-08-17T01:25:21.2533346Z,0,0,549,230,0
2026-08-17T01:25:21.2582482Z,0,0,549,230,0
2026-08-17T01:25:21.2633501Z,0,0,549,230,0
2026-08-17T01:25:21.2682771Z,0,0,549,230,0
2026-08-17T01:25:21.2732852Z,0,0,549,230,0
2026-08-17T01:25:21.2784734Z,0,0,549,230,0
2026-08-17T01:25:21.2831237Z,0,0,549,230,0
2026-08-17T01:25:21.2882758Z,0,0,549,230,0
2026-08-17T01:25:21.2932552Z,0,0,549,230,0
2026-08-17T01:25:21.2980341Z,0,0,549,230,0
2026-08-17T01:25:21.3029662Z,0,0,549,230,0
2026-08-17T01:25:21.3083637Z,0,0,549,230,0
2026-08-17T01:25:21.3136248Z,0,0,549,230,0
2026-08-17T01:25:21.3181657Z,0,0,549,230,0
2026-08-17T01:25:21.3231308Z,0,0,549,230,0
2026-08-17T01:25:21.328238Z,0,0,549,230,0
2026-08-17T01:25:21.3331717Z,0,0,549,230,0
2026-08-17T01:25:21.3380263Z,0,0,549,230,0
2026-08-17T01:25:21.3433269Z,0,0,549,230,0
2026-08-17T01:25:21.3479979Z,0,0,549,230,0
2026-08-17T01:25:21.3534737Z,0,0,549,230,0
2026-08-17T01:25:21.3583307Z,0,0,549,230,0
2026-08-17T01:25:21.3631707Z,0,0,549,230,0
2026-08-17T01:25:21.368458Z,0,0,549,230,0
2026-08-17T01:25:21.3733287Z,0,0,549,230,0
2026-08-17T01:25:21.3780141Z,0,0,549,230,0
2026-08-17T01:25:21.3834682Z,0,0,549,230,0
2026-08-17T01:25:21.3882156Z,0,0,549,230,0
2026-08-17T01:25:21.3930743Z,0,0,549,230,0
2026-08-17T01:25:21.3981258Z,0,0,549,230,0
2026-08-17T01:25:21.4031683Z,0,0,549,230,0
2026-08-17T01:25:21.4083994Z,0,0,549,230,0
2026-08-17T01:25:21.4132773Z,0,0,549,230,0
2026-08-17T01:25:21.4182285Z,0,0,549,230,0
2026-08-17T01:25:21.4231978Z,0,0,549,230,0
2026-08-17T01:25:21.428187Z,0,0,549,230,0
2026-08-17T01:25:21.4334072Z,0,0,549,230,0
2026-08-17T01:25:21.4381323Z,0,0,549,230,0
2026-08-17T01:25:21.4431081Z,0,0,549,230,0
2026-08-17T01:25:21.4481425Z,0,0,549,230,0
2026-08-17T01:25:21.4531398Z,0,0,549,230,0
2026-08-17T01:25:21.4579655Z,0,0,549,230,0
2026-08-17T01:25:21.4634584Z,0,0,549,230,0
2026-08-17T01:25:21.4685651Z,0,0,549,230,0
2026-08-17T01:25:21.4733993Z,0,0,549,230,0
2026-08-17T01:25:21.4780558Z,0,0,549,230,0
2026-08-17T01:25:21.4833144Z,0,0,549,230,0
2026-08-17T01:25:21.4884959Z,0,0,549,230,0
2026-08-17T01:25:21.4933158Z,0,0,549,230,0
2026-08-17T01:25:21.4983316Z,0,0,549,230,0
2026-08-17T01:25:21.5033734Z,0,0,549,230,0
2026-08-17T01:25:21.5085542Z,0,0,549,230,0
2026-08-17T01:25:21.5131004Z,0,0,549,230,0
2026-08-17T01:25:21.5179614Z,0,0,549,230,0
2026-08-17T01:25:21.523458Z,0,0,549,230,0
2026-08-17T01:25:21.5286903Z,0,0,549,230,0
2026-08-17T01:25:21.5330755Z,0,0,549,230,0
2026-08-17T01:25:21.5382606Z,0,0,549,230,0
2026-08-17T01:25:21.5430506Z,0,0,549,230,0
2026-08-17T01:25:21.5486271Z,0,0,549,230,0
2026-08-17T01:25:21.5529783Z,0,0,549,230,0
2026-08-17T01:25:21.5584047Z,0,0,549,230,0
2026-08-17T01:25:21.5633346Z,0,0,549,230,0
2026-08-17T01:25:21.5685622Z,0,0,549,230,0
2026-08-17T01:25:21.5734317Z,0,0,549,230,0
2026-08-17T01:25:21.578631Z,0,0,549,230,0
2026-08-17T01:25:21.5831601Z,0,0,549,230,0
2026-08-17T01:25:21.5879334Z,0,0,549,230,0
2026-08-17T01:25:21.5932588Z,0,0,549,230,0
2026-08-17T01:25:21.5985773Z,0,0,549,230,0
2026-08-17T01:25:21.6034437Z,0,0,549,230,0
2026-08-17T01:25:21.608122Z,0,0,549,230,0
2026-08-17T01:25:21.6136561Z,0,0,549,230,0
2026-08-17T01:25:21.6185221Z,0,0,549,230,0
2026-08-17T01:25:21.6234343Z,0,0,549,230,0
2026-08-17T01:25:21.6282585Z,0,0,549,230,0
2026-08-17T01:25:21.6332814Z,0,0,549,230,0
2026-08-17T01:25:21.6385672Z,0,0,549,230,0
2026-08-17T01:25:21.6434022Z,0,0,549,230,0
2026-08-17T01:25:21.6487152Z,0,0,549,230,0
2026-08-17T01:25:21.6530934Z,0,0,549,230,0
2026-08-17T01:25:21.658179Z,0,0,549,230,0
2026-08-17T01:25:21.6632524Z,0,0,549,230,0
2026-08-17T01:25:21.6686105Z,0,0,549,230,0
2026-08-17T01:25:21.673425Z,0,0,549,230,0
2026-08-17T01:25:21.678208Z,0,0,549,230,0
2026-08-17T01:25:21.683267Z,0,0,549,230,0
2026-08-17T01:25:21.6880499Z,0,0,549,230,0
2026-08-17T01:25:21.6933549Z,0,0,549,230,0
2026-08-17T01:25:21.6981529Z,0,0,549,230,0
2026-08-17T01:25:21.7035561Z,0,0,549,230,0
2026-08-17T01:25:21.7084167Z,0,0,549,230,0
2026-08-17T01:25:21.7132792Z,0,0,549,230,0
2026-08-17T01:25:21.7185147Z,0,0,549,230,0
2026-08-17T01:25:21.7229467Z,0,0,549,230,0
2026-08-17T01:25:21.7283132Z,0,0,549,230,0
2026-08-17T01:25:21.7335263Z,0,0,549,230,0
2026-08-17T01:25:21.7382371Z,0,0,549,230,0
2026-08-17T01:25:21.743076Z,0,0,549,230,0
2026-08-17T01:25:21.7481444Z,0,0,549,230,0
2026-08-17T01:25:21.7529991Z,0,0,549,230,0
2026-08-17T01:25:21.7580888Z,0,0,549,230,0
2026-08-17T01:25:21.7633872Z,0,0,549,230,0
2026-08-17T01:25:21.7681984Z,0,0,549,230,0
2026-08-17T01:25:21.7732687Z,0,0,549,230,0
2026-08-17T01:25:21.7781596Z,0,0,549,230,0
2026-08-17T01:25:21.783647Z,0,0,549,230,0
2026-08-17T01:25:21.788491Z,0,0,549,230,0
2026-08-17T01:25:21.7931694Z,0,0,549,230,0
2026-08-17T01:25:21.7982461Z,0,0,549,230,0
2026-08-17T01:25:21.8032412Z,0,0,549,230,0
2026-08-17T01:25:21.8085175Z,0,0,549,230,0
2026-08-17T01:25:21.8134531Z,0,0,549,230,0
2026-08-17T01:25:21.8183826Z,0,0,549,230,0
2026-08-17T01:25:21.8229848Z,0,0,549,230,0
2026-08-17T01:25:21.8282014Z,0,0,549,230,0
2026-08-17T01:25:21.833361Z,0,0,549,230,0
2026-08-17T01:25:21.8384037Z,0,0,549,230,0
2026-08-17T01:25:21.8431899Z,0,0,549,230,0
2026-08-17T01:25:21.8483776Z,0,0,549,230,0
2026-08-17T01:25:21.8535751Z,0,0,549,230,0
2026-08-17T01:25:21.8582033Z,0,0,549,230,0
2026-08-17T01:25:21.863147Z,0,0,549,230,0
2026-08-17T01:25:21.8680407Z,0,0,549,230,0
2026-08-17T01:25:21.873232Z,0,0,549,230,0
2026-08-17T01:25:21.8783188Z,0,0,549,230,0
2026-08-17T01:25:21.8831942Z,0,0,549,230,0
2026-08-17T01:25:21.8883774Z,0,0,549,230,0
2026-08-17T01:25:21.8933758Z,0,0,549,230,0
2026-08-17T01:25:21.8980719Z,0,0,549,230,0
2026-08-17T01:25:21.9032385Z,0,0,549,230,0
2026-08-17T01:25:21.9083014Z,0,0,549,230,0
2026-08-17T01:25:21.9132215Z,0,0,549,230,0
2026-08-17T01:25:21.9184051Z,0,0,549,230,0
2026-08-17T01:25:21.9236268Z,0,0,549,230,0
2026-08-17T01:25:21.9281467Z,0,0,549,230,0
2026-08-17T01:25:21.9329684Z,0,0,549,230,0
2026-08-17T01:25:21.9383612Z,0,0,549,230,0
2026-08-17T01:25:21.9433895Z,0,0,549,230,0
2026-08-17T01:25:21.9480358Z,0,0,549,230,0
2026-08-17T01:25:21.9532506Z,0,0,549,230,0
2026-08-17T01:25:21.9585274Z,0,0,549,230,0
2026-08-17T01:25:21.9632937Z,0,0,549,230,0
2026-08-17T01:25:21.9681662Z,0,0,549,230,0
2026-08-17T01:25:21.9731927Z,0,0,549,230,0
2026-08-17T01:25:21.9780747Z,0,0,549,230,0
2026-08-17T01:25:21.9834728Z,0,0,549,230,0
2026-08-17T01:25:21.9882411Z,0,0,549,230,0
2026-08-17T01:25:21.9934783Z,0,0,549,230,0
2026-08-17T01:25:21.9981936Z,0,0,549,230,0
2026-08-17T01:25:22.0032524Z,0,0,549,230,0
2026-08-17T01:25:22.0080703Z,0,0,549,230,0
2026-08-17T01:25:22.0130927Z,0,0,549,230,0
2026-08-17T01:25:22.0179765Z,0,0,549,230,0
2026-08-17T01:25:22.0235314Z,0,0,549,230,0
2026-08-17T01:25:22.0279885Z,0,0,549,230,0
2026-08-17T01:25:22.0336088Z,0,0,549,230,0
2026-08-17T01:25:22.0384284Z,0,0,549,230,0
2026-08-17T01:25:22.0433511Z,0,0,549,230,0
2026-08-17T01:25:22.0484329Z,0,0,549,230,0
2026-08-17T01:25:22.0532938Z,0,0,549,230,0
2026-08-17T01:25:22.0580525Z,0,0,549,230,0
2026-08-17T01:25:22.0631455Z,0,0,549,230,0
2026-08-17T01:25:22.0680779Z,0,0,549,230,0
2026-08-17T01:25:22.073249Z,0,0,549,230,0
2026-08-17T01:25:22.0781624Z,0,0,549,230,0
2026-08-17T01:25:22.0832109Z,0,0,549,230,0
2026-08-17T01:25:22.0884657Z,0,0,549,230,0
2026-08-17T01:25:22.0933119Z,0,0,549,230,0
2026-08-17T01:25:22.0980944Z,0,0,549,230,0
2026-08-17T01:25:22.1031816Z,0,0,549,230,0
2026-08-17T01:25:22.108645Z,0,0,549,230,0
2026-08-17T01:25:22.1130337Z,0,0,549,230,0
2026-08-17T01:25:22.1181086Z,0,0,549,230,0
2026-08-17T01:25:22.1231466Z,0,0,549,230,0
2026-08-17T01:25:22.1279451Z,0,0,549,230,0
2026-08-17T01:25:22.1333638Z,0,0,549,230,0
2026-08-17T01:25:22.1381087Z,0,0,549,230,0
2026-08-17T01:25:22.1430264Z,0,0,549,230,0
2026-08-17T01:25:22.1480946Z,0,0,549,230,0
2026-08-17T01:25:22.1533194Z,0,0,549,230,0
2026-08-17T01:25:22.1580554Z,0,0,549,230,0
2026-08-17T01:25:22.1631447Z,0,0,549,230,0
2026-08-17T01:25:22.1680012Z,0,0,549,230,0
2026-08-17T01:25:22.1733208Z,0,0,549,230,0
2026-08-17T01:25:22.1780709Z,0,0,549,230,0
2026-08-17T01:25:22.1831007Z,0,0,549,230,0
2026-08-17T01:25:22.1880045Z,0,0,549,230,0
2026-08-17T01:25:22.1938461Z,0,0,549,230,0
2026-08-17T01:25:22.1980993Z,0,0,549,230,0
2026-08-17T01:25:22.2030058Z,0,0,549,230,0
2026-08-17T01:25:22.2086128Z,0,0,549,230,0
2026-08-17T01:25:22.2134757Z,0,0,549,230,0
2026-08-17T01:25:22.218284Z,0,0,549,230,0
2026-08-17T01:25:22.2234083Z,0,0,549,230,0
2026-08-17T01:25:22.2283318Z,0,0,549,230,0
2026-08-17T01:25:22.2333468Z,0,0,549,230,0
2026-08-17T01:25:22.2383191Z,0,0,549,230,0
2026-08-17T01:25:22.2433401Z,0,0,549,230,0
2026-08-17T01:25:22.2483178Z,0,0,549,230,0
2026-08-17T01:25:22.2534026Z,0,0,549,230,0
2026-08-17T01:25:22.2581834Z,0,0,549,230,0
2026-08-17T01:25:22.2631001Z,0,0,549,230,0
2026-08-17T01:25:22.268189Z,0,0,549,230,0
2026-08-17T01:25:22.2730906Z,0,0,549,230,0
2026-08-17T01:25:22.2782653Z,0,0,549,230,0
2026-08-17T01:25:22.2830677Z,0,0,549,230,0
2026-08-17T01:25:22.2885996Z,0,0,549,230,0
2026-08-17T01:25:22.2929974Z,0,0,549,230,0
2026-08-17T01:25:22.2983287Z,0,0,549,230,0
2026-08-17T01:25:22.3032399Z,0,0,549,230,0
2026-08-17T01:25:22.3084486Z,0,0,549,230,0
2026-08-17T01:25:22.3135094Z,0,0,549,230,0
2026-08-17T01:25:22.3182103Z,0,0,549,230,0
2026-08-17T01:25:22.3233277Z,0,0,549,230,0
2026-08-17T01:25:22.3281743Z,0,0,549,230,0
2026-08-17T01:25:22.3330836Z,0,0,549,230,0
2026-08-17T01:25:22.3381772Z,0,0,549,230,0
2026-08-17T01:25:22.3430011Z,0,0,549,230,0
2026-08-17T01:25:22.3481549Z,0,0,549,230,0
2026-08-17T01:25:22.3531507Z,0,0,549,230,0
2026-08-17T01:25:22.358422Z,0,0,549,230,0
2026-08-17T01:25:22.3633624Z,0,0,549,230,0
2026-08-17T01:25:22.3681678Z,0,0,549,230,0
2026-08-17T01:25:22.3740923Z,0,0,549,230,0
2026-08-17T01:25:22.3833886Z,0,0,549,230,0
2026-08-17T01:25:22.3880929Z,0,0,549,230,0
2026-08-17T01:25:22.3935693Z,0,0,549,230,0
2026-08-17T01:25:22.3983574Z,0,0,549,230,0
2026-08-17T01:25:22.4030863Z,0,0,549,230,0
2026-08-17T01:25:22.4086484Z,0,0,549,230,0
2026-08-17T01:25:22.4132181Z,0,0,549,230,0
2026-08-17T01:25:22.4178823Z,0,0,549,230,0
2026-08-17T01:25:22.4234266Z,0,0,549,230,0
2026-08-17T01:25:22.4281909Z,0,0,549,230,0
2026-08-17T01:25:22.4333007Z,0,0,549,230,0
2026-08-17T01:25:22.4386086Z,0,0,549,230,0
2026-08-17T01:25:22.4434856Z,0,0,549,230,0
2026-08-17T01:25:22.4481582Z,0,0,549,230,0
2026-08-17T01:25:22.4531938Z,0,0,549,230,0
2026-08-17T01:25:22.4584301Z,0,0,549,230,0
2026-08-17T01:25:22.4633318Z,0,0,549,230,0
2026-08-17T01:25:22.4685653Z,0,0,549,230,0
2026-08-17T01:25:22.4733333Z,0,0,549,230,0
2026-08-17T01:25:22.4782652Z,0,0,549,230,0
2026-08-17T01:25:22.4833369Z,0,0,549,230,0
2026-08-17T01:25:22.4886706Z,0,0,549,230,0
2026-08-17T01:25:22.4934263Z,0,0,549,230,0
2026-08-17T01:25:22.4982365Z,0,0,549,230,0
2026-08-17T01:25:22.5030956Z,0,0,549,230,0
2026-08-17T01:25:22.5081727Z,0,0,549,230,0
2026-08-17T01:25:22.5132626Z,0,0,549,230,0
2026-08-17T01:25:22.5182653Z,0,0,549,230,0
2026-08-17T01:25:22.5233541Z,0,0,549,230,0
2026-08-17T01:25:22.5283605Z,0,0,549,230,0
2026-08-17T01:25:22.5333841Z,0,0,549,230,0
2026-08-17T01:25:22.5381649Z,0,0,549,230,0
2026-08-17T01:25:22.5430635Z,0,0,549,230,0
2026-08-17T01:25:22.5483234Z,0,0,549,230,0
2026-08-17T01:25:22.5535652Z,0,0,549,230,0
2026-08-17T01:25:22.5582829Z,0,0,549,230,0
2026-08-17T01:25:22.5634403Z,0,0,549,230,0
2026-08-17T01:25:22.568244Z,0,0,549,230,0
2026-08-17T01:25:22.5732691Z,0,0,549,230,0
2026-08-17T01:25:22.5780942Z,0,0,549,230,0
2026-08-17T01:25:22.5835431Z,0,0,549,230,0
2026-08-17T01:25:22.5883194Z,0,0,549,230,0
2026-08-17T01:25:22.5931993Z,0,0,549,230,0
2026-08-17T01:25:22.5983906Z,0,0,549,230,0
2026-08-17T01:25:22.6032121Z,0,0,549,230,0
2026-08-17T01:25:22.6085324Z,0,0,549,230,0
2026-08-17T01:25:22.6134178Z,0,0,549,230,0
2026-08-17T01:25:22.6185086Z,0,0,549,230,0
2026-08-17T01:25:22.6233174Z,0,0,549,230,0
2026-08-17T01:25:22.6286415Z,0,0,549,230,0
2026-08-17T01:25:22.6332459Z,0,0,549,230,0
2026-08-17T01:25:22.6385332Z,0,0,549,230,0
2026-08-17T01:25:22.6433585Z,0,0,549,230,0
2026-08-17T01:25:22.6481608Z,0,0,549,230,0
2026-08-17T01:25:22.6531156Z,0,0,549,230,0
2026-08-17T01:25:22.6587627Z,0,0,549,230,0
2026-08-17T01:25:22.6631538Z,0,0,549,230,0
2026-08-17T01:25:22.6680488Z,0,0,549,230,0
2026-08-17T01:25:22.6730079Z,0,0,549,230,0
2026-08-17T01:25:22.6779896Z,0,0,549,230,0
2026-08-17T01:25:22.6832881Z,0,0,549,230,0
2026-08-17T01:25:22.6880615Z,0,0,549,230,0
2026-08-17T01:25:22.6930517Z,0,0,549,230,0
2026-08-17T01:25:22.6984432Z,0,0,549,230,0
2026-08-17T01:25:22.7029952Z,0,0,549,230,0
2026-08-17T01:25:22.7084243Z,0,0,549,230,0
2026-08-17T01:25:22.7132796Z,0,0,549,230,0
2026-08-17T01:25:22.7182199Z,0,0,549,230,0
2026-08-17T01:25:22.7232507Z,0,0,549,230,0
2026-08-17T01:25:22.7281079Z,0,0,549,230,0
2026-08-17T01:25:22.7330495Z,0,0,549,230,0
2026-08-17T01:25:22.7381485Z,0,0,549,230,0
2026-08-17T01:25:22.7430846Z,0,0,549,230,0
2026-08-17T01:25:22.7480062Z,0,0,549,230,0
2026-08-17T01:25:22.7533147Z,0,0,549,230,0
2026-08-17T01:25:22.7582352Z,0,0,549,230,0
2026-08-17T01:25:22.7629442Z,0,0,549,230,0
2026-08-17T01:25:22.7680179Z,0,0,549,230,0
2026-08-17T01:25:22.7733192Z,0,0,549,230,0
2026-08-17T01:25:22.7783005Z,0,0,549,230,0
2026-08-17T01:25:22.7833209Z,0,0,549,230,0
2026-08-17T01:25:22.788646Z,0,0,549,230,0
2026-08-17T01:25:22.7930094Z,0,0,549,230,0
2026-08-17T01:25:22.798625Z,0,0,549,230,0
2026-08-17T01:25:22.8030134Z,0,0,549,230,0
2026-08-17T01:25:22.8083799Z,0,0,549,230,0
2026-08-17T01:25:22.8132511Z,0,0,549,230,0
2026-08-17T01:25:22.8182747Z,0,0,549,230,0
2026-08-17T01:25:22.8232993Z,0,0,549,230,0
2026-08-17T01:25:22.8285482Z,0,0,549,230,0
2026-08-17T01:25:22.8333445Z,0,0,549,230,0
2026-08-17T01:25:22.8383476Z,0,0,549,230,0
2026-08-17T01:25:22.8433373Z,0,0,549,230,0
2026-08-17T01:25:22.84833Z,0,0,549,230,0
2026-08-17T01:25:22.853191Z,0,0,549,230,0
2026-08-17T01:25:22.85844Z,0,0,549,230,0
2026-08-17T01:25:22.8634714Z,0,0,549,230,0
2026-08-17T01:25:22.8678858Z,0,0,549,230,0
2026-08-17T01:25:22.8731975Z,0,0,549,230,0
2026-08-17T01:25:22.8786837Z,0,0,549,230,0
2026-08-17T01:25:22.8833181Z,0,0,549,230,0
2026-08-17T01:25:22.8882207Z,0,0,549,230,0
2026-08-17T01:25:22.8932497Z,0,0,549,230,0
2026-08-17T01:25:22.8983652Z,0,0,549,230,0
2026-08-17T01:25:22.9031613Z,0,0,549,230,0
2026-08-17T01:25:22.9084347Z,0,0,549,230,0
2026-08-17T01:25:22.9130428Z,0,0,549,230,0
2026-08-17T01:25:22.9180743Z,0,0,549,230,0
2026-08-17T01:25:22.9232772Z,0,0,549,230,0
2026-08-17T01:25:22.9280023Z,0,0,549,230,0
2026-08-17T01:25:22.9333289Z,0,0,549,230,0
2026-08-17T01:25:22.9381412Z,0,0,549,230,0
2026-08-17T01:25:22.9434668Z,0,0,549,230,0
2026-08-17T01:25:22.9482146Z,0,0,549,230,0
2026-08-17T01:25:22.9531657Z,0,0,549,230,0
2026-08-17T01:25:22.9581363Z,0,0,549,230,0
2026-08-17T01:25:22.9630261Z,0,0,549,230,0
2026-08-17T01:25:22.968619Z,0,0,549,230,0
2026-08-17T01:25:22.9731483Z,0,0,549,230,0
2026-08-17T01:25:22.9784465Z,0,0,549,230,0
2026-08-17T01:25:22.983346Z,0,0,549,230,0
2026-08-17T01:25:22.9882199Z,0,0,549,230,0
2026-08-17T01:25:22.9935626Z,0,0,549,230,0
2026-08-17T01:25:22.9983596Z,0,0,549,230,0
2026-08-17T01:25:23.0032852Z,0,0,549,230,0
2026-08-17T01:25:23.0085171Z,0,0,549,230,0
2026-08-17T01:25:23.0134316Z,0,0,549,230,0
2026-08-17T01:25:23.0185674Z,0,0,549,230,0
2026-08-17T01:25:23.0232205Z,0,0,549,230,0
2026-08-17T01:25:23.0280389Z,0,0,549,230,0
2026-08-17T01:25:23.0330112Z,0,0,549,230,0
2026-08-17T01:25:23.0380352Z,0,0,549,230,0
2026-08-17T01:25:23.0433397Z,0,0,549,230,0
2026-08-17T01:25:23.0486601Z,0,0,549,230,0
2026-08-17T01:25:23.0530397Z,0,0,549,230,0
2026-08-17T01:25:23.0581103Z,0,0,549,230,0
2026-08-17T01:25:23.0636122Z,0,0,549,230,0
2026-08-17T01:25:23.0685523Z,0,0,549,230,0
2026-08-17T01:25:23.0735301Z,0,0,549,230,0
2026-08-17T01:25:23.0783278Z,0,0,549,230,0
2026-08-17T01:25:23.0833545Z,0,0,549,230,0
2026-08-17T01:25:23.088062Z,0,0,549,230,0
2026-08-17T01:25:23.0930828Z,0,0,549,230,0
2026-08-17T01:25:23.0981368Z,0,0,549,230,0
2026-08-17T01:25:23.1030244Z,0,0,549,230,0
2026-08-17T01:25:23.1080926Z,0,0,549,230,0
2026-08-17T01:25:23.113681Z,0,0,549,230,0
2026-08-17T01:25:23.1185682Z,0,0,549,230,0
2026-08-17T01:25:23.1234165Z,0,0,549,230,0
2026-08-17T01:25:23.1282038Z,0,0,549,230,0
2026-08-17T01:25:23.1333683Z,0,0,549,230,0
2026-08-17T01:25:23.1380854Z,0,0,549,230,0
2026-08-17T01:25:23.143191Z,0,0,549,230,0
2026-08-17T01:25:23.1483996Z,0,0,549,230,0
2026-08-17T01:25:23.153006Z,0,0,549,230,0
2026-08-17T01:25:23.1584906Z,0,0,549,230,0
2026-08-17T01:25:23.1629865Z,0,0,549,230,0
2026-08-17T01:25:23.1684579Z,0,0,549,230,0
2026-08-17T01:25:23.1731234Z,0,0,549,230,0
2026-08-17T01:25:23.1779329Z,0,0,549,230,0
2026-08-17T01:25:23.1829589Z,0,0,549,230,0
2026-08-17T01:25:23.1882692Z,0,0,549,230,0
2026-08-17T01:25:23.1930375Z,0,0,549,230,0
2026-08-17T01:25:23.1980677Z,0,0,549,230,0
2026-08-17T01:25:23.2035997Z,0,0,549,230,0
2026-08-17T01:25:23.2083494Z,0,0,549,230,0
2026-08-17T01:25:23.2132169Z,0,0,549,230,0
2026-08-17T01:25:23.2180611Z,0,0,549,230,0
2026-08-17T01:25:23.2231664Z,0,0,549,230,0
2026-08-17T01:25:23.2284166Z,0,0,549,230,0
2026-08-17T01:25:23.233509Z,0,0,549,230,0
2026-08-17T01:25:23.2382951Z,0,0,549,230,0
2026-08-17T01:25:23.2431018Z,0,0,549,230,0
2026-08-17T01:25:23.2483575Z,0,0,549,230,0
2026-08-17T01:25:23.2534024Z,0,0,549,230,0
2026-08-17T01:25:23.2580559Z,0,0,549,230,0
2026-08-17T01:25:23.2633444Z,0,0,549,230,0
2026-08-17T01:25:23.2680152Z,0,0,549,230,0
2026-08-17T01:25:23.2734651Z,0,0,549,230,0
2026-08-17T01:25:23.2781042Z,0,0,549,230,0
2026-08-17T01:25:23.2831373Z,0,0,549,230,0
2026-08-17T01:25:23.2883929Z,0,0,549,230,0
2026-08-17T01:25:23.2934454Z,0,0,549,230,0
2026-08-17T01:25:23.2982121Z,0,0,549,230,0
2026-08-17T01:25:23.3031294Z,0,0,549,230,0
2026-08-17T01:25:23.3083601Z,0,0,549,230,0
2026-08-17T01:25:23.3132518Z,0,0,549,230,0
2026-08-17T01:25:23.3185044Z,0,0,549,230,0
2026-08-17T01:25:23.3231878Z,0,0,549,230,0
2026-08-17T01:25:23.3284473Z,0,0,549,230,0
2026-08-17T01:25:23.3333483Z,0,0,549,230,0
2026-08-17T01:25:23.3380536Z,0,0,549,230,0
2026-08-17T01:25:23.3430717Z,0,0,549,230,0
2026-08-17T01:25:23.348214Z,0,0,549,230,0
2026-08-17T01:25:23.3530451Z,0,0,549,230,0
2026-08-17T01:25:23.3580911Z,0,0,549,230,0
2026-08-17T01:25:23.3634022Z,0,0,549,230,0
2026-08-17T01:25:23.3682064Z,0,0,549,230,0
2026-08-17T01:25:23.3733448Z,0,0,549,230,0
2026-08-17T01:25:23.378156Z,0,0,549,230,0
2026-08-17T01:25:23.3830191Z,0,0,549,230,0
2026-08-17T01:25:23.3883335Z,0,0,549,230,0
2026-08-17T01:25:23.3931217Z,0,0,549,230,0
2026-08-17T01:25:23.3980124Z,0,0,549,230,0
2026-08-17T01:25:23.4032734Z,0,0,549,230,0
2026-08-17T01:25:23.4080428Z,0,0,549,230,0
2026-08-17T01:25:23.413078Z,0,0,549,230,0
2026-08-17T01:25:23.4191447Z,0,0,549,230,0
2026-08-17T01:25:23.4230497Z,0,0,549,230,0
2026-08-17T01:25:23.4282254Z,0,0,549,230,0
2026-08-17T01:25:23.4333322Z,0,0,549,230,0
2026-08-17T01:25:23.4381069Z,0,0,549,230,0
2026-08-17T01:25:23.443044Z,0,0,549,230,0
2026-08-17T01:25:23.4481876Z,0,0,549,230,0
2026-08-17T01:25:23.4530825Z,0,0,549,230,0
2026-08-17T01:25:23.458133Z,0,0,549,230,0
2026-08-17T01:25:23.4629583Z,0,0,549,230,0
2026-08-17T01:25:23.4681011Z,0,0,549,230,0
2026-08-17T01:25:23.4730403Z,0,0,549,230,0
2026-08-17T01:25:23.4783892Z,0,0,549,230,0
2026-08-17T01:25:23.4830023Z,0,0,549,230,0
2026-08-17T01:25:23.4881528Z,0,0,549,230,0
2026-08-17T01:25:23.4930848Z,0,0,549,230,0
2026-08-17T01:25:23.4983792Z,0,0,549,230,0
2026-08-17T01:25:23.5032708Z,0,0,549,230,0
2026-08-17T01:25:23.5079799Z,0,0,549,230,0
2026-08-17T01:25:23.5133155Z,0,0,549,230,0
2026-08-17T01:25:23.5184452Z,0,0,549,230,0
2026-08-17T01:25:23.5230536Z,0,0,549,230,0
2026-08-17T01:25:23.5283905Z,0,0,549,230,0
2026-08-17T01:25:23.5334444Z,0,0,549,230,0
2026-08-17T01:25:23.5383534Z,0,0,549,230,0
2026-08-17T01:25:23.5433462Z,0,0,549,230,0
2026-08-17T01:25:23.5482425Z,0,0,549,230,0
2026-08-17T01:25:23.5530838Z,0,0,549,230,0
2026-08-17T01:25:23.5580502Z,0,0,549,230,0
2026-08-17T01:25:23.5632099Z,0,0,549,230,0
2026-08-17T01:25:23.5685108Z,0,0,549,230,0
2026-08-17T01:25:23.5730121Z,0,0,549,230,0
2026-08-17T01:25:23.5781994Z,0,0,549,230,0
2026-08-17T01:25:23.5833297Z,0,0,549,230,0
2026-08-17T01:25:23.5881489Z,0,0,549,230,0
2026-08-17T01:25:23.5936302Z,0,0,549,230,0
2026-08-17T01:25:23.5980784Z,0,0,549,230,0
2026-08-17T01:25:23.6034876Z,0,0,549,230,0
2026-08-17T01:25:23.6085144Z,0,0,549,230,0
2026-08-17T01:25:23.6136579Z,0,0,549,230,0
2026-08-17T01:25:23.6184851Z,0,0,549,230,0
2026-08-17T01:25:23.6230915Z,0,0,549,230,0
2026-08-17T01:25:23.6280133Z,0,0,549,230,0
2026-08-17T01:25:23.6332286Z,0,0,549,230,0
2026-08-17T01:25:23.638613Z,0,0,549,230,0
2026-08-17T01:25:23.6430608Z,0,0,549,230,0
2026-08-17T01:25:23.648147Z,0,0,549,230,0
2026-08-17T01:25:23.6532842Z,0,0,549,230,0
2026-08-17T01:25:23.6581048Z,0,0,549,230,0
2026-08-17T01:25:23.6630474Z,0,0,549,230,0
2026-08-17T01:25:23.6684031Z,0,0,549,230,0
2026-08-17T01:25:23.6732204Z,0,0,549,230,0
2026-08-17T01:25:23.678261Z,0,0,549,230,0
2026-08-17T01:25:23.6833968Z,0,0,549,230,0
2026-08-17T01:25:23.6883689Z,0,0,549,230,0
2026-08-17T01:25:23.6932892Z,0,0,549,230,0
2026-08-17T01:25:23.698112Z,0,0,549,230,0
2026-08-17T01:25:23.7037709Z,0,0,549,230,0
2026-08-17T01:25:23.708026Z,0,0,549,230,0
2026-08-17T01:25:23.7134585Z,0,0,549,230,0
2026-08-17T01:25:23.7187875Z,0,0,549,230,0
2026-08-17T01:25:23.7233687Z,0,0,549,230,0
2026-08-17T01:25:23.7286206Z,0,0,549,230,0
2026-08-17T01:25:23.733534Z,0,0,549,230,0
2026-08-17T01:25:23.7388221Z,0,0,549,230,0
2026-08-17T01:25:23.7434014Z,0,0,549,230,0
2026-08-17T01:25:23.7487148Z,0,0,549,230,0
2026-08-17T01:25:23.7561871Z,0,0,549,230,0
2026-08-17T01:25:23.7581568Z,0,0,549,230,0
2026-08-17T01:25:23.7630877Z,0,0,549,230,0
2026-08-17T01:25:23.7683531Z,0,0,549,230,0
2026-08-17T01:25:23.7733864Z,0,0,549,230,0
2026-08-17T01:25:23.7783216Z,0,0,549,230,0
2026-08-17T01:25:23.7833056Z,0,0,549,230,0
2026-08-17T01:25:23.7886098Z,0,0,549,230,0
2026-08-17T01:25:23.7930291Z,0,0,549,230,0
2026-08-17T01:25:23.7984718Z,0,0,549,230,0
2026-08-17T01:25:23.8038004Z,0,0,549,230,0
2026-08-17T01:25:23.8080788Z,0,0,549,230,0
2026-08-17T01:25:23.8136255Z,0,0,549,230,0
2026-08-17T01:25:23.8183702Z,0,0,549,230,0
2026-08-17T01:25:23.8230583Z,0,0,549,230,0
2026-08-17T01:25:23.8283024Z,0,0,549,230,0
2026-08-17T01:25:23.833359Z,0,0,549,230,0
2026-08-17T01:25:23.8386594Z,0,0,549,230,0
2026-08-17T01:25:23.8433893Z,0,0,549,230,0
2026-08-17T01:25:23.8482739Z,0,0,549,230,0
2026-08-17T01:25:23.8534081Z,0,0,549,230,0
2026-08-17T01:25:23.8583154Z,0,0,549,230,0
2026-08-17T01:25:23.8632236Z,0,0,549,230,0
2026-08-17T01:25:23.868124Z,0,0,549,230,0
2026-08-17T01:25:23.8729911Z,0,0,549,230,0
2026-08-17T01:25:23.8783463Z,0,0,549,230,0
2026-08-17T01:25:23.8834459Z,0,0,549,230,0
2026-08-17T01:25:23.8884087Z,0,0,549,230,0
2026-08-17T01:25:23.8932536Z,0,0,549,230,0
2026-08-17T01:25:23.8980365Z,0,0,549,230,0
2026-08-17T01:25:23.9030786Z,0,0,549,230,0
2026-08-17T01:25:23.90799Z,0,0,549,230,0
2026-08-17T01:25:23.9129864Z,0,0,549,230,0
2026-08-17T01:25:23.9181944Z,0,0,549,230,0
2026-08-17T01:25:23.9229984Z,0,0,549,230,0
2026-08-17T01:25:23.9282609Z,0,0,549,230,0
2026-08-17T01:25:23.9334205Z,0,0,549,230,0
2026-08-17T01:25:23.9382528Z,0,0,549,230,0
2026-08-17T01:25:23.9434066Z,0,0,549,230,0
2026-08-17T01:25:23.9481985Z,0,0,549,230,0
2026-08-17T01:25:23.9530422Z,0,0,549,230,0
2026-08-17T01:25:23.9583373Z,0,0,549,230,0
2026-08-17T01:25:23.9632337Z,0,0,549,230,0
2026-08-17T01:25:23.9684424Z,0,0,549,230,0
2026-08-17T01:25:23.9734331Z,0,0,549,230,0
2026-08-17T01:25:23.9781141Z,0,0,549,230,0
2026-08-17T01:25:23.9834051Z,0,0,549,230,0
2026-08-17T01:25:23.9887293Z,0,0,549,230,0
2026-08-17T01:25:23.9931844Z,0,0,549,230,0
2026-08-17T01:25:23.9983649Z,0,0,549,230,0
2026-08-17T01:25:24.0033293Z,0,0,549,230,0
2026-08-17T01:25:24.0082541Z,0,0,549,230,0
2026-08-17T01:25:24.0132601Z,0,0,549,230,0
2026-08-17T01:25:24.0179828Z,0,0,549,230,0
2026-08-17T01:25:24.0234331Z,0,0,549,230,0
2026-08-17T01:25:24.0281242Z,0,0,549,230,0
2026-08-17T01:25:24.0330035Z,0,0,549,230,0
2026-08-17T01:25:24.0383743Z,0,0,549,230,0
2026-08-17T01:25:24.0433228Z,0,0,549,230,0
2026-08-17T01:25:24.0481211Z,0,0,549,230,0
2026-08-17T01:25:24.0530532Z,0,0,549,230,0
2026-08-17T01:25:24.0581549Z,0,0,549,230,0
2026-08-17T01:25:24.0630013Z,0,0,549,230,0
2026-08-17T01:25:24.0683919Z,0,0,549,230,0
2026-08-17T01:25:24.0733303Z,0,0,549,230,0
2026-08-17T01:25:24.0781891Z,0,0,549,230,0
2026-08-17T01:25:24.0832289Z,0,0,549,230,0
2026-08-17T01:25:24.0885141Z,0,0,549,230,0
2026-08-17T01:25:24.0936438Z,0,0,549,230,0
2026-08-17T01:25:24.0986842Z,0,0,549,230,0
2026-08-17T01:25:24.1032073Z,0,0,549,230,0
2026-08-17T01:25:24.1080283Z,0,0,549,230,0
2026-08-17T01:25:24.1134873Z,0,0,549,230,0
2026-08-17T01:25:24.1182134Z,0,0,549,230,0
2026-08-17T01:25:24.123571Z,0,0,549,230,0
2026-08-17T01:25:24.1283774Z,0,0,549,230,0
2026-08-17T01:25:24.1336756Z,0,0,549,230,0
2026-08-17T01:25:24.137999Z,0,0,549,230,0
2026-08-17T01:25:24.1431594Z,0,0,549,230,0
2026-08-17T01:25:24.1487098Z,0,0,549,230,0
2026-08-17T01:25:24.1531542Z,0,0,549,230,0
2026-08-17T01:25:24.1581715Z,0,0,549,230,0
2026-08-17T01:25:24.1632963Z,0,0,549,230,0
2026-08-17T01:25:24.1681028Z,0,0,549,230,0
2026-08-17T01:25:24.1731847Z,0,0,549,230,0
2026-08-17T01:25:24.1782413Z,0,0,549,230,0
2026-08-17T01:25:24.1837026Z,0,0,549,230,0
2026-08-17T01:25:24.1879951Z,0,0,549,230,0
2026-08-17T01:25:24.1933959Z,0,0,549,230,0
2026-08-17T01:25:24.1982835Z,0,0,549,230,0
2026-08-17T01:25:24.2037378Z,0,0,549,230,0
2026-08-17T01:25:24.2084167Z,0,0,549,230,0
2026-08-17T01:25:24.2130902Z,0,0,549,230,0
2026-08-17T01:25:24.2181467Z,0,0,549,230,0
2026-08-17T01:25:24.2232751Z,0,0,549,230,0
2026-08-17T01:25:24.2284197Z,0,0,549,230,0
2026-08-17T01:25:24.2334362Z,0,0,549,230,0
2026-08-17T01:25:24.2387022Z,0,0,549,230,0
2026-08-17T01:25:24.2432177Z,0,0,549,230,0
2026-08-17T01:25:24.2485264Z,0,0,549,230,0
2026-08-17T01:25:24.2534697Z,0,0,549,230,0
2026-08-17T01:25:24.2583329Z,0,0,549,230,0
2026-08-17T01:25:24.2632982Z,0,0,549,230,0
2026-08-17T01:25:24.2680722Z,0,0,549,230,0
2026-08-17T01:25:24.2731328Z,0,0,549,230,0
2026-08-17T01:25:24.2783241Z,0,0,549,230,0
2026-08-17T01:25:24.2833302Z,0,0,549,230,0
2026-08-17T01:25:24.2880656Z,0,0,549,230,0
2026-08-17T01:25:24.2929968Z,0,0,549,230,0
2026-08-17T01:25:24.298452Z,0,0,549,230,0
2026-08-17T01:25:24.3033097Z,0,0,549,230,0
2026-08-17T01:25:24.3081644Z,0,0,549,230,0
2026-08-17T01:25:24.3134385Z,0,0,549,230,0
2026-08-17T01:25:24.3181151Z,0,0,549,230,0
2026-08-17T01:25:24.3231464Z,0,0,549,230,0
2026-08-17T01:25:24.3282805Z,0,0,549,230,0
2026-08-17T01:25:24.3333004Z,0,0,549,230,0
2026-08-17T01:25:24.3384698Z,0,0,549,230,0
2026-08-17T01:25:24.3429477Z,0,0,549,230,0
2026-08-17T01:25:24.3481884Z,0,0,549,230,0
2026-08-17T01:25:24.3530551Z,0,0,549,230,0
2026-08-17T01:25:24.358308Z,0,0,549,230,0
2026-08-17T01:25:24.3629858Z,0,0,549,230,0
2026-08-17T01:25:24.3683747Z,0,0,549,230,0
2026-08-17T01:25:24.373348Z,0,0,549,230,0
2026-08-17T01:25:24.378105Z,0,0,549,230,0
2026-08-17T01:25:24.3835602Z,0,0,549,230,0
2026-08-17T01:25:24.3883137Z,0,0,549,230,0
2026-08-17T01:25:24.3933579Z,0,0,549,230,0
2026-08-17T01:25:24.398656Z,0,0,549,230,0
2026-08-17T01:25:24.4030619Z,0,0,549,230,0
2026-08-17T01:25:24.4082995Z,0,0,549,230,0
2026-08-17T01:25:24.4137662Z,0,0,549,230,0
2026-08-17T01:25:24.418612Z,0,0,549,230,0
2026-08-17T01:25:24.4235035Z,0,0,549,230,0
2026-08-17T01:25:24.4286835Z,0,0,549,230,0
2026-08-17T01:25:24.4332979Z,0,0,549,230,0
2026-08-17T01:25:24.4385997Z,0,0,549,230,0
2026-08-17T01:25:24.4435285Z,0,0,549,230,0
2026-08-17T01:25:24.4482193Z,0,0,549,230,0
2026-08-17T01:25:24.453479Z,0,0,549,230,0
2026-08-17T01:25:24.4583876Z,0,0,549,230,0
2026-08-17T01:25:24.4632792Z,0,0,549,230,0
2026-08-17T01:25:24.4682623Z,0,0,549,230,0
2026-08-17T01:25:24.4733667Z,0,0,549,230,0
2026-08-17T01:25:24.4786814Z,0,0,549,230,0
2026-08-17T01:25:24.4830734Z,0,0,549,230,0
2026-08-17T01:25:24.4886882Z,0,0,549,230,0
2026-08-17T01:25:24.4930595Z,0,0,549,230,0
2026-08-17T01:25:24.4981068Z,0,0,549,230,0
2026-08-17T01:25:24.5035865Z,0,0,549,230,0
2026-08-17T01:25:24.5082756Z,0,0,549,230,0
2026-08-17T01:25:24.5132801Z,0,0,549,230,0
2026-08-17T01:25:24.5185353Z,0,0,549,230,0
2026-08-17T01:25:24.5234454Z,0,0,549,230,0
2026-08-17T01:25:24.5286203Z,0,0,549,230,0
2026-08-17T01:25:24.5333877Z,0,0,549,230,0
2026-08-17T01:25:24.5381035Z,0,0,549,230,0
2026-08-17T01:25:24.5433934Z,0,0,549,230,0
2026-08-17T01:25:24.5486901Z,0,0,549,230,0
2026-08-17T01:25:24.5533979Z,0,0,549,230,0
2026-08-17T01:25:24.5581652Z,0,0,549,230,0
2026-08-17T01:25:24.563616Z,0,0,549,230,0
2026-08-17T01:25:24.5682707Z,0,0,549,230,0
2026-08-17T01:25:24.5734748Z,0,0,549,230,0
2026-08-17T01:25:24.5782486Z,0,0,549,230,0
2026-08-17T01:25:24.5831568Z,0,0,549,230,0
2026-08-17T01:25:24.5884349Z,0,0,549,230,0
2026-08-17T01:25:24.593308Z,0,0,549,230,0
2026-08-17T01:25:24.5985745Z,0,0,549,230,0
2026-08-17T01:25:24.6029986Z,0,0,549,230,0
2026-08-17T01:25:24.6082137Z,0,0,549,230,0
2026-08-17T01:25:24.6131983Z,0,0,549,230,0
2026-08-17T01:25:24.618209Z,0,0,549,230,0
2026-08-17T01:25:24.6232918Z,0,0,549,230,0
2026-08-17T01:25:24.6284609Z,0,0,549,230,0
2026-08-17T01:25:24.633401Z,0,0,549,230,0
2026-08-17T01:25:24.6381737Z,0,0,549,230,0
2026-08-17T01:25:24.6436083Z,0,0,549,230,0
2026-08-17T01:25:24.6483471Z,0,0,549,230,0
2026-08-17T01:25:24.6536175Z,0,0,549,230,0
2026-08-17T01:25:24.6583217Z,0,0,549,230,0
2026-08-17T01:25:24.6631639Z,0,0,549,230,0
2026-08-17T01:25:24.6680529Z,0,0,549,230,0
2026-08-17T01:25:24.6731044Z,0,0,549,230,0
2026-08-17T01:25:24.6781987Z,0,0,549,230,0
2026-08-17T01:25:24.6831793Z,0,0,549,230,0
2026-08-17T01:25:24.6884996Z,0,0,549,230,0
2026-08-17T01:25:24.6930619Z,0,0,549,230,0
2026-08-17T01:25:24.6980365Z,0,0,549,230,0
2026-08-17T01:25:24.7035599Z,0,0,549,230,0
2026-08-17T01:25:24.7087083Z,0,0,549,230,0
2026-08-17T01:25:24.7133281Z,0,0,549,230,0
2026-08-17T01:25:24.7185888Z,0,0,549,230,0
2026-08-17T01:25:24.7234582Z,0,0,549,230,0
2026-08-17T01:25:24.7282743Z,0,0,549,230,0
2026-08-17T01:25:24.7332295Z,0,0,549,230,0
2026-08-17T01:25:24.7380921Z,0,0,549,230,0
2026-08-17T01:25:24.7431653Z,0,0,549,230,0
2026-08-17T01:25:24.748089Z,0,0,549,230,0
2026-08-17T01:25:24.7531134Z,0,0,549,230,0
2026-08-17T01:25:24.758464Z,0,0,549,230,0
2026-08-17T01:25:24.7632839Z,0,0,549,230,0
2026-08-17T01:25:24.7680302Z,0,0,549,230,0
2026-08-17T01:25:24.7733061Z,0,0,549,230,0
2026-08-17T01:25:24.7781142Z,0,0,549,230,0
2026-08-17T01:25:24.7831888Z,0,0,549,230,0
2026-08-17T01:25:24.788451Z,0,0,549,230,0
2026-08-17T01:25:24.7930272Z,0,0,549,230,0
2026-08-17T01:25:24.7985772Z,0,0,549,230,0
2026-08-17T01:25:24.8032017Z,0,0,549,230,0
2026-08-17T01:25:24.8082745Z,0,0,549,230,0
2026-08-17T01:25:24.8133015Z,0,0,549,230,0
2026-08-17T01:25:24.81806Z,0,0,549,230,0
2026-08-17T01:25:24.8230398Z,0,0,549,230,0
2026-08-17T01:25:24.8282527Z,0,0,549,230,0
2026-08-17T01:25:24.8330981Z,0,0,549,230,0
2026-08-17T01:25:24.8383684Z,0,0,549,230,0
2026-08-17T01:25:24.8432157Z,0,0,549,230,0
2026-08-17T01:25:24.8485194Z,0,0,549,230,0
2026-08-17T01:25:24.8530853Z,0,0,549,230,0
2026-08-17T01:25:24.8582117Z,0,0,549,230,0
2026-08-17T01:25:24.8633563Z,0,0,549,230,0
2026-08-17T01:25:24.8681843Z,0,0,549,230,0
2026-08-17T01:25:24.8731057Z,0,0,549,230,0
2026-08-17T01:25:24.8783661Z,0,0,549,230,0
2026-08-17T01:25:24.8830568Z,0,0,549,230,0
2026-08-17T01:25:24.8883124Z,0,0,549,230,0
2026-08-17T01:25:24.8933936Z,0,0,549,230,0
2026-08-17T01:25:24.898329Z,0,0,549,230,0
2026-08-17T01:25:24.9032677Z,0,0,549,230,0
2026-08-17T01:25:24.9082611Z,0,0,549,230,0
2026-08-17T01:25:24.9133612Z,0,0,549,230,0
2026-08-17T01:25:24.91808Z,0,0,549,230,0
2026-08-17T01:25:24.9232478Z,0,0,549,230,0
2026-08-17T01:25:24.9284486Z,0,0,549,230,0
2026-08-17T01:25:24.9334522Z,0,0,549,230,0
2026-08-17T01:25:24.9381602Z,0,0,549,230,0
2026-08-17T01:25:24.9430919Z,0,0,549,230,0
2026-08-17T01:25:24.9481198Z,0,0,549,230,0
2026-08-17T01:25:24.953124Z,0,0,549,230,0
2026-08-17T01:25:24.9580578Z,0,0,549,230,0
2026-08-17T01:25:24.9632662Z,0,0,549,230,0
2026-08-17T01:25:24.9684737Z,0,0,549,230,0
2026-08-17T01:25:24.973115Z,0,0,549,230,0
2026-08-17T01:25:24.9783161Z,0,0,549,230,0
2026-08-17T01:25:24.9830513Z,0,0,549,230,0
2026-08-17T01:25:24.988376Z,0,0,549,230,0
2026-08-17T01:25:24.9934134Z,0,0,549,230,0
2026-08-17T01:25:24.9983159Z,0,0,549,230,0
2026-08-17T01:25:25.0035116Z,0,0,549,230,0
2026-08-17T01:25:25.0083003Z,0,0,549,230,0
2026-08-17T01:25:25.013336Z,0,0,549,230,0
2026-08-17T01:25:25.0180926Z,0,0,549,230,0
2026-08-17T01:25:25.0235058Z,0,0,549,230,0
2026-08-17T01:25:25.0282275Z,0,0,549,230,0
2026-08-17T01:25:25.0332343Z,0,0,549,230,0
2026-08-17T01:25:25.0384216Z,0,0,549,230,0
2026-08-17T01:25:25.0434441Z,0,0,549,230,0
2026-08-17T01:25:25.0481643Z,0,0,549,230,0
2026-08-17T01:25:25.0533221Z,0,0,549,230,0
2026-08-17T01:25:25.0585651Z,0,0,549,230,0
2026-08-17T01:25:25.0630001Z,0,0,549,230,0
2026-08-17T01:25:25.068236Z,0,0,549,230,0
2026-08-17T01:25:25.0734206Z,0,0,549,230,0
2026-08-17T01:25:25.0781859Z,0,0,549,230,0
2026-08-17T01:25:25.0833105Z,0,0,549,230,0
2026-08-17T01:25:25.0881226Z,0,0,549,230,0
2026-08-17T01:25:25.0930179Z,0,0,549,230,0
2026-08-17T01:25:25.0982533Z,0,0,549,230,0
2026-08-17T01:25:25.1034906Z,0,0,549,230,0
2026-08-17T01:25:25.1084504Z,0,0,549,230,0
2026-08-17T01:25:25.1134759Z,0,0,549,230,0
2026-08-17T01:25:25.1182623Z,0,0,549,230,0
2026-08-17T01:25:25.1232574Z,0,0,549,230,0
2026-08-17T01:25:25.1283531Z,0,0,549,230,0
2026-08-17T01:25:25.1333486Z,0,0,549,230,0
2026-08-17T01:25:25.138017Z,0,0,549,230,0
2026-08-17T01:25:25.1434737Z,0,0,549,230,0
2026-08-17T01:25:25.1482501Z,0,0,549,230,0
2026-08-17T01:25:25.1532937Z,0,0,549,230,0
2026-08-17T01:25:25.158594Z,0,0,549,230,0
2026-08-17T01:25:25.1630085Z,0,0,549,230,0
2026-08-17T01:25:25.1684675Z,0,0,549,230,0
2026-08-17T01:25:25.1733986Z,0,0,549,230,0
2026-08-17T01:25:25.1781981Z,0,0,549,230,0
2026-08-17T01:25:25.1836404Z,0,0,549,230,0
2026-08-17T01:25:25.1884295Z,0,0,549,230,0
2026-08-17T01:25:25.1930715Z,0,0,549,230,0
2026-08-17T01:25:25.1982323Z,0,0,549,230,0
2026-08-17T01:25:25.2034223Z,0,0,549,230,0
2026-08-17T01:25:25.208222Z,0,0,549,230,0
2026-08-17T01:25:25.2132769Z,0,0,549,230,0
2026-08-17T01:25:25.2183033Z,0,0,549,230,0
2026-08-17T01:25:25.223433Z,0,0,549,230,0
2026-08-17T01:25:25.2284372Z,0,0,549,230,0
2026-08-17T01:25:25.2334235Z,0,0,549,230,0
2026-08-17T01:25:25.2382285Z,0,0,549,230,0
2026-08-17T01:25:25.2432539Z,0,0,549,230,0
2026-08-17T01:25:25.2485503Z,0,0,549,230,0
2026-08-17T01:25:25.2535606Z,0,0,549,230,0
2026-08-17T01:25:25.2588315Z,0,0,549,230,0
2026-08-17T01:25:25.2630678Z,0,0,549,230,0
2026-08-17T01:25:25.2680426Z,0,0,549,230,0
2026-08-17T01:25:25.2732581Z,0,0,549,230,0
2026-08-17T01:25:25.2781104Z,0,0,549,230,0
2026-08-17T01:25:25.2836073Z,0,0,549,230,0
2026-08-17T01:25:25.2883558Z,0,0,549,230,0
2026-08-17T01:25:25.2930379Z,0,0,549,230,0
2026-08-17T01:25:25.2980849Z,0,0,549,230,0
2026-08-17T01:25:25.3033293Z,0,0,549,230,0
2026-08-17T01:25:25.3080319Z,0,0,549,230,0
2026-08-17T01:25:25.3135157Z,0,0,549,230,0
2026-08-17T01:25:25.3188089Z,0,0,549,230,0
2026-08-17T01:25:25.3233019Z,0,0,549,230,0
2026-08-17T01:25:25.3282247Z,0,0,549,230,0
2026-08-17T01:25:25.3332806Z,0,0,549,230,0
2026-08-17T01:25:25.3380856Z,0,0,549,230,0
2026-08-17T01:25:25.3430681Z,0,0,549,230,0
2026-08-17T01:25:25.3482695Z,0,0,549,230,0
2026-08-17T01:25:25.3530561Z,0,0,549,230,0
2026-08-17T01:25:25.3581561Z,0,0,549,230,0
2026-08-17T01:25:25.3635344Z,0,0,549,230,0
2026-08-17T01:25:25.3680053Z,0,0,549,230,0
2026-08-17T01:25:25.3733941Z,0,0,549,230,0
2026-08-17T01:25:25.3786856Z,0,0,549,230,0
2026-08-17T01:25:25.3832333Z,0,0,549,230,0
2026-08-17T01:25:25.3880909Z,0,0,549,230,0
2026-08-17T01:25:25.3930077Z,0,0,549,230,0
2026-08-17T01:25:25.398625Z,0,0,549,230,0
2026-08-17T01:25:25.4031556Z,0,0,549,230,0
2026-08-17T01:25:25.4080073Z,0,0,549,230,0
2026-08-17T01:25:25.4133665Z,0,0,549,230,0
2026-08-17T01:25:25.4186804Z,0,0,549,230,0
2026-08-17T01:25:25.4232935Z,0,0,549,230,0
2026-08-17T01:25:25.4285521Z,0,0,549,230,0
2026-08-17T01:25:25.4330809Z,0,0,549,230,0
2026-08-17T01:25:25.4381311Z,0,0,549,230,0
2026-08-17T01:25:25.4434357Z,0,0,549,230,0
2026-08-17T01:25:25.4482474Z,0,0,549,230,0
2026-08-17T01:25:25.4531924Z,0,0,549,230,0
2026-08-17T01:25:25.4584694Z,0,0,549,230,0
2026-08-17T01:25:25.463186Z,0,0,549,230,0
2026-08-17T01:25:25.4680977Z,0,0,549,230,0
2026-08-17T01:25:25.4732941Z,0,0,549,230,0
2026-08-17T01:25:25.4782613Z,0,0,549,230,0
2026-08-17T01:25:25.4833131Z,0,0,549,230,0
2026-08-17T01:25:25.4881093Z,0,0,549,230,0
2026-08-17T01:25:25.4931146Z,0,0,549,230,0
2026-08-17T01:25:25.4980987Z,0,0,549,230,0
2026-08-17T01:25:25.5030261Z,0,0,549,230,0
2026-08-17T01:25:25.5081055Z,0,0,549,230,0
2026-08-17T01:25:25.5131182Z,0,0,549,230,0
2026-08-17T01:25:25.5183483Z,0,0,549,230,0
2026-08-17T01:25:25.5233049Z,0,0,549,230,0
2026-08-17T01:25:25.5281125Z,0,0,549,230,0
2026-08-17T01:25:25.5334242Z,0,0,549,230,0
2026-08-17T01:25:25.5382251Z,0,0,549,230,0
2026-08-17T01:25:25.5430009Z,0,0,549,230,0
2026-08-17T01:25:25.5486429Z,0,0,549,230,0
2026-08-17T01:25:25.553434Z,0,0,549,230,0
2026-08-17T01:25:25.5583158Z,0,0,549,230,0
2026-08-17T01:25:25.5632812Z,0,0,549,230,0
2026-08-17T01:25:25.56821Z,0,0,549,230,0
2026-08-17T01:25:25.5732811Z,0,0,549,230,0
2026-08-17T01:25:25.5782114Z,0,0,549,230,0
2026-08-17T01:25:25.5833431Z,0,0,549,230,0
2026-08-17T01:25:25.5886799Z,0,0,549,230,0
2026-08-17T01:25:25.593054Z,0,0,549,230,0
2026-08-17T01:25:25.5986141Z,0,0,549,230,0
2026-08-17T01:25:25.603358Z,0,0,549,230,0
2026-08-17T01:25:25.6082866Z,0,0,549,230,0
2026-08-17T01:25:25.6129557Z,0,0,549,230,0
2026-08-17T01:25:25.6181247Z,0,0,549,230,0
2026-08-17T01:25:25.6231908Z,0,0,549,230,0
2026-08-17T01:25:25.6283275Z,0,0,549,230,0
2026-08-17T01:25:25.6331574Z,0,0,549,230,0
2026-08-17T01:25:25.6380364Z,0,0,549,230,0
2026-08-17T01:25:25.6431031Z,0,0,549,230,0
2026-08-17T01:25:25.6486364Z,0,0,549,230,0
2026-08-17T01:25:25.6533758Z,0,0,549,230,0
2026-08-17T01:25:25.658246Z,0,0,549,230,0
2026-08-17T01:25:25.663468Z,0,0,549,230,0
2026-08-17T01:25:25.6681535Z,0,0,549,230,0
2026-08-17T01:25:25.6731137Z,0,0,549,230,0
2026-08-17T01:25:25.6780508Z,0,0,549,230,0
2026-08-17T01:25:25.6832647Z,0,0,549,230,0
2026-08-17T01:25:25.6884624Z,0,0,549,230,0
2026-08-17T01:25:25.693189Z,0,0,549,230,0
2026-08-17T01:25:25.6983834Z,0,0,549,230,0
2026-08-17T01:25:25.7033895Z,0,0,549,230,0
2026-08-17T01:25:25.7081258Z,0,0,549,230,0
2026-08-17T01:25:25.7134913Z,0,0,549,230,0
2026-08-17T01:25:25.7181726Z,0,0,549,230,0
2026-08-17T01:25:25.7232182Z,0,0,549,230,0
2026-08-17T01:25:25.7286198Z,0,0,549,230,0
2026-08-17T01:25:25.7333433Z,0,0,549,230,0
2026-08-17T01:25:25.7382859Z,0,0,549,230,0
2026-08-17T01:25:25.743062Z,0,0,549,230,0
2026-08-17T01:25:25.7485898Z,0,0,549,230,0
2026-08-17T01:25:25.7533443Z,0,0,549,230,0
2026-08-17T01:25:25.7580253Z,0,0,549,230,0
2026-08-17T01:25:25.7632913Z,0,0,549,230,0
2026-08-17T01:25:25.7682373Z,0,0,549,230,0
2026-08-17T01:25:25.7734304Z,0,0,549,230,0
2026-08-17T01:25:25.7781148Z,0,0,549,230,0
2026-08-17T01:25:25.7833187Z,0,0,549,230,0
2026-08-17T01:25:25.787968Z,0,0,549,230,0
2026-08-17T01:25:25.7932205Z,0,0,549,230,0
2026-08-17T01:25:25.7981149Z,0,0,549,230,0
2026-08-17T01:25:25.8033325Z,0,0,549,230,0
2026-08-17T01:25:25.8079715Z,0,0,549,230,0
2026-08-17T01:25:25.813566Z,0,0,549,230,0
2026-08-17T01:25:25.8186009Z,0,0,549,230,0
2026-08-17T01:25:25.8230656Z,0,0,549,230,0
2026-08-17T01:25:25.8279997Z,0,0,549,230,0
2026-08-17T01:25:25.8335238Z,0,0,549,230,0
2026-08-17T01:25:25.8387511Z,0,0,549,230,0
2026-08-17T01:25:25.8429634Z,0,0,549,230,0
2026-08-17T01:25:25.8484936Z,0,0,549,230,0
2026-08-17T01:25:25.8533644Z,0,0,549,230,0
2026-08-17T01:25:25.858084Z,0,0,549,230,0
2026-08-17T01:25:25.8633607Z,0,0,549,230,0
2026-08-17T01:25:25.8680308Z,0,0,549,230,0
2026-08-17T01:25:25.8731613Z,0,0,549,230,0
2026-08-17T01:25:25.8784347Z,0,0,549,230,0
2026-08-17T01:25:25.8833978Z,0,0,549,230,0
2026-08-17T01:25:25.8882922Z,0,0,549,230,0
2026-08-17T01:25:25.893142Z,0,0,549,230,0
2026-08-17T01:25:25.8981856Z,0,0,549,230,0
2026-08-17T01:25:25.9029858Z,0,0,549,230,0
2026-08-17T01:25:25.9081159Z,0,0,549,230,0
2026-08-17T01:25:25.9133178Z,0,0,549,230,0
2026-08-17T01:25:25.9182591Z,0,0,549,230,0
2026-08-17T01:25:25.92343Z,0,0,549,230,0
2026-08-17T01:25:25.9280686Z,0,0,549,230,0
2026-08-17T01:25:25.9332949Z,0,0,549,230,0
2026-08-17T01:25:25.938168Z,0,0,549,230,0
2026-08-17T01:25:25.9435392Z,0,0,549,230,0
2026-08-17T01:25:25.9484111Z,0,0,549,230,0
2026-08-17T01:25:25.9533988Z,0,0,549,230,0
2026-08-17T01:25:25.9581781Z,0,0,549,230,0
2026-08-17T01:25:25.963338Z,0,0,549,230,0
2026-08-17T01:25:25.968272Z,0,0,549,230,0
2026-08-17T01:25:25.9729677Z,0,0,549,230,0
2026-08-17T01:25:25.9780974Z,0,0,549,230,0
2026-08-17T01:25:25.9829949Z,0,0,549,230,0
2026-08-17T01:25:25.9883438Z,0,0,549,230,0
2026-08-17T01:25:25.9931997Z,0,0,549,230,0
2026-08-17T01:25:25.9981782Z,0,0,549,230,0
2026-08-17T01:25:26.0033369Z,0,0,549,230,0
2026-08-17T01:25:26.0080741Z,0,0,549,230,0
2026-08-17T01:25:26.0130802Z,0,0,549,230,0
2026-08-17T01:25:26.0179421Z,0,0,549,230,0
2026-08-17T01:25:26.023199Z,0,0,549,230,0
2026-08-17T01:25:26.0282815Z,0,0,549,230,0
2026-08-17T01:25:26.0332013Z,0,0,549,230,0
2026-08-17T01:25:26.0383857Z,0,0,549,230,0
2026-08-17T01:25:26.04329Z,0,0,549,230,0
2026-08-17T01:25:26.0480536Z,0,0,549,230,0
2026-08-17T01:25:26.0529786Z,0,0,549,230,0
2026-08-17T01:25:26.0583404Z,0,0,549,230,0
2026-08-17T01:25:26.0633063Z,0,0,549,230,0
2026-08-17T01:25:26.0681356Z,0,0,549,230,0
2026-08-17T01:25:26.0735855Z,0,0,549,230,0
2026-08-17T01:25:26.0779948Z,0,0,549,230,0
2026-08-17T01:25:26.0834218Z,0,0,549,230,0
2026-08-17T01:25:26.0883664Z,0,0,549,230,0
2026-08-17T01:25:26.0934173Z,0,0,549,230,0
2026-08-17T01:25:26.0983099Z,0,0,549,230,0
2026-08-17T01:25:26.1031344Z,0,0,549,230,0
2026-08-17T01:25:26.1084497Z,0,0,549,230,0
2026-08-17T01:25:26.1132413Z,0,0,549,230,0
2026-08-17T01:25:26.1184933Z,0,0,549,230,0
2026-08-17T01:25:26.1234365Z,0,0,549,230,0
2026-08-17T01:25:26.1285881Z,0,0,549,230,0
2026-08-17T01:25:26.1334175Z,0,0,549,230,0
2026-08-17T01:25:26.1385201Z,0,0,549,230,0
2026-08-17T01:25:26.143608Z,0,0,549,230,0
2026-08-17T01:25:26.1481865Z,0,0,549,230,0
2026-08-17T01:25:26.1535704Z,0,0,549,230,0
2026-08-17T01:25:26.1583231Z,0,0,549,230,0
2026-08-17T01:25:26.1630973Z,0,0,549,230,0
2026-08-17T01:25:26.1685549Z,0,0,549,230,0
2026-08-17T01:25:26.1730847Z,0,0,549,230,0
2026-08-17T01:25:26.1789028Z,0,0,549,230,0
2026-08-17T01:25:26.1833171Z,0,0,549,230,0
2026-08-17T01:25:26.1886595Z,0,0,549,230,0
2026-08-17T01:25:26.1931127Z,0,0,549,230,0
2026-08-17T01:25:26.1981324Z,0,0,549,230,0
2026-08-17T01:25:26.2031982Z,0,0,549,230,0
2026-08-17T01:25:26.2084435Z,0,0,549,230,0
2026-08-17T01:25:26.2133932Z,0,0,549,230,0
2026-08-17T01:25:26.218158Z,0,0,549,230,0
2026-08-17T01:25:26.2231474Z,0,0,549,230,0
2026-08-17T01:25:26.2280432Z,0,0,549,230,0
2026-08-17T01:25:26.2334783Z,0,0,549,230,0
2026-08-17T01:25:26.2381956Z,0,0,549,230,0
2026-08-17T01:25:26.2430754Z,0,0,549,230,0
2026-08-17T01:25:26.248045Z,0,0,549,230,0
2026-08-17T01:25:26.2533496Z,0,0,549,230,0
2026-08-17T01:25:26.2579857Z,0,0,549,230,0
2026-08-17T01:25:26.2632958Z,0,0,549,230,0
2026-08-17T01:25:26.2682671Z,0,0,549,230,0
2026-08-17T01:25:26.2731979Z,0,0,549,230,0
2026-08-17T01:25:26.2781137Z,0,0,549,230,0
2026-08-17T01:25:26.2834127Z,0,0,549,230,0
2026-08-17T01:25:26.2882542Z,0,0,549,230,0
2026-08-17T01:25:26.2933844Z,0,0,549,230,0
2026-08-17T01:25:26.2983348Z,0,0,549,230,0
2026-08-17T01:25:26.303088Z,0,0,549,230,0
2026-08-17T01:25:26.3080727Z,0,0,549,230,0
2026-08-17T01:25:26.3132285Z,0,0,549,230,0
2026-08-17T01:25:26.3180834Z,0,0,549,230,0
2026-08-17T01:25:26.3233264Z,0,0,549,230,0
2026-08-17T01:25:26.3284431Z,0,0,549,230,0
2026-08-17T01:25:26.3333651Z,0,0,549,230,0
2026-08-17T01:25:26.3380688Z,0,0,549,230,0
2026-08-17T01:25:26.3430868Z,0,0,549,230,0
2026-08-17T01:25:26.3482485Z,0,0,549,230,0
2026-08-17T01:25:26.3536352Z,0,0,549,230,0
2026-08-17T01:25:26.358002Z,0,0,549,230,0
2026-08-17T01:25:26.3635055Z,0,0,549,230,0
2026-08-17T01:25:26.3682247Z,0,0,549,230,0
2026-08-17T01:25:26.373011Z,0,0,549,230,0
2026-08-17T01:25:26.3780882Z,0,0,549,230,0
2026-08-17T01:25:26.3834498Z,0,0,549,230,0
2026-08-17T01:25:26.3882499Z,0,0,549,230,0
2026-08-17T01:25:26.3933423Z,0,0,549,230,0
2026-08-17T01:25:26.3982593Z,0,0,549,230,0
2026-08-17T01:25:26.4030586Z,0,0,549,230,0
2026-08-17T01:25:26.4079906Z,0,0,549,230,0
2026-08-17T01:25:26.4135732Z,0,0,549,230,0
2026-08-17T01:25:26.4182623Z,0,0,549,230,0
2026-08-17T01:25:26.4230926Z,0,0,549,230,0
2026-08-17T01:25:26.4281174Z,0,0,549,230,0
2026-08-17T01:25:26.4333314Z,0,0,549,230,0
2026-08-17T01:25:26.4385353Z,0,0,549,230,0
2026-08-17T01:25:26.4432605Z,0,0,549,230,0
2026-08-17T01:25:26.4483887Z,0,0,549,230,0
2026-08-17T01:25:26.4531773Z,0,0,549,230,0
2026-08-17T01:25:26.4580288Z,0,0,549,230,0
2026-08-17T01:25:26.4632338Z,0,0,549,230,0
2026-08-17T01:25:26.4684545Z,0,0,549,230,0
2026-08-17T01:25:26.4778728Z,0,0,549,230,0
2026-08-17T01:25:26.4832246Z,0,0,549,230,0
2026-08-17T01:25:26.4884406Z,0,0,549,230,0
2026-08-17T01:25:26.4933575Z,0,0,549,230,0
2026-08-17T01:25:26.4981212Z,0,0,549,230,0
2026-08-17T01:25:26.5030822Z,0,0,549,230,0
2026-08-17T01:25:26.5083554Z,0,0,549,230,0
2026-08-17T01:25:26.5132624Z,0,0,549,230,0
2026-08-17T01:25:26.5181361Z,0,0,549,230,0
2026-08-17T01:25:26.5229592Z,0,0,549,230,0
2026-08-17T01:25:26.5281428Z,0,0,549,230,0
2026-08-17T01:25:26.5334355Z,0,0,549,230,0
2026-08-17T01:25:26.5384487Z,0,0,549,230,0
2026-08-17T01:25:26.5437947Z,0,0,549,230,0
2026-08-17T01:25:26.548058Z,0,0,549,230,0
2026-08-17T01:25:26.5534146Z,0,0,549,230,0
2026-08-17T01:25:26.5582166Z,0,0,549,230,0
2026-08-17T01:25:26.5632562Z,0,0,549,230,0
2026-08-17T01:25:26.5685416Z,0,0,549,230,0
2026-08-17T01:25:26.5730978Z,0,0,549,230,0
2026-08-17T01:25:26.5781556Z,0,0,549,230,0
2026-08-17T01:25:26.5830363Z,0,0,549,230,0
2026-08-17T01:25:26.5881249Z,0,0,549,230,0
2026-08-17T01:25:26.5930628Z,0,0,549,230,0
2026-08-17T01:25:26.59825Z,0,0,549,230,0
2026-08-17T01:25:26.6031623Z,0,0,549,230,0
2026-08-17T01:25:26.6084486Z,0,0,549,230,0
2026-08-17T01:25:26.6130954Z,0,0,549,230,0
2026-08-17T01:25:26.6185887Z,0,0,549,230,0
2026-08-17T01:25:26.6230332Z,0,0,549,230,0
2026-08-17T01:25:26.6282285Z,0,0,549,230,0
2026-08-17T01:25:26.6331937Z,0,0,549,230,0
2026-08-17T01:25:26.6383084Z,0,0,549,230,0
2026-08-17T01:25:26.6432537Z,0,0,549,230,0
2026-08-17T01:25:26.648308Z,0,0,549,230,0
2026-08-17T01:25:26.6534945Z,0,0,549,230,0
2026-08-17T01:25:26.6581283Z,0,0,549,230,0
2026-08-17T01:25:26.6633727Z,0,0,549,230,0
2026-08-17T01:25:26.6684618Z,0,0,549,230,0
2026-08-17T01:25:26.6733301Z,0,0,549,230,0
2026-08-17T01:25:26.6786672Z,0,0,549,230,0
2026-08-17T01:25:26.6832638Z,0,0,549,230,0
2026-08-17T01:25:26.6884841Z,0,0,549,230,0
2026-08-17T01:25:26.693345Z,0,0,549,230,0
2026-08-17T01:25:26.6981798Z,0,0,549,230,0
2026-08-17T01:25:26.7030674Z,0,0,549,230,0
2026-08-17T01:25:26.7080818Z,0,0,549,230,0
2026-08-17T01:25:26.7134439Z,0,0,549,230,0
2026-08-17T01:25:26.7181901Z,0,0,549,230,0
2026-08-17T01:25:26.7233566Z,0,0,549,230,0
2026-08-17T01:25:26.7286315Z,0,0,549,230,0
2026-08-17T01:25:26.7333482Z,0,0,549,230,0
2026-08-17T01:25:26.7386418Z,0,0,549,230,0
2026-08-17T01:25:26.7430766Z,0,0,549,230,0
2026-08-17T01:25:26.748125Z,0,0,549,230,0
2026-08-17T01:25:26.7532342Z,0,0,549,230,0
2026-08-17T01:25:26.7584593Z,0,0,549,230,0
2026-08-17T01:25:26.763488Z,0,0,549,230,0
2026-08-17T01:25:26.7683199Z,0,0,549,230,0
2026-08-17T01:25:26.7734098Z,0,0,549,230,0
2026-08-17T01:25:26.7786378Z,0,0,549,230,0
2026-08-17T01:25:26.7834295Z,0,0,549,230,0
2026-08-17T01:25:26.788665Z,0,0,549,230,0
2026-08-17T01:25:26.7929832Z,0,0,549,230,0
2026-08-17T01:25:26.7985198Z,0,0,549,230,0
2026-08-17T01:25:26.803334Z,0,0,549,230,0
2026-08-17T01:25:26.808039Z,0,0,549,230,0
2026-08-17T01:25:26.8131918Z,0,0,549,230,0
2026-08-17T01:25:26.81825Z,0,0,549,230,0
2026-08-17T01:25:26.8232861Z,0,0,549,230,0
2026-08-17T01:25:26.8285697Z,0,0,549,230,0
2026-08-17T01:25:26.8333981Z,0,0,549,230,0
2026-08-17T01:25:26.83816Z,0,0,549,230,0
2026-08-17T01:25:26.8431869Z,0,0,549,230,0
2026-08-17T01:25:26.8483854Z,0,0,549,230,0
2026-08-17T01:25:26.8532139Z,0,0,549,230,0
2026-08-17T01:25:26.8584392Z,0,0,549,230,0
2026-08-17T01:25:26.8632658Z,0,0,549,230,0
2026-08-17T01:25:26.868575Z,0,0,549,230,0
2026-08-17T01:25:26.8732282Z,0,0,549,230,0
2026-08-17T01:25:26.8781786Z,0,0,549,230,0
2026-08-17T01:25:26.8834692Z,0,0,549,230,0
2026-08-17T01:25:26.8882729Z,0,0,549,230,0
2026-08-17T01:25:26.8930806Z,0,0,549,230,0
2026-08-17T01:25:26.8982769Z,0,0,549,230,0
2026-08-17T01:25:26.903209Z,0,0,549,230,0
2026-08-17T01:25:26.9081445Z,0,0,549,230,0
2026-08-17T01:25:26.9135297Z,0,0,549,230,0
2026-08-17T01:25:26.9183422Z,0,0,549,230,0
2026-08-17T01:25:26.9235404Z,0,0,549,230,0
2026-08-17T01:25:26.9284122Z,0,0,549,230,0
2026-08-17T01:25:26.9334191Z,0,0,549,230,0
2026-08-17T01:25:26.9381153Z,0,0,549,230,0
2026-08-17T01:25:26.9435009Z,0,0,549,230,0
2026-08-17T01:25:26.9483102Z,0,0,549,230,0
2026-08-17T01:25:26.9534192Z,0,0,549,230,0
2026-08-17T01:25:26.9583221Z,0,0,549,230,0
2026-08-17T01:25:26.9634918Z,0,0,549,230,0
2026-08-17T01:25:26.9682828Z,0,0,549,230,0
2026-08-17T01:25:26.9732651Z,0,0,549,230,0
2026-08-17T01:25:26.9782536Z,0,0,549,230,0
2026-08-17T01:25:26.9832542Z,0,0,549,230,0
2026-08-17T01:25:26.9880078Z,0,0,549,230,0
2026-08-17T01:25:26.9934093Z,0,0,549,230,0
2026-08-17T01:25:26.9983249Z,0,0,549,230,0
2026-08-17T01:25:27.0030724Z,0,0,549,230,0
2026-08-17T01:25:27.0084278Z,0,0,549,230,0
2026-08-17T01:25:27.0131924Z,0,0,549,230,0
2026-08-17T01:25:27.0179865Z,0,0,549,230,0
2026-08-17T01:25:27.0234237Z,0,0,549,230,0
2026-08-17T01:25:27.0284127Z,0,0,549,230,0
2026-08-17T01:25:27.0334493Z,0,0,549,230,0
2026-08-17T01:25:27.0381905Z,0,0,549,230,0
2026-08-17T01:25:27.043057Z,0,0,549,230,0
2026-08-17T01:25:27.0481319Z,0,0,549,230,0
2026-08-17T01:25:27.0529749Z,0,0,549,230,0
2026-08-17T01:25:27.0584117Z,0,0,549,230,0
2026-08-17T01:25:27.0633045Z,0,0,549,230,0
2026-08-17T01:25:27.0682275Z,0,0,549,230,0
2026-08-17T01:25:27.0729459Z,0,0,549,230,0
2026-08-17T01:25:27.0782925Z,0,0,549,230,0
2026-08-17T01:25:27.0831618Z,0,0,549,230,0
2026-08-17T01:25:27.088406Z,0,0,549,230,0
2026-08-17T01:25:27.0933778Z,0,0,549,230,0
2026-08-17T01:25:27.098642Z,0,0,549,230,0
2026-08-17T01:25:27.1034148Z,0,0,549,230,0
2026-08-17T01:25:27.1081421Z,0,0,549,230,0
2026-08-17T01:25:27.1132616Z,0,0,549,230,0
2026-08-17T01:25:27.1185033Z,0,0,549,230,0
2026-08-17T01:25:27.1234374Z,0,0,549,230,0
2026-08-17T01:25:27.1284885Z,0,0,549,230,0
2026-08-17T01:25:27.1333789Z,0,0,549,230,0
2026-08-17T01:25:27.1383085Z,0,0,549,230,0
2026-08-17T01:25:27.1432546Z,0,0,549,230,0
2026-08-17T01:25:27.1485267Z,0,0,549,230,0
2026-08-17T01:25:27.153341Z,0,0,549,230,0
2026-08-17T01:25:27.1580688Z,0,0,549,230,0
2026-08-17T01:25:27.1629553Z,0,0,549,230,0
2026-08-17T01:25:27.1682169Z,0,0,549,230,0
2026-08-17T01:25:27.1733919Z,0,0,549,230,0
2026-08-17T01:25:27.1786627Z,0,0,549,230,0
2026-08-17T01:25:27.1835922Z,0,0,549,230,0
2026-08-17T01:25:27.1883335Z,0,0,549,230,0
2026-08-17T01:25:27.1931318Z,0,0,549,230,0
2026-08-17T01:25:27.1984951Z,0,0,549,230,0
2026-08-17T01:25:27.203328Z,0,0,549,230,0
2026-08-17T01:25:27.208039Z,0,0,549,230,0
2026-08-17T01:25:27.213519Z,0,0,549,230,0
2026-08-17T01:25:27.2182668Z,0,0,549,230,0
2026-08-17T01:25:27.2231691Z,0,0,549,230,0
2026-08-17T01:25:27.2283372Z,0,0,549,230,0
2026-08-17T01:25:27.2335549Z,0,0,549,230,0
2026-08-17T01:25:27.238761Z,0,0,549,230,0
2026-08-17T01:25:27.2431013Z,0,0,549,230,0
2026-08-17T01:25:27.2481929Z,0,0,549,230,0
2026-08-17T01:25:27.2531901Z,0,0,549,230,0
2026-08-17T01:25:27.2585388Z,0,0,549,230,0
2026-08-17T01:25:27.2634415Z,0,0,549,230,0
2026-08-17T01:25:27.2686983Z,0,0,549,230,0
2026-08-17T01:25:27.2731433Z,0,0,549,230,0
2026-08-17T01:25:27.2783616Z,0,0,549,230,0
2026-08-17T01:25:27.2837433Z,0,0,549,230,0
2026-08-17T01:25:27.288024Z,0,0,549,230,0
2026-08-17T01:25:27.2933695Z,0,0,549,230,0
2026-08-17T01:25:27.298689Z,0,0,549,230,0
2026-08-17T01:25:27.3035685Z,0,0,549,230,0
2026-08-17T01:25:27.3082645Z,0,0,549,230,0
2026-08-17T01:25:27.3132615Z,0,0,549,230,0
2026-08-17T01:25:27.3182003Z,0,0,549,230,0
2026-08-17T01:25:27.3232865Z,0,0,549,230,0
2026-08-17T01:25:27.3281479Z,0,0,549,230,0
2026-08-17T01:25:27.3330211Z,0,0,549,230,0
2026-08-17T01:25:27.3384882Z,0,0,549,230,0
2026-08-17T01:25:27.343275Z,0,0,549,230,0
2026-08-17T01:25:27.3481132Z,0,0,549,230,0
2026-08-17T01:25:27.3530227Z,0,0,549,230,0
2026-08-17T01:25:27.3584037Z,0,0,549,230,0
2026-08-17T01:25:27.3632478Z,0,0,549,230,0
2026-08-17T01:25:27.3682311Z,0,0,549,230,0
2026-08-17T01:25:27.3734262Z,0,0,549,230,0
2026-08-17T01:25:27.378175Z,0,0,549,230,0
2026-08-17T01:25:27.383052Z,0,0,549,230,0
2026-08-17T01:25:27.3883095Z,0,0,549,230,0
2026-08-17T01:25:27.3934118Z,0,0,549,230,0
2026-08-17T01:25:27.3981014Z,0,0,549,230,0
2026-08-17T01:25:27.4033653Z,0,0,549,230,0
2026-08-17T01:25:27.4083323Z,0,0,549,230,0
2026-08-17T01:25:27.4131974Z,0,0,549,230,0
2026-08-17T01:25:27.4184496Z,0,0,549,230,0
2026-08-17T01:25:27.4233792Z,0,0,549,230,0
2026-08-17T01:25:27.4282926Z,0,0,549,230,0
2026-08-17T01:25:27.4335802Z,0,0,549,230,0
2026-08-17T01:25:27.4382672Z,0,0,549,230,0
2026-08-17T01:25:27.4430612Z,0,0,549,230,0
2026-08-17T01:25:27.4480961Z,0,0,549,230,0
2026-08-17T01:25:27.4529719Z,0,0,549,230,0
2026-08-17T01:25:27.4582041Z,0,0,549,230,0
2026-08-17T01:25:27.4636495Z,0,0,549,230,0
2026-08-17T01:25:27.4682324Z,0,0,549,230,0
2026-08-17T01:25:27.47329Z,0,0,549,230,0
2026-08-17T01:25:27.4783612Z,0,0,549,230,0
2026-08-17T01:25:27.4834315Z,0,0,549,230,0
2026-08-17T01:25:27.4881831Z,0,0,549,230,0
2026-08-17T01:25:27.4934554Z,0,0,549,230,0
2026-08-17T01:25:27.498223Z,0,0,549,230,0
2026-08-17T01:25:27.5031637Z,0,0,549,230,0
2026-08-17T01:25:27.5084566Z,0,0,549,230,0
2026-08-17T01:25:27.513239Z,0,0,549,230,0
2026-08-17T01:25:27.518205Z,0,0,549,230,0
2026-08-17T01:25:27.5232419Z,0,0,549,230,0
2026-08-17T01:25:27.528442Z,0,0,549,230,0
2026-08-17T01:25:27.5331387Z,0,0,549,230,0
2026-08-17T01:25:27.5380772Z,0,0,549,230,0
2026-08-17T01:25:27.5429443Z,0,0,549,230,0
2026-08-17T01:25:27.5487546Z,0,0,549,230,0
2026-08-17T01:25:27.5536053Z,0,0,549,230,0
2026-08-17T01:25:27.5583696Z,0,0,549,230,0
2026-08-17T01:25:27.5630639Z,0,0,549,230,0
2026-08-17T01:25:27.5683587Z,0,0,549,230,0
2026-08-17T01:25:27.5735505Z,0,0,549,230,0
2026-08-17T01:25:27.5782656Z,0,0,549,230,0
2026-08-17T01:25:27.5836943Z,0,0,549,230,0
2026-08-17T01:25:27.5880158Z,0,0,549,230,0
2026-08-17T01:25:27.5934533Z,0,0,549,230,0
2026-08-17T01:25:27.5982439Z,0,0,549,230,0
2026-08-17T01:25:27.603397Z,0,0,549,230,0
2026-08-17T01:25:27.6083091Z,0,0,549,230,0
2026-08-17T01:25:27.6132445Z,0,0,549,230,0
2026-08-17T01:25:27.6182971Z,0,0,549,230,0
2026-08-17T01:25:27.6233085Z,0,0,549,230,0
2026-08-17T01:25:27.6283378Z,0,0,549,230,0
2026-08-17T01:25:27.6332979Z,0,0,549,230,0
2026-08-17T01:25:27.6384433Z,0,0,549,230,0
2026-08-17T01:25:27.6434402Z,0,0,549,230,0
2026-08-17T01:25:27.6482499Z,0,0,549,230,0
2026-08-17T01:25:27.6532557Z,0,0,549,230,0
2026-08-17T01:25:27.6585006Z,0,0,549,230,0
2026-08-17T01:25:27.6633984Z,0,0,549,230,0
2026-08-17T01:25:27.6687407Z,0,0,549,230,0
2026-08-17T01:25:27.6730443Z,0,0,549,230,0
2026-08-17T01:25:27.6782155Z,0,0,549,230,0
2026-08-17T01:25:27.6836785Z,0,0,549,230,0
2026-08-17T01:25:27.6886049Z,0,0,549,230,0
2026-08-17T01:25:27.6930232Z,0,0,549,230,0
2026-08-17T01:25:27.6982487Z,0,0,549,230,0
2026-08-17T01:25:27.7035545Z,0,0,549,230,0
2026-08-17T01:25:27.7084601Z,0,0,549,230,0
2026-08-17T01:25:27.7132514Z,0,0,549,230,0
2026-08-17T01:25:27.718203Z,0,0,549,230,0
2026-08-17T01:25:27.7232653Z,0,0,549,230,0
2026-08-17T01:25:27.7280627Z,0,0,549,230,0
2026-08-17T01:25:27.7334855Z,0,0,549,230,0
2026-08-17T01:25:27.7382914Z,0,0,549,230,0
2026-08-17T01:25:27.7434444Z,0,0,549,230,0
2026-08-17T01:25:27.7482386Z,0,0,549,230,0
2026-08-17T01:25:27.7531497Z,0,0,549,230,0
2026-08-17T01:25:27.7580282Z,0,0,549,230,0
2026-08-17T01:25:27.763074Z,0,0,549,230,0
2026-08-17T01:25:27.7681425Z,0,0,549,230,0
2026-08-17T01:25:27.7737148Z,0,0,549,230,0
2026-08-17T01:25:27.7780236Z,0,0,549,230,0
2026-08-17T01:25:27.7831169Z,0,0,549,230,0
2026-08-17T01:25:27.7885338Z,0,0,549,230,0
2026-08-17T01:25:27.7934371Z,0,0,549,230,0
2026-08-17T01:25:27.7982451Z,0,0,549,230,0
2026-08-17T01:25:27.8032319Z,0,0,549,230,0
2026-08-17T01:25:27.8080962Z,0,0,549,230,0
2026-08-17T01:25:27.8133945Z,0,0,549,230,0
2026-08-17T01:25:27.8181685Z,0,0,549,230,0
2026-08-17T01:25:27.8237908Z,0,0,549,230,0
2026-08-17T01:25:27.8280016Z,0,0,549,230,0
2026-08-17T01:25:27.833382Z,0,0,549,230,0
2026-08-17T01:25:27.8383084Z,0,0,549,230,0
2026-08-17T01:25:27.8480717Z,0,0,549,230,0
2026-08-17T01:25:27.8534184Z,0,0,549,230,0
2026-08-17T01:25:27.8583528Z,0,0,549,230,0
2026-08-17T01:25:27.8632459Z,0,0,549,230,0
2026-08-17T01:25:27.8685819Z,0,0,549,230,0
2026-08-17T01:25:27.8735466Z,0,0,549,230,0
2026-08-17T01:25:27.8781367Z,0,0,549,230,0
2026-08-17T01:25:27.8831723Z,0,0,549,230,0
2026-08-17T01:25:27.8879906Z,0,0,549,230,0
2026-08-17T01:25:27.8932861Z,0,0,549,230,0
2026-08-17T01:25:27.8980124Z,0,0,549,230,0
2026-08-17T01:25:27.9030648Z,0,0,549,230,0
2026-08-17T01:25:27.9080345Z,0,0,549,230,0
2026-08-17T01:25:27.9130606Z,0,0,549,230,0
2026-08-17T01:25:27.9187194Z,0,0,549,230,0
2026-08-17T01:25:27.9237152Z,0,0,549,230,0
2026-08-17T01:25:27.92847Z,0,0,549,230,0
2026-08-17T01:25:27.9338149Z,0,0,549,230,0
2026-08-17T01:25:27.9380146Z,0,0,549,230,0
2026-08-17T01:25:27.9432172Z,0,0,549,230,0
2026-08-17T01:25:27.9483775Z,0,0,549,230,0
2026-08-17T01:25:27.9533934Z,0,0,549,230,0
2026-08-17T01:25:27.958093Z,0,0,549,230,0
2026-08-17T01:25:27.9630277Z,0,0,549,230,0
2026-08-17T01:25:27.9682449Z,0,0,549,230,0
2026-08-17T01:25:27.97336Z,0,0,549,230,0
2026-08-17T01:25:27.9781995Z,0,0,549,230,0
2026-08-17T01:25:27.9831793Z,0,0,549,230,0
2026-08-17T01:25:27.9883983Z,0,0,549,230,0
2026-08-17T01:25:27.9933515Z,0,0,549,230,0
2026-08-17T01:25:27.9983472Z,0,0,549,230,0
2026-08-17T01:25:28.0033144Z,0,0,549,230,0
2026-08-17T01:25:28.0081887Z,0,0,549,230,0
2026-08-17T01:25:28.0136435Z,0,0,549,230,0
2026-08-17T01:25:28.0183912Z,0,0,549,230,0
2026-08-17T01:25:28.0235806Z,0,0,549,230,0
2026-08-17T01:25:28.0283273Z,0,0,549,230,0
2026-08-17T01:25:28.0336032Z,0,0,549,230,0
2026-08-17T01:25:28.0383776Z,0,0,549,230,0
2026-08-17T01:25:28.0434495Z,0,0,549,230,0
2026-08-17T01:25:28.0483926Z,0,0,549,230,0
2026-08-17T01:25:28.0532744Z,0,0,549,230,0
2026-08-17T01:25:28.0582488Z,0,0,549,230,0
2026-08-17T01:25:28.0636052Z,0,0,549,230,0
2026-08-17T01:25:28.0683812Z,0,0,549,230,0
2026-08-17T01:25:28.073441Z,0,0,549,230,0
2026-08-17T01:25:28.0781579Z,0,0,549,230,0
2026-08-17T01:25:28.0831919Z,0,0,549,230,0
2026-08-17T01:25:28.0885096Z,0,0,549,230,0
2026-08-17T01:25:28.0933757Z,0,0,549,230,0
2026-08-17T01:25:28.0984512Z,0,0,549,230,0
2026-08-17T01:25:28.1034538Z,0,0,549,230,0
2026-08-17T01:25:28.1082598Z,0,0,549,230,0
2026-08-17T01:25:28.1133251Z,0,0,549,230,0
2026-08-17T01:25:28.1182356Z,0,0,549,230,0
2026-08-17T01:25:28.1234248Z,0,0,549,230,0
2026-08-17T01:25:28.1281916Z,0,0,549,230,0
2026-08-17T01:25:28.1333552Z,0,0,549,230,0
2026-08-17T01:25:28.1382473Z,0,0,549,230,0
2026-08-17T01:25:28.1434106Z,0,0,549,230,0
2026-08-17T01:25:28.1482678Z,0,0,549,230,0
2026-08-17T01:25:28.1532129Z,0,0,549,230,0
2026-08-17T01:25:28.1581787Z,0,0,549,230,0
2026-08-17T01:25:28.163374Z,0,0,549,230,0
2026-08-17T01:25:28.1681Z,0,0,549,230,0
2026-08-17T01:25:28.1730627Z,0,0,549,230,0
2026-08-17T01:25:28.1780132Z,0,0,549,230,0
2026-08-17T01:25:28.1831098Z,0,0,549,230,0
2026-08-17T01:25:28.1884265Z,0,0,549,230,0
2026-08-17T01:25:28.192998Z,0,0,549,230,0
2026-08-17T01:25:28.198063Z,0,0,549,230,0
2026-08-17T01:25:28.2029964Z,0,0,549,230,0
2026-08-17T01:25:28.2083932Z,0,0,549,230,0
2026-08-17T01:25:28.2136536Z,0,0,549,230,0
2026-08-17T01:25:28.2180201Z,0,0,549,230,0
2026-08-17T01:25:28.2231821Z,0,0,549,230,0
2026-08-17T01:25:28.2281798Z,0,0,549,230,0
2026-08-17T01:25:28.2332352Z,0,0,549,230,0
2026-08-17T01:25:28.2381012Z,0,0,549,230,0
2026-08-17T01:25:28.2437166Z,0,0,549,230,0
2026-08-17T01:25:28.2484703Z,0,0,549,230,0
2026-08-17T01:25:28.2531906Z,0,0,549,230,0
2026-08-17T01:25:28.2585045Z,0,0,549,230,0
2026-08-17T01:25:28.2632876Z,0,0,549,230,0
2026-08-17T01:25:28.2679916Z,0,0,549,230,0
2026-08-17T01:25:28.2735186Z,0,0,549,230,0
2026-08-17T01:25:28.2782563Z,0,0,549,230,0
2026-08-17T01:25:28.2832228Z,0,0,549,230,0
2026-08-17T01:25:28.2885525Z,0,0,549,230,0
2026-08-17T01:25:28.2932993Z,0,0,549,230,0
2026-08-17T01:25:28.2980669Z,0,0,549,230,0
2026-08-17T01:25:28.3033648Z,0,0,549,230,0
2026-08-17T01:25:28.3081215Z,0,0,549,230,0
2026-08-17T01:25:28.3131578Z,0,0,549,230,0
2026-08-17T01:25:28.3186947Z,0,0,549,230,0
2026-08-17T01:25:28.3237678Z,0,0,549,230,0
2026-08-17T01:25:28.3281313Z,0,0,549,230,0
2026-08-17T01:25:28.3333287Z,0,0,549,230,0
2026-08-17T01:25:28.338091Z,0,0,549,230,0
2026-08-17T01:25:28.3434854Z,0,0,549,230,0
2026-08-17T01:25:28.348346Z,0,0,549,230,0
2026-08-17T01:25:28.3534717Z,0,0,549,230,0
2026-08-17T01:25:28.3582455Z,0,0,549,230,0
2026-08-17T01:25:28.3632312Z,0,0,549,230,0
2026-08-17T01:25:28.368503Z,0,0,549,230,0
2026-08-17T01:25:28.373985Z,0,0,549,230,0
2026-08-17T01:25:28.3782345Z,0,0,549,230,0
2026-08-17T01:25:28.3832615Z,0,0,549,230,0
2026-08-17T01:25:28.3879917Z,0,0,549,230,0
2026-08-17T01:25:28.3933087Z,0,0,549,230,0
2026-08-17T01:25:28.3985832Z,0,0,549,230,0
2026-08-17T01:25:28.4030843Z,0,0,549,230,0
2026-08-17T01:25:28.4080585Z,0,0,549,230,0
2026-08-17T01:25:28.4134512Z,0,0,549,230,0
2026-08-17T01:25:28.4182686Z,0,0,549,230,0
2026-08-17T01:25:28.4233127Z,0,0,549,230,0
2026-08-17T01:25:28.4286229Z,0,0,549,230,0
2026-08-17T01:25:28.4335744Z,0,0,549,230,0
2026-08-17T01:25:28.4383707Z,0,0,549,230,0
2026-08-17T01:25:28.4432227Z,0,0,549,230,0
2026-08-17T01:25:28.4484627Z,0,0,549,230,0
2026-08-17T01:25:28.4531773Z,0,0,549,230,0
2026-08-17T01:25:28.4581533Z,0,0,549,230,0
2026-08-17T01:25:28.4634891Z,0,0,549,230,0
2026-08-17T01:25:28.4681833Z,0,0,549,230,0
2026-08-17T01:25:28.4730422Z,0,0,549,230,0
2026-08-17T01:25:28.4783836Z,0,0,549,230,0
2026-08-17T01:25:28.4833232Z,0,0,549,230,0
2026-08-17T01:25:28.4881628Z,0,0,549,230,0
2026-08-17T01:25:28.4933987Z,0,0,549,230,0
2026-08-17T01:25:28.4981889Z,0,0,549,230,0
2026-08-17T01:25:28.5032558Z,0,0,549,230,0
2026-08-17T01:25:28.5083416Z,0,0,549,230,0
2026-08-17T01:25:28.5129721Z,0,0,549,230,0
2026-08-17T01:25:28.5180697Z,0,0,549,230,0
2026-08-17T01:25:28.5236426Z,0,0,549,230,0
2026-08-17T01:25:28.5283859Z,0,0,549,230,0
2026-08-17T01:25:28.533502Z,0,0,549,230,0
2026-08-17T01:25:28.5383883Z,0,0,549,230,0
2026-08-17T01:25:28.5434879Z,0,0,549,230,0
2026-08-17T01:25:28.5483829Z,0,0,549,230,0
2026-08-17T01:25:28.5533884Z,0,0,549,230,0
2026-08-17T01:25:28.5580773Z,0,0,549,230,0
2026-08-17T01:25:28.5631112Z,0,0,549,230,0
2026-08-17T01:25:28.5684425Z,0,0,549,230,0
2026-08-17T01:25:28.5731589Z,0,0,549,230,0
2026-08-17T01:25:28.5780721Z,0,0,549,230,0
2026-08-17T01:25:28.5835434Z,0,0,549,230,0
2026-08-17T01:25:28.5882036Z,0,0,549,230,0
2026-08-17T01:25:28.5934137Z,0,0,549,230,0
2026-08-17T01:25:28.5981912Z,0,0,549,230,0
2026-08-17T01:25:28.603674Z,0,0,549,230,0
2026-08-17T01:25:28.6084414Z,0,0,549,230,0
2026-08-17T01:25:28.6134257Z,0,0,549,230,0
2026-08-17T01:25:28.618371Z,0,0,549,230,0
2026-08-17T01:25:28.6232294Z,0,0,549,230,0
2026-08-17T01:25:28.6281015Z,0,0,549,230,0
2026-08-17T01:25:28.6333803Z,0,0,549,230,0
2026-08-17T01:25:28.6383715Z,0,0,549,230,0
2026-08-17T01:25:28.6434308Z,0,0,549,230,0
2026-08-17T01:25:28.6481137Z,0,0,549,230,0
2026-08-17T01:25:28.6535012Z,0,0,549,230,0
2026-08-17T01:25:28.6582235Z,0,0,549,230,0
2026-08-17T01:25:28.6631012Z,0,0,549,230,0
2026-08-17T01:25:28.6683347Z,0,0,549,230,0
2026-08-17T01:25:28.6733196Z,0,0,549,230,0
2026-08-17T01:25:28.6780664Z,0,0,549,230,0
2026-08-17T01:25:28.6829308Z,0,0,549,230,0
2026-08-17T01:25:28.6881952Z,0,0,549,230,0
2026-08-17T01:25:28.6931237Z,0,0,549,230,0
2026-08-17T01:25:28.6981224Z,0,0,549,230,0
2026-08-17T01:25:28.7031842Z,0,0,549,230,0
2026-08-17T01:25:28.7084356Z,0,0,549,230,0
2026-08-17T01:25:28.7133461Z,0,0,549,230,0
2026-08-17T01:25:28.7186742Z,0,0,549,230,0
2026-08-17T01:25:28.7234486Z,0,0,549,230,0
2026-08-17T01:25:28.7282494Z,0,0,549,230,0
2026-08-17T01:25:28.7333711Z,0,0,549,230,0
2026-08-17T01:25:28.738304Z,0,0,549,230,0
2026-08-17T01:25:28.7432753Z,0,0,549,230,0
2026-08-17T01:25:28.7481632Z,0,0,549,230,0
2026-08-17T01:25:28.7532493Z,0,0,549,230,0
2026-08-17T01:25:28.7580607Z,0,0,549,230,0
2026-08-17T01:25:28.762996Z,0,0,549,230,0
2026-08-17T01:25:28.7680865Z,0,0,549,230,0
2026-08-17T01:25:28.7730606Z,0,0,549,230,0
2026-08-17T01:25:28.7781545Z,0,0,549,230,0
2026-08-17T01:25:28.7832287Z,0,0,549,230,0
2026-08-17T01:25:28.7885409Z,0,0,549,230,0
2026-08-17T01:25:28.7930119Z,0,0,549,230,0
2026-08-17T01:25:28.7979766Z,0,0,549,230,0
2026-08-17T01:25:28.8032933Z,0,0,549,230,0
2026-08-17T01:25:28.8083638Z,0,0,549,230,0
2026-08-17T01:25:28.8131241Z,0,0,549,230,0
2026-08-17T01:25:28.818043Z,0,0,549,230,0
2026-08-17T01:25:28.8231579Z,0,0,549,230,0
2026-08-17T01:25:28.827966Z,0,0,549,230,0
2026-08-17T01:25:28.832992Z,0,0,549,230,0
2026-08-17T01:25:28.838126Z,0,0,549,230,0
2026-08-17T01:25:28.8432242Z,0,0,549,230,0
2026-08-17T01:25:28.848183Z,0,0,549,230,0
2026-08-17T01:25:28.8533626Z,0,0,549,230,0
2026-08-17T01:25:28.8582423Z,0,0,549,230,0
2026-08-17T01:25:28.863433Z,0,0,549,230,0
2026-08-17T01:25:28.8682481Z,0,0,549,230,0
2026-08-17T01:25:28.8732997Z,0,0,549,230,0
2026-08-17T01:25:28.8783374Z,0,0,549,230,0
2026-08-17T01:25:28.8831277Z,0,0,549,230,0
2026-08-17T01:25:28.8881347Z,0,0,549,230,0
2026-08-17T01:25:28.8934571Z,0,0,549,230,0
2026-08-17T01:25:28.8983413Z,0,0,549,230,0
2026-08-17T01:25:28.9034901Z,0,0,549,230,0
2026-08-17T01:25:28.9082815Z,0,0,549,230,0
2026-08-17T01:25:28.9131755Z,0,0,549,230,0
2026-08-17T01:25:28.9181763Z,0,0,549,230,0
2026-08-17T01:25:28.9232964Z,0,0,549,230,0
2026-08-17T01:25:28.9282671Z,0,0,549,230,0
2026-08-17T01:25:28.9332991Z,0,0,549,230,0
2026-08-17T01:25:28.9380762Z,0,0,549,230,0
2026-08-17T01:25:28.9434276Z,0,0,549,230,0
2026-08-17T01:25:28.9483209Z,0,0,549,230,0
2026-08-17T01:25:28.9532676Z,0,0,549,230,0
2026-08-17T01:25:28.9581845Z,0,0,549,230,0
2026-08-17T01:25:28.9632534Z,0,0,549,230,0
2026-08-17T01:25:28.968531Z,0,0,549,230,0
2026-08-17T01:25:28.9734586Z,0,0,549,230,0
2026-08-17T01:25:28.9782473Z,0,0,549,230,0
2026-08-17T01:25:28.9832392Z,0,0,549,230,0
2026-08-17T01:25:28.9882579Z,0,0,549,230,0
2026-08-17T01:25:28.9931758Z,0,0,549,230,0
2026-08-17T01:25:28.9983144Z,0,0,549,230,0
2026-08-17T01:25:29.0032309Z,0,0,549,230,0
2026-08-17T01:25:29.0081746Z,0,0,549,230,0
2026-08-17T01:25:29.0132578Z,0,0,549,230,0
2026-08-17T01:25:29.018323Z,0,0,549,230,0
2026-08-17T01:25:29.0234424Z,0,0,549,230,0
2026-08-17T01:25:29.0283968Z,0,0,549,230,0
2026-08-17T01:25:29.0330872Z,0,0,549,230,0
2026-08-17T01:25:29.0384796Z,0,0,549,230,0
2026-08-17T01:25:29.0429961Z,0,0,549,230,0
2026-08-17T01:25:29.0480791Z,0,0,549,230,0
2026-08-17T01:25:29.0529998Z,0,0,549,230,0
2026-08-17T01:25:29.0582415Z,0,0,549,230,0
2026-08-17T01:25:29.0633935Z,0,0,549,230,0
2026-08-17T01:25:29.0682285Z,0,0,549,230,0
2026-08-17T01:25:29.0734046Z,0,0,549,230,0
2026-08-17T01:25:29.0781777Z,0,0,549,230,0
2026-08-17T01:25:29.0829984Z,0,0,549,230,0
2026-08-17T01:25:29.0884999Z,0,0,549,230,0
2026-08-17T01:25:29.0935291Z,0,0,549,230,0
2026-08-17T01:25:29.098259Z,0,0,549,230,0
2026-08-17T01:25:29.1033365Z,0,0,549,230,0
2026-08-17T01:25:29.1081993Z,0,0,549,230,0
2026-08-17T01:25:29.1132181Z,0,0,549,230,0
2026-08-17T01:25:29.118214Z,0,0,549,230,0
2026-08-17T01:25:29.1233552Z,0,0,549,230,0
2026-08-17T01:25:29.1280843Z,0,0,549,230,0
2026-08-17T01:25:29.1332188Z,0,0,549,230,0
2026-08-17T01:25:29.1384843Z,0,0,549,230,0
2026-08-17T01:25:29.1432579Z,0,0,549,230,0
2026-08-17T01:25:29.1481005Z,0,0,549,230,0
2026-08-17T01:25:29.1533335Z,0,0,549,230,0
2026-08-17T01:25:29.158243Z,0,0,549,230,0
2026-08-17T01:25:29.163058Z,0,0,549,230,0
2026-08-17T01:25:29.1680018Z,0,0,549,230,0
2026-08-17T01:25:29.1732966Z,0,0,549,230,0
2026-08-17T01:25:29.1782219Z,0,0,549,230,0
2026-08-17T01:25:29.1829955Z,0,0,549,230,0
2026-08-17T01:25:29.188203Z,0,0,549,230,0
2026-08-17T01:25:29.193189Z,0,0,549,230,0
2026-08-17T01:25:29.1980438Z,0,0,549,230,0
2026-08-17T01:25:29.2034844Z,0,0,549,230,0
2026-08-17T01:25:29.2117117Z,0,0,549,230,0
2026-08-17T01:25:29.2137663Z,0,0,549,230,0
2026-08-17T01:25:29.2182887Z,0,0,549,230,0
2026-08-17T01:25:29.2232592Z,0,0,549,230,0
2026-08-17T01:25:29.2280641Z,0,0,549,230,0
2026-08-17T01:25:29.2330568Z,0,0,549,230,0
2026-08-17T01:25:29.2382517Z,0,0,549,230,0
2026-08-17T01:25:29.2432846Z,0,0,549,230,0
2026-08-17T01:25:29.2480235Z,0,0,549,230,0
2026-08-17T01:25:29.2529379Z,0,0,549,230,0
2026-08-17T01:25:29.2582137Z,0,0,549,230,0
2026-08-17T01:25:29.263283Z,0,0,549,230,0
2026-08-17T01:25:29.2681627Z,0,0,549,230,0
2026-08-17T01:25:29.2731997Z,0,0,549,230,0
2026-08-17T01:25:29.2780757Z,0,0,549,230,0
2026-08-17T01:25:29.2835445Z,0,0,549,230,0
2026-08-17T01:25:29.2880683Z,0,0,549,230,0
2026-08-17T01:25:29.2930618Z,0,0,549,230,0
2026-08-17T01:25:29.2981385Z,0,0,549,230,0
2026-08-17T01:25:29.3033577Z,0,0,549,230,0
2026-08-17T01:25:29.3081249Z,0,0,549,230,0
2026-08-17T01:25:29.3134984Z,0,0,549,230,0
2026-08-17T01:25:29.3182467Z,0,0,549,230,0
2026-08-17T01:25:29.3230644Z,0,0,549,230,0
2026-08-17T01:25:29.3279674Z,0,0,549,230,0
2026-08-17T01:25:29.333202Z,0,0,549,230,0
2026-08-17T01:25:29.3384423Z,0,0,549,230,0
2026-08-17T01:25:29.3429891Z,0,0,549,230,0
2026-08-17T01:25:29.3484508Z,0,0,549,230,0
2026-08-17T01:25:29.3531861Z,0,0,549,230,0
2026-08-17T01:25:29.3584133Z,0,0,549,230,0
2026-08-17T01:25:29.3629161Z,0,0,549,230,0
2026-08-17T01:25:29.3680769Z,0,0,549,230,0
2026-08-17T01:25:29.3729807Z,0,0,549,230,0
2026-08-17T01:25:29.3783493Z,0,0,549,230,0
2026-08-17T01:25:29.3830285Z,0,0,549,230,0
2026-08-17T01:25:29.3884855Z,0,0,549,230,0
2026-08-17T01:25:29.3930313Z,0,0,549,230,0
2026-08-17T01:25:29.3983768Z,0,0,549,230,0
2026-08-17T01:25:29.4031357Z,0,0,549,230,0
2026-08-17T01:25:29.4079859Z,0,0,549,230,0
2026-08-17T01:25:29.4134695Z,0,0,549,230,0
2026-08-17T01:25:29.418159Z,0,0,549,230,0
2026-08-17T01:25:29.4229772Z,0,0,549,230,0
2026-08-17T01:25:29.4280698Z,0,0,549,230,0
2026-08-17T01:25:29.4334773Z,0,0,549,230,0
2026-08-17T01:25:29.43819Z,0,0,549,230,0
2026-08-17T01:25:29.443258Z,0,0,549,230,0
2026-08-17T01:25:29.4482351Z,0,0,549,230,0
2026-08-17T01:25:29.453331Z,0,0,549,230,0
2026-08-17T01:25:29.4582209Z,0,0,549,230,0
2026-08-17T01:25:29.4634345Z,0,0,549,230,0
2026-08-17T01:25:29.4681895Z,0,0,549,230,0
2026-08-17T01:25:29.4732311Z,0,0,549,230,0
2026-08-17T01:25:29.4784208Z,0,0,549,230,0
2026-08-17T01:25:29.4830802Z,0,0,549,230,0
2026-08-17T01:25:29.4879668Z,0,0,549,230,0
2026-08-17T01:25:29.4934589Z,0,0,549,230,0
2026-08-17T01:25:29.4984414Z,0,0,549,230,0
2026-08-17T01:25:29.5029877Z,0,0,549,230,0
2026-08-17T01:25:29.508071Z,0,0,549,230,0
2026-08-17T01:25:29.5131172Z,0,0,549,230,0
2026-08-17T01:25:29.518014Z,0,0,549,230,0
2026-08-17T01:25:29.5234393Z,0,0,549,230,0
2026-08-17T01:25:29.5282016Z,0,0,549,230,0
2026-08-17T01:25:29.5331273Z,0,0,549,230,0
2026-08-17T01:25:29.5384662Z,0,0,549,230,0
2026-08-17T01:25:29.5430139Z,0,0,549,230,0
2026-08-17T01:25:29.5483015Z,0,0,549,230,0
2026-08-17T01:25:29.5534837Z,0,0,549,230,0
2026-08-17T01:25:29.5582256Z,0,0,549,230,0
2026-08-17T01:25:29.5631977Z,0,0,549,230,0
2026-08-17T01:25:29.5682293Z,0,0,549,230,0
2026-08-17T01:25:29.5732812Z,0,0,549,230,0
2026-08-17T01:25:29.5781923Z,0,0,549,230,0
2026-08-17T01:25:29.5833949Z,0,0,549,230,0
2026-08-17T01:25:29.5882609Z,0,0,549,230,0
2026-08-17T01:25:29.5934692Z,0,0,549,230,0
2026-08-17T01:25:29.598276Z,0,0,549,230,0
2026-08-17T01:25:29.6031402Z,0,0,549,230,0
2026-08-17T01:25:29.6081222Z,0,0,549,230,0
2026-08-17T01:25:29.6130751Z,0,0,549,230,0
2026-08-17T01:25:29.618115Z,0,0,549,230,0
2026-08-17T01:25:29.6230889Z,0,0,549,230,0
2026-08-17T01:25:29.6281983Z,0,0,549,230,0
2026-08-17T01:25:29.6333321Z,0,0,549,230,0
2026-08-17T01:25:29.6383947Z,0,0,549,230,0
2026-08-17T01:25:29.6429379Z,0,0,549,230,0
2026-08-17T01:25:29.6481463Z,0,0,549,230,0
2026-08-17T01:25:29.6532226Z,0,0,549,230,0
2026-08-17T01:25:29.6580722Z,0,0,549,230,0
2026-08-17T01:25:29.663212Z,0,0,549,230,0
2026-08-17T01:25:29.6682116Z,0,0,549,230,0
2026-08-17T01:25:29.6730014Z,0,0,549,230,0
2026-08-17T01:25:29.6780959Z,0,0,549,230,0
2026-08-17T01:25:29.6832425Z,0,0,549,230,0
2026-08-17T01:25:29.6884404Z,0,0,549,230,0
2026-08-17T01:25:29.6933563Z,0,0,549,230,0
2026-08-17T01:25:29.6983329Z,0,0,549,230,0
2026-08-17T01:25:29.7030969Z,0,0,549,230,0
2026-08-17T01:25:29.7081911Z,0,0,549,230,0
2026-08-17T01:25:29.7132312Z,0,0,549,230,0
2026-08-17T01:25:29.7180047Z,0,0,549,230,0
2026-08-17T01:25:29.7232106Z,0,0,549,230,0
2026-08-17T01:25:29.7285202Z,0,0,549,230,0
2026-08-17T01:25:29.7331396Z,0,0,549,230,0
2026-08-17T01:25:29.7384201Z,0,0,549,230,0
2026-08-17T01:25:29.7435503Z,0,0,549,230,0
2026-08-17T01:25:29.7483134Z,0,0,549,230,0
2026-08-17T01:25:29.7530575Z,0,0,549,230,0
2026-08-17T01:25:29.7581356Z,0,0,549,230,0
2026-08-17T01:25:29.7633002Z,0,0,549,230,0
2026-08-17T01:25:29.7679835Z,0,0,549,230,0
2026-08-17T01:25:29.7733736Z,0,0,549,230,0
2026-08-17T01:25:29.7781477Z,0,0,549,230,0
2026-08-17T01:25:29.7831379Z,0,0,549,230,0
2026-08-17T01:25:29.7881979Z,0,0,549,230,0
2026-08-17T01:25:29.7931424Z,0,0,549,230,0
2026-08-17T01:25:29.7983076Z,0,0,549,230,0
2026-08-17T01:25:29.8032534Z,0,0,549,230,0
2026-08-17T01:25:29.8080868Z,0,0,549,230,0
2026-08-17T01:25:29.8130383Z,0,0,549,230,0
2026-08-17T01:25:29.818276Z,0,0,549,230,0
2026-08-17T01:25:29.8230401Z,0,0,549,230,0
2026-08-17T01:25:29.8283712Z,0,0,549,230,0
2026-08-17T01:25:29.8334393Z,0,0,549,230,0
2026-08-17T01:25:29.8381988Z,0,0,549,230,0
2026-08-17T01:25:29.8432639Z,0,0,549,230,0
2026-08-17T01:25:29.8481139Z,0,0,549,230,0
2026-08-17T01:25:29.8533313Z,0,0,549,230,0
2026-08-17T01:25:29.8583097Z,0,0,549,230,0
2026-08-17T01:25:29.8629952Z,0,0,549,230,0
2026-08-17T01:25:29.8684607Z,0,0,549,230,0
2026-08-17T01:25:29.8733277Z,0,0,549,230,0
2026-08-17T01:25:29.8782201Z,0,0,549,230,0
2026-08-17T01:25:29.8834195Z,0,0,549,230,0
2026-08-17T01:25:29.8881265Z,0,0,549,230,0
2026-08-17T01:25:29.8932149Z,0,0,549,230,0
2026-08-17T01:25:29.8980641Z,0,0,549,230,0
2026-08-17T01:25:29.9033192Z,0,0,549,230,0
2026-08-17T01:25:29.9081497Z,0,0,549,230,0
2026-08-17T01:25:29.9132714Z,0,0,549,230,0
2026-08-17T01:25:29.9182962Z,0,0,549,230,0
2026-08-17T01:25:29.9229332Z,0,0,549,230,0
2026-08-17T01:25:29.9282825Z,0,0,549,230,0
2026-08-17T01:25:29.933457Z,0,0,549,230,0
2026-08-17T01:25:29.938219Z,0,0,549,230,0
2026-08-17T01:25:29.9433217Z,0,0,549,230,0
2026-08-17T01:25:29.9484103Z,0,0,549,230,0
2026-08-17T01:25:29.9529987Z,0,0,549,230,0
2026-08-17T01:25:29.9579913Z,0,0,549,230,0
2026-08-17T01:25:29.9631909Z,0,0,549,230,0
2026-08-17T01:25:29.9679771Z,0,0,549,230,0
2026-08-17T01:25:29.9729254Z,0,0,549,230,0
2026-08-17T01:25:29.9783689Z,0,0,549,230,0
2026-08-17T01:25:29.9832977Z,0,0,549,230,0
2026-08-17T01:25:29.9882428Z,0,0,549,230,0
2026-08-17T01:25:29.9930775Z,0,0,549,230,0
2026-08-17T01:25:29.9984109Z,0,0,549,230,0
2026-08-17T01:25:30.0030022Z,0,0,549,230,0
2026-08-17T01:25:30.0082211Z,0,0,549,230,0
2026-08-17T01:25:30.0130839Z,0,0,549,230,0
2026-08-17T01:25:30.0183904Z,0,0,549,230,0
2026-08-17T01:25:30.0235307Z,0,0,549,230,0
2026-08-17T01:25:30.0282003Z,0,0,549,230,0
2026-08-17T01:25:30.033331Z,0,0,549,230,0
2026-08-17T01:25:30.0382612Z,0,0,549,230,0
2026-08-17T01:25:30.0431728Z,0,0,549,230,0
2026-08-17T01:25:30.0480231Z,0,0,549,230,0
2026-08-17T01:25:30.0531951Z,0,0,549,230,0
2026-08-17T01:25:30.0580697Z,0,0,549,230,0
2026-08-17T01:25:30.0629772Z,0,0,549,230,0
2026-08-17T01:25:30.0681385Z,0,0,549,230,0
2026-08-17T01:25:30.0731986Z,0,0,549,230,0
2026-08-17T01:25:30.0779443Z,0,0,549,230,0
2026-08-17T01:25:30.0830198Z,0,0,549,230,0
2026-08-17T01:25:30.0880928Z,0,0,549,230,0
2026-08-17T01:25:30.0930816Z,0,0,549,230,0
2026-08-17T01:25:30.0979548Z,0,0,549,230,0
2026-08-17T01:25:30.1030989Z,0,0,549,230,0
2026-08-17T01:25:30.1083288Z,0,0,549,230,0
2026-08-17T01:25:30.112996Z,0,0,549,230,0
2026-08-17T01:25:30.1184121Z,0,0,549,230,0
2026-08-17T01:25:30.1229288Z,0,0,549,230,0
2026-08-17T01:25:30.1280984Z,0,0,549,230,0
2026-08-17T01:25:30.1331032Z,0,0,549,230,0
2026-08-17T01:25:30.1379124Z,0,0,549,230,0
2026-08-17T01:25:30.14301Z,0,0,549,230,0
2026-08-17T01:25:30.1483014Z,0,0,549,230,0
2026-08-17T01:25:30.153409Z,0,0,549,230,0
2026-08-17T01:25:30.1582824Z,0,0,549,230,0
2026-08-17T01:25:30.1635103Z,0,0,549,230,0
2026-08-17T01:25:30.1682072Z,0,0,549,230,0
2026-08-17T01:25:30.1732859Z,0,0,549,230,0
2026-08-17T01:25:30.178136Z,0,0,549,230,0
2026-08-17T01:25:30.1829624Z,0,0,549,230,0
2026-08-17T01:25:30.1881788Z,0,0,549,230,0
2026-08-17T01:25:30.1930116Z,0,0,549,230,0
2026-08-17T01:25:30.1982872Z,0,0,549,230,0
2026-08-17T01:25:30.2032103Z,0,0,549,230,0
2026-08-17T01:25:30.2083732Z,0,0,549,230,0
2026-08-17T01:25:30.2132961Z,0,0,549,230,0
2026-08-17T01:25:30.2179716Z,0,0,549,230,0
2026-08-17T01:25:30.2233385Z,0,0,549,230,0
2026-08-17T01:25:30.2280894Z,0,0,549,230,0
2026-08-17T01:25:30.2331412Z,0,0,549,230,0
2026-08-17T01:25:30.2384029Z,0,0,549,230,0
2026-08-17T01:25:30.2434134Z,0,0,549,230,0
2026-08-17T01:25:30.2480822Z,0,0,549,230,0
2026-08-17T01:25:30.2533771Z,0,0,549,230,0
2026-08-17T01:25:30.2581095Z,0,0,549,230,0
2026-08-17T01:25:30.2630537Z,0,0,549,230,0
2026-08-17T01:25:30.268526Z,0,0,549,230,0
2026-08-17T01:25:30.2734043Z,0,0,549,230,0
2026-08-17T01:25:30.2782299Z,0,0,549,230,0
2026-08-17T01:25:30.2834015Z,0,0,549,230,0
2026-08-17T01:25:30.2886012Z,0,0,549,230,0
2026-08-17T01:25:30.2931727Z,0,0,549,230,0
2026-08-17T01:25:30.2979933Z,0,0,549,230,0
2026-08-17T01:25:30.3033775Z,0,0,549,230,0
2026-08-17T01:25:30.308461Z,0,0,549,230,0
2026-08-17T01:25:30.3136871Z,0,0,549,230,0
2026-08-17T01:25:30.3183485Z,0,0,549,230,0
2026-08-17T01:25:30.3234328Z,0,0,549,230,0
2026-08-17T01:25:30.3281999Z,0,0,549,230,0
2026-08-17T01:25:30.3332809Z,0,0,549,230,0
2026-08-17T01:25:30.3381918Z,0,0,549,230,0
2026-08-17T01:25:30.3433158Z,0,0,549,230,0
2026-08-17T01:25:30.3479753Z,0,0,549,230,0
2026-08-17T01:25:30.3530947Z,0,0,549,230,0
2026-08-17T01:25:30.3582807Z,0,0,549,230,0
2026-08-17T01:25:30.3633627Z,0,0,549,230,0
2026-08-17T01:25:30.3679518Z,0,0,549,230,0
2026-08-17T01:25:30.3729738Z,0,0,549,230,0
2026-08-17T01:25:30.3781694Z,0,0,549,230,0
2026-08-17T01:25:30.3830619Z,0,0,549,230,0
2026-08-17T01:25:30.3882372Z,0,0,549,230,0
2026-08-17T01:25:30.3932479Z,0,0,549,230,0
2026-08-17T01:25:30.3981448Z,0,0,549,230,0
2026-08-17T01:25:30.4030606Z,0,0,549,230,0
2026-08-17T01:25:30.4084512Z,0,0,549,230,0
2026-08-17T01:25:30.4130823Z,0,0,549,230,0
2026-08-17T01:25:30.4184007Z,0,0,549,230,0
2026-08-17T01:25:30.4231523Z,0,0,549,230,0
2026-08-17T01:25:30.4284557Z,0,0,549,230,0
2026-08-17T01:25:30.433286Z,0,0,549,230,0
2026-08-17T01:25:30.4382208Z,0,0,549,230,0
2026-08-17T01:25:30.4433398Z,0,0,549,230,0
2026-08-17T01:25:30.4480243Z,0,0,549,230,0
2026-08-17T01:25:30.4534924Z,0,0,549,230,0
2026-08-17T01:25:30.458271Z,0,0,549,230,0
2026-08-17T01:25:30.4632228Z,0,0,549,230,0
2026-08-17T01:25:30.4681056Z,0,0,549,230,0
2026-08-17T01:25:30.4729698Z,0,0,549,230,0
2026-08-17T01:25:30.4781045Z,0,0,549,230,0
2026-08-17T01:25:30.4832541Z,0,0,549,230,0
2026-08-17T01:25:30.4879091Z,0,0,549,230,0
2026-08-17T01:25:30.4932388Z,0,0,549,230,0
2026-08-17T01:25:30.4984053Z,0,0,549,230,0
2026-08-17T01:25:30.5029505Z,0,0,549,230,0
2026-08-17T01:25:30.5083218Z,0,0,549,230,0
2026-08-17T01:25:30.5134244Z,0,0,549,230,0
2026-08-17T01:25:30.5181968Z,0,0,549,230,0
2026-08-17T01:25:30.5233643Z,0,0,549,230,0
2026-08-17T01:25:30.5280594Z,0,0,549,230,0
2026-08-17T01:25:30.5329498Z,0,0,549,230,0
2026-08-17T01:25:30.5382351Z,0,0,549,230,0
2026-08-17T01:25:30.5431649Z,0,0,549,230,0
2026-08-17T01:25:30.5479577Z,0,0,549,230,0
2026-08-17T01:25:30.5533141Z,0,0,549,230,0
2026-08-17T01:25:30.5582469Z,0,0,549,230,0
2026-08-17T01:25:30.5634647Z,0,0,549,230,0
2026-08-17T01:25:30.5682921Z,0,0,549,230,0
2026-08-17T01:25:30.573154Z,0,0,549,230,0
2026-08-17T01:25:30.5784326Z,0,0,549,230,0
2026-08-17T01:25:30.5834076Z,0,0,549,230,0
2026-08-17T01:25:30.5881656Z,0,0,549,230,0
2026-08-17T01:25:30.59324Z,0,0,549,230,0
2026-08-17T01:25:30.5980066Z,0,0,549,230,0
2026-08-17T01:25:30.6034883Z,0,0,549,230,0
2026-08-17T01:25:30.6082263Z,0,0,549,230,0
2026-08-17T01:25:30.6131801Z,0,0,549,230,0
2026-08-17T01:25:30.6181184Z,0,0,549,230,0
2026-08-17T01:25:30.6231057Z,0,0,549,230,0
2026-08-17T01:25:30.6279672Z,0,0,549,230,0
2026-08-17T01:25:30.6336876Z,0,0,549,230,0
2026-08-17T01:25:30.6384749Z,0,0,549,230,0
2026-08-17T01:25:30.6434275Z,0,0,549,230,0
2026-08-17T01:25:30.6481673Z,0,0,549,230,0
2026-08-17T01:25:30.6532785Z,0,0,549,230,0
2026-08-17T01:25:30.6582034Z,0,0,549,230,0
2026-08-17T01:25:30.6634337Z,0,0,549,230,0
2026-08-17T01:25:30.6682954Z,0,0,549,230,0
2026-08-17T01:25:30.6733862Z,0,0,549,230,0
2026-08-17T01:25:30.678404Z,0,0,549,230,0
2026-08-17T01:25:30.6833373Z,0,0,549,230,0
2026-08-17T01:25:30.6881398Z,0,0,549,230,0
2026-08-17T01:25:30.6931143Z,0,0,549,230,0
2026-08-17T01:25:30.6983602Z,0,0,549,230,0
2026-08-17T01:25:30.7033188Z,0,0,549,230,0
2026-08-17T01:25:30.708253Z,0,0,549,230,0
2026-08-17T01:25:30.7131181Z,0,0,549,230,0
2026-08-17T01:25:30.7182042Z,0,0,549,230,0
2026-08-17T01:25:30.723215Z,0,0,549,230,0
2026-08-17T01:25:30.7280887Z,0,0,549,230,0
2026-08-17T01:25:30.7331682Z,0,0,549,230,0
2026-08-17T01:25:30.7382845Z,0,0,549,230,0
2026-08-17T01:25:30.743406Z,0,0,549,230,0
2026-08-17T01:25:30.7481544Z,0,0,549,230,0
2026-08-17T01:25:30.753388Z,0,0,549,230,0
2026-08-17T01:25:30.7582662Z,0,0,549,230,0
2026-08-17T01:25:30.7633357Z,0,0,549,230,0
2026-08-17T01:25:30.7683616Z,0,0,549,230,0
2026-08-17T01:25:30.7729783Z,0,0,549,230,0
2026-08-17T01:25:30.7784582Z,0,0,549,230,0
2026-08-17T01:25:30.7833982Z,0,0,549,230,0
2026-08-17T01:25:30.7881857Z,0,0,549,230,0
2026-08-17T01:25:30.7931106Z,0,0,549,230,0
2026-08-17T01:25:30.7980519Z,0,0,549,230,0
2026-08-17T01:25:30.8030444Z,0,0,549,230,0
2026-08-17T01:25:30.8084267Z,0,0,549,230,0
2026-08-17T01:25:30.8129702Z,0,0,549,230,0
2026-08-17T01:25:30.8184669Z,0,0,549,230,0
2026-08-17T01:25:30.8232817Z,0,0,549,230,0
2026-08-17T01:25:30.828313Z,0,0,549,230,0
2026-08-17T01:25:30.833116Z,0,0,549,230,0
2026-08-17T01:25:30.8380448Z,0,0,549,230,0
2026-08-17T01:25:30.8430017Z,0,0,549,230,0
2026-08-17T01:25:30.8483851Z,0,0,549,230,0
2026-08-17T01:25:30.8533246Z,0,0,549,230,0
2026-08-17T01:25:30.8580044Z,0,0,549,230,0
2026-08-17T01:25:30.863058Z,0,0,549,230,0
2026-08-17T01:25:30.8683301Z,0,0,549,230,0
2026-08-17T01:25:30.8732934Z,0,0,549,230,0
2026-08-17T01:25:30.8780798Z,0,0,549,230,0
2026-08-17T01:25:30.8829921Z,0,0,549,230,0
2026-08-17T01:25:30.8881673Z,0,0,549,230,0
2026-08-17T01:25:30.8931612Z,0,0,549,230,0
2026-08-17T01:25:30.8980352Z,0,0,549,230,0
2026-08-17T01:25:30.9030126Z,0,0,549,230,0
2026-08-17T01:25:30.9079878Z,0,0,549,230,0
2026-08-17T01:25:30.9132148Z,0,0,549,230,0
2026-08-17T01:25:30.9181269Z,0,0,549,230,0
2026-08-17T01:25:30.923233Z,0,0,549,230,0
2026-08-17T01:25:30.9280824Z,0,0,549,230,0
2026-08-17T01:25:30.9332982Z,0,0,549,230,0
2026-08-17T01:25:30.9384259Z,0,0,549,230,0
2026-08-17T01:25:30.9434099Z,0,0,549,230,0
2026-08-17T01:25:30.9483215Z,0,0,549,230,0
2026-08-17T01:25:30.9535063Z,0,0,549,230,0
2026-08-17T01:25:30.9582693Z,0,0,549,230,0
2026-08-17T01:25:30.9634743Z,0,0,549,230,0
2026-08-17T01:25:30.9685071Z,0,0,549,230,0
2026-08-17T01:25:30.9730273Z,0,0,549,230,0
2026-08-17T01:25:30.9784771Z,0,0,549,230,0
2026-08-17T01:25:30.9836458Z,0,0,549,230,0
2026-08-17T01:25:30.9882561Z,0,0,549,230,0
2026-08-17T01:25:30.9934607Z,0,0,549,230,0
2026-08-17T01:25:30.9982579Z,0,0,549,230,0
2026-08-17T01:25:31.0032886Z,0,0,549,230,0
2026-08-17T01:25:31.0083055Z,0,0,549,230,0
2026-08-17T01:25:31.0133379Z,0,0,549,230,0
2026-08-17T01:25:31.0183869Z,0,0,549,230,0
2026-08-17T01:25:31.0231324Z,0,0,549,230,0
2026-08-17T01:25:31.0280619Z,0,0,549,230,0
2026-08-17T01:25:31.0331616Z,0,0,549,230,0
2026-08-17T01:25:31.0381911Z,0,0,549,230,0
2026-08-17T01:25:31.0433664Z,0,0,549,230,0
2026-08-17T01:25:31.0480585Z,0,0,549,230,0
2026-08-17T01:25:31.0533071Z,0,0,549,230,0
2026-08-17T01:25:31.0582364Z,0,0,549,230,0
2026-08-17T01:25:31.063486Z,0,0,549,230,0
2026-08-17T01:25:31.0683296Z,0,0,549,230,0
2026-08-17T01:25:31.0732145Z,0,0,549,230,0
2026-08-17T01:25:31.0784584Z,0,0,549,230,0
2026-08-17T01:25:31.0831828Z,0,0,549,230,0
2026-08-17T01:25:31.0880692Z,0,0,549,230,0
2026-08-17T01:25:31.0931735Z,0,0,549,230,0
2026-08-17T01:25:31.0979619Z,0,0,549,230,0
2026-08-17T01:25:31.103363Z,0,0,549,230,0
2026-08-17T01:25:31.1080347Z,0,0,549,230,0
2026-08-17T01:25:31.1134537Z,0,0,549,230,0
2026-08-17T01:25:31.1183126Z,0,0,549,230,0
2026-08-17T01:25:31.123292Z,0,0,549,230,0
2026-08-17T01:25:31.1281038Z,0,0,549,230,0
2026-08-17T01:25:31.1332399Z,0,0,549,230,0
2026-08-17T01:25:31.1382189Z,0,0,549,230,0
2026-08-17T01:25:31.1432049Z,0,0,549,230,0
2026-08-17T01:25:31.1479958Z,0,0,549,230,0
2026-08-17T01:25:31.1530201Z,0,0,549,230,0
2026-08-17T01:25:31.1585206Z,0,0,549,230,0
2026-08-17T01:25:31.1630365Z,0,0,549,230,0
2026-08-17T01:25:31.1684475Z,0,0,549,230,0
2026-08-17T01:25:31.1735976Z,0,0,549,230,0
2026-08-17T01:25:31.1783129Z,0,0,549,230,0
2026-08-17T01:25:31.1833099Z,0,0,549,230,0
2026-08-17T01:25:31.1882835Z,0,0,549,230,0
2026-08-17T01:25:31.192981Z,0,0,549,230,0
2026-08-17T01:25:31.1984213Z,0,0,549,230,0
2026-08-17T01:25:31.2034686Z,0,0,549,230,0
2026-08-17T01:25:31.2082696Z,0,0,549,230,0
2026-08-17T01:25:31.2132512Z,0,0,549,230,0
2026-08-17T01:25:31.2181488Z,0,0,549,230,0
2026-08-17T01:25:31.2233198Z,0,0,549,230,0
2026-08-17T01:25:31.228232Z,0,0,549,230,0
2026-08-17T01:25:31.2332439Z,0,0,549,230,0
2026-08-17T01:25:31.238088Z,0,0,549,230,0
2026-08-17T01:25:31.2432636Z,0,0,549,230,0
2026-08-17T01:25:31.2481602Z,0,0,549,230,0
2026-08-17T01:25:31.2533079Z,0,0,549,230,0
2026-08-17T01:25:31.2580835Z,0,0,549,230,0
2026-08-17T01:25:31.2630895Z,0,0,549,230,0
2026-08-17T01:25:31.2679741Z,0,0,549,230,0
2026-08-17T01:25:31.2734441Z,0,0,549,230,0
2026-08-17T01:25:31.2783289Z,0,0,549,230,0
2026-08-17T01:25:31.2830333Z,0,0,549,230,0
2026-08-17T01:25:31.2884085Z,0,0,549,230,0
2026-08-17T01:25:31.2933626Z,0,0,549,230,0
2026-08-17T01:25:31.2981679Z,0,0,549,230,0
2026-08-17T01:25:31.3032006Z,0,0,549,230,0
2026-08-17T01:25:31.308465Z,0,0,549,230,0
2026-08-17T01:25:31.3133127Z,0,0,549,230,0
2026-08-17T01:25:31.3180631Z,0,0,549,230,0
2026-08-17T01:25:31.3232251Z,0,0,549,230,0
2026-08-17T01:25:31.328449Z,0,0,549,230,0
2026-08-17T01:25:31.3330361Z,0,0,549,230,0
2026-08-17T01:25:31.3379905Z,0,0,549,230,0
2026-08-17T01:25:31.3431717Z,0,0,549,230,0
2026-08-17T01:25:31.3483885Z,0,0,549,230,0
2026-08-17T01:25:31.3530771Z,0,0,549,230,0
2026-08-17T01:25:31.3584728Z,0,0,549,230,0
2026-08-17T01:25:31.3635254Z,0,0,549,230,0
2026-08-17T01:25:31.3683838Z,0,0,549,230,0
2026-08-17T01:25:31.3734427Z,0,0,549,230,0
2026-08-17T01:25:31.3782949Z,0,0,549,230,0
2026-08-17T01:25:31.3831862Z,0,0,549,230,0
2026-08-17T01:25:31.3880646Z,0,0,549,230,0
2026-08-17T01:25:31.3934458Z,0,0,549,230,0
2026-08-17T01:25:31.3983372Z,0,0,549,230,0
2026-08-17T01:25:31.4032048Z,0,0,549,230,0
2026-08-17T01:25:31.4080857Z,0,0,549,230,0
2026-08-17T01:25:31.4134538Z,0,0,549,230,0
2026-08-17T01:25:31.4182397Z,0,0,549,230,0
2026-08-17T01:25:31.4232311Z,0,0,549,230,0
2026-08-17T01:25:31.4282166Z,0,0,549,230,0
2026-08-17T01:25:31.4331318Z,0,0,549,230,0
2026-08-17T01:25:31.4380192Z,0,0,549,230,0
2026-08-17T01:25:31.4432252Z,0,0,549,230,0
2026-08-17T01:25:31.4481596Z,0,0,549,230,0
2026-08-17T01:25:31.4531565Z,0,0,549,230,0
2026-08-17T01:25:31.4580349Z,0,0,549,230,0
2026-08-17T01:25:31.4633396Z,0,0,549,230,0
2026-08-17T01:25:31.4685588Z,0,0,549,230,0
2026-08-17T01:25:31.4731211Z,0,0,549,230,0
2026-08-17T01:25:31.4780886Z,0,0,549,230,0
2026-08-17T01:25:31.483514Z,0,0,549,230,0
2026-08-17T01:25:31.488222Z,0,0,549,230,0
2026-08-17T01:25:31.493404Z,0,0,549,230,0
2026-08-17T01:25:31.4982093Z,0,0,549,230,0
2026-08-17T01:25:31.5034047Z,0,0,549,230,0
2026-08-17T01:25:31.5082974Z,0,0,549,230,0
2026-08-17T01:25:31.5133324Z,0,0,549,230,0
2026-08-17T01:25:31.5183051Z,0,0,549,230,0
2026-08-17T01:25:31.5231994Z,0,0,549,230,0
2026-08-17T01:25:31.5282424Z,0,0,549,230,0
2026-08-17T01:25:31.5334691Z,0,0,549,230,0
2026-08-17T01:25:31.538324Z,0,0,549,230,0
2026-08-17T01:25:31.5431538Z,0,0,549,230,0
2026-08-17T01:25:31.5482274Z,0,0,549,230,0
2026-08-17T01:25:31.5535192Z,0,0,549,230,0
2026-08-17T01:25:31.5583296Z,0,0,549,230,0
2026-08-17T01:25:31.563418Z,0,0,549,230,0
2026-08-17T01:25:31.5682728Z,0,0,549,230,0
2026-08-17T01:25:31.5732886Z,0,0,549,230,0
2026-08-17T01:25:31.5781902Z,0,0,549,230,0
2026-08-17T01:25:31.5833855Z,0,0,549,230,0
2026-08-17T01:25:31.5883151Z,0,0,549,230,0
2026-08-17T01:25:31.5932685Z,0,0,549,230,0
2026-08-17T01:25:31.5981312Z,0,0,549,230,0
2026-08-17T01:25:31.6031657Z,0,0,549,230,0
2026-08-17T01:25:31.608005Z,0,0,549,230,0
2026-08-17T01:25:31.613095Z,0,0,549,230,0
2026-08-17T01:25:31.6184109Z,0,0,549,230,0
2026-08-17T01:25:31.6232974Z,0,0,549,230,0
2026-08-17T01:25:31.6280776Z,0,0,549,230,0
2026-08-17T01:25:31.6335971Z,0,0,549,230,0
2026-08-17T01:25:31.6386307Z,0,0,549,230,0
2026-08-17T01:25:31.6430849Z,0,0,549,230,0
2026-08-17T01:25:31.6484202Z,0,0,549,230,0
2026-08-17T01:25:31.6531367Z,0,0,549,230,0
2026-08-17T01:25:31.6581707Z,0,0,549,230,0
2026-08-17T01:25:31.6630658Z,0,0,549,230,0
2026-08-17T01:25:31.6680483Z,0,0,549,230,0
2026-08-17T01:25:31.6733169Z,0,0,549,230,0
2026-08-17T01:25:31.6781997Z,0,0,549,230,0
2026-08-17T01:25:31.6834266Z,0,0,549,230,0
2026-08-17T01:25:31.6885748Z,0,0,549,230,0
2026-08-17T01:25:31.6934251Z,0,0,549,230,0
2026-08-17T01:25:31.6981507Z,0,0,549,230,0
2026-08-17T01:25:31.7032851Z,0,0,549,230,0
2026-08-17T01:25:31.7084537Z,0,0,549,230,0
2026-08-17T01:25:31.7134895Z,0,0,549,230,0
2026-08-17T01:25:31.7183391Z,0,0,549,230,0
2026-08-17T01:25:31.7229955Z,0,0,549,230,0
2026-08-17T01:25:31.7280361Z,0,0,549,230,0
2026-08-17T01:25:31.7333541Z,0,0,549,230,0
2026-08-17T01:25:31.738252Z,0,0,549,230,0
2026-08-17T01:25:31.7433033Z,0,0,549,230,0
2026-08-17T01:25:31.7483754Z,0,0,549,230,0
2026-08-17T01:25:31.7535544Z,0,0,549,230,0
2026-08-17T01:25:31.7582459Z,0,0,549,230,0
2026-08-17T01:25:31.763341Z,0,0,549,230,0
2026-08-17T01:25:31.7682929Z,0,0,549,230,0
2026-08-17T01:25:31.7733906Z,0,0,549,230,0
2026-08-17T01:25:31.7782025Z,0,0,549,230,0
2026-08-17T01:25:31.7833421Z,0,0,549,230,0
2026-08-17T01:25:31.7880895Z,0,0,549,230,0
2026-08-17T01:25:31.7930856Z,0,0,549,230,0
2026-08-17T01:25:31.7985156Z,0,0,549,230,0
2026-08-17T01:25:31.803331Z,0,0,549,230,0
2026-08-17T01:25:31.8085056Z,0,0,549,230,0
2026-08-17T01:25:31.8135299Z,0,0,549,230,0
2026-08-17T01:25:31.8182185Z,0,0,549,230,0
2026-08-17T01:25:31.8230431Z,0,0,549,230,0
2026-08-17T01:25:31.8282361Z,0,0,549,230,0
2026-08-17T01:25:31.8332309Z,0,0,549,230,0
2026-08-17T01:25:31.8381889Z,0,0,549,230,0
2026-08-17T01:25:31.8432834Z,0,0,549,230,0
2026-08-17T01:25:31.8481568Z,0,0,549,230,0
2026-08-17T01:25:31.8531764Z,0,0,549,230,0
2026-08-17T01:25:31.858424Z,0,0,549,230,0
2026-08-17T01:25:31.863401Z,0,0,549,230,0
2026-08-17T01:25:31.8681821Z,0,0,549,230,0
2026-08-17T01:25:31.8736728Z,0,0,549,230,0
2026-08-17T01:25:31.8783983Z,0,0,549,230,0
2026-08-17T01:25:31.883089Z,0,0,549,230,0
2026-08-17T01:25:31.8885217Z,0,0,549,230,0
2026-08-17T01:25:31.8933783Z,0,0,549,230,0
2026-08-17T01:25:31.8981491Z,0,0,549,230,0
2026-08-17T01:25:31.90317Z,0,0,549,230,0
2026-08-17T01:25:31.9080509Z,0,0,549,230,0
2026-08-17T01:25:31.9134788Z,0,0,549,230,0
2026-08-17T01:25:31.9182538Z,0,0,549,230,0
2026-08-17T01:25:31.9233392Z,0,0,549,230,0
2026-08-17T01:25:31.9285824Z,0,0,549,230,0
2026-08-17T01:25:31.933388Z,0,0,549,230,0
2026-08-17T01:25:31.9386849Z,0,0,549,230,0
2026-08-17T01:25:31.9433677Z,0,0,549,230,0
2026-08-17T01:25:31.9481821Z,0,0,549,230,0
2026-08-17T01:25:31.9532631Z,0,0,549,230,0
2026-08-17T01:25:31.9579511Z,0,0,549,230,0
2026-08-17T01:25:31.9632271Z,0,0,549,230,0
2026-08-17T01:25:31.9681074Z,0,0,549,230,0
2026-08-17T01:25:31.9733163Z,0,0,549,230,0
2026-08-17T01:25:31.9782694Z,0,0,549,230,0
2026-08-17T01:25:31.9833942Z,0,0,549,230,0
2026-08-17T01:25:31.9883201Z,0,0,549,230,0
2026-08-17T01:25:31.9933726Z,0,0,549,230,0
2026-08-17T01:25:31.9983635Z,0,0,549,230,0
2026-08-17T01:25:32.0031491Z,0,0,549,230,0
2026-08-17T01:25:32.0085034Z,0,0,549,230,0
2026-08-17T01:25:32.0133367Z,0,0,549,230,0
2026-08-17T01:25:32.0181184Z,0,0,549,230,0
2026-08-17T01:25:32.0233923Z,0,0,549,230,0
2026-08-17T01:25:32.0282697Z,0,0,549,230,0
2026-08-17T01:25:32.0330909Z,0,0,549,230,0
2026-08-17T01:25:32.0382031Z,0,0,549,230,0
2026-08-17T01:25:32.0431433Z,0,0,549,230,0
2026-08-17T01:25:32.0480947Z,0,0,549,230,0
2026-08-17T01:25:32.0532782Z,0,0,549,230,0
2026-08-17T01:25:32.0581564Z,0,0,549,230,0
2026-08-17T01:25:32.0631872Z,0,0,549,230,0
2026-08-17T01:25:32.0684951Z,0,0,549,230,0
2026-08-17T01:25:32.0732005Z,0,0,549,230,0
2026-08-17T01:25:32.0780076Z,0,0,549,230,0
2026-08-17T01:25:32.0833421Z,0,0,549,230,0
2026-08-17T01:25:32.0881378Z,0,0,549,230,0
2026-08-17T01:25:32.0932673Z,0,0,549,230,0
2026-08-17T01:25:32.0982127Z,0,0,549,230,0
2026-08-17T01:25:32.1032974Z,0,0,549,230,0
2026-08-17T01:25:32.1082875Z,0,0,549,230,0
2026-08-17T01:25:32.1135159Z,0,0,549,230,0
2026-08-17T01:25:32.1183494Z,0,0,549,230,0
2026-08-17T01:25:32.123268Z,0,0,549,230,0
2026-08-17T01:25:32.1282343Z,0,0,549,230,0
2026-08-17T01:25:32.1331969Z,0,0,549,230,0
2026-08-17T01:25:32.1384811Z,0,0,549,230,0
2026-08-17T01:25:32.1430409Z,0,0,549,230,0
2026-08-17T01:25:32.1484508Z,0,0,549,230,0
2026-08-17T01:25:32.1534347Z,0,0,549,230,0
2026-08-17T01:25:32.1581987Z,0,0,549,230,0
2026-08-17T01:25:32.1631331Z,0,0,549,230,0
2026-08-17T01:25:32.1684693Z,0,0,549,230,0
2026-08-17T01:25:32.1735307Z,0,0,549,230,0
2026-08-17T01:25:32.1782681Z,0,0,549,230,0
2026-08-17T01:25:32.1834161Z,0,0,549,230,0
2026-08-17T01:25:32.1882122Z,0,0,549,230,0
2026-08-17T01:25:32.1931825Z,0,0,549,230,0
2026-08-17T01:25:32.1980929Z,0,0,549,230,0
2026-08-17T01:25:32.2033393Z,0,0,549,230,0
2026-08-17T01:25:32.2080143Z,0,0,549,230,0
2026-08-17T01:25:32.2134502Z,0,0,549,230,0
2026-08-17T01:25:32.2181608Z,0,0,549,230,0
2026-08-17T01:25:32.2232912Z,0,0,549,230,0
2026-08-17T01:25:32.228446Z,0,0,549,230,0
2026-08-17T01:25:32.2330489Z,0,0,549,230,0
2026-08-17T01:25:32.2380721Z,0,0,549,230,0
2026-08-17T01:25:32.2435673Z,0,0,549,230,0
2026-08-17T01:25:32.2482293Z,0,0,549,230,0
2026-08-17T01:25:32.2531237Z,0,0,549,230,0
2026-08-17T01:25:32.2586053Z,0,0,549,230,0
2026-08-17T01:25:32.2632483Z,0,0,549,230,0
2026-08-17T01:25:32.2679963Z,0,0,549,230,0
2026-08-17T01:25:32.273394Z,0,0,549,230,0
2026-08-17T01:25:32.2781901Z,0,0,549,230,0
2026-08-17T01:25:32.2835714Z,0,0,549,230,0
2026-08-17T01:25:32.2882711Z,0,0,549,230,0
2026-08-17T01:25:32.2932033Z,0,0,549,230,0
2026-08-17T01:25:32.2979798Z,0,0,549,230,0
2026-08-17T01:25:32.3033279Z,0,0,549,230,0
2026-08-17T01:25:32.3082259Z,0,0,549,230,0
2026-08-17T01:25:32.3134219Z,0,0,549,230,0
2026-08-17T01:25:32.3182864Z,0,0,549,230,0
2026-08-17T01:25:32.3231144Z,0,0,549,230,0
2026-08-17T01:25:32.3281697Z,0,0,549,230,0
2026-08-17T01:25:32.3332547Z,0,0,549,230,0
2026-08-17T01:25:32.3384199Z,0,0,549,230,0
2026-08-17T01:25:32.343749Z,0,0,549,230,0
2026-08-17T01:25:32.3480112Z,0,0,549,230,0
2026-08-17T01:25:32.3533483Z,0,0,549,230,0
2026-08-17T01:25:32.3580575Z,0,0,549,230,0
2026-08-17T01:25:32.3632864Z,0,0,549,230,0
2026-08-17T01:25:32.368198Z,0,0,549,230,0
2026-08-17T01:25:32.3732676Z,0,0,549,230,0
2026-08-17T01:25:32.3785965Z,0,0,549,230,0
2026-08-17T01:25:32.3837069Z,0,0,549,230,0
2026-08-17T01:25:32.3880148Z,0,0,549,230,0
2026-08-17T01:25:32.3933717Z,0,0,549,230,0
2026-08-17T01:25:32.3982366Z,0,0,549,230,0
2026-08-17T01:25:32.4031262Z,0,0,549,230,0
2026-08-17T01:25:32.4088687Z,0,0,549,230,0
2026-08-17T01:25:32.413148Z,0,0,549,230,0
2026-08-17T01:25:32.4180586Z,0,0,549,230,0
2026-08-17T01:25:32.4233594Z,0,0,549,230,0
2026-08-17T01:25:32.4287139Z,0,0,549,230,0
2026-08-17T01:25:32.433147Z,0,0,549,230,0
2026-08-17T01:25:32.4383857Z,0,0,549,230,0
2026-08-17T01:25:32.4431864Z,0,0,549,230,0
2026-08-17T01:25:32.448199Z,0,0,549,230,0
2026-08-17T01:25:32.4531745Z,0,0,549,230,0
2026-08-17T01:25:32.4583752Z,0,0,549,230,0
2026-08-17T01:25:32.4631028Z,0,0,549,230,0
2026-08-17T01:25:32.4684491Z,0,0,549,230,0
2026-08-17T01:25:32.473837Z,0,0,549,230,0
2026-08-17T01:25:32.4780798Z,0,0,549,230,0
2026-08-17T01:25:32.4828426Z,0,0,549,230,0
2026-08-17T01:25:32.4880482Z,0,0,549,230,0
2026-08-17T01:25:32.4929836Z,0,0,549,230,0
2026-08-17T01:25:32.4980821Z,0,0,549,230,0
2026-08-17T01:25:32.5031149Z,0,0,549,230,0
2026-08-17T01:25:32.5083915Z,0,0,549,230,0
2026-08-17T01:25:32.5130943Z,0,0,549,230,0
2026-08-17T01:25:32.5185716Z,0,0,549,230,0
2026-08-17T01:25:32.5230037Z,0,0,549,230,0
2026-08-17T01:25:32.5282117Z,0,0,549,230,0
2026-08-17T01:25:32.5332589Z,0,0,549,230,0
2026-08-17T01:25:32.5381981Z,0,0,549,230,0
2026-08-17T01:25:32.5432978Z,0,0,549,230,0
2026-08-17T01:25:32.5485941Z,0,0,549,230,0
2026-08-17T01:25:32.5530154Z,0,0,549,230,0
2026-08-17T01:25:32.558497Z,0,0,549,230,0
2026-08-17T01:25:32.5633719Z,0,0,549,230,0
2026-08-17T01:25:32.5682837Z,0,0,549,230,0
2026-08-17T01:25:32.5730297Z,0,0,549,230,0
2026-08-17T01:25:32.5779712Z,0,0,549,230,0
2026-08-17T01:25:32.5832644Z,0,0,549,230,0
2026-08-17T01:25:32.5881097Z,0,0,549,230,0
2026-08-17T01:25:32.5934494Z,0,0,549,230,0
2026-08-17T01:25:32.5981603Z,0,0,549,230,0
2026-08-17T01:25:32.6033488Z,0,0,549,230,0
2026-08-17T01:25:32.6082059Z,0,0,549,230,0
2026-08-17T01:25:32.6133642Z,0,0,549,230,0
2026-08-17T01:25:32.6182682Z,0,0,549,230,0
2026-08-17T01:25:32.6231653Z,0,0,549,230,0
2026-08-17T01:25:32.6280558Z,0,0,549,230,0
2026-08-17T01:25:32.6331108Z,0,0,549,230,0
2026-08-17T01:25:32.6381167Z,0,0,549,230,0
2026-08-17T01:25:32.6430569Z,0,0,549,230,0
2026-08-17T01:25:32.6484924Z,0,0,549,230,0
2026-08-17T01:25:32.6530641Z,0,0,549,230,0
2026-08-17T01:25:32.6584475Z,0,0,549,230,0
2026-08-17T01:25:32.6630254Z,0,0,549,230,0
2026-08-17T01:25:32.6682728Z,0,0,549,230,0
2026-08-17T01:25:32.6729625Z,0,0,549,230,0
2026-08-17T01:25:32.6783581Z,0,0,549,230,0
2026-08-17T01:25:32.6829821Z,0,0,549,230,0
2026-08-17T01:25:32.6882246Z,0,0,549,230,0
2026-08-17T01:25:32.6933172Z,0,0,549,230,0
2026-08-17T01:25:32.6982688Z,0,0,549,230,0
2026-08-17T01:25:32.7031977Z,0,0,549,230,0
2026-08-17T01:25:32.7079444Z,0,0,549,230,0
2026-08-17T01:25:32.7132742Z,0,0,549,230,0
2026-08-17T01:25:32.7179788Z,0,0,549,230,0
2026-08-17T01:25:32.7234443Z,0,0,549,230,0
2026-08-17T01:25:32.7283807Z,0,0,549,230,0
2026-08-17T01:25:32.7334254Z,0,0,549,230,0
2026-08-17T01:25:32.7381866Z,0,0,549,230,0
2026-08-17T01:25:32.7430744Z,0,0,549,230,0
2026-08-17T01:25:32.7480817Z,0,0,549,230,0
2026-08-17T01:25:32.7531342Z,0,0,549,230,0
2026-08-17T01:25:32.7583885Z,0,0,549,230,0
2026-08-17T01:25:32.7633877Z,0,0,549,230,0
2026-08-17T01:25:32.7682909Z,0,0,549,230,0
2026-08-17T01:25:32.7735225Z,0,0,549,230,0
2026-08-17T01:25:32.778346Z,0,0,549,230,0
2026-08-17T01:25:32.7830267Z,0,0,549,230,0
2026-08-17T01:25:32.7882014Z,0,0,549,230,0
2026-08-17T01:25:32.7932181Z,0,0,549,230,0
2026-08-17T01:25:32.7981171Z,0,0,549,230,0
2026-08-17T01:25:32.8031698Z,0,0,549,230,0
2026-08-17T01:25:32.8082387Z,0,0,549,230,0
2026-08-17T01:25:32.8134127Z,0,0,549,230,0
2026-08-17T01:25:32.8180927Z,0,0,549,230,0
2026-08-17T01:25:32.8230751Z,0,0,549,230,0
2026-08-17T01:25:32.8281759Z,0,0,549,230,0
2026-08-17T01:25:32.8332616Z,0,0,549,230,0
2026-08-17T01:25:32.8383235Z,0,0,549,230,0
2026-08-17T01:25:32.8434129Z,0,0,549,230,0
2026-08-17T01:25:32.8482847Z,0,0,549,230,0
2026-08-17T01:25:32.853326Z,0,0,549,230,0
2026-08-17T01:25:32.8581821Z,0,0,549,230,0
2026-08-17T01:25:32.8631279Z,0,0,549,230,0
2026-08-17T01:25:32.8681664Z,0,0,549,230,0
2026-08-17T01:25:32.8731037Z,0,0,549,230,0
2026-08-17T01:25:32.8788059Z,0,0,549,230,0
2026-08-17T01:25:32.8833832Z,0,0,549,230,0
2026-08-17T01:25:32.8882204Z,0,0,549,230,0
2026-08-17T01:25:32.8933686Z,0,0,549,230,0
2026-08-17T01:25:32.8983285Z,0,0,549,230,0
2026-08-17T01:25:32.9030275Z,0,0,549,230,0
2026-08-17T01:25:32.9083529Z,0,0,549,230,0
2026-08-17T01:25:32.9133964Z,0,0,549,230,0
2026-08-17T01:25:32.9184096Z,0,0,549,230,0
2026-08-17T01:25:32.9230468Z,0,0,549,230,0
2026-08-17T01:25:32.9281132Z,0,0,549,230,0
2026-08-17T01:25:32.932938Z,0,0,549,230,0
2026-08-17T01:25:32.9382526Z,0,0,549,230,0
2026-08-17T01:25:32.9432448Z,0,0,549,230,0
2026-08-17T01:25:32.9481713Z,0,0,549,230,0
2026-08-17T01:25:32.9531091Z,0,0,549,230,0
2026-08-17T01:25:32.9579851Z,0,0,549,230,0
2026-08-17T01:25:32.9632558Z,0,0,549,230,0
2026-08-17T01:25:32.9681785Z,0,0,549,230,0
2026-08-17T01:25:32.9732726Z,0,0,549,230,0
2026-08-17T01:25:32.9780853Z,0,0,549,230,0
2026-08-17T01:25:32.9831272Z,0,0,549,230,0
2026-08-17T01:25:32.9880536Z,0,0,549,230,0
2026-08-17T01:25:32.9930765Z,0,0,549,230,0
2026-08-17T01:25:32.9980918Z,0,0,549,230,0
2026-08-17T01:25:33.002962Z,0,0,549,230,0
2026-08-17T01:25:33.0084408Z,0,0,549,230,0
2026-08-17T01:25:33.013021Z,0,0,549,230,0
2026-08-17T01:25:33.018048Z,0,0,549,230,0
2026-08-17T01:25:33.0231994Z,0,0,549,230,0
2026-08-17T01:25:33.028065Z,0,0,549,230,0
2026-08-17T01:25:33.0334064Z,0,0,549,230,0
2026-08-17T01:25:33.0381607Z,0,0,549,230,0
2026-08-17T01:25:33.0431347Z,0,0,549,230,0
2026-08-17T01:25:33.0484299Z,0,0,549,230,0
2026-08-17T01:25:33.0530971Z,0,0,549,230,0
2026-08-17T01:25:33.058575Z,0,0,549,230,0
2026-08-17T01:25:33.0634403Z,0,0,549,230,0
2026-08-17T01:25:33.0683337Z,0,0,549,230,0
2026-08-17T01:25:33.0733799Z,0,0,549,230,0
2026-08-17T01:25:33.0781959Z,0,0,549,230,0
2026-08-17T01:25:33.0831581Z,0,0,549,230,0
2026-08-17T01:25:33.0879528Z,0,0,549,230,0
2026-08-17T01:25:33.0929282Z,0,0,549,230,0
2026-08-17T01:25:33.0979987Z,0,0,549,230,0
2026-08-17T01:25:33.1030227Z,0,0,549,230,0
2026-08-17T01:25:33.1083715Z,0,0,549,230,0
2026-08-17T01:25:33.113112Z,0,0,549,230,0
2026-08-17T01:25:33.1184948Z,0,0,549,230,0
2026-08-17T01:25:33.1232663Z,0,0,549,230,0
2026-08-17T01:25:33.128094Z,0,0,549,230,0
2026-08-17T01:25:33.1332187Z,0,0,549,230,0
2026-08-17T01:25:33.1381884Z,0,0,549,230,0
2026-08-17T01:25:33.1431356Z,0,0,549,230,0
2026-08-17T01:25:33.1488109Z,0,0,549,230,0
2026-08-17T01:25:33.1532583Z,0,0,549,230,0
2026-08-17T01:25:33.1584923Z,0,0,549,230,0
2026-08-17T01:25:33.163342Z,0,0,549,230,0
2026-08-17T01:25:33.1684131Z,0,0,549,230,0
2026-08-17T01:25:33.173569Z,0,0,549,230,0
2026-08-17T01:25:33.1784114Z,0,0,549,230,0
2026-08-17T01:25:33.1835204Z,0,0,549,230,0
2026-08-17T01:25:33.1882831Z,0,0,549,230,0
2026-08-17T01:25:33.1931139Z,0,0,549,230,0
2026-08-17T01:25:33.1983687Z,0,0,549,230,0
2026-08-17T01:25:33.2034183Z,0,0,549,230,0
2026-08-17T01:25:33.208065Z,0,0,549,230,0
2026-08-17T01:25:33.2130469Z,0,0,549,230,0
2026-08-17T01:25:33.2181167Z,0,0,549,230,0
2026-08-17T01:25:33.2234861Z,0,0,549,230,0
2026-08-17T01:25:33.2283549Z,0,0,549,230,0
2026-08-17T01:25:33.2334337Z,0,0,549,230,0
2026-08-17T01:25:33.2381215Z,0,0,549,230,0
2026-08-17T01:25:33.2435108Z,0,0,549,230,0
2026-08-17T01:25:33.2482572Z,0,0,549,230,0
2026-08-17T01:25:33.2534512Z,0,0,549,230,0
2026-08-17T01:25:33.2585916Z,0,0,549,230,0
2026-08-17T01:25:33.2630295Z,0,0,549,230,0
2026-08-17T01:25:33.2679139Z,0,0,549,230,0
2026-08-17T01:25:33.2733897Z,0,0,549,230,0
2026-08-17T01:25:33.2781831Z,0,0,549,230,0
2026-08-17T01:25:33.2830365Z,0,0,549,230,0
2026-08-17T01:25:33.28794Z,0,0,549,230,0
2026-08-17T01:25:33.293449Z,0,0,549,230,0
2026-08-17T01:25:33.2981155Z,0,0,549,230,0
2026-08-17T01:25:33.3031507Z,0,0,549,230,0
2026-08-17T01:25:33.3083546Z,0,0,549,230,0
2026-08-17T01:25:33.3133299Z,0,0,549,230,0
2026-08-17T01:25:33.3186478Z,0,0,549,230,0
2026-08-17T01:25:33.3233105Z,0,0,549,230,0
2026-08-17T01:25:33.3280237Z,0,0,549,230,0
2026-08-17T01:25:33.3334537Z,0,0,549,230,0
2026-08-17T01:25:33.3382849Z,0,0,549,230,0
2026-08-17T01:25:33.3431959Z,0,0,549,230,0
2026-08-17T01:25:33.3486921Z,0,0,549,230,0
2026-08-17T01:25:33.3532466Z,0,0,549,230,0
2026-08-17T01:25:33.3580071Z,0,0,549,230,0
2026-08-17T01:25:33.3633941Z,0,0,549,230,0
2026-08-17T01:25:33.3682481Z,0,0,549,230,0
2026-08-17T01:25:33.3731037Z,0,0,549,230,0
2026-08-17T01:25:33.3783432Z,0,0,549,230,0
2026-08-17T01:25:33.3829311Z,0,0,549,230,0
2026-08-17T01:25:33.3882615Z,0,0,549,230,0
2026-08-17T01:25:33.3936442Z,0,0,549,230,0
2026-08-17T01:25:33.3983896Z,0,0,549,230,0
2026-08-17T01:25:33.4030513Z,0,0,549,230,0
2026-08-17T01:25:33.4079902Z,0,0,549,230,0
2026-08-17T01:25:33.4131836Z,0,0,549,230,0
2026-08-17T01:25:33.4179698Z,0,0,549,230,0
2026-08-17T01:25:33.4233383Z,0,0,549,230,0
2026-08-17T01:25:33.4280891Z,0,0,549,230,0
2026-08-17T01:25:33.4332201Z,0,0,549,230,0
2026-08-17T01:25:33.4383838Z,0,0,549,230,0
2026-08-17T01:25:33.4433886Z,0,0,549,230,0
2026-08-17T01:25:33.4481986Z,0,0,549,230,0
2026-08-17T01:25:33.4532902Z,0,0,549,230,0
2026-08-17T01:25:33.4581605Z,0,0,549,230,0
2026-08-17T01:25:33.4633307Z,0,0,549,230,0
2026-08-17T01:25:33.468207Z,0,0,549,230,0
2026-08-17T01:25:33.4732742Z,0,0,549,230,0
2026-08-17T01:25:33.4781883Z,0,0,549,230,0
2026-08-17T01:25:33.4829894Z,0,0,549,230,0
2026-08-17T01:25:33.4880372Z,0,0,549,230,0
2026-08-17T01:25:33.4933241Z,0,0,549,230,0
2026-08-17T01:25:33.4980052Z,0,0,549,230,0
2026-08-17T01:25:33.5034755Z,0,0,549,230,0
2026-08-17T01:25:33.5081466Z,0,0,549,230,0
2026-08-17T01:25:33.5131498Z,0,0,549,230,0
2026-08-17T01:25:33.5180251Z,0,0,549,230,0
2026-08-17T01:25:33.5231759Z,0,0,549,230,0
2026-08-17T01:25:33.5281716Z,0,0,549,230,0
2026-08-17T01:25:33.5334464Z,0,0,549,230,0
2026-08-17T01:25:33.5382884Z,0,0,549,230,0
2026-08-17T01:25:33.5431243Z,0,0,549,230,0
2026-08-17T01:25:33.5482739Z,0,0,549,230,0
2026-08-17T01:25:33.5533766Z,0,0,549,230,0
2026-08-17T01:25:33.5583224Z,0,0,549,230,0
2026-08-17T01:25:33.5634328Z,0,0,549,230,0
2026-08-17T01:25:33.5682307Z,0,0,549,230,0
2026-08-17T01:25:33.5730629Z,0,0,549,230,0
2026-08-17T01:25:33.578026Z,0,0,549,230,0
2026-08-17T01:25:33.5830363Z,0,0,549,230,0
2026-08-17T01:25:33.588502Z,0,0,549,230,0
2026-08-17T01:25:33.5931452Z,0,0,549,230,0
2026-08-17T01:25:33.5980968Z,0,0,549,230,0
2026-08-17T01:25:33.6033276Z,0,0,549,230,0
2026-08-17T01:25:33.6082022Z,0,0,549,230,0
2026-08-17T01:25:33.6131268Z,0,0,549,230,0
2026-08-17T01:25:33.6180864Z,0,0,549,230,0
2026-08-17T01:25:33.6231878Z,0,0,549,230,0
2026-08-17T01:25:33.6281969Z,0,0,549,230,0
2026-08-17T01:25:33.6334117Z,0,0,549,230,0
2026-08-17T01:25:33.6382773Z,0,0,549,230,0
2026-08-17T01:25:33.6433241Z,0,0,549,230,0
2026-08-17T01:25:33.6485341Z,0,0,549,230,0
2026-08-17T01:25:33.6531091Z,0,0,549,230,0
2026-08-17T01:25:33.6585875Z,0,0,549,230,0
2026-08-17T01:25:33.6633054Z,0,0,549,230,0
2026-08-17T01:25:33.6681662Z,0,0,549,230,0
2026-08-17T01:25:33.6736088Z,0,0,549,230,0
2026-08-17T01:25:33.6784848Z,0,0,549,230,0
2026-08-17T01:25:33.6834176Z,0,0,549,230,0
2026-08-17T01:25:33.6882317Z,0,0,549,230,0
2026-08-17T01:25:33.6932188Z,0,0,549,230,0
2026-08-17T01:25:33.6981116Z,0,0,549,230,0
2026-08-17T01:25:33.7032513Z,0,0,549,230,0
2026-08-17T01:25:33.70813Z,0,0,549,230,0
2026-08-17T01:25:33.7131252Z,0,0,549,230,0
2026-08-17T01:25:33.7184569Z,0,0,549,230,0
2026-08-17T01:25:33.7234579Z,0,0,549,230,0
2026-08-17T01:25:33.7281309Z,0,0,549,230,0
2026-08-17T01:25:33.7334293Z,0,0,549,230,0
2026-08-17T01:25:33.738411Z,0,0,549,230,0
2026-08-17T01:25:33.7433769Z,0,0,549,230,0
2026-08-17T01:25:33.7480864Z,0,0,549,230,0
2026-08-17T01:25:33.7530117Z,0,0,549,230,0
2026-08-17T01:25:33.7581165Z,0,0,549,230,0
2026-08-17T01:25:33.7632197Z,0,0,549,230,0
2026-08-17T01:25:33.7685433Z,0,0,549,230,0
2026-08-17T01:25:33.7731103Z,0,0,549,230,0
2026-08-17T01:25:33.7782959Z,0,0,549,230,0
2026-08-17T01:25:33.7832621Z,0,0,549,230,0
2026-08-17T01:25:33.7882938Z,0,0,549,230,0
2026-08-17T01:25:33.7932344Z,0,0,549,230,0
2026-08-17T01:25:33.7985003Z,0,0,549,230,0
2026-08-17T01:25:33.8035049Z,0,0,549,230,0
2026-08-17T01:25:33.8082617Z,0,0,549,230,0
2026-08-17T01:25:33.8132034Z,0,0,549,230,0
2026-08-17T01:25:33.8182092Z,0,0,549,230,0
2026-08-17T01:25:33.8231747Z,0,0,549,230,0
2026-08-17T01:25:33.8284334Z,0,0,549,230,0
2026-08-17T01:25:33.8329591Z,0,0,549,230,0
2026-08-17T01:25:33.8380001Z,0,0,549,230,0
2026-08-17T01:25:33.8434647Z,0,0,549,230,0
2026-08-17T01:25:33.8482457Z,0,0,549,230,0
2026-08-17T01:25:33.8530518Z,0,0,549,230,0
2026-08-17T01:25:33.8582084Z,0,0,549,230,0
2026-08-17T01:25:33.863626Z,0,0,549,230,0
2026-08-17T01:25:33.868544Z,0,0,549,230,0
2026-08-17T01:25:33.8730391Z,0,0,549,230,0
2026-08-17T01:25:33.8780265Z,0,0,549,230,0
2026-08-17T01:25:33.8833656Z,0,0,549,230,0
2026-08-17T01:25:33.8887284Z,0,0,549,230,0
2026-08-17T01:25:33.8932006Z,0,0,549,230,0
2026-08-17T01:25:33.8983936Z,0,0,549,230,0
2026-08-17T01:25:33.9033267Z,0,0,549,230,0
2026-08-17T01:25:33.9082482Z,0,0,549,230,0
2026-08-17T01:25:33.913268Z,0,0,549,230,0
2026-08-17T01:25:33.9180099Z,0,0,549,230,0
2026-08-17T01:25:33.9233628Z,0,0,549,230,0
2026-08-17T01:25:33.9280477Z,0,0,549,230,0
2026-08-17T01:25:33.9333417Z,0,0,549,230,0
2026-08-17T01:25:33.9380161Z,0,0,549,230,0
2026-08-17T01:25:33.9434196Z,0,0,549,230,0
2026-08-17T01:25:33.9481338Z,0,0,549,230,0
2026-08-17T01:25:33.9530799Z,0,0,549,230,0
2026-08-17T01:25:33.9581428Z,0,0,549,230,0
2026-08-17T01:25:33.9630945Z,0,0,549,230,0
2026-08-17T01:25:33.9685505Z,0,0,549,230,0
2026-08-17T01:25:33.9733329Z,0,0,549,230,0
2026-08-17T01:25:33.9780746Z,0,0,549,230,0
2026-08-17T01:25:33.9831863Z,0,0,549,230,0
2026-08-17T01:25:33.9880456Z,0,0,549,230,0
2026-08-17T01:25:33.9930725Z,0,0,549,230,0
2026-08-17T01:25:33.998136Z,0,0,549,230,0
2026-08-17T01:25:34.0030504Z,0,0,549,230,0
2026-08-17T01:25:34.0087718Z,0,0,549,230,0
2026-08-17T01:25:34.0134048Z,0,0,549,230,0
2026-08-17T01:25:34.018151Z,0,0,549,230,0
2026-08-17T01:25:34.0230614Z,0,0,549,230,0
2026-08-17T01:25:34.0281193Z,0,0,549,230,0
2026-08-17T01:25:34.0334247Z,0,0,549,230,0
2026-08-17T01:25:34.0381857Z,0,0,549,230,0
2026-08-17T01:25:34.0432332Z,0,0,549,230,0
2026-08-17T01:25:34.0482814Z,0,0,549,230,0
2026-08-17T01:25:34.0531259Z,0,0,549,230,0
2026-08-17T01:25:34.0581117Z,0,0,549,230,0
2026-08-17T01:25:34.0632101Z,0,0,549,230,0
2026-08-17T01:25:34.0680901Z,0,0,549,230,0
2026-08-17T01:25:34.0731751Z,0,0,549,230,0
2026-08-17T01:25:34.0784027Z,0,0,549,230,0
2026-08-17T01:25:34.0831707Z,0,0,549,230,0
2026-08-17T01:25:34.0884066Z,0,0,549,230,0
2026-08-17T01:25:34.0933558Z,0,0,549,230,0
2026-08-17T01:25:34.0981625Z,0,0,549,230,0
2026-08-17T01:25:34.1032737Z,0,0,549,230,0
2026-08-17T01:25:34.1081961Z,0,0,549,230,0
2026-08-17T01:25:34.1131206Z,0,0,549,230,0
2026-08-17T01:25:34.117941Z,0,0,549,230,0
2026-08-17T01:25:34.1232575Z,0,0,549,230,0
2026-08-17T01:25:34.1279875Z,0,0,549,230,0
2026-08-17T01:25:34.1332694Z,0,0,549,230,0
2026-08-17T01:25:34.1390264Z,0,0,549,230,0
2026-08-17T01:25:34.1434506Z,0,0,549,230,0
2026-08-17T01:25:34.148117Z,0,0,549,230,0
2026-08-17T01:25:34.1530107Z,0,0,549,230,0
2026-08-17T01:25:34.1582825Z,0,0,549,230,0
2026-08-17T01:25:34.1633906Z,0,0,549,230,0
2026-08-17T01:25:34.16813Z,0,0,549,230,0
2026-08-17T01:25:34.1731404Z,0,0,549,230,0
2026-08-17T01:25:34.1779067Z,0,0,549,230,0
2026-08-17T01:25:34.1832891Z,0,0,549,230,0
2026-08-17T01:25:34.1882376Z,0,0,549,230,0
2026-08-17T01:25:34.1935347Z,0,0,549,230,0
2026-08-17T01:25:34.198617Z,0,0,549,230,0
2026-08-17T01:25:34.2045167Z,0,0,549,230,0
2026-08-17T01:25:34.2080384Z,0,0,549,230,0
2026-08-17T01:25:34.2134144Z,0,0,549,230,0
2026-08-17T01:25:34.2181226Z,0,0,549,230,0
2026-08-17T01:25:34.2232935Z,0,0,549,230,0
2026-08-17T01:25:34.2283075Z,0,0,549,230,0
2026-08-17T01:25:34.2334266Z,0,0,549,230,0
2026-08-17T01:25:34.2382164Z,0,0,549,230,0
2026-08-17T01:25:34.2434633Z,0,0,549,230,0
2026-08-17T01:25:34.2482262Z,0,0,549,230,0
2026-08-17T01:25:34.253195Z,0,0,549,230,0
2026-08-17T01:25:34.2581446Z,0,0,549,230,0
2026-08-17T01:25:34.2630444Z,0,0,549,230,0
2026-08-17T01:25:34.2683542Z,0,0,549,230,0
2026-08-17T01:25:34.2730636Z,0,0,549,230,0
2026-08-17T01:25:34.2782953Z,0,0,549,230,0
2026-08-17T01:25:34.283192Z,0,0,549,230,0
2026-08-17T01:25:34.2883434Z,0,0,549,230,0
2026-08-17T01:25:34.293299Z,0,0,549,230,0
2026-08-17T01:25:34.2980709Z,0,0,549,230,0
2026-08-17T01:25:34.3030722Z,0,0,549,230,0
2026-08-17T01:25:34.3083731Z,0,0,549,230,0
2026-08-17T01:25:34.3131002Z,0,0,549,230,0
2026-08-17T01:25:34.3183514Z,0,0,549,230,0
2026-08-17T01:25:34.3234009Z,0,0,549,230,0
2026-08-17T01:25:34.3281873Z,0,0,549,230,0
2026-08-17T01:25:34.3331647Z,0,0,549,230,0
2026-08-17T01:25:34.337938Z,0,0,549,230,0
2026-08-17T01:25:34.3434113Z,0,0,549,230,0
2026-08-17T01:25:34.3481968Z,0,0,549,230,0
2026-08-17T01:25:34.3532695Z,0,0,549,230,0
2026-08-17T01:25:34.35813Z,0,0,549,230,0
2026-08-17T01:25:34.362985Z,0,0,549,230,0
2026-08-17T01:25:34.3680838Z,0,0,549,230,0
2026-08-17T01:25:34.3733598Z,0,0,549,230,0
2026-08-17T01:25:34.3781603Z,0,0,549,230,0
2026-08-17T01:25:34.3831888Z,0,0,549,230,0
2026-08-17T01:25:34.3881068Z,0,0,549,230,0
2026-08-17T01:25:34.3936424Z,0,0,549,230,0
2026-08-17T01:25:34.3979654Z,0,0,549,230,0
2026-08-17T01:25:34.4031622Z,0,0,549,230,0
2026-08-17T01:25:34.4084835Z,0,0,549,230,0
2026-08-17T01:25:34.4132394Z,0,0,549,230,0
2026-08-17T01:25:34.4181422Z,0,0,549,230,0
2026-08-17T01:25:34.4231915Z,0,0,549,230,0
2026-08-17T01:25:34.4281112Z,0,0,549,230,0
2026-08-17T01:25:34.4331994Z,0,0,549,230,0
2026-08-17T01:25:34.4385442Z,0,0,549,230,0
2026-08-17T01:25:34.4430412Z,0,0,549,230,0
2026-08-17T01:25:34.4482655Z,0,0,549,230,0
2026-08-17T01:25:34.453659Z,0,0,549,230,0
2026-08-17T01:25:34.4579608Z,0,0,549,230,0
2026-08-17T01:25:34.4633885Z,0,0,549,230,0
2026-08-17T01:25:34.4686398Z,0,0,549,230,0
2026-08-17T01:25:34.4731595Z,0,0,549,230,0
2026-08-17T01:25:34.4781487Z,0,0,549,230,0
2026-08-17T01:25:34.4832457Z,0,0,549,230,0
2026-08-17T01:25:34.487966Z,0,0,549,230,0
2026-08-17T01:25:34.4929911Z,0,0,549,230,0
2026-08-17T01:25:34.4981899Z,0,0,549,230,0
2026-08-17T01:25:34.5033632Z,0,0,549,230,0
2026-08-17T01:25:34.5082808Z,0,0,549,230,0
2026-08-17T01:25:34.5130321Z,0,0,549,230,0
2026-08-17T01:25:34.5182929Z,0,0,549,230,0
2026-08-17T01:25:34.5232908Z,0,0,549,230,0
2026-08-17T01:25:34.5280611Z,0,0,549,230,0
2026-08-17T01:25:34.5334917Z,0,0,549,230,0
2026-08-17T01:25:34.5382594Z,0,0,549,230,0
2026-08-17T01:25:34.5433956Z,0,0,549,230,0
2026-08-17T01:25:34.5483015Z,0,0,549,230,0
2026-08-17T01:25:34.5534021Z,0,0,549,230,0
2026-08-17T01:25:34.5582941Z,0,0,549,230,0
2026-08-17T01:25:34.5633599Z,0,0,549,230,0
2026-08-17T01:25:34.5681501Z,0,0,549,230,0
2026-08-17T01:25:34.5732295Z,0,0,549,230,0
2026-08-17T01:25:34.578051Z,0,0,549,230,0
2026-08-17T01:25:34.5834909Z,0,0,549,230,0
2026-08-17T01:25:34.5882099Z,0,0,549,230,0
2026-08-17T01:25:34.5932634Z,0,0,549,230,0
2026-08-17T01:25:34.5981668Z,0,0,549,230,0
2026-08-17T01:25:34.6030088Z,0,0,549,230,0
2026-08-17T01:25:34.6083467Z,0,0,549,230,0
2026-08-17T01:25:34.6130768Z,0,0,549,230,0
2026-08-17T01:25:34.617967Z,0,0,549,230,0
2026-08-17T01:25:34.6229401Z,0,0,549,230,0
2026-08-17T01:25:34.6280229Z,0,0,549,230,0
2026-08-17T01:25:34.6335058Z,0,0,549,230,0
2026-08-17T01:25:34.6381699Z,0,0,549,230,0
2026-08-17T01:25:34.6431749Z,0,0,549,230,0
2026-08-17T01:25:34.647918Z,0,0,549,230,0
2026-08-17T01:25:34.6532415Z,0,0,549,230,0
2026-08-17T01:25:34.6579835Z,0,0,549,230,0
2026-08-17T01:25:34.6634536Z,0,0,549,230,0
2026-08-17T01:25:34.6684138Z,0,0,549,230,0
2026-08-17T01:25:34.6730533Z,0,0,549,230,0
2026-08-17T01:25:34.6779831Z,0,0,549,230,0
2026-08-17T01:25:34.683335Z,0,0,549,230,0
2026-08-17T01:25:34.6882626Z,0,0,549,230,0
2026-08-17T01:25:34.6931902Z,0,0,549,230,0
2026-08-17T01:25:34.6981536Z,0,0,549,230,0
2026-08-17T01:25:34.7031966Z,0,0,549,230,0
2026-08-17T01:25:34.7079981Z,0,0,549,230,0
2026-08-17T01:25:34.713098Z,0,0,549,230,0
2026-08-17T01:25:34.7183145Z,0,0,549,230,0
2026-08-17T01:25:34.7232088Z,0,0,549,230,0
2026-08-17T01:25:34.7284261Z,0,0,549,230,0
2026-08-17T01:25:34.7331025Z,0,0,549,230,0
2026-08-17T01:25:34.7383399Z,0,0,549,230,0
2026-08-17T01:25:34.7433973Z,0,0,549,230,0
2026-08-17T01:25:34.7481405Z,0,0,549,230,0
2026-08-17T01:25:34.7529833Z,0,0,549,230,0
2026-08-17T01:25:34.7580665Z,0,0,549,230,0
2026-08-17T01:25:34.7631385Z,0,0,549,230,0
2026-08-17T01:25:34.7683394Z,0,0,549,230,0
2026-08-17T01:25:34.7731922Z,0,0,549,230,0
2026-08-17T01:25:34.7784491Z,0,0,549,230,0
2026-08-17T01:25:34.7829937Z,0,0,549,230,0
2026-08-17T01:25:34.7881595Z,0,0,549,230,0
2026-08-17T01:25:34.7932308Z,0,0,549,230,0
2026-08-17T01:25:34.7979763Z,0,0,549,230,0
2026-08-17T01:25:34.8032756Z,0,0,549,230,0
2026-08-17T01:25:34.8079439Z,0,0,549,230,0
2026-08-17T01:25:34.8132926Z,0,0,549,230,0
2026-08-17T01:25:34.818012Z,0,0,549,230,0
2026-08-17T01:25:34.8233639Z,0,0,549,230,0
2026-08-17T01:25:34.8280742Z,0,0,549,230,0
2026-08-17T01:25:34.8329914Z,0,0,549,230,0
2026-08-17T01:25:34.8380849Z,0,0,549,230,0
2026-08-17T01:25:34.843078Z,0,0,549,230,0
2026-08-17T01:25:34.8480002Z,0,0,549,230,0
2026-08-17T01:25:34.8533732Z,0,0,549,230,0
2026-08-17T01:25:34.8581067Z,0,0,549,230,0
2026-08-17T01:25:34.8630616Z,0,0,549,230,0
2026-08-17T01:25:34.8683763Z,0,0,549,230,0
2026-08-17T01:25:34.8732877Z,0,0,549,230,0
2026-08-17T01:25:34.8781826Z,0,0,549,230,0
2026-08-17T01:25:34.8830854Z,0,0,549,230,0
2026-08-17T01:25:34.888362Z,0,0,549,230,0
2026-08-17T01:25:34.8934753Z,0,0,549,230,0
2026-08-17T01:25:34.8983858Z,0,0,549,230,0
2026-08-17T01:25:34.9033478Z,0,0,549,230,0
2026-08-17T01:25:34.9080525Z,0,0,549,230,0
2026-08-17T01:25:34.9131658Z,0,0,549,230,0
2026-08-17T01:25:34.9181105Z,0,0,549,230,0
2026-08-17T01:25:34.9232847Z,0,0,549,230,0
2026-08-17T01:25:34.928179Z,0,0,549,230,0
2026-08-17T01:25:34.9330485Z,0,0,549,230,0
2026-08-17T01:25:34.9381052Z,0,0,549,230,0
2026-08-17T01:25:34.9430468Z,0,0,549,230,0
2026-08-17T01:25:34.9480949Z,0,0,549,230,0
2026-08-17T01:25:34.9535038Z,0,0,549,230,0
2026-08-17T01:25:34.9582799Z,0,0,549,230,0
2026-08-17T01:25:34.9631663Z,0,0,549,230,0
2026-08-17T01:25:34.9686949Z,0,0,549,230,0
2026-08-17T01:25:34.9731874Z,0,0,549,230,0
2026-08-17T01:25:34.9784824Z,0,0,549,230,0
2026-08-17T01:25:34.983424Z,0,0,549,230,0
2026-08-17T01:25:34.9882883Z,0,0,549,230,0
2026-08-17T01:25:34.9931637Z,0,0,549,230,0
2026-08-17T01:25:34.9982338Z,0,0,549,230,0
2026-08-17T01:25:35.0035049Z,0,0,549,230,0
2026-08-17T01:25:35.0082173Z,0,0,549,230,0
2026-08-17T01:25:35.0132772Z,0,0,549,230,0
2026-08-17T01:25:35.018056Z,0,0,549,230,0
2026-08-17T01:25:35.023466Z,0,0,549,230,0
2026-08-17T01:25:35.0282786Z,0,0,549,230,0
2026-08-17T01:25:35.0331781Z,0,0,549,230,0
2026-08-17T01:25:35.0384074Z,0,0,549,230,0
2026-08-17T01:25:35.043839Z,0,0,549,230,0
2026-08-17T01:25:35.0481359Z,0,0,549,230,0
2026-08-17T01:25:35.0530138Z,0,0,549,230,0
2026-08-17T01:25:35.0580731Z,0,0,549,230,0
2026-08-17T01:25:35.0635347Z,0,0,549,230,0
2026-08-17T01:25:35.0682351Z,0,0,549,230,0
2026-08-17T01:25:35.0733256Z,0,0,549,230,0
2026-08-17T01:25:35.0786753Z,0,0,549,230,0
2026-08-17T01:25:35.0833019Z,0,0,549,230,0
2026-08-17T01:25:35.0884597Z,0,0,549,230,0
2026-08-17T01:25:35.0940015Z,0,0,549,230,0
2026-08-17T01:25:35.0980636Z,0,0,549,230,0
2026-08-17T01:25:35.1032966Z,0,0,549,230,0
2026-08-17T01:25:35.1082837Z,0,0,549,230,0
2026-08-17T01:25:35.1134368Z,0,0,549,230,0
2026-08-17T01:25:35.1181444Z,0,0,549,230,0
2026-08-17T01:25:35.123115Z,0,0,549,230,0
2026-08-17T01:25:35.1283559Z,0,0,549,230,0
2026-08-17T01:25:35.1333745Z,0,0,549,230,0
2026-08-17T01:25:35.1380819Z,0,0,549,230,0
2026-08-17T01:25:35.1430234Z,0,0,549,230,0
2026-08-17T01:25:35.1484886Z,0,0,549,230,0
2026-08-17T01:25:35.1534699Z,0,0,549,230,0
2026-08-17T01:25:35.1581936Z,0,0,549,230,0
2026-08-17T01:25:35.1632982Z,0,0,549,230,0
2026-08-17T01:25:35.1681266Z,0,0,549,230,0
2026-08-17T01:25:35.1729478Z,0,0,549,230,0
2026-08-17T01:25:35.1783881Z,0,0,549,230,0
2026-08-17T01:25:35.1833354Z,0,0,549,230,0
2026-08-17T01:25:35.1885668Z,0,0,549,230,0
2026-08-17T01:25:35.1930333Z,0,0,549,230,0
2026-08-17T01:25:35.1986605Z,0,0,549,230,0
2026-08-17T01:25:35.2035347Z,0,0,549,230,0
2026-08-17T01:25:35.2083265Z,0,0,549,230,0
2026-08-17T01:25:35.2133357Z,0,0,549,230,0
2026-08-17T01:25:35.2180491Z,0,0,549,230,0
2026-08-17T01:25:35.2234254Z,0,0,549,230,0
2026-08-17T01:25:35.2286741Z,0,0,549,230,0
2026-08-17T01:25:35.2333114Z,0,0,549,230,0
2026-08-17T01:25:35.2385515Z,0,0,549,230,0
2026-08-17T01:25:35.2435496Z,0,0,549,230,0
2026-08-17T01:25:35.248385Z,0,0,549,230,0
2026-08-17T01:25:35.2533265Z,0,0,549,230,0
2026-08-17T01:25:35.2580788Z,0,0,549,230,0
2026-08-17T01:25:35.2633869Z,0,0,549,230,0
2026-08-17T01:25:35.2686506Z,0,0,549,230,0
2026-08-17T01:25:35.2733294Z,0,0,549,230,0
2026-08-17T01:25:35.2780757Z,0,0,549,230,0
2026-08-17T01:25:35.283354Z,0,0,549,230,0
2026-08-17T01:25:35.288171Z,0,0,549,230,0
2026-08-17T01:25:35.2931366Z,0,0,549,230,0
2026-08-17T01:25:35.2982143Z,0,0,549,230,0
2026-08-17T01:25:35.3029234Z,0,0,549,230,0
2026-08-17T01:25:35.3084196Z,0,0,549,230,0
2026-08-17T01:25:35.3135517Z,0,0,549,230,0
2026-08-17T01:25:35.3183992Z,0,0,549,230,0
2026-08-17T01:25:35.3234928Z,0,0,549,230,0
2026-08-17T01:25:35.3283089Z,0,0,549,230,0
2026-08-17T01:25:35.3333626Z,0,0,549,230,0
2026-08-17T01:25:35.3380629Z,0,0,549,230,0
2026-08-17T01:25:35.3432563Z,0,0,549,230,0
2026-08-17T01:25:35.3481961Z,0,0,549,230,0
2026-08-17T01:25:35.3531115Z,0,0,549,230,0
2026-08-17T01:25:35.3585495Z,0,0,549,230,0
2026-08-17T01:25:35.3631237Z,0,0,549,230,0
2026-08-17T01:25:35.3681039Z,0,0,549,230,0
2026-08-17T01:25:35.3734461Z,0,0,549,230,0
2026-08-17T01:25:35.3782354Z,0,0,549,230,0
2026-08-17T01:25:35.3834561Z,0,0,549,230,0
2026-08-17T01:25:35.3883256Z,0,0,549,230,0
2026-08-17T01:25:35.3931642Z,0,0,549,230,0
2026-08-17T01:25:35.3981072Z,0,0,549,230,0
2026-08-17T01:25:35.4031733Z,0,0,549,230,0
2026-08-17T01:25:35.4084175Z,0,0,549,230,0
2026-08-17T01:25:35.4132517Z,0,0,549,230,0
2026-08-17T01:25:35.4184486Z,0,0,549,230,0
2026-08-17T01:25:35.4233066Z,0,0,549,230,0
2026-08-17T01:25:35.4279526Z,0,0,549,230,0
2026-08-17T01:25:35.4332388Z,0,0,549,230,0
2026-08-17T01:25:35.438374Z,0,0,549,230,0
2026-08-17T01:25:35.4433827Z,0,0,549,230,0
2026-08-17T01:25:35.4481374Z,0,0,549,230,0
2026-08-17T01:25:35.4533759Z,0,0,549,230,0
2026-08-17T01:25:35.4581568Z,0,0,549,230,0
2026-08-17T01:25:35.4634642Z,0,0,549,230,0
2026-08-17T01:25:35.4682553Z,0,0,549,230,0
2026-08-17T01:25:35.4732678Z,0,0,549,230,0
2026-08-17T01:25:35.4784761Z,0,0,549,230,0
2026-08-17T01:25:35.4833495Z,0,0,549,230,0
2026-08-17T01:25:35.4880091Z,0,0,549,230,0
2026-08-17T01:25:35.4933139Z,0,0,549,230,0
2026-08-17T01:25:35.4981157Z,0,0,549,230,0
2026-08-17T01:25:35.5032875Z,0,0,549,230,0
2026-08-17T01:25:35.5081764Z,0,0,549,230,0
2026-08-17T01:25:35.5132717Z,0,0,549,230,0
2026-08-17T01:25:35.5182884Z,0,0,549,230,0
2026-08-17T01:25:35.5232504Z,0,0,549,230,0
2026-08-17T01:25:35.5284736Z,0,0,549,230,0
2026-08-17T01:25:35.5335294Z,0,0,549,230,0
2026-08-17T01:25:35.5382069Z,0,0,549,230,0
2026-08-17T01:25:35.5433961Z,0,0,549,230,0
2026-08-17T01:25:35.5482041Z,0,0,549,230,0
2026-08-17T01:25:35.5531933Z,0,0,549,230,0
2026-08-17T01:25:35.5580495Z,0,0,549,230,0
2026-08-17T01:25:35.5634429Z,0,0,549,230,0
2026-08-17T01:25:35.5682631Z,0,0,549,230,0
2026-08-17T01:25:35.5733932Z,0,0,549,230,0
2026-08-17T01:25:35.5780811Z,0,0,549,230,0
2026-08-17T01:25:35.5830509Z,0,0,549,230,0
2026-08-17T01:25:35.5882169Z,0,0,549,230,0
2026-08-17T01:25:35.5930592Z,0,0,549,230,0
2026-08-17T01:25:35.5983824Z,0,0,549,230,0
2026-08-17T01:25:35.6035823Z,0,0,549,230,0
2026-08-17T01:25:35.6079941Z,0,0,549,230,0
2026-08-17T01:25:35.613068Z,0,0,549,230,0
2026-08-17T01:25:35.6180506Z,0,0,549,230,0
2026-08-17T01:25:35.6229646Z,0,0,549,230,0
2026-08-17T01:25:35.6281728Z,0,0,549,230,0
2026-08-17T01:25:35.63313Z,0,0,549,230,0
2026-08-17T01:25:35.6381392Z,0,0,549,230,0
2026-08-17T01:25:35.6431844Z,0,0,549,230,0
2026-08-17T01:25:35.6482775Z,0,0,549,230,0
2026-08-17T01:25:35.6533894Z,0,0,549,230,0
2026-08-17T01:25:35.6582951Z,0,0,549,230,0
2026-08-17T01:25:35.6630192Z,0,0,549,230,0
2026-08-17T01:25:35.668291Z,0,0,549,230,0
2026-08-17T01:25:35.6734142Z,0,0,549,230,0
2026-08-17T01:25:35.6783647Z,0,0,549,230,0
2026-08-17T01:25:35.6833775Z,0,0,549,230,0
2026-08-17T01:25:35.6883324Z,0,0,549,230,0
2026-08-17T01:25:35.6930256Z,0,0,549,230,0
2026-08-17T01:25:35.6982624Z,0,0,549,230,0
2026-08-17T01:25:35.7033467Z,0,0,549,230,0
2026-08-17T01:25:35.7083778Z,0,0,549,230,0
2026-08-17T01:25:35.7134583Z,0,0,549,230,0
2026-08-17T01:25:35.7183635Z,0,0,549,230,0
2026-08-17T01:25:35.7235361Z,0,0,549,230,0
2026-08-17T01:25:35.7284054Z,0,0,549,230,0
2026-08-17T01:25:35.7334053Z,0,0,549,230,0
2026-08-17T01:25:35.7383103Z,0,0,549,230,0
2026-08-17T01:25:35.7433418Z,0,0,549,230,0
2026-08-17T01:25:35.7482932Z,0,0,549,230,0
2026-08-17T01:25:35.7533436Z,0,0,549,230,0
2026-08-17T01:25:35.7580535Z,0,0,549,230,0
2026-08-17T01:25:35.7630248Z,0,0,549,230,0
2026-08-17T01:25:35.7681569Z,0,0,549,230,0
2026-08-17T01:25:35.7733053Z,0,0,549,230,0
2026-08-17T01:25:35.7783228Z,0,0,549,230,0
2026-08-17T01:25:35.7830791Z,0,0,549,230,0
2026-08-17T01:25:35.7881157Z,0,0,549,230,0
2026-08-17T01:25:35.7930473Z,0,0,549,230,0
2026-08-17T01:25:35.7981905Z,0,0,549,230,0
2026-08-17T01:25:35.8034263Z,0,0,549,230,0
2026-08-17T01:25:35.8080397Z,0,0,549,230,0
2026-08-17T01:25:35.8129682Z,0,0,549,230,0
2026-08-17T01:25:35.8182247Z,0,0,549,230,0
2026-08-17T01:25:35.8233874Z,0,0,549,230,0
2026-08-17T01:25:35.8283478Z,0,0,549,230,0
2026-08-17T01:25:35.8329822Z,0,0,549,230,0
2026-08-17T01:25:35.8384382Z,0,0,549,230,0
2026-08-17T01:25:35.8429723Z,0,0,549,230,0
2026-08-17T01:25:35.848105Z,0,0,549,230,0
2026-08-17T01:25:35.8529656Z,0,0,549,230,0
2026-08-17T01:25:35.8580631Z,0,0,549,230,0
2026-08-17T01:25:35.8634277Z,0,0,549,230,0
2026-08-17T01:25:35.8681471Z,0,0,549,230,0
2026-08-17T01:25:35.8733592Z,0,0,549,230,0
2026-08-17T01:25:35.8781018Z,0,0,549,230,0
2026-08-17T01:25:35.8829834Z,0,0,549,230,0
2026-08-17T01:25:35.8883385Z,0,0,549,230,0
2026-08-17T01:25:35.893412Z,0,0,549,230,0
2026-08-17T01:25:35.8983235Z,0,0,549,230,0
2026-08-17T01:25:35.9030804Z,0,0,549,230,0
2026-08-17T01:25:35.9084647Z,0,0,549,230,0
2026-08-17T01:25:35.9132958Z,0,0,549,230,0
2026-08-17T01:25:35.9180172Z,0,0,549,230,0
2026-08-17T01:25:35.9230234Z,0,0,549,230,0
2026-08-17T01:25:35.9282731Z,0,0,549,230,0
2026-08-17T01:25:35.9332156Z,0,0,549,230,0
2026-08-17T01:25:35.9382233Z,0,0,549,230,0
2026-08-17T01:25:35.9433244Z,0,0,549,230,0
2026-08-17T01:25:35.9481539Z,0,0,549,230,0
2026-08-17T01:25:35.9531515Z,0,0,549,230,0
2026-08-17T01:25:35.9582907Z,0,0,549,230,0
2026-08-17T01:25:35.9633506Z,0,0,549,230,0
2026-08-17T01:25:35.9681809Z,0,0,549,230,0
2026-08-17T01:25:35.9730033Z,0,0,549,230,0
2026-08-17T01:25:35.9784675Z,0,0,549,230,0
2026-08-17T01:25:35.9831116Z,0,0,549,230,0
2026-08-17T01:25:35.9882192Z,0,0,549,230,0
2026-08-17T01:25:35.9932885Z,0,0,549,230,0
2026-08-17T01:25:35.9984471Z,0,0,549,230,0
2026-08-17T01:25:36.0031816Z,0,0,549,230,0
2026-08-17T01:25:36.0080758Z,0,0,549,230,0
2026-08-17T01:25:36.0134811Z,0,0,549,230,0
2026-08-17T01:25:36.0183633Z,0,0,549,230,0
2026-08-17T01:25:36.0232008Z,0,0,549,230,0
2026-08-17T01:25:36.0282901Z,0,0,549,230,0
2026-08-17T01:25:36.0334109Z,0,0,549,230,0
2026-08-17T01:25:36.038209Z,0,0,549,230,0
2026-08-17T01:25:36.0432156Z,0,0,549,230,0
2026-08-17T01:25:36.0481542Z,0,0,549,230,0
2026-08-17T01:25:36.0532917Z,0,0,549,230,0
2026-08-17T01:25:36.0582513Z,0,0,549,230,0
2026-08-17T01:25:36.0633761Z,0,0,549,230,0
2026-08-17T01:25:36.0680957Z,0,0,549,230,0
2026-08-17T01:25:36.0733145Z,0,0,549,230,0
2026-08-17T01:25:36.078282Z,0,0,549,230,0
2026-08-17T01:25:36.0832637Z,0,0,549,230,0
2026-08-17T01:25:36.0884189Z,0,0,549,230,0
2026-08-17T01:25:36.0933601Z,0,0,549,230,0
2026-08-17T01:25:36.0985872Z,0,0,549,230,0
2026-08-17T01:25:36.1034772Z,0,0,549,230,0
2026-08-17T01:25:36.1081862Z,0,0,549,230,0
2026-08-17T01:25:36.113303Z,0,0,549,230,0
2026-08-17T01:25:36.1180391Z,0,0,549,230,0
2026-08-17T01:25:36.123402Z,0,0,549,230,0
2026-08-17T01:25:36.1282382Z,0,0,549,230,0
2026-08-17T01:25:36.1332953Z,0,0,549,230,0
2026-08-17T01:25:36.1382742Z,0,0,549,230,0
2026-08-17T01:25:36.1432457Z,0,0,549,230,0
2026-08-17T01:25:36.1480441Z,0,0,549,230,0
2026-08-17T01:25:36.1533258Z,0,0,549,230,0
2026-08-17T01:25:36.1580003Z,0,0,549,230,0
2026-08-17T01:25:36.1633852Z,0,0,549,230,0
2026-08-17T01:25:36.1681895Z,0,0,549,230,0
2026-08-17T01:25:36.1735828Z,0,0,549,230,0
2026-08-17T01:25:36.178284Z,0,0,549,230,0
2026-08-17T01:25:36.1832653Z,0,0,549,230,0
2026-08-17T01:25:36.1884531Z,0,0,549,230,0
2026-08-17T01:25:36.1932376Z,0,0,549,230,0
2026-08-17T01:25:36.1984429Z,0,0,549,230,0
2026-08-17T01:25:36.2035244Z,0,0,549,230,0
2026-08-17T01:25:36.208231Z,0,0,549,230,0
2026-08-17T01:25:36.2133203Z,0,0,549,230,0
2026-08-17T01:25:36.2181316Z,0,0,549,230,0
2026-08-17T01:25:36.2231239Z,0,0,549,230,0
2026-08-17T01:25:36.2279725Z,0,0,549,230,0
2026-08-17T01:25:36.2333549Z,0,0,549,230,0
2026-08-17T01:25:36.2382081Z,0,0,549,230,0
2026-08-17T01:25:36.2431889Z,0,0,549,230,0
2026-08-17T01:25:36.2480768Z,0,0,549,230,0
2026-08-17T01:25:36.2529959Z,0,0,549,230,0
2026-08-17T01:25:36.2580847Z,0,0,549,230,0
2026-08-17T01:25:36.2631675Z,0,0,549,230,0
2026-08-17T01:25:36.2685936Z,0,0,549,230,0
2026-08-17T01:25:36.273352Z,0,0,549,230,0
2026-08-17T01:25:36.2786539Z,0,0,549,230,0
2026-08-17T01:25:36.2832248Z,0,0,549,230,0
2026-08-17T01:25:36.2882664Z,0,0,549,230,0
2026-08-17T01:25:36.2933388Z,0,0,549,230,0
2026-08-17T01:25:36.2980501Z,0,0,549,230,0
2026-08-17T01:25:36.3034321Z,0,0,549,230,0
2026-08-17T01:25:36.3085596Z,0,0,549,230,0
2026-08-17T01:25:36.3130994Z,0,0,549,230,0
2026-08-17T01:25:36.3179997Z,0,0,549,230,0
2026-08-17T01:25:36.323384Z,0,0,549,230,0
2026-08-17T01:25:36.3281309Z,0,0,549,230,0
2026-08-17T01:25:36.3330729Z,0,0,549,230,0
2026-08-17T01:25:36.3382106Z,0,0,549,230,0
2026-08-17T01:25:36.3430099Z,0,0,549,230,0
2026-08-17T01:25:36.3482946Z,0,0,549,230,0
2026-08-17T01:25:36.3532744Z,0,0,549,230,0
2026-08-17T01:25:36.3579995Z,0,0,549,230,0
2026-08-17T01:25:36.3633925Z,0,0,549,230,0
2026-08-17T01:25:36.3681583Z,0,0,549,230,0
2026-08-17T01:25:36.3731602Z,0,0,549,230,0
2026-08-17T01:25:36.3784458Z,0,0,549,230,0
2026-08-17T01:25:36.3833505Z,0,0,549,230,0
2026-08-17T01:25:36.3885251Z,0,0,549,230,0
2026-08-17T01:25:36.393337Z,0,0,549,230,0
2026-08-17T01:25:36.3986326Z,0,0,549,230,0
2026-08-17T01:25:36.4030733Z,0,0,549,230,0
2026-08-17T01:25:36.4084571Z,0,0,549,230,0
2026-08-17T01:25:36.413375Z,0,0,549,230,0
2026-08-17T01:25:36.4188704Z,0,0,549,230,0
2026-08-17T01:25:36.4234544Z,0,0,549,230,0
2026-08-17T01:25:36.4282135Z,0,0,549,230,0
2026-08-17T01:25:36.4336116Z,0,0,549,230,0
2026-08-17T01:25:36.4384147Z,0,0,549,230,0
2026-08-17T01:25:36.4434841Z,0,0,549,230,0
2026-08-17T01:25:36.4482833Z,0,0,549,230,0
2026-08-17T01:25:36.453259Z,0,0,549,230,0
2026-08-17T01:25:36.4581492Z,0,0,549,230,0
2026-08-17T01:25:36.4631167Z,0,0,549,230,0
2026-08-17T01:25:36.4683924Z,0,0,549,230,0
2026-08-17T01:25:36.4734791Z,0,0,549,230,0
2026-08-17T01:25:36.4782486Z,0,0,549,230,0
2026-08-17T01:25:36.4833874Z,0,0,549,230,0
2026-08-17T01:25:36.4882157Z,0,0,549,230,0
2026-08-17T01:25:36.4932684Z,0,0,549,230,0
2026-08-17T01:25:36.4980852Z,0,0,549,230,0
2026-08-17T01:25:36.5034498Z,0,0,549,230,0
2026-08-17T01:25:36.5086878Z,0,0,549,230,0
2026-08-17T01:25:36.5132325Z,0,0,549,230,0
2026-08-17T01:25:36.5184569Z,0,0,549,230,0
2026-08-17T01:25:36.5237488Z,0,0,549,230,0
2026-08-17T01:25:36.5287314Z,0,0,549,230,0
2026-08-17T01:25:36.5333126Z,0,0,549,230,0
2026-08-17T01:25:36.5387855Z,0,0,549,230,0
2026-08-17T01:25:36.543259Z,0,0,549,230,0
2026-08-17T01:25:36.5480887Z,0,0,549,230,0
2026-08-17T01:25:36.553065Z,0,0,549,230,0
2026-08-17T01:25:36.5581613Z,0,0,549,230,0
2026-08-17T01:25:36.5631481Z,0,0,549,230,0
2026-08-17T01:25:36.5680409Z,0,0,549,230,0
2026-08-17T01:25:36.5734722Z,0,0,549,230,0
2026-08-17T01:25:36.5788938Z,0,0,549,230,0
2026-08-17T01:25:36.5833774Z,0,0,549,230,0
2026-08-17T01:25:36.5880759Z,0,0,549,230,0
2026-08-17T01:25:36.5932488Z,0,0,549,230,0
2026-08-17T01:25:36.5979294Z,0,0,549,230,0
2026-08-17T01:25:36.603285Z,0,0,549,230,0
2026-08-17T01:25:36.6081275Z,0,0,549,230,0
2026-08-17T01:25:36.6130869Z,0,0,549,230,0
2026-08-17T01:25:36.6182393Z,0,0,549,230,0
2026-08-17T01:25:36.6233326Z,0,0,549,230,0
2026-08-17T01:25:36.6280488Z,0,0,549,230,0
2026-08-17T01:25:36.6333694Z,0,0,549,230,0
2026-08-17T01:25:36.6380112Z,0,0,549,230,0
2026-08-17T01:25:36.643302Z,0,0,549,230,0
2026-08-17T01:25:36.648013Z,0,0,549,230,0
2026-08-17T01:25:36.6530747Z,0,0,549,230,0
2026-08-17T01:25:36.6581049Z,0,0,549,230,0
2026-08-17T01:25:36.6629809Z,0,0,549,230,0
2026-08-17T01:25:36.6680182Z,0,0,549,230,0
2026-08-17T01:25:36.6733774Z,0,0,549,230,0
2026-08-17T01:25:36.678161Z,0,0,549,230,0
2026-08-17T01:25:36.6831493Z,0,0,549,230,0
2026-08-17T01:25:36.6885156Z,0,0,549,230,0
2026-08-17T01:25:36.6933864Z,0,0,549,230,0
2026-08-17T01:25:36.6981029Z,0,0,549,230,0
2026-08-17T01:25:36.703571Z,0,0,549,230,0
2026-08-17T01:25:36.7082745Z,0,0,549,230,0
2026-08-17T01:25:36.7132874Z,0,0,549,230,0
2026-08-17T01:25:36.7184934Z,0,0,549,230,0
2026-08-17T01:25:36.7233693Z,0,0,549,230,0
2026-08-17T01:25:36.7281186Z,0,0,549,230,0
2026-08-17T01:25:36.733218Z,0,0,549,230,0
2026-08-17T01:25:36.7384278Z,0,0,549,230,0
2026-08-17T01:25:36.7432842Z,0,0,549,230,0
2026-08-17T01:25:36.7483028Z,0,0,549,230,0
2026-08-17T01:25:36.7532354Z,0,0,549,230,0
2026-08-17T01:25:36.7584414Z,0,0,549,230,0
2026-08-17T01:25:36.763324Z,0,0,549,230,0
2026-08-17T01:25:36.768214Z,0,0,549,230,0
2026-08-17T01:25:36.7731761Z,0,0,549,230,0
2026-08-17T01:25:36.7780428Z,0,0,549,230,0
2026-08-17T01:25:36.7834288Z,0,0,549,230,0
2026-08-17T01:25:36.7883758Z,0,0,549,230,0
2026-08-17T01:25:36.7933991Z,0,0,549,230,0
2026-08-17T01:25:36.7984455Z,0,0,549,230,0
2026-08-17T01:25:36.8032317Z,0,0,549,230,0
2026-08-17T01:25:36.8079485Z,0,0,549,230,0
2026-08-17T01:25:36.8134523Z,0,0,549,230,0
2026-08-17T01:25:36.8183801Z,0,0,549,230,0
2026-08-17T01:25:36.8233359Z,0,0,549,230,0
2026-08-17T01:25:36.8282662Z,0,0,549,230,0
2026-08-17T01:25:36.8332656Z,0,0,549,230,0
2026-08-17T01:25:36.838109Z,0,0,549,230,0
2026-08-17T01:25:36.8431385Z,0,0,549,230,0
2026-08-17T01:25:36.8479336Z,0,0,549,230,0
2026-08-17T01:25:36.8531803Z,0,0,549,230,0
2026-08-17T01:25:36.8584603Z,0,0,549,230,0
2026-08-17T01:25:36.8629633Z,0,0,549,230,0
2026-08-17T01:25:36.8681215Z,0,0,549,230,0
2026-08-17T01:25:36.8730893Z,0,0,549,230,0
2026-08-17T01:25:36.8781359Z,0,0,549,230,0
2026-08-17T01:25:36.8830593Z,0,0,549,230,0
2026-08-17T01:25:36.8883775Z,0,0,549,230,0
2026-08-17T01:25:36.8929439Z,0,0,549,230,0
2026-08-17T01:25:36.8984957Z,0,0,549,230,0
2026-08-17T01:25:36.9030107Z,0,0,549,230,0
2026-08-17T01:25:36.9081452Z,0,0,549,230,0
2026-08-17T01:25:36.9134577Z,0,0,549,230,0
2026-08-17T01:25:36.9183626Z,0,0,549,230,0
2026-08-17T01:25:36.9233757Z,0,0,549,230,0
2026-08-17T01:25:36.9280863Z,0,0,549,230,0
2026-08-17T01:25:36.9334533Z,0,0,549,230,0
2026-08-17T01:25:36.9383907Z,0,0,549,230,0
2026-08-17T01:25:36.9436379Z,0,0,549,230,0
2026-08-17T01:25:36.9482961Z,0,0,549,230,0
2026-08-17T01:25:36.9533828Z,0,0,549,230,0
2026-08-17T01:25:36.958247Z,0,0,549,230,0
2026-08-17T01:25:36.9635701Z,0,0,549,230,0
2026-08-17T01:25:36.9682478Z,0,0,549,230,0
2026-08-17T01:25:36.9736824Z,0,0,549,230,0
2026-08-17T01:25:36.9782101Z,0,0,549,230,0
2026-08-17T01:25:36.9835054Z,0,0,549,230,0
2026-08-17T01:25:36.9882365Z,0,0,549,230,0
2026-08-17T01:25:36.9931808Z,0,0,549,230,0
2026-08-17T01:25:36.9981088Z,0,0,549,230,0
2026-08-17T01:25:37.0031731Z,0,0,549,230,0
2026-08-17T01:25:37.0083484Z,0,0,549,230,0
2026-08-17T01:25:37.0130705Z,0,0,549,230,0
2026-08-17T01:25:37.0183556Z,0,0,549,230,0
2026-08-17T01:25:37.0230403Z,0,0,549,230,0
2026-08-17T01:25:37.0279707Z,0,0,549,230,0
2026-08-17T01:25:37.0334417Z,0,0,549,230,0
2026-08-17T01:25:37.0381146Z,0,0,549,230,0
2026-08-17T01:25:37.043339Z,0,0,549,230,0
2026-08-17T01:25:37.0481689Z,0,0,549,230,0
2026-08-17T01:25:37.0533264Z,0,0,549,230,0
2026-08-17T01:25:37.0582054Z,0,0,549,230,0
2026-08-17T01:25:37.0635525Z,0,0,549,230,0
2026-08-17T01:25:37.0682353Z,0,0,549,230,0
2026-08-17T01:25:37.0731591Z,0,0,549,230,0
2026-08-17T01:25:37.0780822Z,0,0,549,230,0
2026-08-17T01:25:37.0834712Z,0,0,549,230,0
2026-08-17T01:25:37.0883401Z,0,0,549,230,0
2026-08-17T01:25:37.093326Z,0,0,549,230,0
2026-08-17T01:25:37.0982709Z,0,0,549,230,0
2026-08-17T01:25:37.1030808Z,0,0,549,230,0
2026-08-17T01:25:37.1088141Z,0,0,549,230,0
2026-08-17T01:25:37.1133258Z,0,0,549,230,0
2026-08-17T01:25:37.1183049Z,0,0,549,230,0
2026-08-17T01:25:37.1234517Z,0,0,549,230,0
2026-08-17T01:25:37.1283327Z,0,0,549,230,0
2026-08-17T01:25:37.1332508Z,0,0,549,230,0
2026-08-17T01:25:37.1381702Z,0,0,549,230,0
2026-08-17T01:25:37.1431117Z,0,0,549,230,0
2026-08-17T01:25:37.1480111Z,0,0,549,230,0
2026-08-17T01:25:37.1531299Z,0,0,549,230,0
2026-08-17T01:25:37.1584218Z,0,0,549,230,0
2026-08-17T01:25:37.1631957Z,0,0,549,230,0
2026-08-17T01:25:37.1680043Z,0,0,549,230,0
2026-08-17T01:25:37.1734492Z,0,0,549,230,0
2026-08-17T01:25:37.178316Z,0,0,549,230,0
2026-08-17T01:25:37.1835089Z,0,0,549,230,0
2026-08-17T01:25:37.18842Z,0,0,549,230,0
2026-08-17T01:25:37.1929666Z,0,0,549,230,0
2026-08-17T01:25:37.1982126Z,0,0,549,230,0
2026-08-17T01:25:37.2031389Z,0,0,549,230,0
2026-08-17T01:25:37.2080931Z,0,0,549,230,0
2026-08-17T01:25:37.2135886Z,0,0,549,230,0
2026-08-17T01:25:37.2183958Z,0,0,549,230,0
2026-08-17T01:25:37.2233651Z,0,0,549,230,0
2026-08-17T01:25:37.2280585Z,0,0,549,230,0
2026-08-17T01:25:37.2334131Z,0,0,549,230,0
2026-08-17T01:25:37.2381957Z,0,0,549,230,0
2026-08-17T01:25:37.2431245Z,0,0,549,230,0
2026-08-17T01:25:37.248387Z,0,0,549,230,0
2026-08-17T01:25:37.2533575Z,0,0,549,230,0
2026-08-17T01:25:37.2581609Z,0,0,549,230,0
2026-08-17T01:25:37.2630716Z,0,0,549,230,0
2026-08-17T01:25:37.268343Z,0,0,549,230,0
2026-08-17T01:25:37.273131Z,0,0,549,230,0
2026-08-17T01:25:37.2783573Z,0,0,549,230,0
2026-08-17T01:25:37.2830538Z,0,0,549,230,0
2026-08-17T01:25:37.2884176Z,0,0,549,230,0
2026-08-17T01:25:37.2934773Z,0,0,549,230,0
2026-08-17T01:25:37.2982847Z,0,0,549,230,0
2026-08-17T01:25:37.3033133Z,0,0,549,230,0
2026-08-17T01:25:37.3082661Z,0,0,549,230,0
2026-08-17T01:25:37.3131275Z,0,0,549,230,0
2026-08-17T01:25:37.3180639Z,0,0,549,230,0
2026-08-17T01:25:37.3232874Z,0,0,549,230,0
2026-08-17T01:25:37.3280127Z,0,0,549,230,0
2026-08-17T01:25:37.3330598Z,0,0,549,230,0
2026-08-17T01:25:37.3385724Z,0,0,549,230,0
2026-08-17T01:25:37.3433429Z,0,0,549,230,0
2026-08-17T01:25:37.3480898Z,0,0,549,230,0
2026-08-17T01:25:37.3530419Z,0,0,549,230,0
2026-08-17T01:25:37.3580813Z,0,0,549,230,0
2026-08-17T01:25:37.3629671Z,0,0,549,230,0
2026-08-17T01:25:37.368309Z,0,0,549,230,0
2026-08-17T01:25:37.3733613Z,0,0,549,230,0
2026-08-17T01:25:37.3783298Z,0,0,549,230,0
2026-08-17T01:25:37.3832367Z,0,0,549,230,0
2026-08-17T01:25:37.3881542Z,0,0,549,230,0
2026-08-17T01:25:37.3930811Z,0,0,549,230,0
2026-08-17T01:25:37.3983513Z,0,0,549,230,0
2026-08-17T01:25:37.4030421Z,0,0,549,230,0
2026-08-17T01:25:37.4081633Z,0,0,549,230,0
2026-08-17T01:25:37.413119Z,0,0,549,230,0
2026-08-17T01:25:37.4180251Z,0,0,549,230,0
2026-08-17T01:25:37.4231562Z,0,0,549,230,0
2026-08-17T01:25:37.4284916Z,0,0,549,230,0
2026-08-17T01:25:37.4331452Z,0,0,549,230,0
2026-08-17T01:25:37.4380053Z,0,0,549,230,0
2026-08-17T01:25:37.4432865Z,0,0,549,230,0
2026-08-17T01:25:37.4482941Z,0,0,549,230,0
2026-08-17T01:25:37.4534461Z,0,0,549,230,0
2026-08-17T01:25:37.4583016Z,0,0,549,230,0
2026-08-17T01:25:37.4630447Z,0,0,549,230,0
2026-08-17T01:25:37.467965Z,0,0,549,230,0
2026-08-17T01:25:37.47317Z,0,0,549,230,0
2026-08-17T01:25:37.4781083Z,0,0,549,230,0
2026-08-17T01:25:37.4830927Z,0,0,549,230,0
2026-08-17T01:25:37.4879948Z,0,0,549,230,0
2026-08-17T01:25:37.4933699Z,0,0,549,230,0
2026-08-17T01:25:37.4982233Z,0,0,549,230,0
2026-08-17T01:25:37.5030574Z,0,0,549,230,0
2026-08-17T01:25:37.5081602Z,0,0,549,230,0
2026-08-17T01:25:37.513006Z,0,0,549,230,0
2026-08-17T01:25:37.518189Z,0,0,549,230,0
2026-08-17T01:25:37.5231568Z,0,0,549,230,0
2026-08-17T01:25:37.5280577Z,0,0,549,230,0
2026-08-17T01:25:37.5333232Z,0,0,549,230,0
2026-08-17T01:25:37.5379902Z,0,0,549,230,0
2026-08-17T01:25:37.5429615Z,0,0,549,230,0
2026-08-17T01:25:37.5479667Z,0,0,549,230,0
2026-08-17T01:25:37.5533939Z,0,0,549,230,0
2026-08-17T01:25:37.5585317Z,0,0,549,230,0
2026-08-17T01:25:37.5630729Z,0,0,549,230,0
2026-08-17T01:25:37.5684228Z,0,0,549,230,0
2026-08-17T01:25:37.5732818Z,0,0,549,230,0
2026-08-17T01:25:37.578009Z,0,0,549,230,0
2026-08-17T01:25:37.5833517Z,0,0,549,230,0
2026-08-17T01:25:37.5881444Z,0,0,549,230,0
2026-08-17T01:25:37.5929669Z,0,0,549,230,0
2026-08-17T01:25:37.5985007Z,0,0,549,230,0
2026-08-17T01:25:37.6035554Z,0,0,549,230,0
2026-08-17T01:25:37.6082529Z,0,0,549,230,0
2026-08-17T01:25:37.6136563Z,0,0,549,230,0
2026-08-17T01:25:37.6184328Z,0,0,549,230,0
2026-08-17T01:25:37.6231372Z,0,0,549,230,0
2026-08-17T01:25:37.628507Z,0,0,549,230,0
2026-08-17T01:25:37.6333469Z,0,0,549,230,0
2026-08-17T01:25:37.6382669Z,0,0,549,230,0
2026-08-17T01:25:37.6433136Z,0,0,549,230,0
2026-08-17T01:25:37.6481556Z,0,0,549,230,0
2026-08-17T01:25:37.652971Z,0,0,549,230,0
2026-08-17T01:25:37.6583997Z,0,0,549,230,0
2026-08-17T01:25:37.6633524Z,0,0,549,230,0
2026-08-17T01:25:37.6681944Z,0,0,549,230,0
2026-08-17T01:25:37.6733124Z,0,0,549,230,0
2026-08-17T01:25:37.6783258Z,0,0,549,230,0
2026-08-17T01:25:37.6832475Z,0,0,549,230,0
2026-08-17T01:25:37.6880445Z,0,0,549,230,0
2026-08-17T01:25:37.6930356Z,0,0,549,230,0
2026-08-17T01:25:37.6984108Z,0,0,549,230,0
2026-08-17T01:25:37.7035488Z,0,0,549,230,0
2026-08-17T01:25:37.7084764Z,0,0,549,230,0
2026-08-17T01:25:37.7133497Z,0,0,549,230,0
2026-08-17T01:25:37.718685Z,0,0,549,230,0
2026-08-17T01:25:37.7231668Z,0,0,549,230,0
2026-08-17T01:25:37.7283914Z,0,0,549,230,0
2026-08-17T01:25:37.7333271Z,0,0,549,230,0
2026-08-17T01:25:37.7387167Z,0,0,549,230,0
2026-08-17T01:25:37.7430179Z,0,0,549,230,0
2026-08-17T01:25:37.7482022Z,0,0,549,230,0
2026-08-17T01:25:37.7533414Z,0,0,549,230,0
2026-08-17T01:25:37.7582679Z,0,0,549,230,0
2026-08-17T01:25:37.7631666Z,0,0,549,230,0
2026-08-17T01:25:37.7684618Z,0,0,549,230,0
2026-08-17T01:25:37.7732651Z,0,0,549,230,0
2026-08-17T01:25:37.7780663Z,0,0,549,230,0
2026-08-17T01:25:37.7834304Z,0,0,549,230,0
2026-08-17T01:25:37.788469Z,0,0,549,230,0
2026-08-17T01:25:37.7931101Z,0,0,549,230,0
2026-08-17T01:25:37.7985564Z,0,0,549,230,0
2026-08-17T01:25:37.8030474Z,0,0,549,230,0
2026-08-17T01:25:37.8081237Z,0,0,549,230,0
2026-08-17T01:25:37.8136785Z,0,0,549,230,0
2026-08-17T01:25:37.8183548Z,0,0,549,230,0
2026-08-17T01:25:37.8236339Z,0,0,549,230,0
2026-08-17T01:25:37.8283544Z,0,0,549,230,0
2026-08-17T01:25:37.8335811Z,0,0,549,230,0
2026-08-17T01:25:37.838387Z,0,0,549,230,0
2026-08-17T01:25:37.8432732Z,0,0,549,230,0
2026-08-17T01:25:37.8483172Z,0,0,549,230,0
2026-08-17T01:25:37.8530472Z,0,0,549,230,0
2026-08-17T01:25:37.8583929Z,0,0,549,230,0
2026-08-17T01:25:37.8634934Z,0,0,549,230,0
2026-08-17T01:25:37.8682841Z,0,0,549,230,0
2026-08-17T01:25:37.8731729Z,0,0,549,230,0
2026-08-17T01:25:37.8780271Z,0,0,549,230,0
2026-08-17T01:25:37.8833933Z,0,0,549,230,0
2026-08-17T01:25:37.8883534Z,0,0,549,230,0
2026-08-17T01:25:37.8933122Z,0,0,549,230,0
2026-08-17T01:25:37.8981447Z,0,0,549,230,0
2026-08-17T01:25:37.9031406Z,0,0,549,230,0
2026-08-17T01:25:37.9085863Z,0,0,549,230,0
2026-08-17T01:25:37.9131069Z,0,0,549,230,0
2026-08-17T01:25:37.9184309Z,0,0,549,230,0
2026-08-17T01:25:37.9231608Z,0,0,549,230,0
2026-08-17T01:25:37.9280366Z,0,0,549,230,0
2026-08-17T01:25:37.933466Z,0,0,549,230,0
2026-08-17T01:25:37.9384898Z,0,0,549,230,0
2026-08-17T01:25:37.9430401Z,0,0,549,230,0
2026-08-17T01:25:37.9481001Z,0,0,549,230,0
2026-08-17T01:25:37.9532961Z,0,0,549,230,0
2026-08-17T01:25:37.9582572Z,0,0,549,230,0
2026-08-17T01:25:37.9632126Z,0,0,549,230,0
2026-08-17T01:25:37.9680965Z,0,0,549,230,0
2026-08-17T01:25:37.973404Z,0,0,549,230,0
2026-08-17T01:25:37.9781389Z,0,0,549,230,0
2026-08-17T01:25:37.9830041Z,0,0,549,230,0
2026-08-17T01:25:37.9880837Z,0,0,549,230,0
2026-08-17T01:25:37.9930126Z,0,0,549,230,0
2026-08-17T01:25:37.9981239Z,0,0,549,230,0
2026-08-17T01:25:38.0030559Z,0,0,549,230,0
2026-08-17T01:25:38.0084159Z,0,0,549,230,0
2026-08-17T01:25:38.0131946Z,0,0,549,230,0
2026-08-17T01:25:38.0182242Z,0,0,549,230,0
2026-08-17T01:25:38.0231574Z,0,0,549,230,0
2026-08-17T01:25:38.0286808Z,0,0,549,230,0
2026-08-17T01:25:38.0332037Z,0,0,549,230,0
2026-08-17T01:25:38.0384675Z,0,0,549,230,0
2026-08-17T01:25:38.0433636Z,0,0,549,230,0
2026-08-17T01:25:38.0484135Z,0,0,549,230,0
2026-08-17T01:25:38.0530614Z,0,0,549,230,0
2026-08-17T01:25:38.0580772Z,0,0,549,230,0
2026-08-17T01:25:38.0630102Z,0,0,549,230,0
2026-08-17T01:25:38.0681017Z,0,0,549,230,0
2026-08-17T01:25:38.0730136Z,0,0,549,230,0
2026-08-17T01:25:38.07799Z,0,0,549,230,0
2026-08-17T01:25:38.0834504Z,0,0,549,230,0
2026-08-17T01:25:38.0887459Z,0,0,549,230,0
2026-08-17T01:25:38.0934094Z,0,0,549,230,0
2026-08-17T01:25:38.0981586Z,0,0,549,230,0
2026-08-17T01:25:38.1035285Z,0,0,549,230,0
2026-08-17T01:25:38.1082145Z,0,0,549,230,0
2026-08-17T01:25:38.1136525Z,0,0,549,230,0
2026-08-17T01:25:38.1188339Z,0,0,549,230,0
2026-08-17T01:25:38.1233991Z,0,0,549,230,0
2026-08-17T01:25:38.1281665Z,0,0,549,230,0
2026-08-17T01:25:38.1332197Z,0,0,549,230,0
2026-08-17T01:25:38.1388606Z,0,0,549,230,0
2026-08-17T01:25:38.1432397Z,0,0,549,230,0
2026-08-17T01:25:38.1485596Z,0,0,549,230,0
2026-08-17T01:25:38.1529791Z,0,0,549,230,0
2026-08-17T01:25:38.1580565Z,0,0,549,230,0
2026-08-17T01:25:38.162988Z,0,0,549,230,0
2026-08-17T01:25:38.1680953Z,0,0,549,230,0
2026-08-17T01:25:38.1731583Z,0,0,549,230,0
2026-08-17T01:25:38.17837Z,0,0,549,230,0
2026-08-17T01:25:38.1832921Z,0,0,549,230,0
2026-08-17T01:25:38.188036Z,0,0,549,230,0
2026-08-17T01:25:38.1934387Z,0,0,549,230,0
2026-08-17T01:25:38.1984384Z,0,0,549,230,0
2026-08-17T01:25:38.2032979Z,0,0,549,230,0
2026-08-17T01:25:38.2080515Z,0,0,549,230,0
2026-08-17T01:25:38.2133412Z,0,0,549,230,0
2026-08-17T01:25:38.2189743Z,0,0,549,230,0
2026-08-17T01:25:38.2233377Z,0,0,549,230,0
2026-08-17T01:25:38.2282751Z,0,0,549,230,0
2026-08-17T01:25:38.233714Z,0,0,549,230,0
2026-08-17T01:25:38.2385514Z,0,0,549,230,0
2026-08-17T01:25:38.2431353Z,0,0,549,230,0
2026-08-17T01:25:38.2482405Z,0,0,549,230,0
2026-08-17T01:25:38.253503Z,0,0,549,230,0
2026-08-17T01:25:38.2582596Z,0,0,549,230,0
2026-08-17T01:25:38.2635709Z,0,0,549,230,0
2026-08-17T01:25:38.2683619Z,0,0,549,230,0
2026-08-17T01:25:38.2737523Z,0,0,549,230,0
2026-08-17T01:25:38.2788165Z,0,0,549,230,0
2026-08-17T01:25:38.2830873Z,0,0,549,230,0
2026-08-17T01:25:38.288145Z,0,0,549,230,0
2026-08-17T01:25:38.2930118Z,0,0,549,230,0
2026-08-17T01:25:38.2983753Z,0,0,549,230,0
2026-08-17T01:25:38.3033735Z,0,0,549,230,0
2026-08-17T01:25:38.3081054Z,0,0,549,230,0
2026-08-17T01:25:38.3129918Z,0,0,549,230,0
2026-08-17T01:25:38.3179507Z,0,0,549,230,0
2026-08-17T01:25:38.3236022Z,0,0,549,230,0
2026-08-17T01:25:38.3284025Z,0,0,549,230,0
2026-08-17T01:25:38.3329817Z,0,0,549,230,0
2026-08-17T01:25:38.3385005Z,0,0,549,230,0
2026-08-17T01:25:38.3429968Z,0,0,549,230,0
2026-08-17T01:25:38.3481437Z,0,0,549,230,0
2026-08-17T01:25:38.3533401Z,0,0,549,230,0
2026-08-17T01:25:38.3580817Z,0,0,549,230,0
2026-08-17T01:25:38.3635721Z,0,0,549,230,0
2026-08-17T01:25:38.3683904Z,0,0,549,230,0
2026-08-17T01:25:38.3733617Z,0,0,549,230,0
2026-08-17T01:25:38.3784613Z,0,0,549,230,0
2026-08-17T01:25:38.3838101Z,0,0,549,230,0
2026-08-17T01:25:38.388087Z,0,0,549,230,0
2026-08-17T01:25:38.3930398Z,0,0,549,230,0
2026-08-17T01:25:38.3981658Z,0,0,549,230,0
2026-08-17T01:25:38.4031849Z,0,0,549,230,0
2026-08-17T01:25:38.4080349Z,0,0,549,230,0
2026-08-17T01:25:38.4130049Z,0,0,549,230,0
2026-08-17T01:25:38.4180515Z,0,0,549,230,0
2026-08-17T01:25:38.423401Z,0,0,549,230,0
2026-08-17T01:25:38.4281168Z,0,0,549,230,0
2026-08-17T01:25:38.4330777Z,0,0,549,230,0
2026-08-17T01:25:38.4382724Z,0,0,549,230,0
2026-08-17T01:25:38.4434189Z,0,0,549,230,0
2026-08-17T01:25:38.4482326Z,0,0,549,230,0
2026-08-17T01:25:38.453095Z,0,0,549,230,0
2026-08-17T01:25:38.4584093Z,0,0,549,230,0
2026-08-17T01:25:38.4634195Z,0,0,549,230,0
2026-08-17T01:25:38.4683012Z,0,0,549,230,0
2026-08-17T01:25:38.4734068Z,0,0,549,230,0
2026-08-17T01:25:38.4782844Z,0,0,549,230,0
2026-08-17T01:25:38.483386Z,0,0,549,230,0
2026-08-17T01:25:38.4882026Z,0,0,549,230,0
2026-08-17T01:25:38.4931515Z,0,0,549,230,0
2026-08-17T01:25:38.4981269Z,0,0,549,230,0
2026-08-17T01:25:38.5032425Z,0,0,549,230,0
2026-08-17T01:25:38.5079719Z,0,0,549,230,0
2026-08-17T01:25:38.5133105Z,0,0,549,230,0
2026-08-17T01:25:38.5180806Z,0,0,549,230,0
2026-08-17T01:25:38.5234864Z,0,0,549,230,0
2026-08-17T01:25:38.5282039Z,0,0,549,230,0
2026-08-17T01:25:38.532948Z,0,0,549,230,0
2026-08-17T01:25:38.5379771Z,0,0,549,230,0
2026-08-17T01:25:38.5432645Z,0,0,549,230,0
2026-08-17T01:25:38.5480445Z,0,0,549,230,0
2026-08-17T01:25:38.5532326Z,0,0,549,230,0
2026-08-17T01:25:38.5580014Z,0,0,549,230,0
2026-08-17T01:25:38.5632297Z,0,0,549,230,0
2026-08-17T01:25:38.5683227Z,0,0,549,230,0
2026-08-17T01:25:38.5730716Z,0,0,549,230,0
2026-08-17T01:25:38.578165Z,0,0,549,230,0
2026-08-17T01:25:38.5831882Z,0,0,549,230,0
2026-08-17T01:25:38.5884196Z,0,0,549,230,0
2026-08-17T01:25:38.5932456Z,0,0,549,230,0
2026-08-17T01:25:38.5984434Z,0,0,549,230,0
2026-08-17T01:25:38.6031581Z,0,0,549,230,0
2026-08-17T01:25:38.6083171Z,0,0,549,230,0
2026-08-17T01:25:38.6132899Z,0,0,549,230,0
2026-08-17T01:25:38.618498Z,0,0,549,230,0
2026-08-17T01:25:38.6236536Z,0,0,549,230,0
2026-08-17T01:25:38.6283548Z,0,0,549,230,0
2026-08-17T01:25:38.6333882Z,0,0,549,230,0
2026-08-17T01:25:38.6380785Z,0,0,549,230,0
2026-08-17T01:25:38.6433402Z,0,0,549,230,0
2026-08-17T01:25:38.6480532Z,0,0,549,230,0
2026-08-17T01:25:38.6533486Z,0,0,549,230,0
2026-08-17T01:25:38.6580463Z,0,0,549,230,0
2026-08-17T01:25:38.6633015Z,0,0,549,230,0
2026-08-17T01:25:38.6680767Z,0,0,549,230,0
2026-08-17T01:25:38.6730504Z,0,0,549,230,0
2026-08-17T01:25:38.6785863Z,0,0,549,230,0
2026-08-17T01:25:38.6835045Z,0,0,549,230,0
2026-08-17T01:25:38.6885855Z,0,0,549,230,0
2026-08-17T01:25:38.6929998Z,0,0,549,230,0
2026-08-17T01:25:38.698526Z,0,0,549,230,0
2026-08-17T01:25:38.703322Z,0,0,549,230,0
2026-08-17T01:25:38.7085564Z,0,0,549,230,0
2026-08-17T01:25:38.713142Z,0,0,549,230,0
2026-08-17T01:25:38.7187764Z,0,0,549,230,0
2026-08-17T01:25:38.7231842Z,0,0,549,230,0
2026-08-17T01:25:38.7284789Z,0,0,549,230,0
2026-08-17T01:25:38.733183Z,0,0,549,230,0
2026-08-17T01:25:38.7382107Z,0,0,549,230,0
2026-08-17T01:25:38.7430931Z,0,0,549,230,0
2026-08-17T01:25:38.7516383Z,0,0,549,230,0
2026-08-17T01:25:38.753214Z,0,0,549,230,0
2026-08-17T01:25:38.7580552Z,0,0,549,230,0
2026-08-17T01:25:38.7633229Z,0,0,549,230,0
2026-08-17T01:25:38.7681263Z,0,0,549,230,0
2026-08-17T01:25:38.7732547Z,0,0,549,230,0
2026-08-17T01:25:38.7781594Z,0,0,549,230,0
2026-08-17T01:25:38.7831712Z,0,0,549,230,0
2026-08-17T01:25:38.7879739Z,0,0,549,230,0
2026-08-17T01:25:38.7933218Z,0,0,549,230,0
2026-08-17T01:25:38.7983023Z,0,0,549,230,0
2026-08-17T01:25:38.8033767Z,0,0,549,230,0
2026-08-17T01:25:38.8082774Z,0,0,549,230,0
2026-08-17T01:25:38.813382Z,0,0,549,230,0
2026-08-17T01:25:38.8183175Z,0,0,549,230,0
2026-08-17T01:25:38.8235164Z,0,0,549,230,0
2026-08-17T01:25:38.8283108Z,0,0,549,230,0
2026-08-17T01:25:38.833424Z,0,0,549,230,0
2026-08-17T01:25:38.8383192Z,0,0,549,230,0
2026-08-17T01:25:38.8432623Z,0,0,549,230,0
2026-08-17T01:25:38.8480277Z,0,0,549,230,0
2026-08-17T01:25:38.8530932Z,0,0,549,230,0
2026-08-17T01:25:38.8582731Z,0,0,549,230,0
2026-08-17T01:25:38.8631566Z,0,0,549,230,0
2026-08-17T01:25:38.8680056Z,0,0,549,230,0
2026-08-17T01:25:38.87334Z,0,0,549,230,0
2026-08-17T01:25:38.8780742Z,0,0,549,230,0
2026-08-17T01:25:38.8829421Z,0,0,549,230,0
2026-08-17T01:25:38.8879756Z,0,0,549,230,0
2026-08-17T01:25:38.8932445Z,0,0,549,230,0
2026-08-17T01:25:38.8982326Z,0,0,549,230,0
2026-08-17T01:25:38.9031245Z,0,0,549,230,0
2026-08-17T01:25:38.9080029Z,0,0,549,230,0
2026-08-17T01:25:38.9133702Z,0,0,549,230,0
2026-08-17T01:25:38.9182762Z,0,0,549,230,0
2026-08-17T01:25:38.9234686Z,0,0,549,230,0
2026-08-17T01:25:38.9282875Z,0,0,549,230,0
2026-08-17T01:25:38.9331329Z,0,0,549,230,0
2026-08-17T01:25:38.9384735Z,0,0,549,230,0
2026-08-17T01:25:38.9431709Z,0,0,549,230,0
2026-08-17T01:25:38.9481736Z,0,0,549,230,0
2026-08-17T01:25:38.9531658Z,0,0,549,230,0
2026-08-17T01:25:38.9581511Z,0,0,549,230,0
2026-08-17T01:25:38.9632226Z,0,0,549,230,0
2026-08-17T01:25:38.9685849Z,0,0,549,230,0
2026-08-17T01:25:38.9730991Z,0,0,549,230,0
2026-08-17T01:25:38.9781433Z,0,0,549,230,0
2026-08-17T01:25:38.9834075Z,0,0,549,230,0
2026-08-17T01:25:38.9881086Z,0,0,549,230,0
2026-08-17T01:25:38.9935543Z,0,0,549,230,0
2026-08-17T01:25:38.9982137Z,0,0,549,230,0
2026-08-17T01:25:39.0030188Z,0,0,549,230,0
2026-08-17T01:25:39.0081905Z,0,0,549,230,0
2026-08-17T01:25:39.0132916Z,0,0,549,230,0
2026-08-17T01:25:39.0180219Z,0,0,549,230,0
2026-08-17T01:25:39.0232561Z,0,0,549,230,0
2026-08-17T01:25:39.028033Z,0,0,549,230,0
2026-08-17T01:25:39.0329837Z,0,0,549,230,0
2026-08-17T01:25:39.0382306Z,0,0,549,230,0
2026-08-17T01:25:39.0431865Z,0,0,549,230,0
2026-08-17T01:25:39.0478937Z,0,0,549,230,0
2026-08-17T01:25:39.053481Z,0,0,549,230,0
2026-08-17T01:25:39.0582894Z,0,0,549,230,0
2026-08-17T01:25:39.0632407Z,0,0,549,230,0
2026-08-17T01:25:39.0681362Z,0,0,549,230,0
2026-08-17T01:25:39.0730354Z,0,0,549,230,0
2026-08-17T01:25:39.0781379Z,0,0,549,230,0
2026-08-17T01:25:39.0832144Z,0,0,549,230,0
2026-08-17T01:25:39.0884494Z,0,0,549,230,0
2026-08-17T01:25:39.0933267Z,0,0,549,230,0
2026-08-17T01:25:39.0982036Z,0,0,549,230,0
2026-08-17T01:25:39.1033762Z,0,0,549,230,0
2026-08-17T01:25:39.108289Z,0,0,549,230,0
2026-08-17T01:25:39.1133672Z,0,0,549,230,0
2026-08-17T01:25:39.1183134Z,0,0,549,230,0
2026-08-17T01:25:39.1233385Z,0,0,549,230,0
2026-08-17T01:25:39.128109Z,0,0,549,230,0
2026-08-17T01:25:39.1330134Z,0,0,549,230,0
2026-08-17T01:25:39.1380058Z,0,0,549,230,0
2026-08-17T01:25:39.1429721Z,0,0,549,230,0
2026-08-17T01:25:39.1488018Z,0,0,549,230,0
2026-08-17T01:25:39.1531328Z,0,0,549,230,0
2026-08-17T01:25:39.1583451Z,0,0,549,230,0
2026-08-17T01:25:39.1638141Z,0,0,549,230,0
2026-08-17T01:25:39.1681435Z,0,0,549,230,0
2026-08-17T01:25:39.173208Z,0,0,549,230,0
2026-08-17T01:25:39.1780239Z,0,0,549,230,0
2026-08-17T01:25:39.1831024Z,0,0,549,230,0
2026-08-17T01:25:39.188105Z,0,0,549,230,0
2026-08-17T01:25:39.1931484Z,0,0,549,230,0
2026-08-17T01:25:39.1983826Z,0,0,549,230,0
2026-08-17T01:25:39.203098Z,0,0,549,230,0
2026-08-17T01:25:39.2079862Z,0,0,549,230,0
2026-08-17T01:25:39.213282Z,0,0,549,230,0
2026-08-17T01:25:39.2182404Z,0,0,549,230,0
2026-08-17T01:25:39.2230982Z,0,0,549,230,0
2026-08-17T01:25:39.2280109Z,0,0,549,230,0
2026-08-17T01:25:39.2333938Z,0,0,549,230,0
2026-08-17T01:25:39.2386662Z,0,0,549,230,0
2026-08-17T01:25:39.2431345Z,0,0,549,230,0
2026-08-17T01:25:39.2484748Z,0,0,549,230,0
2026-08-17T01:25:39.2533589Z,0,0,549,230,0
2026-08-17T01:25:39.2580146Z,0,0,549,230,0
2026-08-17T01:25:39.2630169Z,0,0,549,230,0
2026-08-17T01:25:39.2679905Z,0,0,549,230,0
2026-08-17T01:25:39.2734507Z,0,0,549,230,0
2026-08-17T01:25:39.2780808Z,0,0,549,230,0
2026-08-17T01:25:39.2830909Z,0,0,549,230,0
2026-08-17T01:25:39.2881602Z,0,0,549,230,0
2026-08-17T01:25:39.2932035Z,0,0,549,230,0
2026-08-17T01:25:39.2980934Z,0,0,549,230,0
2026-08-17T01:25:39.3034939Z,0,0,549,230,0
2026-08-17T01:25:39.3082561Z,0,0,549,230,0
2026-08-17T01:25:39.3133717Z,0,0,549,230,0
2026-08-17T01:25:39.3181779Z,0,0,549,230,0
2026-08-17T01:25:39.3232937Z,0,0,549,230,0
2026-08-17T01:25:39.32833Z,0,0,549,230,0
2026-08-17T01:25:39.3334312Z,0,0,549,230,0
2026-08-17T01:25:39.3384323Z,0,0,549,230,0
2026-08-17T01:25:39.343139Z,0,0,549,230,0
2026-08-17T01:25:39.3481776Z,0,0,549,230,0
2026-08-17T01:25:39.3534354Z,0,0,549,230,0
2026-08-17T01:25:39.3581563Z,0,0,549,230,0
2026-08-17T01:25:39.3632096Z,0,0,549,230,0
2026-08-17T01:25:39.3685394Z,0,0,549,230,0
2026-08-17T01:25:39.3734663Z,0,0,549,230,0
2026-08-17T01:25:39.3781502Z,0,0,549,230,0
2026-08-17T01:25:39.3837222Z,0,0,549,230,0
2026-08-17T01:25:39.3885066Z,0,0,549,230,0
2026-08-17T01:25:39.3933221Z,0,0,549,230,0
2026-08-17T01:25:39.3986719Z,0,0,549,230,0
2026-08-17T01:25:39.403342Z,0,0,549,230,0
2026-08-17T01:25:39.4081402Z,0,0,549,230,0
2026-08-17T01:25:39.4131744Z,0,0,549,230,0
2026-08-17T01:25:39.4187045Z,0,0,549,230,0
2026-08-17T01:25:39.4233289Z,0,0,549,230,0
2026-08-17T01:25:39.4282283Z,0,0,549,230,0
2026-08-17T01:25:39.4333817Z,0,0,549,230,0
2026-08-17T01:25:39.4381373Z,0,0,549,230,0
2026-08-17T01:25:39.4430289Z,0,0,549,230,0
2026-08-17T01:25:39.4481285Z,0,0,549,230,0
2026-08-17T01:25:39.4534781Z,0,0,549,230,0
2026-08-17T01:25:39.4581431Z,0,0,549,230,0
2026-08-17T01:25:39.4634272Z,0,0,549,230,0
2026-08-17T01:25:39.4684969Z,0,0,549,230,0
2026-08-17T01:25:39.4730094Z,0,0,549,230,0
2026-08-17T01:25:39.4780678Z,0,0,549,230,0
2026-08-17T01:25:39.4834424Z,0,0,549,230,0
2026-08-17T01:25:39.4882365Z,0,0,549,230,0
2026-08-17T01:25:39.4932699Z,0,0,549,230,0
2026-08-17T01:25:39.4981241Z,0,0,549,230,0
2026-08-17T01:25:39.5030672Z,0,0,549,230,0
2026-08-17T01:25:39.5084715Z,0,0,549,230,0
2026-08-17T01:25:39.5133816Z,0,0,549,230,0
2026-08-17T01:25:39.5181324Z,0,0,549,230,0
2026-08-17T01:25:39.5230771Z,0,0,549,230,0
2026-08-17T01:25:39.5285914Z,0,0,549,230,0
2026-08-17T01:25:39.5330947Z,0,0,549,230,0
2026-08-17T01:25:39.5379343Z,0,0,549,230,0
2026-08-17T01:25:39.5436042Z,0,0,549,230,0
2026-08-17T01:25:39.5483843Z,0,0,549,230,0
2026-08-17T01:25:39.5532677Z,0,0,549,230,0
2026-08-17T01:25:39.5580916Z,0,0,549,230,0
2026-08-17T01:25:39.563577Z,0,0,549,230,0
2026-08-17T01:25:39.5682373Z,0,0,549,230,0
2026-08-17T01:25:39.5733971Z,0,0,549,230,0
2026-08-17T01:25:39.578725Z,0,0,549,230,0
2026-08-17T01:25:39.5837243Z,0,0,549,230,0
2026-08-17T01:25:39.5880505Z,0,0,549,230,0
2026-08-17T01:25:39.5930607Z,0,0,549,230,0
2026-08-17T01:25:39.5981098Z,0,0,549,230,0
2026-08-17T01:25:39.6031991Z,0,0,549,230,0
2026-08-17T01:25:39.6087437Z,0,0,549,230,0
2026-08-17T01:25:39.6137351Z,0,0,549,230,0
2026-08-17T01:25:39.6180856Z,0,0,549,230,0
2026-08-17T01:25:39.6231209Z,0,0,549,230,0
2026-08-17T01:25:39.6281534Z,0,0,549,230,0
2026-08-17T01:25:39.6331204Z,0,0,549,230,0
2026-08-17T01:25:39.6384459Z,0,0,549,230,0
2026-08-17T01:25:39.6435667Z,0,0,549,230,0
2026-08-17T01:25:39.6484021Z,0,0,549,230,0
2026-08-17T01:25:39.6533434Z,0,0,549,230,0
2026-08-17T01:25:39.6581017Z,0,0,549,230,0
2026-08-17T01:25:39.6635272Z,0,0,549,230,0
2026-08-17T01:25:39.6685876Z,0,0,549,230,0
2026-08-17T01:25:39.673171Z,0,0,549,230,0
2026-08-17T01:25:39.6783818Z,0,0,549,230,0
2026-08-17T01:25:39.6834632Z,0,0,549,230,0
2026-08-17T01:25:39.6886872Z,0,0,549,230,0
2026-08-17T01:25:39.693135Z,0,0,549,230,0
2026-08-17T01:25:39.6981584Z,0,0,549,230,0
2026-08-17T01:25:39.70367Z,0,0,549,230,0
2026-08-17T01:25:39.7084346Z,0,0,549,230,0
2026-08-17T01:25:39.7139799Z,0,0,549,230,0
2026-08-17T01:25:39.7181026Z,0,0,549,230,0
2026-08-17T01:25:39.7230429Z,0,0,549,230,0
2026-08-17T01:25:39.7281496Z,0,0,549,230,0
2026-08-17T01:25:39.7331228Z,0,0,549,230,0
2026-08-17T01:25:39.7381932Z,0,0,549,230,0
2026-08-17T01:25:39.7432987Z,0,0,549,230,0
2026-08-17T01:25:39.7490513Z,0,0,549,230,0
2026-08-17T01:25:39.7531489Z,0,0,549,230,0
2026-08-17T01:25:39.7584402Z,0,0,549,230,0
2026-08-17T01:25:39.7634173Z,0,0,549,230,0
2026-08-17T01:25:39.7683705Z,0,0,549,230,0
2026-08-17T01:25:39.7730541Z,0,0,549,230,0
2026-08-17T01:25:39.7781004Z,0,0,549,230,0
2026-08-17T01:25:39.7836445Z,0,0,549,230,0
2026-08-17T01:25:39.7884352Z,0,0,549,230,0
2026-08-17T01:25:39.7931505Z,0,0,549,230,0
2026-08-17T01:25:39.7980968Z,0,0,549,230,0
2026-08-17T01:25:39.8029741Z,0,0,549,230,0
2026-08-17T01:25:39.8084452Z,0,0,549,230,0
2026-08-17T01:25:39.8131152Z,0,0,549,230,0
2026-08-17T01:25:39.8183103Z,0,0,549,230,0
2026-08-17T01:25:39.8232373Z,0,0,549,230,0
2026-08-17T01:25:39.8282296Z,0,0,549,230,0
2026-08-17T01:25:39.8330944Z,0,0,549,230,0
2026-08-17T01:25:39.8383008Z,0,0,549,230,0
2026-08-17T01:25:39.8435346Z,0,0,549,230,0
2026-08-17T01:25:39.8481996Z,0,0,549,230,0
2026-08-17T01:25:39.8536199Z,0,0,549,230,0
2026-08-17T01:25:39.8583614Z,0,0,549,230,0
2026-08-17T01:25:39.8632972Z,0,0,549,230,0
2026-08-17T01:25:39.868604Z,0,0,549,230,0
2026-08-17T01:25:39.8730494Z,0,0,549,230,0
2026-08-17T01:25:39.8782545Z,0,0,549,230,0
2026-08-17T01:25:39.8832774Z,0,0,549,230,0
2026-08-17T01:25:39.8883486Z,0,0,549,230,0
2026-08-17T01:25:39.8933683Z,0,0,549,230,0
2026-08-17T01:25:39.8986952Z,0,0,549,230,0
2026-08-17T01:25:39.9030985Z,0,0,549,230,0
2026-08-17T01:25:39.9083103Z,0,0,549,230,0
2026-08-17T01:25:39.9133113Z,0,0,549,230,0
2026-08-17T01:25:39.9185818Z,0,0,549,230,0
2026-08-17T01:25:39.923155Z,0,0,549,230,0
2026-08-17T01:25:39.9282358Z,0,0,549,230,0
2026-08-17T01:25:39.9332723Z,0,0,549,230,0
2026-08-17T01:25:39.9385972Z,0,0,549,230,0
2026-08-17T01:25:39.9434424Z,0,0,549,230,0
2026-08-17T01:25:39.9482277Z,0,0,549,230,0
2026-08-17T01:25:39.9532293Z,0,0,549,230,0
2026-08-17T01:25:39.9580355Z,0,0,549,230,0
2026-08-17T01:25:39.9637486Z,0,0,549,230,0
2026-08-17T01:25:39.9685605Z,0,0,549,230,0
2026-08-17T01:25:39.9733902Z,0,0,549,230,0
2026-08-17T01:25:39.9782073Z,0,0,549,230,0
2026-08-17T01:25:39.9833576Z,0,0,549,230,0
2026-08-17T01:25:39.988094Z,0,0,549,230,0
2026-08-17T01:25:39.9930926Z,0,0,549,230,0
2026-08-17T01:25:39.9985731Z,0,0,549,230,0
2026-08-17T01:25:40.0035507Z,0,0,549,230,0
2026-08-17T01:25:40.0083917Z,0,0,549,230,0
2026-08-17T01:25:40.0134094Z,0,0,549,230,0
2026-08-17T01:25:40.0184311Z,0,0,549,230,0
2026-08-17T01:25:40.0236394Z,0,0,549,230,0
2026-08-17T01:25:40.0286916Z,0,0,549,230,0
2026-08-17T01:25:40.0334284Z,0,0,549,230,0
2026-08-17T01:25:40.0384183Z,0,0,549,230,0
2026-08-17T01:25:40.043026Z,0,0,549,230,0
2026-08-17T01:25:40.0482616Z,0,0,549,230,0
2026-08-17T01:25:40.0533319Z,0,0,549,230,0
2026-08-17T01:25:40.0580647Z,0,0,549,230,0
2026-08-17T01:25:40.0636487Z,0,0,549,230,0
2026-08-17T01:25:40.0679739Z,0,0,549,230,0
2026-08-17T01:25:40.0731008Z,0,0,549,230,0
2026-08-17T01:25:40.0780134Z,0,0,549,230,0
2026-08-17T01:25:40.0834961Z,0,0,549,230,0
2026-08-17T01:25:40.0882915Z,0,0,549,230,0
2026-08-17T01:25:40.093208Z,0,0,549,230,0
2026-08-17T01:25:40.0981211Z,0,0,549,230,0
2026-08-17T01:25:40.1031161Z,0,0,549,230,0
2026-08-17T01:25:40.1080275Z,0,0,549,230,0
2026-08-17T01:25:40.1133339Z,0,0,549,230,0
2026-08-17T01:25:40.1181542Z,0,0,549,230,0
2026-08-17T01:25:40.1233079Z,0,0,549,230,0
2026-08-17T01:25:40.1279902Z,0,0,549,230,0
2026-08-17T01:25:40.1334799Z,0,0,549,230,0
2026-08-17T01:25:40.1386892Z,0,0,549,230,0
2026-08-17T01:25:40.1431601Z,0,0,549,230,0
2026-08-17T01:25:40.1484942Z,0,0,549,230,0
2026-08-17T01:25:40.1533889Z,0,0,549,230,0
2026-08-17T01:25:40.158175Z,0,0,549,230,0
2026-08-17T01:25:40.1632915Z,0,0,549,230,0
2026-08-17T01:25:40.1680657Z,0,0,549,230,0
2026-08-17T01:25:40.1735Z,0,0,549,230,0
2026-08-17T01:25:40.1783064Z,0,0,549,230,0
2026-08-17T01:25:40.183277Z,0,0,549,230,0
2026-08-17T01:25:40.1882906Z,0,0,549,230,0
2026-08-17T01:25:40.1938878Z,0,0,549,230,0
2026-08-17T01:25:40.1981816Z,0,0,549,230,0
2026-08-17T01:25:40.203453Z,0,0,549,230,0
2026-08-17T01:25:40.2084014Z,0,0,549,230,0
2026-08-17T01:25:40.21337Z,0,0,549,230,0
2026-08-17T01:25:40.2187221Z,0,0,549,230,0
2026-08-17T01:25:40.2232179Z,0,0,549,230,0
2026-08-17T01:25:40.2285525Z,0,0,549,230,0
2026-08-17T01:25:40.2334146Z,0,0,549,230,0
2026-08-17T01:25:40.2381772Z,0,0,549,230,0
2026-08-17T01:25:40.2432729Z,0,0,549,230,0
2026-08-17T01:25:40.2487162Z,0,0,549,230,0
2026-08-17T01:25:40.2532955Z,0,0,549,230,0
2026-08-17T01:25:40.258298Z,0,0,549,230,0
2026-08-17T01:25:40.263399Z,0,0,549,230,0
2026-08-17T01:25:40.2682086Z,0,0,549,230,0
2026-08-17T01:25:40.2736311Z,0,0,549,230,0
2026-08-17T01:25:40.2784295Z,0,0,549,230,0
2026-08-17T01:25:40.2840673Z,0,0,549,230,0
2026-08-17T01:25:40.2879374Z,0,0,549,230,0
2026-08-17T01:25:40.2932715Z,0,0,549,230,0
2026-08-17T01:25:40.2985025Z,0,0,549,230,0
2026-08-17T01:25:40.3036202Z,0,0,549,230,0
2026-08-17T01:25:40.3085619Z,0,0,549,230,0
2026-08-17T01:25:40.3130882Z,0,0,549,230,0
2026-08-17T01:25:40.318329Z,0,0,549,230,0
2026-08-17T01:25:40.323108Z,0,0,549,230,0
2026-08-17T01:25:40.3283559Z,0,0,549,230,0
2026-08-17T01:25:40.3334317Z,0,0,549,230,0
2026-08-17T01:25:40.338233Z,0,0,549,230,0
2026-08-17T01:25:40.3430748Z,0,0,549,230,0
2026-08-17T01:25:40.348381Z,0,0,549,230,0
2026-08-17T01:25:40.3534703Z,0,0,549,230,0
2026-08-17T01:25:40.3582049Z,0,0,549,230,0
2026-08-17T01:25:40.3631761Z,0,0,549,230,0
2026-08-17T01:25:40.3680974Z,0,0,549,230,0
2026-08-17T01:25:40.3731007Z,0,0,549,230,0
2026-08-17T01:25:40.3781499Z,0,0,549,230,0
2026-08-17T01:25:40.3832365Z,0,0,549,230,0
2026-08-17T01:25:40.3881264Z,0,0,549,230,0
2026-08-17T01:25:40.3932317Z,0,0,549,230,0
2026-08-17T01:25:40.3981834Z,0,0,549,230,0
2026-08-17T01:25:40.4032062Z,0,0,549,230,0
2026-08-17T01:25:40.4084742Z,0,0,549,230,0
2026-08-17T01:25:40.4129877Z,0,0,549,230,0
2026-08-17T01:25:40.4182162Z,0,0,549,230,0
2026-08-17T01:25:40.423322Z,0,0,549,230,0
2026-08-17T01:25:40.428322Z,0,0,549,230,0
2026-08-17T01:25:40.433368Z,0,0,549,230,0
2026-08-17T01:25:40.4380123Z,0,0,549,230,0
2026-08-17T01:25:40.4434536Z,0,0,549,230,0
2026-08-17T01:25:40.4482185Z,0,0,549,230,0
2026-08-17T01:25:40.4535158Z,0,0,549,230,0
2026-08-17T01:25:40.4581949Z,0,0,549,230,0
2026-08-17T01:25:40.4632081Z,0,0,549,230,0
2026-08-17T01:25:40.4684812Z,0,0,549,230,0
2026-08-17T01:25:40.4734039Z,0,0,549,230,0
2026-08-17T01:25:40.4783336Z,0,0,549,230,0
2026-08-17T01:25:40.4831348Z,0,0,549,230,0
2026-08-17T01:25:40.4885821Z,0,0,549,230,0
2026-08-17T01:25:40.4930875Z,0,0,549,230,0
2026-08-17T01:25:40.4982388Z,0,0,549,230,0
2026-08-17T01:25:40.503162Z,0,0,549,230,0
2026-08-17T01:25:40.5080669Z,0,0,549,230,0
2026-08-17T01:25:40.5133686Z,0,0,549,230,0
2026-08-17T01:25:40.5181544Z,0,0,549,230,0
2026-08-17T01:25:40.5233009Z,0,0,549,230,0
2026-08-17T01:25:40.528119Z,0,0,549,230,0
2026-08-17T01:25:40.5335076Z,0,0,549,230,0
2026-08-17T01:25:40.5382878Z,0,0,549,230,0
2026-08-17T01:25:40.543328Z,0,0,549,230,0
2026-08-17T01:25:40.5481128Z,0,0,549,230,0
2026-08-17T01:25:40.5530114Z,0,0,549,230,0
2026-08-17T01:25:40.558222Z,0,0,549,230,0
2026-08-17T01:25:40.5636045Z,0,0,549,230,0
2026-08-17T01:25:40.5684037Z,0,0,549,230,0
2026-08-17T01:25:40.5735203Z,0,0,549,230,0
2026-08-17T01:25:40.5783261Z,0,0,549,230,0
2026-08-17T01:25:40.5833004Z,0,0,549,230,0
2026-08-17T01:25:40.5887862Z,0,0,549,230,0
2026-08-17T01:25:40.5936601Z,0,0,549,230,0
2026-08-17T01:25:40.5986785Z,0,0,549,230,0
2026-08-17T01:25:40.6032154Z,0,0,549,230,0
2026-08-17T01:25:40.6086982Z,0,0,549,230,0
2026-08-17T01:25:40.6132397Z,0,0,549,230,0
2026-08-17T01:25:40.6180689Z,0,0,549,230,0
2026-08-17T01:25:40.6234996Z,0,0,549,230,0
2026-08-17T01:25:40.6282753Z,0,0,549,230,0
2026-08-17T01:25:40.633216Z,0,0,549,230,0
2026-08-17T01:25:40.6385433Z,0,0,549,230,0
2026-08-17T01:25:40.6437812Z,0,0,549,230,0
2026-08-17T01:25:40.6480551Z,0,0,549,230,0
2026-08-17T01:25:40.6535362Z,0,0,549,230,0
2026-08-17T01:25:40.6583197Z,0,0,549,230,0
2026-08-17T01:25:40.663504Z,0,0,549,230,0
2026-08-17T01:25:40.6685357Z,0,0,549,230,0
2026-08-17T01:25:40.6732228Z,0,0,549,230,0
2026-08-17T01:25:40.6782907Z,0,0,549,230,0
2026-08-17T01:25:40.6834869Z,0,0,549,230,0
2026-08-17T01:25:40.6882878Z,0,0,549,230,0
2026-08-17T01:25:40.6931545Z,0,0,549,230,0
2026-08-17T01:25:40.6987985Z,0,0,549,230,0
2026-08-17T01:25:40.7033065Z,0,0,549,230,0
2026-08-17T01:25:40.7080848Z,0,0,549,230,0
2026-08-17T01:25:40.7133893Z,0,0,549,230,0
2026-08-17T01:25:40.7181744Z,0,0,549,230,0
2026-08-17T01:25:40.7233366Z,0,0,549,230,0
2026-08-17T01:25:40.7280448Z,0,0,549,230,0
2026-08-17T01:25:40.7330756Z,0,0,549,230,0
2026-08-17T01:25:40.7384527Z,0,0,549,230,0
2026-08-17T01:25:40.7433518Z,0,0,549,230,0
2026-08-17T01:25:40.7486108Z,0,0,549,230,0
2026-08-17T01:25:40.7533906Z,0,0,549,230,0
2026-08-17T01:25:40.7583443Z,0,0,549,230,0
2026-08-17T01:25:40.7639708Z,0,0,549,230,0
2026-08-17T01:25:40.7681677Z,0,0,549,230,0
2026-08-17T01:25:40.7735048Z,0,0,549,230,0
2026-08-17T01:25:40.7782769Z,0,0,549,230,0
2026-08-17T01:25:40.7837793Z,0,0,549,230,0
2026-08-17T01:25:40.7884803Z,0,0,549,230,0
2026-08-17T01:25:40.7929782Z,0,0,549,230,0
2026-08-17T01:25:40.7984136Z,0,0,549,230,0
2026-08-17T01:25:40.8033681Z,0,0,549,230,0
2026-08-17T01:25:40.8082813Z,0,0,549,230,0
2026-08-17T01:25:40.8133287Z,0,0,549,230,0
2026-08-17T01:25:40.8181157Z,0,0,549,230,0
2026-08-17T01:25:40.8230771Z,0,0,549,230,0
2026-08-17T01:25:40.8279942Z,0,0,549,230,0
2026-08-17T01:25:40.8334414Z,0,0,549,230,0
2026-08-17T01:25:40.8382471Z,0,0,549,230,0
2026-08-17T01:25:40.8432343Z,0,0,549,230,0
2026-08-17T01:25:40.8481457Z,0,0,549,230,0
2026-08-17T01:25:40.8533925Z,0,0,549,230,0
2026-08-17T01:25:40.8580558Z,0,0,549,230,0
2026-08-17T01:25:40.8634951Z,0,0,549,230,0
2026-08-17T01:25:40.8682273Z,0,0,549,230,0
2026-08-17T01:25:40.8732943Z,0,0,549,230,0
2026-08-17T01:25:40.8781166Z,0,0,549,230,0
2026-08-17T01:25:40.8831739Z,0,0,549,230,0
2026-08-17T01:25:40.8880924Z,0,0,549,230,0
2026-08-17T01:25:40.8936828Z,0,0,549,230,0
2026-08-17T01:25:40.898603Z,0,0,549,230,0
2026-08-17T01:25:40.9035976Z,0,0,549,230,0
2026-08-17T01:25:40.9083151Z,0,0,549,230,0
2026-08-17T01:25:40.9133457Z,0,0,549,230,0
2026-08-17T01:25:40.9181565Z,0,0,549,230,0
2026-08-17T01:25:40.9233221Z,0,0,549,230,0
2026-08-17T01:25:40.9283423Z,0,0,549,230,0
2026-08-17T01:25:40.9333643Z,0,0,549,230,0
2026-08-17T01:25:40.9386977Z,0,0,549,230,0
2026-08-17T01:25:40.9432485Z,0,0,549,230,0
2026-08-17T01:25:40.9480533Z,0,0,549,230,0
2026-08-17T01:25:40.9534293Z,0,0,549,230,0
2026-08-17T01:25:40.9583356Z,0,0,549,230,0
2026-08-17T01:25:40.9634414Z,0,0,549,230,0
2026-08-17T01:25:40.9684773Z,0,0,549,230,0
2026-08-17T01:25:40.9730623Z,0,0,549,230,0
2026-08-17T01:25:40.9788553Z,0,0,549,230,0
2026-08-17T01:25:40.9832582Z,0,0,549,230,0
2026-08-17T01:25:40.9885557Z,0,0,549,230,0
2026-08-17T01:25:40.9931135Z,0,0,549,230,0
2026-08-17T01:25:40.9984072Z,0,0,549,230,0
2026-08-17T01:25:41.0033355Z,0,0,549,230,0
2026-08-17T01:25:41.0080641Z,0,0,549,230,0
2026-08-17T01:25:41.0134757Z,0,0,549,230,0
2026-08-17T01:25:41.0182276Z,0,0,549,230,0
2026-08-17T01:25:41.0231962Z,0,0,549,230,0
2026-08-17T01:25:41.0279345Z,0,0,549,230,0
2026-08-17T01:25:41.033346Z,0,0,549,230,0
2026-08-17T01:25:41.0381224Z,0,0,549,230,0
2026-08-17T01:25:41.0429665Z,0,0,549,230,0
2026-08-17T01:25:41.0480137Z,0,0,549,230,0
2026-08-17T01:25:41.0533089Z,0,0,549,230,0
2026-08-17T01:25:41.0582777Z,0,0,549,230,0
2026-08-17T01:25:41.0633365Z,0,0,549,230,0
2026-08-17T01:25:41.0682729Z,0,0,549,230,0
2026-08-17T01:25:41.0736247Z,0,0,549,230,0
2026-08-17T01:25:41.0782562Z,0,0,549,230,0
2026-08-17T01:25:41.0832827Z,0,0,549,230,0
2026-08-17T01:25:41.0879849Z,0,0,549,230,0
2026-08-17T01:25:41.0932964Z,0,0,549,230,0
2026-08-17T01:25:41.0982336Z,0,0,549,230,0
2026-08-17T01:25:41.1030561Z,0,0,549,230,0
2026-08-17T01:25:41.1080762Z,0,0,549,230,0
2026-08-17T01:25:41.1130113Z,0,0,549,230,0
2026-08-17T01:25:41.1181515Z,0,0,549,230,0
2026-08-17T01:25:41.1231701Z,0,0,549,230,0
2026-08-17T01:25:41.1281105Z,0,0,549,230,0
2026-08-17T01:25:41.1330976Z,0,0,549,230,0
2026-08-17T01:25:41.1382964Z,0,0,549,230,0
2026-08-17T01:25:41.143361Z,0,0,549,230,0
2026-08-17T01:25:41.1480919Z,0,0,549,230,0
2026-08-17T01:25:41.1534376Z,0,0,549,230,0
2026-08-17T01:25:41.1581914Z,0,0,549,230,0
2026-08-17T01:25:41.1629479Z,0,0,549,230,0
2026-08-17T01:25:41.1679774Z,0,0,549,230,0
2026-08-17T01:25:41.1731009Z,0,0,549,230,0
2026-08-17T01:25:41.1779898Z,0,0,549,230,0
2026-08-17T01:25:41.183267Z,0,0,549,230,0
2026-08-17T01:25:41.1884843Z,0,0,549,230,0
2026-08-17T01:25:41.1933655Z,0,0,549,230,0
2026-08-17T01:25:41.1982398Z,0,0,549,230,0
2026-08-17T01:25:41.2034217Z,0,0,549,230,0
2026-08-17T01:25:41.2082379Z,0,0,549,230,0
2026-08-17T01:25:41.2132293Z,0,0,549,230,0
2026-08-17T01:25:41.2181815Z,0,0,549,230,0
2026-08-17T01:25:41.2233963Z,0,0,549,230,0
2026-08-17T01:25:41.2282159Z,0,0,549,230,0
2026-08-17T01:25:41.2334287Z,0,0,549,230,0
2026-08-17T01:25:41.2381578Z,0,0,549,230,0
2026-08-17T01:25:41.2431617Z,0,0,549,230,0
2026-08-17T01:25:41.2483213Z,0,0,549,230,0
2026-08-17T01:25:41.2529696Z,0,0,549,230,0
2026-08-17T01:25:41.2582511Z,0,0,549,230,0
2026-08-17T01:25:41.263196Z,0,0,549,230,0
2026-08-17T01:25:41.2680078Z,0,0,549,230,0
2026-08-17T01:25:41.2731245Z,0,0,549,230,0
2026-08-17T01:25:41.2782139Z,0,0,549,230,0
2026-08-17T01:25:41.2835196Z,0,0,549,230,0
2026-08-17T01:25:41.2882931Z,0,0,549,230,0
2026-08-17T01:25:41.2931685Z,0,0,549,230,0
2026-08-17T01:25:41.2984728Z,0,0,549,230,0
2026-08-17T01:25:41.3033255Z,0,0,549,230,0
2026-08-17T01:25:41.3082325Z,0,0,549,230,0
2026-08-17T01:25:41.313025Z,0,0,549,230,0
2026-08-17T01:25:41.3181031Z,0,0,549,230,0
2026-08-17T01:25:41.3231741Z,0,0,549,230,0
2026-08-17T01:25:41.3281939Z,0,0,549,230,0
2026-08-17T01:25:41.3331646Z,0,0,549,230,0
2026-08-17T01:25:41.3384194Z,0,0,549,230,0
2026-08-17T01:25:41.3430705Z,0,0,549,230,0
2026-08-17T01:25:41.348138Z,0,0,549,230,0
2026-08-17T01:25:41.3533215Z,0,0,549,230,0
2026-08-17T01:25:41.3582708Z,0,0,549,230,0
2026-08-17T01:25:41.3633332Z,0,0,549,230,0
2026-08-17T01:25:41.3680975Z,0,0,549,230,0
2026-08-17T01:25:41.3733797Z,0,0,549,230,0
2026-08-17T01:25:41.3781766Z,0,0,549,230,0
2026-08-17T01:25:41.3830969Z,0,0,549,230,0
2026-08-17T01:25:41.3884064Z,0,0,549,230,0
2026-08-17T01:25:41.3931859Z,0,0,549,230,0
2026-08-17T01:25:41.3981527Z,0,0,549,230,0
2026-08-17T01:25:41.4032329Z,0,0,549,230,0
2026-08-17T01:25:41.4079874Z,0,0,549,230,0
2026-08-17T01:25:41.4133325Z,0,0,549,230,0
2026-08-17T01:25:41.4182357Z,0,0,549,230,0
2026-08-17T01:25:41.4234495Z,0,0,549,230,0
2026-08-17T01:25:41.4282869Z,0,0,549,230,0
2026-08-17T01:25:41.4334996Z,0,0,549,230,0
2026-08-17T01:25:41.4382226Z,0,0,549,230,0
2026-08-17T01:25:41.443037Z,0,0,549,230,0
2026-08-17T01:25:41.4481295Z,0,0,549,230,0
2026-08-17T01:25:41.4532195Z,0,0,549,230,0
2026-08-17T01:25:41.4580493Z,0,0,549,230,0
2026-08-17T01:25:41.4629804Z,0,0,549,230,0
2026-08-17T01:25:41.4681659Z,0,0,549,230,0
2026-08-17T01:25:41.4730758Z,0,0,549,230,0
2026-08-17T01:25:41.4781674Z,0,0,549,230,0
2026-08-17T01:25:41.4831487Z,0,0,549,230,0
2026-08-17T01:25:41.4884901Z,0,0,549,230,0
2026-08-17T01:25:41.4933177Z,0,0,549,230,0
2026-08-17T01:25:41.4982504Z,0,0,549,230,0
2026-08-17T01:25:41.5033439Z,0,0,549,230,0
2026-08-17T01:25:41.5081224Z,0,0,549,230,0
2026-08-17T01:25:41.5131565Z,0,0,549,230,0
2026-08-17T01:25:41.5184754Z,0,0,549,230,0
2026-08-17T01:25:41.5231238Z,0,0,549,230,0
2026-08-17T01:25:41.52824Z,0,0,549,230,0
2026-08-17T01:25:41.5329762Z,0,0,549,230,0
2026-08-17T01:25:41.5383184Z,0,0,549,230,0
2026-08-17T01:25:41.5430639Z,0,0,549,230,0
2026-08-17T01:25:41.5484784Z,0,0,549,230,0
2026-08-17T01:25:41.553472Z,0,0,549,230,0
2026-08-17T01:25:41.5581865Z,0,0,549,230,0
2026-08-17T01:25:41.563587Z,0,0,549,230,0
2026-08-17T01:25:41.5686007Z,0,0,549,230,0
2026-08-17T01:25:41.5735947Z,0,0,549,230,0
2026-08-17T01:25:41.5783402Z,0,0,549,230,0
2026-08-17T01:25:41.5831924Z,0,0,549,230,0
2026-08-17T01:25:41.5880752Z,0,0,549,230,0
2026-08-17T01:25:41.5930832Z,0,0,549,230,0
2026-08-17T01:25:41.5980688Z,0,0,549,230,0
2026-08-17T01:25:41.6033841Z,0,0,549,230,0
2026-08-17T01:25:41.6081118Z,0,0,549,230,0
2026-08-17T01:25:41.6131965Z,0,0,549,230,0
2026-08-17T01:25:41.6186901Z,0,0,549,230,0
2026-08-17T01:25:41.6235697Z,0,0,549,230,0
2026-08-17T01:25:41.6283477Z,0,0,549,230,0
2026-08-17T01:25:41.6330567Z,0,0,549,230,0
2026-08-17T01:25:41.6380793Z,0,0,549,230,0
2026-08-17T01:25:41.6433151Z,0,0,549,230,0
2026-08-17T01:25:41.6480302Z,0,0,549,230,0
2026-08-17T01:25:41.6534184Z,0,0,549,230,0
2026-08-17T01:25:41.6583183Z,0,0,549,230,0
2026-08-17T01:25:41.6633856Z,0,0,549,230,0
2026-08-17T01:25:41.6686289Z,0,0,549,230,0
2026-08-17T01:25:41.6733341Z,0,0,549,230,0
2026-08-17T01:25:41.6780654Z,0,0,549,230,0
2026-08-17T01:25:41.6831052Z,0,0,549,230,0
2026-08-17T01:25:41.6881107Z,0,0,549,230,0
2026-08-17T01:25:41.693245Z,0,0,549,230,0
2026-08-17T01:25:41.6981864Z,0,0,549,230,0
2026-08-17T01:25:41.7032313Z,0,0,549,230,0
2026-08-17T01:25:41.7080199Z,0,0,549,230,0
2026-08-17T01:25:41.7133861Z,0,0,549,230,0
2026-08-17T01:25:41.7182002Z,0,0,549,230,0
2026-08-17T01:25:41.72335Z,0,0,549,230,0
2026-08-17T01:25:41.7281841Z,0,0,549,230,0
2026-08-17T01:25:41.7329962Z,0,0,549,230,0
2026-08-17T01:25:41.7380777Z,0,0,549,230,0
2026-08-17T01:25:41.7433118Z,0,0,549,230,0
2026-08-17T01:25:41.7483239Z,0,0,549,230,0
2026-08-17T01:25:41.7530309Z,0,0,549,230,0
2026-08-17T01:25:41.7579494Z,0,0,549,230,0
2026-08-17T01:25:41.7632299Z,0,0,549,230,0
2026-08-17T01:25:41.7685236Z,0,0,549,230,0
2026-08-17T01:25:41.7732989Z,0,0,549,230,0
2026-08-17T01:25:41.777992Z,0,0,549,230,0
2026-08-17T01:25:41.7832172Z,0,0,549,230,0
2026-08-17T01:25:41.787996Z,0,0,549,230,0
2026-08-17T01:25:41.7933302Z,0,0,549,230,0
2026-08-17T01:25:41.7981271Z,0,0,549,230,0
2026-08-17T01:25:41.8032344Z,0,0,549,230,0
2026-08-17T01:25:41.8084846Z,0,0,549,230,0
2026-08-17T01:25:41.813341Z,0,0,549,230,0
2026-08-17T01:25:41.8182822Z,0,0,549,230,0
2026-08-17T01:25:41.8234416Z,0,0,549,230,0
2026-08-17T01:25:41.828397Z,0,0,549,230,0
2026-08-17T01:25:41.8330791Z,0,0,549,230,0
2026-08-17T01:25:41.8379762Z,0,0,549,230,0
2026-08-17T01:25:41.8430755Z,0,0,549,230,0
2026-08-17T01:25:41.8480036Z,0,0,549,230,0
2026-08-17T01:25:41.8533616Z,0,0,549,230,0
2026-08-17T01:25:41.8581372Z,0,0,549,230,0
2026-08-17T01:25:41.863194Z,0,0,549,230,0
2026-08-17T01:25:41.8685021Z,0,0,549,230,0
2026-08-17T01:25:41.8732951Z,0,0,549,230,0
2026-08-17T01:25:41.8780255Z,0,0,549,230,0
2026-08-17T01:25:41.8832905Z,0,0,549,230,0
2026-08-17T01:25:41.8880598Z,0,0,549,230,0
2026-08-17T01:25:41.8936539Z,0,0,549,230,0
2026-08-17T01:25:41.8985574Z,0,0,549,230,0
2026-08-17T01:25:41.9031238Z,0,0,549,230,0
2026-08-17T01:25:41.9082593Z,0,0,549,230,0
2026-08-17T01:25:41.9132986Z,0,0,549,230,0
2026-08-17T01:25:41.9180036Z,0,0,549,230,0
2026-08-17T01:25:41.9231705Z,0,0,549,230,0
2026-08-17T01:25:41.9285251Z,0,0,549,230,0
2026-08-17T01:25:41.9334343Z,0,0,549,230,0
2026-08-17T01:25:41.9382026Z,0,0,549,230,0
2026-08-17T01:25:41.9432249Z,0,0,549,230,0
2026-08-17T01:25:41.9483674Z,0,0,549,230,0
2026-08-17T01:25:41.9531471Z,0,0,549,230,0
2026-08-17T01:25:41.9583744Z,0,0,549,230,0
2026-08-17T01:25:41.9635063Z,0,0,549,230,0
2026-08-17T01:25:41.9682229Z,0,0,549,230,0
2026-08-17T01:25:41.9730722Z,0,0,549,230,0
2026-08-17T01:25:41.9781732Z,0,0,549,230,0
2026-08-17T01:25:41.9830781Z,0,0,549,230,0
2026-08-17T01:25:41.9883614Z,0,0,549,230,0
2026-08-17T01:25:41.9929561Z,0,0,549,230,0
2026-08-17T01:25:41.9981095Z,0,0,549,230,0
2026-08-17T01:25:42.003208Z,0,0,549,230,0
2026-08-17T01:25:42.0081206Z,0,0,549,230,0
2026-08-17T01:25:42.0132949Z,0,0,549,230,0
2026-08-17T01:25:42.0183496Z,0,0,549,230,0
2026-08-17T01:25:42.023169Z,0,0,549,230,0
2026-08-17T01:25:42.0282863Z,0,0,549,230,0
2026-08-17T01:25:42.0331471Z,0,0,549,230,0
2026-08-17T01:25:42.0383485Z,0,0,549,230,0
2026-08-17T01:25:42.0431102Z,0,0,549,230,0
2026-08-17T01:25:42.0478729Z,0,0,549,230,0
2026-08-17T01:25:42.053329Z,0,0,549,230,0
2026-08-17T01:25:42.0580572Z,0,0,549,230,0
2026-08-17T01:25:42.0633552Z,0,0,549,230,0
2026-08-17T01:25:42.0685186Z,0,0,549,230,0
2026-08-17T01:25:42.0734156Z,0,0,549,230,0
2026-08-17T01:25:42.0782172Z,0,0,549,230,0
2026-08-17T01:25:42.0831074Z,0,0,549,230,0
2026-08-17T01:25:42.0882031Z,0,0,549,230,0
2026-08-17T01:25:42.0931769Z,0,0,549,230,0
2026-08-17T01:25:42.0984384Z,0,0,549,230,0
2026-08-17T01:25:42.1034131Z,0,0,549,230,0
2026-08-17T01:25:42.1082874Z,0,0,549,230,0
2026-08-17T01:25:42.1130851Z,0,0,549,230,0
2026-08-17T01:25:42.1179969Z,0,0,549,230,0
2026-08-17T01:25:42.1232523Z,0,0,549,230,0
2026-08-17T01:25:42.1284694Z,0,0,549,230,0
2026-08-17T01:25:42.133275Z,0,0,549,230,0
2026-08-17T01:25:42.1379254Z,0,0,549,230,0
2026-08-17T01:25:42.1431042Z,0,0,549,230,0
2026-08-17T01:25:42.1480862Z,0,0,549,230,0
2026-08-17T01:25:42.1532515Z,0,0,549,230,0
2026-08-17T01:25:42.1580148Z,0,0,549,230,0
2026-08-17T01:25:42.1633256Z,0,0,549,230,0
2026-08-17T01:25:42.16862Z,0,0,549,230,0
2026-08-17T01:25:42.1737582Z,0,0,549,230,0
2026-08-17T01:25:42.1780179Z,0,0,549,230,0
2026-08-17T01:25:42.1837279Z,0,0,549,230,0
2026-08-17T01:25:42.188015Z,0,0,549,230,0
2026-08-17T01:25:42.1931517Z,0,0,549,230,0
2026-08-17T01:25:42.1981527Z,0,0,549,230,0
2026-08-17T01:25:42.2032153Z,0,0,549,230,0
2026-08-17T01:25:42.2083906Z,0,0,549,230,0
2026-08-17T01:25:42.2133611Z,0,0,549,230,0
2026-08-17T01:25:42.218597Z,0,0,549,230,0
2026-08-17T01:25:42.2229696Z,0,0,549,230,0
2026-08-17T01:25:42.2281981Z,0,0,549,230,0
2026-08-17T01:25:42.2334093Z,0,0,549,230,0
2026-08-17T01:25:42.2381794Z,0,0,549,230,0
2026-08-17T01:25:42.2431077Z,0,0,549,230,0
2026-08-17T01:25:42.2482056Z,0,0,549,230,0
2026-08-17T01:25:42.2535375Z,0,0,549,230,0
2026-08-17T01:25:42.2583285Z,0,0,549,230,0
2026-08-17T01:25:42.2633078Z,0,0,549,230,0
2026-08-17T01:25:42.2681078Z,0,0,549,230,0
2026-08-17T01:25:42.2734853Z,0,0,549,230,0
2026-08-17T01:25:42.2784511Z,0,0,549,230,0
2026-08-17T01:25:42.2833277Z,0,0,549,230,0
2026-08-17T01:25:42.2880647Z,0,0,549,230,0
2026-08-17T01:25:42.2932792Z,0,0,549,230,0
2026-08-17T01:25:42.2985785Z,0,0,549,230,0
2026-08-17T01:25:42.3029832Z,0,0,549,230,0
2026-08-17T01:25:42.3080614Z,0,0,549,230,0
2026-08-17T01:25:42.313172Z,0,0,549,230,0
2026-08-17T01:25:42.3179778Z,0,0,549,230,0
2026-08-17T01:25:42.323368Z,0,0,549,230,0
2026-08-17T01:25:42.3282313Z,0,0,549,230,0
2026-08-17T01:25:42.3332308Z,0,0,549,230,0
2026-08-17T01:25:42.3390781Z,0,0,549,230,0
2026-08-17T01:25:42.343112Z,0,0,549,230,0
2026-08-17T01:25:42.3480344Z,0,0,549,230,0
2026-08-17T01:25:42.3533943Z,0,0,549,230,0
2026-08-17T01:25:42.3581511Z,0,0,549,230,0
2026-08-17T01:25:42.3633828Z,0,0,549,230,0
2026-08-17T01:25:42.3687233Z,0,0,549,230,0
2026-08-17T01:25:42.3733372Z,0,0,549,230,0
2026-08-17T01:25:42.3780892Z,0,0,549,230,0
2026-08-17T01:25:42.3832027Z,0,0,549,230,0
2026-08-17T01:25:42.3883697Z,0,0,549,230,0
2026-08-17T01:25:42.3935906Z,0,0,549,230,0
2026-08-17T01:25:42.3985344Z,0,0,549,230,0
2026-08-17T01:25:42.4035941Z,0,0,549,230,0
2026-08-17T01:25:42.4082821Z,0,0,549,230,0
2026-08-17T01:25:42.412985Z,0,0,549,230,0
2026-08-17T01:25:42.4183379Z,0,0,549,230,0
2026-08-17T01:25:42.423331Z,0,0,549,230,0
2026-08-17T01:25:42.4284287Z,0,0,549,230,0
2026-08-17T01:25:42.4333743Z,0,0,549,230,0
2026-08-17T01:25:42.4381256Z,0,0,549,230,0
2026-08-17T01:25:42.4431031Z,0,0,549,230,0
2026-08-17T01:25:42.448416Z,0,0,549,230,0
2026-08-17T01:25:42.4533935Z,0,0,549,230,0
2026-08-17T01:25:42.4580596Z,0,0,549,230,0
2026-08-17T01:25:42.4633663Z,0,0,549,230,0
2026-08-17T01:25:42.4684297Z,0,0,549,230,0
2026-08-17T01:25:42.4731326Z,0,0,549,230,0
2026-08-17T01:25:42.4783132Z,0,0,549,230,0
2026-08-17T01:25:42.483272Z,0,0,549,230,0
2026-08-17T01:25:42.4883441Z,0,0,549,230,0
2026-08-17T01:25:42.493203Z,0,0,549,230,0
2026-08-17T01:25:42.49833Z,0,0,549,230,0
2026-08-17T01:25:42.5031787Z,0,0,549,230,0
2026-08-17T01:25:42.5084189Z,0,0,549,230,0
2026-08-17T01:25:42.5134207Z,0,0,549,230,0
2026-08-17T01:25:42.5183084Z,0,0,549,230,0
2026-08-17T01:25:42.5233687Z,0,0,549,230,0
2026-08-17T01:25:42.5282034Z,0,0,549,230,0
2026-08-17T01:25:42.533188Z,0,0,549,230,0
2026-08-17T01:25:42.538442Z,0,0,549,230,0
2026-08-17T01:25:42.5434101Z,0,0,549,230,0
2026-08-17T01:25:42.5482216Z,0,0,549,230,0
2026-08-17T01:25:42.553256Z,0,0,549,230,0
2026-08-17T01:25:42.5580261Z,0,0,549,230,0
2026-08-17T01:25:42.5630683Z,0,0,549,230,0
2026-08-17T01:25:42.5682677Z,0,0,549,230,0
2026-08-17T01:25:42.5730057Z,0,0,549,230,0
2026-08-17T01:25:42.5784301Z,0,0,549,230,0
2026-08-17T01:25:42.5834506Z,0,0,549,230,0
2026-08-17T01:25:42.5884287Z,0,0,549,230,0
2026-08-17T01:25:42.5929628Z,0,0,549,230,0
2026-08-17T01:25:42.5986294Z,0,0,549,230,0
2026-08-17T01:25:42.603192Z,0,0,549,230,0
2026-08-17T01:25:42.608078Z,0,0,549,230,0
2026-08-17T01:25:42.6134089Z,0,0,549,230,0
2026-08-17T01:25:42.6183255Z,0,0,549,230,0
2026-08-17T01:25:42.6236595Z,0,0,549,230,0
2026-08-17T01:25:42.6285056Z,0,0,549,230,0
2026-08-17T01:25:42.6330191Z,0,0,549,230,0
2026-08-17T01:25:42.6386938Z,0,0,549,230,0
2026-08-17T01:25:42.6435541Z,0,0,549,230,0
2026-08-17T01:25:42.6482998Z,0,0,549,230,0
2026-08-17T01:25:42.6534286Z,0,0,549,230,0
2026-08-17T01:25:42.6587135Z,0,0,549,230,0
2026-08-17T01:25:42.6631353Z,0,0,549,230,0
2026-08-17T01:25:42.6681188Z,0,0,549,230,0
2026-08-17T01:25:42.6737498Z,0,0,549,230,0
2026-08-17T01:25:42.67816Z,0,0,549,230,0
2026-08-17T01:25:42.6829964Z,0,0,549,230,0
2026-08-17T01:25:42.6884517Z,0,0,549,230,0
2026-08-17T01:25:42.6930431Z,0,0,549,230,0
2026-08-17T01:25:42.6981497Z,0,0,549,230,0
2026-08-17T01:25:42.7031045Z,0,0,549,230,0
2026-08-17T01:25:42.7079576Z,0,0,549,230,0
2026-08-17T01:25:42.7133549Z,0,0,549,230,0
2026-08-17T01:25:42.718055Z,0,0,549,230,0
2026-08-17T01:25:42.7233211Z,0,0,549,230,0
2026-08-17T01:25:42.7280248Z,0,0,549,230,0
2026-08-17T01:25:42.7332373Z,0,0,549,230,0
2026-08-17T01:25:42.7380023Z,0,0,549,230,0
2026-08-17T01:25:42.7433882Z,0,0,549,230,0
2026-08-17T01:25:42.7480885Z,0,0,549,230,0
2026-08-17T01:25:42.7533485Z,0,0,549,230,0
2026-08-17T01:25:42.7580105Z,0,0,549,230,0
2026-08-17T01:25:42.7632309Z,0,0,549,230,0
2026-08-17T01:25:42.7682357Z,0,0,549,230,0
2026-08-17T01:25:42.7732224Z,0,0,549,230,0
2026-08-17T01:25:42.7785617Z,0,0,549,230,0
2026-08-17T01:25:42.7832872Z,0,0,549,230,0
2026-08-17T01:25:42.7880787Z,0,0,549,230,0
2026-08-17T01:25:42.7929404Z,0,0,549,230,0
2026-08-17T01:25:42.7980216Z,0,0,549,230,0
2026-08-17T01:25:42.8030429Z,0,0,549,230,0
2026-08-17T01:25:42.8084777Z,0,0,549,230,0
2026-08-17T01:25:42.8133312Z,0,0,549,230,0
2026-08-17T01:25:42.8186662Z,0,0,549,230,0
2026-08-17T01:25:42.8239949Z,0,0,549,230,0
2026-08-17T01:25:42.8283029Z,0,0,549,230,0
2026-08-17T01:25:42.8366401Z,0,0,549,230,0
2026-08-17T01:25:42.8380653Z,0,0,549,230,0
2026-08-17T01:25:42.8429576Z,0,0,549,230,0
2026-08-17T01:25:42.8483203Z,0,0,549,230,0
2026-08-17T01:25:42.8531582Z,0,0,549,230,0
2026-08-17T01:25:42.8584784Z,0,0,549,230,0
2026-08-17T01:25:42.8633175Z,0,0,549,230,0
2026-08-17T01:25:42.8682539Z,0,0,549,230,0
2026-08-17T01:25:42.8735586Z,0,0,549,230,0
2026-08-17T01:25:42.878217Z,0,0,549,230,0
2026-08-17T01:25:42.8833259Z,0,0,549,230,0
2026-08-17T01:25:42.8881824Z,0,0,549,230,0
2026-08-17T01:25:42.8930263Z,0,0,549,230,0
2026-08-17T01:25:42.8981952Z,0,0,549,230,0
2026-08-17T01:25:42.9030689Z,0,0,549,230,0
2026-08-17T01:25:42.9081381Z,0,0,549,230,0
2026-08-17T01:25:42.9131594Z,0,0,549,230,0
2026-08-17T01:25:42.9180659Z,0,0,549,230,0
2026-08-17T01:25:42.9232565Z,0,0,549,230,0
2026-08-17T01:25:42.9280202Z,0,0,549,230,0
2026-08-17T01:25:42.9333251Z,0,0,549,230,0
2026-08-17T01:25:42.9381037Z,0,0,549,230,0
2026-08-17T01:25:42.9431376Z,0,0,549,230,0
2026-08-17T01:25:42.9480636Z,0,0,549,230,0
2026-08-17T01:25:42.9534492Z,0,0,549,230,0
2026-08-17T01:25:42.9582914Z,0,0,549,230,0
2026-08-17T01:25:42.963258Z,0,0,549,230,0
2026-08-17T01:25:42.9684294Z,0,0,549,230,0
2026-08-17T01:25:42.9730235Z,0,0,549,230,0
2026-08-17T01:25:42.9781221Z,0,0,549,230,0
2026-08-17T01:25:42.9835721Z,0,0,549,230,0
2026-08-17T01:25:42.9882772Z,0,0,549,230,0
2026-08-17T01:25:42.9933921Z,0,0,549,230,0
2026-08-17T01:25:42.9984757Z,0,0,549,230,0
2026-08-17T01:25:43.0032635Z,0,0,549,230,0
2026-08-17T01:25:43.0081248Z,0,0,549,230,0
2026-08-17T01:25:43.0132119Z,0,0,549,230,0
2026-08-17T01:25:43.0182998Z,0,0,549,230,0
2026-08-17T01:25:43.0231957Z,0,0,549,230,0
2026-08-17T01:25:43.0284698Z,0,0,549,230,0
2026-08-17T01:25:43.0334581Z,0,0,549,230,0
2026-08-17T01:25:43.0383307Z,0,0,549,230,0
2026-08-17T01:25:43.0429814Z,0,0,549,230,0
2026-08-17T01:25:43.0484148Z,0,0,549,230,0
2026-08-17T01:25:43.0530229Z,0,0,549,230,0
2026-08-17T01:25:43.0583846Z,0,0,549,230,0
2026-08-17T01:25:43.0633072Z,0,0,549,230,0
2026-08-17T01:25:43.0684777Z,0,0,549,230,0
2026-08-17T01:25:43.0731182Z,0,0,549,230,0
2026-08-17T01:25:43.0781068Z,0,0,549,230,0
2026-08-17T01:25:43.0836992Z,0,0,549,230,0
2026-08-17T01:25:43.0884361Z,0,0,549,230,0
2026-08-17T01:25:43.0933218Z,0,0,549,230,0
2026-08-17T01:25:43.0986129Z,0,0,549,230,0
2026-08-17T01:25:43.1031782Z,0,0,549,230,0
2026-08-17T01:25:43.1083775Z,0,0,549,230,0
2026-08-17T01:25:43.1133017Z,0,0,549,230,0
2026-08-17T01:25:43.1184778Z,0,0,549,230,0
2026-08-17T01:25:43.1234391Z,0,0,549,230,0
2026-08-17T01:25:43.1283721Z,0,0,549,230,0
2026-08-17T01:25:43.1335511Z,0,0,549,230,0
2026-08-17T01:25:43.1379986Z,0,0,549,230,0
2026-08-17T01:25:43.1435026Z,0,0,549,230,0
2026-08-17T01:25:43.1482711Z,0,0,549,230,0
2026-08-17T01:25:43.1536445Z,0,0,549,230,0
2026-08-17T01:25:43.1582385Z,0,0,549,230,0
2026-08-17T01:25:43.1637727Z,0,0,549,230,0
2026-08-17T01:25:43.1683753Z,0,0,549,230,0
2026-08-17T01:25:43.1734933Z,0,0,549,230,0
2026-08-17T01:25:43.1782942Z,0,0,549,230,0
2026-08-17T01:25:43.1836436Z,0,0,549,230,0
2026-08-17T01:25:43.1884179Z,0,0,549,230,0
2026-08-17T01:25:43.193396Z,0,0,549,230,0
2026-08-17T01:25:43.1986943Z,0,0,549,230,0
2026-08-17T01:25:43.203142Z,0,0,549,230,0
2026-08-17T01:25:43.2082752Z,0,0,549,230,0
2026-08-17T01:25:43.2135474Z,0,0,549,230,0
2026-08-17T01:25:43.21845Z,0,0,549,230,0
2026-08-17T01:25:43.2232171Z,0,0,549,230,0
2026-08-17T01:25:43.2283747Z,0,0,549,230,0
2026-08-17T01:25:43.2336878Z,0,0,549,230,0
2026-08-17T01:25:43.2383566Z,0,0,549,230,0
2026-08-17T01:25:43.2434762Z,0,0,549,230,0
2026-08-17T01:25:43.248337Z,0,0,549,230,0
2026-08-17T01:25:43.253309Z,0,0,549,230,0
2026-08-17T01:25:43.2584342Z,0,0,549,230,0
2026-08-17T01:25:43.2632868Z,0,0,549,230,0
2026-08-17T01:25:43.2681496Z,0,0,549,230,0
2026-08-17T01:25:43.2731955Z,0,0,549,230,0
2026-08-17T01:25:43.2784408Z,0,0,549,230,0
2026-08-17T01:25:43.2831378Z,0,0,549,230,0
2026-08-17T01:25:43.2884171Z,0,0,549,230,0
2026-08-17T01:25:43.2931418Z,0,0,549,230,0
2026-08-17T01:25:43.2983171Z,0,0,549,230,0
2026-08-17T01:25:43.3032976Z,0,0,549,230,0
2026-08-17T01:25:43.3080379Z,0,0,549,230,0
2026-08-17T01:25:43.3129984Z,0,0,549,230,0
2026-08-17T01:25:43.3184426Z,0,0,549,230,0
2026-08-17T01:25:43.3230465Z,0,0,549,230,0
2026-08-17T01:25:43.3280946Z,0,0,549,230,0
2026-08-17T01:25:43.3331704Z,0,0,549,230,0
2026-08-17T01:25:43.3385759Z,0,0,549,230,0
2026-08-17T01:25:43.3430915Z,0,0,549,230,0
2026-08-17T01:25:43.3479861Z,0,0,549,230,0
2026-08-17T01:25:43.3533632Z,0,0,549,230,0
2026-08-17T01:25:43.35814Z,0,0,549,230,0
2026-08-17T01:25:43.3633452Z,0,0,549,230,0
2026-08-17T01:25:43.3686358Z,0,0,549,230,0
2026-08-17T01:25:43.3731454Z,0,0,549,230,0
2026-08-17T01:25:43.3779875Z,0,0,549,230,0
2026-08-17T01:25:43.3834171Z,0,0,549,230,0
2026-08-17T01:25:43.3880989Z,0,0,549,230,0
2026-08-17T01:25:43.392949Z,0,0,549,230,0
2026-08-17T01:25:43.3984296Z,0,0,549,230,0
2026-08-17T01:25:43.4030167Z,0,0,549,230,0
2026-08-17T01:25:43.4084129Z,0,0,549,230,0
2026-08-17T01:25:43.4132441Z,0,0,549,230,0
2026-08-17T01:25:43.418446Z,0,0,549,230,0
2026-08-17T01:25:43.4233533Z,0,0,549,230,0
2026-08-17T01:25:43.4283539Z,0,0,549,230,0
2026-08-17T01:25:43.4333401Z,0,0,549,230,0
2026-08-17T01:25:43.4382556Z,0,0,549,230,0
2026-08-17T01:25:43.443253Z,0,0,549,230,0
2026-08-17T01:25:43.4483116Z,0,0,549,230,0
2026-08-17T01:25:43.453336Z,0,0,549,230,0
2026-08-17T01:25:43.4580826Z,0,0,549,230,0
2026-08-17T01:25:43.4631647Z,0,0,549,230,0
2026-08-17T01:25:43.4683476Z,0,0,549,230,0
2026-08-17T01:25:43.4730624Z,0,0,549,230,0
2026-08-17T01:25:43.4784543Z,0,0,549,230,0
2026-08-17T01:25:43.4831866Z,0,0,549,230,0
2026-08-17T01:25:43.4883828Z,0,0,549,230,0
2026-08-17T01:25:43.4936175Z,0,0,549,230,0
2026-08-17T01:25:43.4982435Z,0,0,549,230,0
2026-08-17T01:25:43.5035531Z,0,0,549,230,0
2026-08-17T01:25:43.5083204Z,0,0,549,230,0
2026-08-17T01:25:43.5136414Z,0,0,549,230,0
2026-08-17T01:25:43.5183111Z,0,0,549,230,0
2026-08-17T01:25:43.5234263Z,0,0,549,230,0
2026-08-17T01:25:43.5280749Z,0,0,549,230,0
2026-08-17T01:25:43.5330878Z,0,0,549,230,0
2026-08-17T01:25:43.5384423Z,0,0,549,230,0
2026-08-17T01:25:43.543455Z,0,0,549,230,0
2026-08-17T01:25:43.5482384Z,0,0,549,230,0
2026-08-17T01:25:43.5533463Z,0,0,549,230,0
2026-08-17T01:25:43.5584454Z,0,0,549,230,0
2026-08-17T01:25:43.5631932Z,0,0,549,230,0
2026-08-17T01:25:43.5682273Z,0,0,549,230,0
2026-08-17T01:25:43.5730638Z,0,0,549,230,0
2026-08-17T01:25:43.5780656Z,0,0,549,230,0
2026-08-17T01:25:43.5833453Z,0,0,549,230,0
2026-08-17T01:25:43.5880802Z,0,0,549,230,0
2026-08-17T01:25:43.5929524Z,0,0,549,230,0
2026-08-17T01:25:43.5984992Z,0,0,549,230,0
2026-08-17T01:25:43.6032745Z,0,0,549,230,0
2026-08-17T01:25:43.6085226Z,0,0,549,230,0
2026-08-17T01:25:43.6130647Z,0,0,549,230,0
2026-08-17T01:25:43.6184376Z,0,0,549,230,0
2026-08-17T01:25:43.6233952Z,0,0,549,230,0
2026-08-17T01:25:43.6281883Z,0,0,549,230,0
2026-08-17T01:25:43.633573Z,0,0,549,230,0
2026-08-17T01:25:43.638348Z,0,0,549,230,0
2026-08-17T01:25:43.6432399Z,0,0,549,230,0
2026-08-17T01:25:43.6484381Z,0,0,549,230,0
2026-08-17T01:25:43.6531584Z,0,0,549,230,0
2026-08-17T01:25:43.6583558Z,0,0,549,230,0
2026-08-17T01:25:43.6633296Z,0,0,549,230,0
2026-08-17T01:25:43.6686222Z,0,0,549,230,0
2026-08-17T01:25:43.6732081Z,0,0,549,230,0
2026-08-17T01:25:43.6780993Z,0,0,549,230,0
2026-08-17T01:25:43.6836602Z,0,0,549,230,0
2026-08-17T01:25:43.6884832Z,0,0,549,230,0
2026-08-17T01:25:43.6933647Z,0,0,549,230,0
2026-08-17T01:25:43.6986629Z,0,0,549,230,0
2026-08-17T01:25:43.7031846Z,0,0,549,230,0
2026-08-17T01:25:43.7081104Z,0,0,549,230,0
2026-08-17T01:25:43.71352Z,0,0,549,230,0
2026-08-17T01:25:43.7183031Z,0,0,549,230,0
2026-08-17T01:25:43.7235341Z,0,0,549,230,0
2026-08-17T01:25:43.7284277Z,0,0,549,230,0
2026-08-17T01:25:43.7334374Z,0,0,549,230,0
2026-08-17T01:25:43.7387723Z,0,0,549,230,0
2026-08-17T01:25:43.7429756Z,0,0,549,230,0
2026-08-17T01:25:43.7480405Z,0,0,549,230,0
2026-08-17T01:25:43.7534451Z,0,0,549,230,0
2026-08-17T01:25:43.7579326Z,0,0,549,230,0
2026-08-17T01:25:43.7634352Z,0,0,549,230,0
2026-08-17T01:25:43.7681658Z,0,0,549,230,0
2026-08-17T01:25:43.7732877Z,0,0,549,230,0
2026-08-17T01:25:43.7780765Z,0,0,549,230,0
2026-08-17T01:25:43.7834339Z,0,0,549,230,0
2026-08-17T01:25:43.7882562Z,0,0,549,230,0
2026-08-17T01:25:43.7932824Z,0,0,549,230,0
2026-08-17T01:25:43.7980744Z,0,0,549,230,0
2026-08-17T01:25:43.8029899Z,0,0,549,230,0
2026-08-17T01:25:43.808087Z,0,0,549,230,0
2026-08-17T01:25:43.8133915Z,0,0,549,230,0
2026-08-17T01:25:43.8180643Z,0,0,549,230,0
2026-08-17T01:25:43.8230848Z,0,0,549,230,0
2026-08-17T01:25:43.8284743Z,0,0,549,230,0
2026-08-17T01:25:43.8332841Z,0,0,549,230,0
2026-08-17T01:25:43.8380489Z,0,0,549,230,0
2026-08-17T01:25:43.8433409Z,0,0,549,230,0
2026-08-17T01:25:43.8484985Z,0,0,549,230,0
2026-08-17T01:25:43.8534326Z,0,0,549,230,0
2026-08-17T01:25:43.858201Z,0,0,549,230,0
2026-08-17T01:25:43.8630111Z,0,0,549,230,0
2026-08-17T01:25:43.868098Z,0,0,549,230,0
2026-08-17T01:25:43.8734134Z,0,0,549,230,0
2026-08-17T01:25:43.8782324Z,0,0,549,230,0
2026-08-17T01:25:43.8832715Z,0,0,549,230,0
2026-08-17T01:25:43.8880577Z,0,0,549,230,0
2026-08-17T01:25:43.89345Z,0,0,549,230,0
2026-08-17T01:25:43.8982204Z,0,0,549,230,0
2026-08-17T01:25:43.9032731Z,0,0,549,230,0
2026-08-17T01:25:43.9081153Z,0,0,549,230,0
2026-08-17T01:25:43.9131443Z,0,0,549,230,0
2026-08-17T01:25:43.918241Z,0,0,549,230,0
2026-08-17T01:25:43.923388Z,0,0,549,230,0
2026-08-17T01:25:43.9284761Z,0,0,549,230,0
2026-08-17T01:25:43.9333635Z,0,0,549,230,0
2026-08-17T01:25:43.938577Z,0,0,549,230,0
2026-08-17T01:25:43.9431656Z,0,0,549,230,0
2026-08-17T01:25:43.9485711Z,0,0,549,230,0
2026-08-17T01:25:43.9532555Z,0,0,549,230,0
2026-08-17T01:25:43.9582225Z,0,0,549,230,0
2026-08-17T01:25:43.9642128Z,0,0,549,230,0
2026-08-17T01:25:43.9683887Z,0,0,549,230,0
2026-08-17T01:25:43.9730859Z,0,0,549,230,0
2026-08-17T01:25:43.9782293Z,0,0,549,230,0
2026-08-17T01:25:43.9834948Z,0,0,549,230,0
2026-08-17T01:25:43.9881939Z,0,0,549,230,0
2026-08-17T01:25:43.9933787Z,0,0,549,230,0
2026-08-17T01:25:43.9983116Z,0,0,549,230,0
2026-08-17T01:25:44.0032681Z,0,0,549,230,0
2026-08-17T01:25:44.0080749Z,0,0,549,230,0
2026-08-17T01:25:44.0129912Z,0,0,549,230,0
2026-08-17T01:25:44.0183236Z,0,0,549,230,0
2026-08-17T01:25:44.0229953Z,0,0,549,230,0
2026-08-17T01:25:44.0285101Z,0,0,549,230,0
2026-08-17T01:25:44.0334519Z,0,0,549,230,0
2026-08-17T01:25:44.0381402Z,0,0,549,230,0
2026-08-17T01:25:44.0432574Z,0,0,549,230,0
2026-08-17T01:25:44.0484815Z,0,0,549,230,0
2026-08-17T01:25:44.0534653Z,0,0,549,230,0
2026-08-17T01:25:44.058291Z,0,0,549,230,0
2026-08-17T01:25:44.0638175Z,0,0,549,230,0
2026-08-17T01:25:44.0681537Z,0,0,549,230,0
2026-08-17T01:25:44.0730472Z,0,0,549,230,0
2026-08-17T01:25:44.0782637Z,0,0,549,230,0
2026-08-17T01:25:44.0831594Z,0,0,549,230,0
2026-08-17T01:25:44.0879634Z,0,0,549,230,0
2026-08-17T01:25:44.0930547Z,0,0,549,230,0
2026-08-17T01:25:44.0981344Z,0,0,549,230,0
2026-08-17T01:25:44.1030921Z,0,0,549,230,0
2026-08-17T01:25:44.1086249Z,0,0,549,230,0
2026-08-17T01:25:44.1130946Z,0,0,549,230,0
2026-08-17T01:25:44.1181982Z,0,0,549,230,0
2026-08-17T01:25:44.1231771Z,0,0,549,230,0
2026-08-17T01:25:44.1285244Z,0,0,549,230,0
2026-08-17T01:25:44.1334886Z,0,0,549,230,0
2026-08-17T01:25:44.1382937Z,0,0,549,230,0
2026-08-17T01:25:44.1435369Z,0,0,549,230,0
2026-08-17T01:25:44.1483154Z,0,0,549,230,0
2026-08-17T01:25:44.1533752Z,0,0,549,230,0
2026-08-17T01:25:44.1582484Z,0,0,549,230,0
2026-08-17T01:25:44.1633192Z,0,0,549,230,0
2026-08-17T01:25:44.1681336Z,0,0,549,230,0
2026-08-17T01:25:44.1733871Z,0,0,549,230,0
2026-08-17T01:25:44.1780649Z,0,0,549,230,0
2026-08-17T01:25:44.1835216Z,0,0,549,230,0
2026-08-17T01:25:44.1881786Z,0,0,549,230,0
2026-08-17T01:25:44.1936334Z,0,0,549,230,0
2026-08-17T01:25:44.19843Z,0,0,549,230,0
2026-08-17T01:25:44.2083809Z,0,0,549,230,0
2026-08-17T01:25:44.2133539Z,0,0,549,230,0
2026-08-17T01:25:44.2181941Z,0,0,549,230,0
2026-08-17T01:25:44.2230498Z,0,0,549,230,0
2026-08-17T01:25:44.2283275Z,0,0,549,230,0
2026-08-17T01:25:44.2331536Z,0,0,549,230,0
2026-08-17T01:25:44.2387609Z,0,0,549,230,0
2026-08-17T01:25:44.2433245Z,0,0,549,230,0
2026-08-17T01:25:44.248059Z,0,0,549,230,0
2026-08-17T01:25:44.2535277Z,0,0,549,230,0
2026-08-17T01:25:44.2587306Z,0,0,549,230,0
2026-08-17T01:25:44.2637461Z,0,0,549,230,0
2026-08-17T01:25:44.2680173Z,0,0,549,230,0
2026-08-17T01:25:44.2730714Z,0,0,549,230,0
2026-08-17T01:25:44.2784831Z,0,0,549,230,0
2026-08-17T01:25:44.2834728Z,0,0,549,230,0
2026-08-17T01:25:44.2884005Z,0,0,549,230,0
2026-08-17T01:25:44.2934839Z,0,0,549,230,0
2026-08-17T01:25:44.2983033Z,0,0,549,230,0
2026-08-17T01:25:44.3033534Z,0,0,549,230,0
2026-08-17T01:25:44.3081026Z,0,0,549,230,0
2026-08-17T01:25:44.3135649Z,0,0,549,230,0
2026-08-17T01:25:44.3183698Z,0,0,549,230,0
2026-08-17T01:25:44.3234691Z,0,0,549,230,0
2026-08-17T01:25:44.3283337Z,0,0,549,230,0
2026-08-17T01:25:44.3333847Z,0,0,549,230,0
2026-08-17T01:25:44.3382549Z,0,0,549,230,0
2026-08-17T01:25:44.3430657Z,0,0,549,230,0
2026-08-17T01:25:44.3483482Z,0,0,549,230,0
2026-08-17T01:25:44.3532688Z,0,0,549,230,0
2026-08-17T01:25:44.3581276Z,0,0,549,230,0
2026-08-17T01:25:44.3633592Z,0,0,549,230,0
2026-08-17T01:25:44.3680961Z,0,0,549,230,0
2026-08-17T01:25:44.3730331Z,0,0,549,230,0
2026-08-17T01:25:44.3781396Z,0,0,549,230,0
2026-08-17T01:25:44.383065Z,0,0,549,230,0
2026-08-17T01:25:44.3881038Z,0,0,549,230,0
2026-08-17T01:25:44.3930005Z,0,0,549,230,0
2026-08-17T01:25:44.3982719Z,0,0,549,230,0
2026-08-17T01:25:44.4031425Z,0,0,549,230,0
2026-08-17T01:25:44.4084473Z,0,0,549,230,0
2026-08-17T01:25:44.4132912Z,0,0,549,230,0
2026-08-17T01:25:44.4181013Z,0,0,549,230,0
2026-08-17T01:25:44.4231705Z,0,0,549,230,0
2026-08-17T01:25:44.4282416Z,0,0,549,230,0
2026-08-17T01:25:44.4332913Z,0,0,549,230,0
2026-08-17T01:25:44.4380727Z,0,0,549,230,0
2026-08-17T01:25:44.4435689Z,0,0,549,230,0
2026-08-17T01:25:44.4483115Z,0,0,549,230,0
2026-08-17T01:25:44.453309Z,0,0,549,230,0
2026-08-17T01:25:44.4581025Z,0,0,549,230,0
2026-08-17T01:25:44.4634142Z,0,0,549,230,0
2026-08-17T01:25:44.4683988Z,0,0,549,230,0
2026-08-17T01:25:44.4730082Z,0,0,549,230,0
2026-08-17T01:25:44.4785391Z,0,0,549,230,0
2026-08-17T01:25:44.4832033Z,0,0,549,230,0
2026-08-17T01:25:44.4883328Z,0,0,549,230,0
2026-08-17T01:25:44.4932668Z,0,0,549,230,0
2026-08-17T01:25:44.498204Z,0,0,549,230,0
2026-08-17T01:25:44.503626Z,0,0,549,230,0
2026-08-17T01:25:44.5083149Z,0,0,549,230,0
2026-08-17T01:25:44.5132273Z,0,0,549,230,0
2026-08-17T01:25:44.5184273Z,0,0,549,230,0
2026-08-17T01:25:44.5232987Z,0,0,549,230,0
2026-08-17T01:25:44.5285712Z,0,0,549,230,0
2026-08-17T01:25:44.5330471Z,0,0,549,230,0
2026-08-17T01:25:44.5381458Z,0,0,549,230,0
2026-08-17T01:25:44.5431048Z,0,0,549,230,0
2026-08-17T01:25:44.548411Z,0,0,549,230,0
2026-08-17T01:25:44.5532957Z,0,0,549,230,0
2026-08-17T01:25:44.5585519Z,0,0,549,230,0
2026-08-17T01:25:44.5631653Z,0,0,549,230,0
2026-08-17T01:25:44.5684668Z,0,0,549,230,0
2026-08-17T01:25:44.573422Z,0,0,549,230,0
2026-08-17T01:25:44.5782119Z,0,0,549,230,0
2026-08-17T01:25:44.583054Z,0,0,549,230,0
2026-08-17T01:25:44.5884958Z,0,0,549,230,0
2026-08-17T01:25:44.5934185Z,0,0,549,230,0
2026-08-17T01:25:44.5983868Z,0,0,549,230,0
2026-08-17T01:25:44.6030157Z,0,0,549,230,0
2026-08-17T01:25:44.6085872Z,0,0,549,230,0
2026-08-17T01:25:44.6132035Z,0,0,549,230,0
2026-08-17T01:25:44.6181825Z,0,0,549,230,0
2026-08-17T01:25:44.6232313Z,0,0,549,230,0
2026-08-17T01:25:44.6282243Z,0,0,549,230,0
2026-08-17T01:25:44.6335142Z,0,0,549,230,0
2026-08-17T01:25:44.638424Z,0,0,549,230,0
2026-08-17T01:25:44.6436613Z,0,0,549,230,0
2026-08-17T01:25:44.6484193Z,0,0,549,230,0
2026-08-17T01:25:44.653414Z,0,0,549,230,0
2026-08-17T01:25:44.6583726Z,0,0,549,230,0
2026-08-17T01:25:44.6633019Z,0,0,549,230,0
2026-08-17T01:25:44.6682337Z,0,0,549,230,0
2026-08-17T01:25:44.6733596Z,0,0,549,230,0
2026-08-17T01:25:44.6781458Z,0,0,549,230,0
2026-08-17T01:25:44.6832299Z,0,0,549,230,0
2026-08-17T01:25:44.6880134Z,0,0,549,230,0
2026-08-17T01:25:44.6934155Z,0,0,549,230,0
2026-08-17T01:25:44.6981967Z,0,0,549,230,0
2026-08-17T01:25:44.7033359Z,0,0,549,230,0
2026-08-17T01:25:44.7081205Z,0,0,549,230,0
2026-08-17T01:25:44.7130372Z,0,0,549,230,0
2026-08-17T01:25:44.7181472Z,0,0,549,230,0
2026-08-17T01:25:44.7231444Z,0,0,549,230,0
2026-08-17T01:25:44.7283787Z,0,0,549,230,0
2026-08-17T01:25:44.7333486Z,0,0,549,230,0
2026-08-17T01:25:44.7385283Z,0,0,549,230,0
2026-08-17T01:25:44.7433212Z,0,0,549,230,0
2026-08-17T01:25:44.7481153Z,0,0,549,230,0
2026-08-17T01:25:44.7532436Z,0,0,549,230,0
2026-08-17T01:25:44.7581541Z,0,0,549,230,0
2026-08-17T01:25:44.7637824Z,0,0,549,230,0
2026-08-17T01:25:44.7680447Z,0,0,549,230,0
2026-08-17T01:25:44.773398Z,0,0,549,230,0
2026-08-17T01:25:44.7781865Z,0,0,549,230,0
2026-08-17T01:25:44.7833046Z,0,0,549,230,0
2026-08-17T01:25:44.7881202Z,0,0,549,230,0
2026-08-17T01:25:44.7931161Z,0,0,549,230,0
2026-08-17T01:25:44.7985652Z,0,0,549,230,0
2026-08-17T01:25:44.8033844Z,0,0,549,230,0
2026-08-17T01:25:44.8081255Z,0,0,549,230,0
2026-08-17T01:25:44.8136458Z,0,0,549,230,0
2026-08-17T01:25:44.8184623Z,0,0,549,230,0
2026-08-17T01:25:44.8231641Z,0,0,549,230,0
2026-08-17T01:25:44.8288701Z,0,0,549,230,0
2026-08-17T01:25:44.8330513Z,0,0,549,230,0
2026-08-17T01:25:44.8389359Z,0,0,549,230,0
2026-08-17T01:25:44.8430048Z,0,0,549,230,0
2026-08-17T01:25:44.8483026Z,0,0,549,230,0
2026-08-17T01:25:44.8533414Z,0,0,549,230,0
2026-08-17T01:25:44.8582407Z,0,0,549,230,0
2026-08-17T01:25:44.8636929Z,0,0,549,230,0
2026-08-17T01:25:44.8683798Z,0,0,549,230,0
2026-08-17T01:25:44.873095Z,0,0,549,230,0
2026-08-17T01:25:44.878178Z,0,0,549,230,0
2026-08-17T01:25:44.8831484Z,0,0,549,230,0
2026-08-17T01:25:44.8885643Z,0,0,549,230,0
2026-08-17T01:25:44.8930652Z,0,0,549,230,0
2026-08-17T01:25:44.8986801Z,0,0,549,230,0
2026-08-17T01:25:44.9033635Z,0,0,549,230,0
2026-08-17T01:25:44.908091Z,0,0,549,230,0
2026-08-17T01:25:44.9135808Z,0,0,549,230,0
2026-08-17T01:25:44.918386Z,0,0,549,230,0
2026-08-17T01:25:44.9234339Z,0,0,549,230,0
2026-08-17T01:25:44.9287108Z,0,0,549,230,0
2026-08-17T01:25:44.9331846Z,0,0,549,230,0
2026-08-17T01:25:44.938493Z,0,0,549,230,0
2026-08-17T01:25:44.9433222Z,0,0,549,230,0
2026-08-17T01:25:44.9485095Z,0,0,549,230,0
2026-08-17T01:25:44.9534554Z,0,0,549,230,0
2026-08-17T01:25:44.9584333Z,0,0,549,230,0
2026-08-17T01:25:44.9634705Z,0,0,549,230,0
2026-08-17T01:25:44.9682603Z,0,0,549,230,0
2026-08-17T01:25:44.9734235Z,0,0,549,230,0
2026-08-17T01:25:44.9784127Z,0,0,549,230,0
2026-08-17T01:25:44.983381Z,0,0,549,230,0
2026-08-17T01:25:44.9885646Z,0,0,549,230,0
2026-08-17T01:25:44.9931684Z,0,0,549,230,0
2026-08-17T01:25:44.998012Z,0,0,549,230,0
2026-08-17T01:25:45.0034572Z,0,0,549,230,0
2026-08-17T01:25:45.0082768Z,0,0,549,230,0
2026-08-17T01:25:45.0131297Z,0,0,549,230,0
2026-08-17T01:25:45.0184537Z,0,0,549,230,0
2026-08-17T01:25:45.0230172Z,0,0,549,230,0
2026-08-17T01:25:45.0280387Z,0,0,549,230,0
2026-08-17T01:25:45.0334698Z,0,0,549,230,0
2026-08-17T01:25:45.0382787Z,0,0,549,230,0
2026-08-17T01:25:45.0431753Z,0,0,549,230,0
2026-08-17T01:25:45.0484736Z,0,0,549,230,0
2026-08-17T01:25:45.053219Z,0,0,549,230,0
2026-08-17T01:25:45.0579833Z,0,0,549,230,0
2026-08-17T01:25:45.0631734Z,0,0,549,230,0
2026-08-17T01:25:45.0683622Z,0,0,549,230,0
2026-08-17T01:25:45.0731682Z,0,0,549,230,0
2026-08-17T01:25:45.0784318Z,0,0,549,230,0
2026-08-17T01:25:45.0830319Z,0,0,549,230,0
2026-08-17T01:25:45.0885079Z,0,0,549,230,0
2026-08-17T01:25:45.0933984Z,0,0,549,230,0
2026-08-17T01:25:45.098103Z,0,0,549,230,0
2026-08-17T01:25:45.1037063Z,0,0,549,230,0
2026-08-17T01:25:45.1085101Z,0,0,549,230,0
2026-08-17T01:25:45.1131746Z,0,0,549,230,0
2026-08-17T01:25:45.1182252Z,0,0,549,230,0
2026-08-17T01:25:45.1232723Z,0,0,549,230,0
2026-08-17T01:25:45.1282338Z,0,0,549,230,0
2026-08-17T01:25:45.1333545Z,0,0,549,230,0
2026-08-17T01:25:45.1386489Z,0,0,549,230,0
2026-08-17T01:25:45.143188Z,0,0,549,230,0
2026-08-17T01:25:45.1484446Z,0,0,549,230,0
2026-08-17T01:25:45.1532422Z,0,0,549,230,0
2026-08-17T01:25:45.1580657Z,0,0,549,230,0
2026-08-17T01:25:45.1631809Z,0,0,549,230,0
2026-08-17T01:25:45.1684751Z,0,0,549,230,0
2026-08-17T01:25:45.1735345Z,0,0,549,230,0
2026-08-17T01:25:45.1783623Z,0,0,549,230,0
2026-08-17T01:25:45.1833249Z,0,0,549,230,0
2026-08-17T01:25:45.1880744Z,0,0,549,230,0
2026-08-17T01:25:45.1929745Z,0,0,549,230,0
2026-08-17T01:25:45.198215Z,0,0,549,230,0
2026-08-17T01:25:45.2032237Z,0,0,549,230,0
2026-08-17T01:25:45.2084858Z,0,0,549,230,0
2026-08-17T01:25:45.2134319Z,0,0,549,230,0
2026-08-17T01:25:45.2181928Z,0,0,549,230,0
2026-08-17T01:25:45.2230297Z,0,0,549,230,0
2026-08-17T01:25:45.2282675Z,0,0,549,230,0
2026-08-17T01:25:45.2333244Z,0,0,549,230,0
2026-08-17T01:25:45.2381062Z,0,0,549,230,0
2026-08-17T01:25:45.2430445Z,0,0,549,230,0
2026-08-17T01:25:45.2482621Z,0,0,549,230,0
2026-08-17T01:25:45.2531246Z,0,0,549,230,0
2026-08-17T01:25:45.2583203Z,0,0,549,230,0
2026-08-17T01:25:45.2633997Z,0,0,549,230,0
2026-08-17T01:25:45.2681244Z,0,0,549,230,0
2026-08-17T01:25:45.2732135Z,0,0,549,230,0
2026-08-17T01:25:45.2784524Z,0,0,549,230,0
2026-08-17T01:25:45.2833799Z,0,0,549,230,0
2026-08-17T01:25:45.2881482Z,0,0,549,230,0
2026-08-17T01:25:45.2931982Z,0,0,549,230,0
2026-08-17T01:25:45.2988587Z,0,0,549,230,0
2026-08-17T01:25:45.3032913Z,0,0,549,230,0
2026-08-17T01:25:45.3081238Z,0,0,549,230,0
2026-08-17T01:25:45.313431Z,0,0,549,230,0
2026-08-17T01:25:45.3182818Z,0,0,549,230,0
2026-08-17T01:25:45.3231767Z,0,0,549,230,0
2026-08-17T01:25:45.3280757Z,0,0,549,230,0
2026-08-17T01:25:45.3331944Z,0,0,549,230,0
2026-08-17T01:25:45.3384301Z,0,0,549,230,0
2026-08-17T01:25:45.3435746Z,0,0,549,230,0
2026-08-17T01:25:45.3482637Z,0,0,549,230,0
2026-08-17T01:25:45.3532536Z,0,0,549,230,0
2026-08-17T01:25:45.3580304Z,0,0,549,230,0
2026-08-17T01:25:45.3629588Z,0,0,549,230,0
2026-08-17T01:25:45.3683197Z,0,0,549,230,0
2026-08-17T01:25:45.3733648Z,0,0,549,230,0
2026-08-17T01:25:45.3781055Z,0,0,549,230,0
2026-08-17T01:25:45.3831258Z,0,0,549,230,0
2026-08-17T01:25:45.3884072Z,0,0,549,230,0
2026-08-17T01:25:45.3931374Z,0,0,549,230,0
2026-08-17T01:25:45.3983914Z,0,0,549,230,0
2026-08-17T01:25:45.4031746Z,0,0,549,230,0
2026-08-17T01:25:45.4083469Z,0,0,549,230,0
2026-08-17T01:25:45.4132973Z,0,0,549,230,0
2026-08-17T01:25:45.4179835Z,0,0,549,230,0
2026-08-17T01:25:45.4233311Z,0,0,549,230,0
2026-08-17T01:25:45.4280524Z,0,0,549,230,0
2026-08-17T01:25:45.4332236Z,0,0,549,230,0
2026-08-17T01:25:45.4384334Z,0,0,549,230,0
2026-08-17T01:25:45.4433664Z,0,0,549,230,0
2026-08-17T01:25:45.4481259Z,0,0,549,230,0
2026-08-17T01:25:45.4529905Z,0,0,549,230,0
2026-08-17T01:25:45.4583311Z,0,0,549,230,0
2026-08-17T01:25:45.4631755Z,0,0,549,230,0
2026-08-17T01:25:45.4679513Z,0,0,549,230,0
2026-08-17T01:25:45.4734206Z,0,0,549,230,0
2026-08-17T01:25:45.4781688Z,0,0,549,230,0
2026-08-17T01:25:45.4831417Z,0,0,549,230,0
2026-08-17T01:25:45.4884784Z,0,0,549,230,0
2026-08-17T01:25:45.4931813Z,0,0,549,230,0
2026-08-17T01:25:45.4986307Z,0,0,549,230,0
2026-08-17T01:25:45.5034928Z,0,0,549,230,0
2026-08-17T01:25:45.5084236Z,0,0,549,230,0
2026-08-17T01:25:45.5134632Z,0,0,549,230,0
2026-08-17T01:25:45.5181693Z,0,0,549,230,0
2026-08-17T01:25:45.5230505Z,0,0,549,230,0
2026-08-17T01:25:45.5282232Z,0,0,549,230,0
2026-08-17T01:25:45.5332562Z,0,0,549,230,0
2026-08-17T01:25:45.5381869Z,0,0,549,230,0
2026-08-17T01:25:45.5431881Z,0,0,549,230,0
2026-08-17T01:25:45.5480487Z,0,0,549,230,0
2026-08-17T01:25:45.5535368Z,0,0,549,230,0
2026-08-17T01:25:45.5583206Z,0,0,549,230,0
2026-08-17T01:25:45.5632767Z,0,0,549,230,0
2026-08-17T01:25:45.568591Z,0,0,549,230,0
2026-08-17T01:25:45.5734738Z,0,0,549,230,0
2026-08-17T01:25:45.5784599Z,0,0,549,230,0
2026-08-17T01:25:45.5834217Z,0,0,549,230,0
2026-08-17T01:25:45.58804Z,0,0,549,230,0
2026-08-17T01:25:45.5928957Z,0,0,549,230,0
2026-08-17T01:25:45.5984352Z,0,0,549,230,0
2026-08-17T01:25:45.6033803Z,0,0,549,230,0
2026-08-17T01:25:45.6080255Z,0,0,549,230,0
2026-08-17T01:25:45.6135205Z,0,0,549,230,0
2026-08-17T01:25:45.6183787Z,0,0,549,230,0
2026-08-17T01:25:45.6229685Z,0,0,549,230,0
2026-08-17T01:25:45.6283505Z,0,0,549,230,0
2026-08-17T01:25:45.6332212Z,0,0,549,230,0
2026-08-17T01:25:45.6379749Z,0,0,549,230,0
2026-08-17T01:25:45.6435637Z,0,0,549,230,0
2026-08-17T01:25:45.648303Z,0,0,549,230,0
2026-08-17T01:25:45.6532413Z,0,0,549,230,0
2026-08-17T01:25:45.6584162Z,0,0,549,230,0
2026-08-17T01:25:45.6631667Z,0,0,549,230,0
2026-08-17T01:25:45.6685738Z,0,0,549,230,0
2026-08-17T01:25:45.6733155Z,0,0,549,230,0
2026-08-17T01:25:45.6782537Z,0,0,549,230,0
2026-08-17T01:25:45.6834949Z,0,0,549,230,0
2026-08-17T01:25:45.688139Z,0,0,549,230,0
2026-08-17T01:25:45.6932344Z,0,0,549,230,0
2026-08-17T01:25:45.6985476Z,0,0,549,230,0
2026-08-17T01:25:45.7034098Z,0,0,549,230,0
2026-08-17T01:25:45.7081723Z,0,0,549,230,0
2026-08-17T01:25:45.7133237Z,0,0,549,230,0
2026-08-17T01:25:45.7185977Z,0,0,549,230,0
2026-08-17T01:25:45.723401Z,0,0,549,230,0
2026-08-17T01:25:45.7283037Z,0,0,549,230,0
2026-08-17T01:25:45.7333298Z,0,0,549,230,0
2026-08-17T01:25:45.7386034Z,0,0,549,230,0
2026-08-17T01:25:45.7437098Z,0,0,549,230,0
2026-08-17T01:25:45.7486794Z,0,0,549,230,0
2026-08-17T01:25:45.7530875Z,0,0,549,230,0
2026-08-17T01:25:45.7581386Z,0,0,549,230,0
2026-08-17T01:25:45.763035Z,0,0,549,230,0
2026-08-17T01:25:45.768026Z,0,0,549,230,0
2026-08-17T01:25:45.7733748Z,0,0,549,230,0
2026-08-17T01:25:45.7782395Z,0,0,549,230,0
2026-08-17T01:25:45.7832377Z,0,0,549,230,0
2026-08-17T01:25:45.7884612Z,0,0,549,230,0
2026-08-17T01:25:45.7934126Z,0,0,549,230,0
2026-08-17T01:25:45.798736Z,0,0,549,230,0
2026-08-17T01:25:45.8031661Z,0,0,549,230,0
2026-08-17T01:25:45.8083678Z,0,0,549,230,0
2026-08-17T01:25:45.8131697Z,0,0,549,230,0
2026-08-17T01:25:45.81808Z,0,0,549,230,0
2026-08-17T01:25:45.8233419Z,0,0,549,230,0
2026-08-17T01:25:45.8280722Z,0,0,549,230,0
2026-08-17T01:25:45.8332396Z,0,0,549,230,0
2026-08-17T01:25:45.8384659Z,0,0,549,230,0
2026-08-17T01:25:45.8438612Z,0,0,549,230,0
2026-08-17T01:25:45.8481782Z,0,0,549,230,0
2026-08-17T01:25:45.8532867Z,0,0,549,230,0
2026-08-17T01:25:45.8580004Z,0,0,549,230,0
2026-08-17T01:25:45.863101Z,0,0,549,230,0
2026-08-17T01:25:45.8681725Z,0,0,549,230,0
2026-08-17T01:25:45.872976Z,0,0,549,230,0
2026-08-17T01:25:45.8783871Z,0,0,549,230,0
2026-08-17T01:25:45.8833912Z,0,0,549,230,0
2026-08-17T01:25:45.888485Z,0,0,549,230,0
2026-08-17T01:25:45.8933612Z,0,0,549,230,0
2026-08-17T01:25:45.8983085Z,0,0,549,230,0
2026-08-17T01:25:45.9033229Z,0,0,549,230,0
2026-08-17T01:25:45.9081319Z,0,0,549,230,0
2026-08-17T01:25:45.9129691Z,0,0,549,230,0
2026-08-17T01:25:45.9181653Z,0,0,549,230,0
2026-08-17T01:25:45.9230505Z,0,0,549,230,0
2026-08-17T01:25:45.928125Z,0,0,549,230,0
2026-08-17T01:25:45.9330421Z,0,0,549,230,0
2026-08-17T01:25:45.9380369Z,0,0,549,230,0
2026-08-17T01:25:45.943037Z,0,0,549,230,0
2026-08-17T01:25:45.9480854Z,0,0,549,230,0
2026-08-17T01:25:45.9532082Z,0,0,549,230,0
2026-08-17T01:25:45.9581956Z,0,0,549,230,0
2026-08-17T01:25:45.9630824Z,0,0,549,230,0
2026-08-17T01:25:45.968198Z,0,0,549,230,0
2026-08-17T01:25:45.9730983Z,0,0,549,230,0
2026-08-17T01:25:45.9784308Z,0,0,549,230,0
2026-08-17T01:25:45.9833862Z,0,0,549,230,0
2026-08-17T01:25:45.9880806Z,0,0,549,230,0
2026-08-17T01:25:45.9929353Z,0,0,549,230,0
2026-08-17T01:25:45.998464Z,0,0,549,230,0
2026-08-17T01:25:46.0029874Z,0,0,549,230,0
2026-08-17T01:25:46.0080889Z,0,0,549,230,0
2026-08-17T01:25:46.0132139Z,0,0,549,230,0
2026-08-17T01:25:46.0181585Z,0,0,549,230,0
2026-08-17T01:25:46.0234485Z,0,0,549,230,0
2026-08-17T01:25:46.0282389Z,0,0,549,230,0
2026-08-17T01:25:46.0333468Z,0,0,549,230,0
2026-08-17T01:25:46.0381009Z,0,0,549,230,0
2026-08-17T01:25:46.0432569Z,0,0,549,230,0
2026-08-17T01:25:46.0483132Z,0,0,549,230,0
2026-08-17T01:25:46.0532433Z,0,0,549,230,0
2026-08-17T01:25:46.0581603Z,0,0,549,230,0
2026-08-17T01:25:46.0634401Z,0,0,549,230,0
2026-08-17T01:25:46.0681438Z,0,0,549,230,0
2026-08-17T01:25:46.073211Z,0,0,549,230,0
2026-08-17T01:25:46.0779755Z,0,0,549,230,0
2026-08-17T01:25:46.083261Z,0,0,549,230,0
2026-08-17T01:25:46.088078Z,0,0,549,230,0
2026-08-17T01:25:46.0931438Z,0,0,549,230,0
2026-08-17T01:25:46.0985217Z,0,0,549,230,0
2026-08-17T01:25:46.1031488Z,0,0,549,230,0
2026-08-17T01:25:46.1082227Z,0,0,549,230,0
2026-08-17T01:25:46.1134919Z,0,0,549,230,0
2026-08-17T01:25:46.1180239Z,0,0,549,230,0
2026-08-17T01:25:46.1232501Z,0,0,549,230,0
2026-08-17T01:25:46.1285852Z,0,0,549,230,0
2026-08-17T01:25:46.133383Z,0,0,549,230,0
2026-08-17T01:25:46.1380752Z,0,0,549,230,0
2026-08-17T01:25:46.1433571Z,0,0,549,230,0
2026-08-17T01:25:46.1486375Z,0,0,549,230,0
2026-08-17T01:25:46.1535449Z,0,0,549,230,0
2026-08-17T01:25:46.1581903Z,0,0,549,230,0
2026-08-17T01:25:46.1629892Z,0,0,549,230,0
2026-08-17T01:25:46.1687936Z,0,0,549,230,0
2026-08-17T01:25:46.1731142Z,0,0,549,230,0
2026-08-17T01:25:46.1783861Z,0,0,549,230,0
2026-08-17T01:25:46.1831444Z,0,0,549,230,0
2026-08-17T01:25:46.1878332Z,0,0,549,230,0
2026-08-17T01:25:46.1931563Z,0,0,549,230,0
2026-08-17T01:25:46.1984197Z,0,0,549,230,0
2026-08-17T01:25:46.2031656Z,0,0,549,230,0
2026-08-17T01:25:46.2083988Z,0,0,549,230,0
2026-08-17T01:25:46.2134129Z,0,0,549,230,0
2026-08-17T01:25:46.2181589Z,0,0,549,230,0
2026-08-17T01:25:46.2234875Z,0,0,549,230,0
2026-08-17T01:25:46.2286582Z,0,0,549,230,0
2026-08-17T01:25:46.2328933Z,0,0,549,230,0
2026-08-17T01:25:46.2384307Z,0,0,549,230,0
2026-08-17T01:25:46.2430268Z,0,0,549,230,0
2026-08-17T01:25:46.2479387Z,0,0,549,230,0
2026-08-17T01:25:46.2533664Z,0,0,549,230,0
2026-08-17T01:25:46.2583395Z,0,0,549,230,0
2026-08-17T01:25:46.2630094Z,0,0,549,230,0
2026-08-17T01:25:46.2680008Z,0,0,549,230,0
2026-08-17T01:25:46.2733864Z,0,0,549,230,0
2026-08-17T01:25:46.2781995Z,0,0,549,230,0
2026-08-17T01:25:46.2832821Z,0,0,549,230,0
2026-08-17T01:25:46.2880235Z,0,0,549,230,0
2026-08-17T01:25:46.2930258Z,0,0,549,230,0
2026-08-17T01:25:46.2984473Z,0,0,549,230,0
2026-08-17T01:25:46.3034143Z,0,0,549,230,0
2026-08-17T01:25:46.3083102Z,0,0,549,230,0
2026-08-17T01:25:46.3128846Z,0,0,549,230,0
2026-08-17T01:25:46.3181108Z,0,0,549,230,0
2026-08-17T01:25:46.3235091Z,0,0,549,230,0
2026-08-17T01:25:46.3283444Z,0,0,549,230,0
2026-08-17T01:25:46.3332657Z,0,0,549,230,0
2026-08-17T01:25:46.3380516Z,0,0,549,230,0
2026-08-17T01:25:46.3433818Z,0,0,549,230,0
2026-08-17T01:25:46.3482074Z,0,0,549,230,0
2026-08-17T01:25:46.3535731Z,0,0,549,230,0
2026-08-17T01:25:46.3579937Z,0,0,549,230,0
2026-08-17T01:25:46.3633504Z,0,0,549,230,0
2026-08-17T01:25:46.3682813Z,0,0,549,230,0
2026-08-17T01:25:46.3730467Z,0,0,549,230,0
2026-08-17T01:25:46.3785296Z,0,0,549,230,0
2026-08-17T01:25:46.3834335Z,0,0,549,230,0
2026-08-17T01:25:46.3882447Z,0,0,549,230,0
2026-08-17T01:25:46.3931043Z,0,0,549,230,0
2026-08-17T01:25:46.3983651Z,0,0,549,230,0
2026-08-17T01:25:46.403Z,0,0,549,230,0
2026-08-17T01:25:46.4080971Z,0,0,549,230,0
2026-08-17T01:25:46.4130694Z,0,0,549,230,0
2026-08-17T01:25:46.4181564Z,0,0,549,230,0
2026-08-17T01:25:46.4232435Z,0,0,549,230,0
2026-08-17T01:25:46.4281241Z,0,0,549,230,0
2026-08-17T01:25:46.4337042Z,0,0,549,230,0
2026-08-17T01:25:46.4384371Z,0,0,549,230,0
2026-08-17T01:25:46.4434691Z,0,0,549,230,0
2026-08-17T01:25:46.4482632Z,0,0,549,230,0
2026-08-17T01:25:46.4531511Z,0,0,549,230,0
2026-08-17T01:25:46.4584823Z,0,0,549,230,0
2026-08-17T01:25:46.4635115Z,0,0,549,230,0
2026-08-17T01:25:46.4681974Z,0,0,549,230,0
2026-08-17T01:25:46.4731796Z,0,0,549,230,0
2026-08-17T01:25:46.4784518Z,0,0,549,230,0
2026-08-17T01:25:46.4834869Z,0,0,549,230,0
2026-08-17T01:25:46.4881429Z,0,0,549,230,0
2026-08-17T01:25:46.4932878Z,0,0,549,230,0
2026-08-17T01:25:46.4982507Z,0,0,549,230,0
2026-08-17T01:25:46.5030639Z,0,0,549,230,0
2026-08-17T01:25:46.5081337Z,0,0,549,230,0
2026-08-17T01:25:46.513672Z,0,0,549,230,0
2026-08-17T01:25:46.5183738Z,0,0,549,230,0
2026-08-17T01:25:46.523057Z,0,0,549,230,0
2026-08-17T01:25:46.5284974Z,0,0,549,230,0
2026-08-17T01:25:46.5332991Z,0,0,549,230,0
2026-08-17T01:25:46.5380709Z,0,0,549,230,0
2026-08-17T01:25:46.5432077Z,0,0,549,230,0
2026-08-17T01:25:46.5484003Z,0,0,549,230,0
2026-08-17T01:25:46.5533507Z,0,0,549,230,0
2026-08-17T01:25:46.558134Z,0,0,549,230,0
2026-08-17T01:25:46.5631373Z,0,0,549,230,0
2026-08-17T01:25:46.5681722Z,0,0,549,230,0
2026-08-17T01:25:46.5733487Z,0,0,549,230,0
2026-08-17T01:25:46.5782942Z,0,0,549,230,0
2026-08-17T01:25:46.5832445Z,0,0,549,230,0
2026-08-17T01:25:46.5881066Z,0,0,549,230,0
2026-08-17T01:25:46.5931267Z,0,0,549,230,0
2026-08-17T01:25:46.5984342Z,0,0,549,230,0
2026-08-17T01:25:46.603041Z,0,0,549,230,0
2026-08-17T01:25:46.6081116Z,0,0,549,230,0
2026-08-17T01:25:46.6131143Z,0,0,549,230,0
2026-08-17T01:25:46.6179293Z,0,0,549,230,0
2026-08-17T01:25:46.623416Z,0,0,549,230,0
2026-08-17T01:25:46.6281402Z,0,0,549,230,0
2026-08-17T01:25:46.633585Z,0,0,549,230,0
2026-08-17T01:25:46.6383238Z,0,0,549,230,0
2026-08-17T01:25:46.6433316Z,0,0,549,230,0
2026-08-17T01:25:46.6480747Z,0,0,549,230,0
2026-08-17T01:25:46.6529553Z,0,0,549,230,0
2026-08-17T01:25:46.6583432Z,0,0,549,230,0
2026-08-17T01:25:46.663367Z,0,0,549,230,0
2026-08-17T01:25:46.6680768Z,0,0,549,230,0
2026-08-17T01:25:46.6734018Z,0,0,549,230,0
2026-08-17T01:25:46.6781904Z,0,0,549,230,0
2026-08-17T01:25:46.6832552Z,0,0,549,230,0
2026-08-17T01:25:46.6879479Z,0,0,549,230,0
2026-08-17T01:25:46.6936178Z,0,0,549,230,0
2026-08-17T01:25:46.69838Z,0,0,549,230,0
2026-08-17T01:25:46.7031494Z,0,0,549,230,0
2026-08-17T01:25:46.708049Z,0,0,549,230,0
2026-08-17T01:25:46.7131327Z,0,0,549,230,0
2026-08-17T01:25:46.7183202Z,0,0,549,230,0
2026-08-17T01:25:46.7233488Z,0,0,549,230,0
2026-08-17T01:25:46.7286426Z,0,0,549,230,0
2026-08-17T01:25:46.7332789Z,0,0,549,230,0
2026-08-17T01:25:46.7380526Z,0,0,549,230,0
2026-08-17T01:25:46.7434415Z,0,0,549,230,0
2026-08-17T01:25:46.7483957Z,0,0,549,230,0
2026-08-17T01:25:46.7534441Z,0,0,549,230,0
2026-08-17T01:25:46.7579829Z,0,0,549,230,0
2026-08-17T01:25:46.7630347Z,0,0,549,230,0
2026-08-17T01:25:46.7680201Z,0,0,549,230,0
2026-08-17T01:25:46.7729793Z,0,0,549,230,0
2026-08-17T01:25:46.7786669Z,0,0,549,230,0
2026-08-17T01:25:46.7831099Z,0,0,549,230,0
2026-08-17T01:25:46.7882846Z,0,0,549,230,0
2026-08-17T01:25:46.7937933Z,0,0,549,230,0
2026-08-17T01:25:46.7985324Z,0,0,549,230,0
2026-08-17T01:25:46.8033955Z,0,0,549,230,0
2026-08-17T01:25:46.8080424Z,0,0,549,230,0
2026-08-17T01:25:46.8133418Z,0,0,549,230,0
2026-08-17T01:25:46.8180201Z,0,0,549,230,0
2026-08-17T01:25:46.8233825Z,0,0,549,230,0
2026-08-17T01:25:46.8280432Z,0,0,549,230,0
2026-08-17T01:25:46.8334215Z,0,0,549,230,0
2026-08-17T01:25:46.8382083Z,0,0,549,230,0
2026-08-17T01:25:46.8431375Z,0,0,549,230,0
2026-08-17T01:25:46.8484648Z,0,0,549,230,0
2026-08-17T01:25:46.8529829Z,0,0,549,230,0
2026-08-17T01:25:46.8589165Z,0,0,549,230,0
2026-08-17T01:25:46.8633907Z,0,0,549,230,0
2026-08-17T01:25:46.8682506Z,0,0,549,230,0
2026-08-17T01:25:46.873947Z,0,0,549,230,0
2026-08-17T01:25:46.8782949Z,0,0,549,230,0
2026-08-17T01:25:46.8832725Z,0,0,549,230,0
2026-08-17T01:25:46.888572Z,0,0,549,230,0
2026-08-17T01:25:46.8933692Z,0,0,549,230,0
2026-08-17T01:25:46.8981085Z,0,0,549,230,0
2026-08-17T01:25:46.9033064Z,0,0,549,230,0
2026-08-17T01:25:46.9080472Z,0,0,549,230,0
2026-08-17T01:25:46.9130263Z,0,0,549,230,0
2026-08-17T01:25:46.9180045Z,0,0,549,230,0
2026-08-17T01:25:46.9252026Z,0,0,549,230,0
2026-08-17T01:25:46.928145Z,0,0,549,230,0
2026-08-17T01:25:46.9330927Z,0,0,549,230,0
2026-08-17T01:25:46.93845Z,0,0,549,230,0
2026-08-17T01:25:46.9434068Z,0,0,549,230,0
2026-08-17T01:25:46.9481426Z,0,0,549,230,0
2026-08-17T01:25:46.9531398Z,0,0,549,230,0
2026-08-17T01:25:46.9583909Z,0,0,549,230,0
2026-08-17T01:25:46.9631463Z,0,0,549,230,0
2026-08-17T01:25:46.9684432Z,0,0,549,230,0
2026-08-17T01:25:46.9734628Z,0,0,549,230,0
2026-08-17T01:25:46.9781985Z,0,0,549,230,0
2026-08-17T01:25:46.9832442Z,0,0,549,230,0
2026-08-17T01:25:46.9879938Z,0,0,549,230,0
2026-08-17T01:25:46.9932764Z,0,0,549,230,0
2026-08-17T01:25:46.9979972Z,0,0,549,230,0
2026-08-17T01:25:47.0034578Z,0,0,549,230,0
2026-08-17T01:25:47.008134Z,0,0,549,230,0
2026-08-17T01:25:47.0131267Z,0,0,549,230,0
2026-08-17T01:25:47.0184727Z,0,0,549,230,0
2026-08-17T01:25:47.0232628Z,0,0,549,230,0
2026-08-17T01:25:47.0281568Z,0,0,549,230,0
2026-08-17T01:25:47.0336421Z,0,0,549,230,0
2026-08-17T01:25:47.0384323Z,0,0,549,230,0
2026-08-17T01:25:47.0441897Z,0,0,549,230,0
2026-08-17T01:25:47.0484253Z,0,0,549,230,0
2026-08-17T01:25:47.0532481Z,0,0,549,230,0
2026-08-17T01:25:47.0581447Z,0,0,549,230,0
2026-08-17T01:25:47.0632799Z,0,0,549,230,0
2026-08-17T01:25:47.0684591Z,0,0,549,230,0
2026-08-17T01:25:47.0735501Z,0,0,549,230,0
2026-08-17T01:25:47.0780651Z,0,0,549,230,0
2026-08-17T01:25:47.0831869Z,0,0,549,230,0
2026-08-17T01:25:47.0884415Z,0,0,549,230,0
2026-08-17T01:25:47.0933789Z,0,0,549,230,0
2026-08-17T01:25:47.0981488Z,0,0,549,230,0
2026-08-17T01:25:47.1036777Z,0,0,549,230,0
2026-08-17T01:25:47.1080719Z,0,0,549,230,0
2026-08-17T01:25:47.1133891Z,0,0,549,230,0
2026-08-17T01:25:47.1182132Z,0,0,549,230,0
2026-08-17T01:25:47.1232734Z,0,0,549,230,0
2026-08-17T01:25:47.1285163Z,0,0,549,230,0
2026-08-17T01:25:47.1334275Z,0,0,549,230,0
2026-08-17T01:25:47.1382768Z,0,0,549,230,0
2026-08-17T01:25:47.1436573Z,0,0,549,230,0
2026-08-17T01:25:47.148453Z,0,0,549,230,0
2026-08-17T01:25:47.1530606Z,0,0,549,230,0
2026-08-17T01:25:47.1584996Z,0,0,549,230,0
2026-08-17T01:25:47.1635266Z,0,0,549,230,0
2026-08-17T01:25:47.1680396Z,0,0,549,230,0
2026-08-17T01:25:47.1731594Z,0,0,549,230,0
2026-08-17T01:25:47.1784088Z,0,0,549,230,0
2026-08-17T01:25:47.1835211Z,0,0,549,230,0
2026-08-17T01:25:47.1884502Z,0,0,549,230,0
2026-08-17T01:25:47.1933322Z,0,0,549,230,0
2026-08-17T01:25:47.1987061Z,0,0,549,230,0
2026-08-17T01:25:47.2031865Z,0,0,549,230,0
2026-08-17T01:25:47.2084305Z,0,0,549,230,0
2026-08-17T01:25:47.2134973Z,0,0,549,230,0
2026-08-17T01:25:47.2181917Z,0,0,549,230,0
2026-08-17T01:25:47.2235456Z,0,0,549,230,0
2026-08-17T01:25:47.2283576Z,0,0,549,230,0
2026-08-17T01:25:47.2337115Z,0,0,549,230,0
2026-08-17T01:25:47.2385974Z,0,0,549,230,0
2026-08-17T01:25:47.2433195Z,0,0,549,230,0
2026-08-17T01:25:47.2485615Z,0,0,549,230,0
2026-08-17T01:25:47.2535181Z,0,0,549,230,0
2026-08-17T01:25:47.2583096Z,0,0,549,230,0
2026-08-17T01:25:47.263665Z,0,0,549,230,0
2026-08-17T01:25:47.2685363Z,0,0,549,230,0
2026-08-17T01:25:47.2731466Z,0,0,549,230,0
2026-08-17T01:25:47.2780741Z,0,0,549,230,0
2026-08-17T01:25:47.2836055Z,0,0,549,230,0
2026-08-17T01:25:47.2883656Z,0,0,549,230,0
2026-08-17T01:25:47.2933656Z,0,0,549,230,0
2026-08-17T01:25:47.2987199Z,0,0,549,230,0
2026-08-17T01:25:47.3031746Z,0,0,549,230,0
2026-08-17T01:25:47.3084021Z,0,0,549,230,0
2026-08-17T01:25:47.31339Z,0,0,549,230,0
2026-08-17T01:25:47.3181882Z,0,0,549,230,0
2026-08-17T01:25:47.323006Z,0,0,549,230,0
2026-08-17T01:25:47.3289905Z,0,0,549,230,0
2026-08-17T01:25:47.3333584Z,0,0,549,230,0
2026-08-17T01:25:47.3380719Z,0,0,549,230,0
2026-08-17T01:25:47.3430708Z,0,0,549,230,0
2026-08-17T01:25:47.3481733Z,0,0,549,230,0
2026-08-17T01:25:47.3529701Z,0,0,549,230,0
2026-08-17T01:25:47.3580775Z,0,0,549,230,0
2026-08-17T01:25:47.3635413Z,0,0,549,230,0
2026-08-17T01:25:47.3682732Z,0,0,549,230,0
2026-08-17T01:25:47.3733542Z,0,0,549,230,0
2026-08-17T01:25:47.3781534Z,0,0,549,230,0
2026-08-17T01:25:47.3835827Z,0,0,549,230,0
2026-08-17T01:25:47.3883249Z,0,0,549,230,0
2026-08-17T01:25:47.3931531Z,0,0,549,230,0
2026-08-17T01:25:47.3984401Z,0,0,549,230,0
2026-08-17T01:25:47.4034568Z,0,0,549,230,0
2026-08-17T01:25:47.4082886Z,0,0,549,230,0
2026-08-17T01:25:47.4134695Z,0,0,549,230,0
2026-08-17T01:25:47.4182903Z,0,0,549,230,0
2026-08-17T01:25:47.423267Z,0,0,549,230,0
2026-08-17T01:25:47.4281323Z,0,0,549,230,0
2026-08-17T01:25:47.4332345Z,0,0,549,230,0
2026-08-17T01:25:47.4382181Z,0,0,549,230,0
2026-08-17T01:25:47.4433798Z,0,0,549,230,0
2026-08-17T01:25:47.4481106Z,0,0,549,230,0
2026-08-17T01:25:47.4532513Z,0,0,549,230,0
2026-08-17T01:25:47.4583229Z,0,0,549,230,0
2026-08-17T01:25:47.4630219Z,0,0,549,230,0
2026-08-17T01:25:47.4680036Z,0,0,549,230,0
2026-08-17T01:25:47.4734986Z,0,0,549,230,0
2026-08-17T01:25:47.4783459Z,0,0,549,230,0
2026-08-17T01:25:47.4833944Z,0,0,549,230,0
2026-08-17T01:25:47.4881082Z,0,0,549,230,0
2026-08-17T01:25:47.4930524Z,0,0,549,230,0
2026-08-17T01:25:47.498263Z,0,0,549,230,0
2026-08-17T01:25:47.5032113Z,0,0,549,230,0
2026-08-17T01:25:47.5081408Z,0,0,549,230,0
2026-08-17T01:25:47.5131341Z,0,0,549,230,0
2026-08-17T01:25:47.5184601Z,0,0,549,230,0
2026-08-17T01:25:47.523305Z,0,0,549,230,0
2026-08-17T01:25:47.5280811Z,0,0,549,230,0
2026-08-17T01:25:47.5330746Z,0,0,549,230,0
2026-08-17T01:25:47.5379901Z,0,0,549,230,0
2026-08-17T01:25:47.5431257Z,0,0,549,230,0
2026-08-17T01:25:47.5480826Z,0,0,549,230,0
2026-08-17T01:25:47.5531532Z,0,0,549,230,0
2026-08-17T01:25:47.5579302Z,0,0,549,230,0
2026-08-17T01:25:47.5630768Z,0,0,549,230,0
2026-08-17T01:25:47.5686099Z,0,0,549,230,0
2026-08-17T01:25:47.5731204Z,0,0,549,230,0
2026-08-17T01:25:47.5783705Z,0,0,549,230,0
2026-08-17T01:25:47.5834563Z,0,0,549,230,0
2026-08-17T01:25:47.5882058Z,0,0,549,230,0
2026-08-17T01:25:47.5931793Z,0,0,549,230,0
2026-08-17T01:25:47.5982914Z,0,0,549,230,0
2026-08-17T01:25:47.6033538Z,0,0,549,230,0
2026-08-17T01:25:47.6082082Z,0,0,549,230,0
2026-08-17T01:25:47.6133168Z,0,0,549,230,0
2026-08-17T01:25:47.618341Z,0,0,549,230,0
2026-08-17T01:25:47.6230442Z,0,0,549,230,0
2026-08-17T01:25:47.6280049Z,0,0,549,230,0
2026-08-17T01:25:47.6334854Z,0,0,549,230,0
2026-08-17T01:25:47.6382854Z,0,0,549,230,0
2026-08-17T01:25:47.6434159Z,0,0,549,230,0
2026-08-17T01:25:47.6483905Z,0,0,549,230,0
2026-08-17T01:25:47.653134Z,0,0,549,230,0
2026-08-17T01:25:47.658546Z,0,0,549,230,0
2026-08-17T01:25:47.6635007Z,0,0,549,230,0
2026-08-17T01:25:47.6682236Z,0,0,549,230,0
2026-08-17T01:25:47.6732099Z,0,0,549,230,0
2026-08-17T01:25:47.6780585Z,0,0,549,230,0
2026-08-17T01:25:47.6834977Z,0,0,549,230,0
2026-08-17T01:25:47.6883104Z,0,0,549,230,0
2026-08-17T01:25:47.6932873Z,0,0,549,230,0
2026-08-17T01:25:47.6985967Z,0,0,549,230,0
2026-08-17T01:25:47.7035794Z,0,0,549,230,0
2026-08-17T01:25:47.7084341Z,0,0,549,230,0
2026-08-17T01:25:47.7133574Z,0,0,549,230,0
2026-08-17T01:25:47.7184713Z,0,0,549,230,0
2026-08-17T01:25:47.7234279Z,0,0,549,230,0
2026-08-17T01:25:47.7281281Z,0,0,549,230,0
2026-08-17T01:25:47.7332175Z,0,0,549,230,0
2026-08-17T01:25:47.7382277Z,0,0,549,230,0
2026-08-17T01:25:47.7431007Z,0,0,549,230,0
2026-08-17T01:25:47.7481981Z,0,0,549,230,0
2026-08-17T01:25:47.7532606Z,0,0,549,230,0
2026-08-17T01:25:47.7580484Z,0,0,549,230,0
2026-08-17T01:25:47.763482Z,0,0,549,230,0
2026-08-17T01:25:47.7682518Z,0,0,549,230,0
2026-08-17T01:25:47.7730783Z,0,0,549,230,0
2026-08-17T01:25:47.7784131Z,0,0,549,230,0
2026-08-17T01:25:47.7834127Z,0,0,549,230,0
2026-08-17T01:25:47.7886775Z,0,0,549,230,0
2026-08-17T01:25:47.7931891Z,0,0,549,230,0
2026-08-17T01:25:47.7979817Z,0,0,549,230,0
2026-08-17T01:25:47.8034368Z,0,0,549,230,0
2026-08-17T01:25:47.8083208Z,0,0,549,230,0
2026-08-17T01:25:47.8134476Z,0,0,549,230,0
2026-08-17T01:25:47.8182665Z,0,0,549,230,0
2026-08-17T01:25:47.8232605Z,0,0,549,230,0
2026-08-17T01:25:47.828563Z,0,0,549,230,0
2026-08-17T01:25:47.8333725Z,0,0,549,230,0
2026-08-17T01:25:47.8386503Z,0,0,549,230,0
2026-08-17T01:25:47.8434619Z,0,0,549,230,0
2026-08-17T01:25:47.8481298Z,0,0,549,230,0
2026-08-17T01:25:47.8537594Z,0,0,549,230,0
2026-08-17T01:25:47.8580572Z,0,0,549,230,0
2026-08-17T01:25:47.8635083Z,0,0,549,230,0
2026-08-17T01:25:47.8682834Z,0,0,549,230,0
2026-08-17T01:25:47.873435Z,0,0,549,230,0
2026-08-17T01:25:47.8781356Z,0,0,549,230,0
2026-08-17T01:25:47.8833502Z,0,0,549,230,0
2026-08-17T01:25:47.8881617Z,0,0,549,230,0
2026-08-17T01:25:47.8935486Z,0,0,549,230,0
2026-08-17T01:25:47.898229Z,0,0,549,230,0
2026-08-17T01:25:47.9031592Z,0,0,549,230,0
2026-08-17T01:25:47.9083894Z,0,0,549,230,0
2026-08-17T01:25:47.9134942Z,0,0,549,230,0
2026-08-17T01:25:47.9182106Z,0,0,549,230,0
2026-08-17T01:25:47.9233717Z,0,0,549,230,0
2026-08-17T01:25:47.928282Z,0,0,549,230,0
2026-08-17T01:25:47.9332784Z,0,0,549,230,0
2026-08-17T01:25:47.9388955Z,0,0,549,230,0
2026-08-17T01:25:47.9433758Z,0,0,549,230,0
2026-08-17T01:25:47.9483556Z,0,0,549,230,0
2026-08-17T01:25:47.953427Z,0,0,549,230,0
2026-08-17T01:25:47.9583358Z,0,0,549,230,0
2026-08-17T01:25:47.9631825Z,0,0,549,230,0
2026-08-17T01:25:47.9682541Z,0,0,549,230,0
2026-08-17T01:25:47.9732071Z,0,0,549,230,0
2026-08-17T01:25:47.9782274Z,0,0,549,230,0
2026-08-17T01:25:47.9832806Z,0,0,549,230,0
2026-08-17T01:25:47.9884689Z,0,0,549,230,0
2026-08-17T01:25:47.993504Z,0,0,549,230,0
2026-08-17T01:25:47.9983055Z,0,0,549,230,0
2026-08-17T01:25:48.0040535Z,0,0,549,230,0
2026-08-17T01:25:48.0083147Z,0,0,549,230,0
2026-08-17T01:25:48.0132146Z,0,0,549,230,0
2026-08-17T01:25:48.0181489Z,0,0,549,230,0
2026-08-17T01:25:48.0232034Z,0,0,549,230,0
2026-08-17T01:25:48.0282931Z,0,0,549,230,0
2026-08-17T01:25:48.0333281Z,0,0,549,230,0
2026-08-17T01:25:48.0385289Z,0,0,549,230,0
2026-08-17T01:25:48.0434812Z,0,0,549,230,0
2026-08-17T01:25:48.0483547Z,0,0,549,230,0
2026-08-17T01:25:48.0532964Z,0,0,549,230,0
2026-08-17T01:25:48.057959Z,0,0,549,230,0
2026-08-17T01:25:48.0632893Z,0,0,549,230,0
2026-08-17T01:25:48.0682781Z,0,0,549,230,0
2026-08-17T01:25:48.0732679Z,0,0,549,230,0
2026-08-17T01:25:48.0779912Z,0,0,549,230,0
2026-08-17T01:25:48.0835806Z,0,0,549,230,0
2026-08-17T01:25:48.0882447Z,0,0,549,230,0
2026-08-17T01:25:48.0932175Z,0,0,549,230,0
2026-08-17T01:25:48.0980231Z,0,0,549,230,0
2026-08-17T01:25:48.1029133Z,0,0,549,230,0
2026-08-17T01:25:48.1081195Z,0,0,549,230,0
2026-08-17T01:25:48.1131737Z,0,0,549,230,0
2026-08-17T01:25:48.1179898Z,0,0,549,230,0
2026-08-17T01:25:48.1234697Z,0,0,549,230,0
2026-08-17T01:25:48.1284146Z,0,0,549,230,0
2026-08-17T01:25:48.1334453Z,0,0,549,230,0
2026-08-17T01:25:48.1382244Z,0,0,549,230,0
2026-08-17T01:25:48.1432509Z,0,0,549,230,0
2026-08-17T01:25:48.1480959Z,0,0,549,230,0
2026-08-17T01:25:48.1531299Z,0,0,549,230,0
2026-08-17T01:25:48.158213Z,0,0,549,230,0
2026-08-17T01:25:48.1631046Z,0,0,549,230,0
2026-08-17T01:25:48.168201Z,0,0,549,230,0
2026-08-17T01:25:48.1732462Z,0,0,549,230,0
2026-08-17T01:25:48.1785748Z,0,0,549,230,0
2026-08-17T01:25:48.1831035Z,0,0,549,230,0
2026-08-17T01:25:48.1879547Z,0,0,549,230,0
2026-08-17T01:25:48.1934104Z,0,0,549,230,0
2026-08-17T01:25:48.19822Z,0,0,549,230,0
2026-08-17T01:25:48.2033392Z,0,0,549,230,0
2026-08-17T01:25:48.2081386Z,0,0,549,230,0
2026-08-17T01:25:48.2135389Z,0,0,549,230,0
2026-08-17T01:25:48.2182698Z,0,0,549,230,0
2026-08-17T01:25:48.2232274Z,0,0,549,230,0
2026-08-17T01:25:48.2283994Z,0,0,549,230,0
2026-08-17T01:25:48.233358Z,0,0,549,230,0
2026-08-17T01:25:48.2386221Z,0,0,549,230,0
2026-08-17T01:25:48.2431924Z,0,0,549,230,0
2026-08-17T01:25:48.2479509Z,0,0,549,230,0
2026-08-17T01:25:48.2532728Z,0,0,549,230,0
2026-08-17T01:25:48.258326Z,0,0,549,230,0
2026-08-17T01:25:48.263158Z,0,0,549,230,0
2026-08-17T01:25:48.2680572Z,0,0,549,230,0
2026-08-17T01:25:48.2730176Z,0,0,549,230,0
2026-08-17T01:25:48.278623Z,0,0,549,230,0
2026-08-17T01:25:48.2830647Z,0,0,549,230,0
2026-08-17T01:25:48.2882153Z,0,0,549,230,0
2026-08-17T01:25:48.2931162Z,0,0,549,230,0
2026-08-17T01:25:48.2984162Z,0,0,549,230,0
2026-08-17T01:25:48.3033361Z,0,0,549,230,0
2026-08-17T01:25:48.3082482Z,0,0,549,230,0
2026-08-17T01:25:48.3135476Z,0,0,549,230,0
2026-08-17T01:25:48.3181748Z,0,0,549,230,0
2026-08-17T01:25:48.3235083Z,0,0,549,230,0
2026-08-17T01:25:48.3284229Z,0,0,549,230,0
2026-08-17T01:25:48.3334287Z,0,0,549,230,0
2026-08-17T01:25:48.3386542Z,0,0,549,230,0
2026-08-17T01:25:48.3436327Z,0,0,549,230,0
2026-08-17T01:25:48.3483295Z,0,0,549,230,0
2026-08-17T01:25:48.353738Z,0,0,549,230,0
2026-08-17T01:25:48.3585497Z,0,0,549,230,0
2026-08-17T01:25:48.3635268Z,0,0,549,230,0
2026-08-17T01:25:48.368295Z,0,0,549,230,0
2026-08-17T01:25:48.3733131Z,0,0,549,230,0
2026-08-17T01:25:48.3780526Z,0,0,549,230,0
2026-08-17T01:25:48.3832328Z,0,0,549,230,0
2026-08-17T01:25:48.3880211Z,0,0,549,230,0
2026-08-17T01:25:48.3934846Z,0,0,549,230,0
2026-08-17T01:25:48.3981255Z,0,0,549,230,0
2026-08-17T01:25:48.4035086Z,0,0,549,230,0
2026-08-17T01:25:48.4081809Z,0,0,549,230,0
2026-08-17T01:25:48.413666Z,0,0,549,230,0
2026-08-17T01:25:48.4184364Z,0,0,549,230,0
2026-08-17T01:25:48.4232849Z,0,0,549,230,0
2026-08-17T01:25:48.4280091Z,0,0,549,230,0
2026-08-17T01:25:48.4333139Z,0,0,549,230,0
2026-08-17T01:25:48.4385564Z,0,0,549,230,0
2026-08-17T01:25:48.4436107Z,0,0,549,230,0
2026-08-17T01:25:48.4483583Z,0,0,549,230,0
2026-08-17T01:25:48.453374Z,0,0,549,230,0
2026-08-17T01:25:48.4583316Z,0,0,549,230,0
2026-08-17T01:25:48.4632681Z,0,0,549,230,0
2026-08-17T01:25:48.4684423Z,0,0,549,230,0
2026-08-17T01:25:48.4733548Z,0,0,549,230,0
2026-08-17T01:25:48.4787576Z,0,0,549,230,0
2026-08-17T01:25:48.4831086Z,0,0,549,230,0
2026-08-17T01:25:48.4883658Z,0,0,549,230,0
2026-08-17T01:25:48.4934686Z,0,0,549,230,0
2026-08-17T01:25:48.4982133Z,0,0,549,230,0
2026-08-17T01:25:48.5036111Z,0,0,549,230,0
2026-08-17T01:25:48.5083644Z,0,0,549,230,0
2026-08-17T01:25:48.5133251Z,0,0,549,230,0
2026-08-17T01:25:48.5181424Z,0,0,549,230,0
2026-08-17T01:25:48.523187Z,0,0,549,230,0
2026-08-17T01:25:48.5282175Z,0,0,549,230,0
2026-08-17T01:25:48.5332684Z,0,0,549,230,0
2026-08-17T01:25:48.5384655Z,0,0,549,230,0
2026-08-17T01:25:48.5432331Z,0,0,549,230,0
2026-08-17T01:25:48.5484593Z,0,0,549,230,0
2026-08-17T01:25:48.5533636Z,0,0,549,230,0
2026-08-17T01:25:48.5582926Z,0,0,549,230,0
2026-08-17T01:25:48.563315Z,0,0,549,230,0
2026-08-17T01:25:48.5682451Z,0,0,549,230,0
2026-08-17T01:25:48.5731716Z,0,0,549,230,0
2026-08-17T01:25:48.578494Z,0,0,549,230,0
2026-08-17T01:25:48.5834066Z,0,0,549,230,0
2026-08-17T01:25:48.5883461Z,0,0,549,230,0
2026-08-17T01:25:48.5934274Z,0,0,549,230,0
2026-08-17T01:25:48.5981562Z,0,0,549,230,0
2026-08-17T01:25:48.6032367Z,0,0,549,230,0
2026-08-17T01:25:48.608225Z,0,0,549,230,0
2026-08-17T01:25:48.6131162Z,0,0,549,230,0
2026-08-17T01:25:48.6181802Z,0,0,549,230,0
2026-08-17T01:25:48.6232807Z,0,0,549,230,0
2026-08-17T01:25:48.6285514Z,0,0,549,230,0
2026-08-17T01:25:48.6333377Z,0,0,549,230,0
2026-08-17T01:25:48.6381068Z,0,0,549,230,0
2026-08-17T01:25:48.6431592Z,0,0,549,230,0
2026-08-17T01:25:48.648231Z,0,0,549,230,0
2026-08-17T01:25:48.653419Z,0,0,549,230,0
2026-08-17T01:25:48.6582214Z,0,0,549,230,0
2026-08-17T01:25:48.6635596Z,0,0,549,230,0
2026-08-17T01:25:48.6684885Z,0,0,549,230,0
2026-08-17T01:25:48.6729977Z,0,0,549,230,0
2026-08-17T01:25:48.6785738Z,0,0,549,230,0
2026-08-17T01:25:48.6829888Z,0,0,549,230,0
2026-08-17T01:25:48.6880495Z,0,0,549,230,0
2026-08-17T01:25:48.6931672Z,0,0,549,230,0
2026-08-17T01:25:48.6982438Z,0,0,549,230,0
2026-08-17T01:25:48.7032889Z,0,0,549,230,0
2026-08-17T01:25:48.7083643Z,0,0,549,230,0
2026-08-17T01:25:48.7135319Z,0,0,549,230,0
2026-08-17T01:25:48.7182306Z,0,0,549,230,0
2026-08-17T01:25:48.7229864Z,0,0,549,230,0
2026-08-17T01:25:48.7279482Z,0,0,549,230,0
2026-08-17T01:25:48.7334271Z,0,0,549,230,0
2026-08-17T01:25:48.7382272Z,0,0,549,230,0
2026-08-17T01:25:48.7432663Z,0,0,549,230,0
2026-08-17T01:25:48.7479819Z,0,0,549,230,0
2026-08-17T01:25:48.7534388Z,0,0,549,230,0
2026-08-17T01:25:48.7582565Z,0,0,549,230,0
2026-08-17T01:25:48.7634023Z,0,0,549,230,0
2026-08-17T01:25:48.7680392Z,0,0,549,230,0
2026-08-17T01:25:48.7729508Z,0,0,549,230,0
2026-08-17T01:25:48.7780128Z,0,0,549,230,0
2026-08-17T01:25:48.7833428Z,0,0,549,230,0
2026-08-17T01:25:48.788039Z,0,0,549,230,0
2026-08-17T01:25:48.7933161Z,0,0,549,230,0
2026-08-17T01:25:48.7980308Z,0,0,549,230,0
2026-08-17T01:25:48.8034093Z,0,0,549,230,0
2026-08-17T01:25:48.8080677Z,0,0,549,230,0
2026-08-17T01:25:48.8134975Z,0,0,549,230,0
2026-08-17T01:25:48.8182062Z,0,0,549,230,0
2026-08-17T01:25:48.823165Z,0,0,549,230,0
2026-08-17T01:25:48.8282202Z,0,0,549,230,0
2026-08-17T01:25:48.8332571Z,0,0,549,230,0
2026-08-17T01:25:48.8385143Z,0,0,549,230,0
2026-08-17T01:25:48.8433694Z,0,0,549,230,0
2026-08-17T01:25:48.8482837Z,0,0,549,230,0
2026-08-17T01:25:48.8533097Z,0,0,549,230,0
2026-08-17T01:25:48.8584997Z,0,0,549,230,0
2026-08-17T01:25:48.8630789Z,0,0,549,230,0
2026-08-17T01:25:48.8683151Z,0,0,549,230,0
2026-08-17T01:25:48.8732182Z,0,0,549,230,0
2026-08-17T01:25:48.8784655Z,0,0,549,230,0
2026-08-17T01:25:48.8833236Z,0,0,549,230,0
2026-08-17T01:25:48.8880874Z,0,0,549,230,0
2026-08-17T01:25:48.8936237Z,0,0,549,230,0
2026-08-17T01:25:48.8983443Z,0,0,549,230,0
2026-08-17T01:25:48.9031952Z,0,0,549,230,0
2026-08-17T01:25:48.90797Z,0,0,549,230,0
2026-08-17T01:25:48.9132963Z,0,0,549,230,0
2026-08-17T01:25:48.9180916Z,0,0,549,230,0
2026-08-17T01:25:48.9231847Z,0,0,549,230,0
2026-08-17T01:25:48.9280059Z,0,0,549,230,0
2026-08-17T01:25:48.9334033Z,0,0,549,230,0
2026-08-17T01:25:48.9387003Z,0,0,549,230,0
2026-08-17T01:25:48.9433623Z,0,0,549,230,0
2026-08-17T01:25:48.9486763Z,0,0,549,230,0
2026-08-17T01:25:48.9530757Z,0,0,549,230,0
2026-08-17T01:25:48.9581487Z,0,0,549,230,0
2026-08-17T01:25:48.9635477Z,0,0,549,230,0
2026-08-17T01:25:48.9682879Z,0,0,549,230,0
2026-08-17T01:25:48.9734017Z,0,0,549,230,0
2026-08-17T01:25:48.9784643Z,0,0,549,230,0
2026-08-17T01:25:48.9835036Z,0,0,549,230,0
2026-08-17T01:25:48.9882378Z,0,0,549,230,0
2026-08-17T01:25:48.9931483Z,0,0,549,230,0
2026-08-17T01:25:48.9979682Z,0,0,549,230,0
2026-08-17T01:25:49.0032886Z,0,0,549,230,0
2026-08-17T01:25:49.0079912Z,0,0,549,230,0
2026-08-17T01:25:49.0134762Z,0,0,549,230,0
2026-08-17T01:25:49.0181295Z,0,0,549,230,0
2026-08-17T01:25:49.022995Z,0,0,549,230,0
2026-08-17T01:25:49.0282436Z,0,0,549,230,0
2026-08-17T01:25:49.0332846Z,0,0,549,230,0
2026-08-17T01:25:49.0380037Z,0,0,549,230,0
2026-08-17T01:25:49.0430205Z,0,0,549,230,0
2026-08-17T01:25:49.0485868Z,0,0,549,230,0
2026-08-17T01:25:49.0534268Z,0,0,549,230,0
2026-08-17T01:25:49.0582524Z,0,0,549,230,0
2026-08-17T01:25:49.0637341Z,0,0,549,230,0
2026-08-17T01:25:49.0686233Z,0,0,549,230,0
2026-08-17T01:25:49.0730321Z,0,0,549,230,0
2026-08-17T01:25:49.0783965Z,0,0,549,230,0
2026-08-17T01:25:49.0833936Z,0,0,549,230,0
2026-08-17T01:25:49.0883621Z,0,0,549,230,0
2026-08-17T01:25:49.0932004Z,0,0,549,230,0
2026-08-17T01:25:49.0981266Z,0,0,549,230,0
2026-08-17T01:25:49.1031798Z,0,0,549,230,0
2026-08-17T01:25:49.1080504Z,0,0,549,230,0
2026-08-17T01:25:49.1136026Z,0,0,549,230,0
2026-08-17T01:25:49.1183886Z,0,0,549,230,0
2026-08-17T01:25:49.1234004Z,0,0,549,230,0
2026-08-17T01:25:49.1282813Z,0,0,549,230,0
2026-08-17T01:25:49.1337125Z,0,0,549,230,0
2026-08-17T01:25:49.138551Z,0,0,549,230,0
2026-08-17T01:25:49.1436349Z,0,0,549,230,0
2026-08-17T01:25:49.148593Z,0,0,549,230,0
2026-08-17T01:25:49.1530979Z,0,0,549,230,0
2026-08-17T01:25:49.1579866Z,0,0,549,230,0
2026-08-17T01:25:49.163313Z,0,0,549,230,0
2026-08-17T01:25:49.1686136Z,0,0,549,230,0
2026-08-17T01:25:49.1734775Z,0,0,549,230,0
2026-08-17T01:25:49.1781471Z,0,0,549,230,0
2026-08-17T01:25:49.1830168Z,0,0,549,230,0
2026-08-17T01:25:49.1882754Z,0,0,549,230,0
2026-08-17T01:25:49.1930852Z,0,0,549,230,0
2026-08-17T01:25:49.1984117Z,0,0,549,230,0
2026-08-17T01:25:49.2032303Z,0,0,549,230,0
2026-08-17T01:25:49.2081171Z,0,0,549,230,0
2026-08-17T01:25:49.2134315Z,0,0,549,230,0
2026-08-17T01:25:49.2183785Z,0,0,549,230,0
2026-08-17T01:25:49.2235257Z,0,0,549,230,0
2026-08-17T01:25:49.2283072Z,0,0,549,230,0
2026-08-17T01:25:49.2334735Z,0,0,549,230,0
2026-08-17T01:25:49.2389138Z,0,0,549,230,0
2026-08-17T01:25:49.2432314Z,0,0,549,230,0
2026-08-17T01:25:49.2485226Z,0,0,549,230,0
2026-08-17T01:25:49.2534083Z,0,0,549,230,0
2026-08-17T01:25:49.2580743Z,0,0,549,230,0
2026-08-17T01:25:49.2630605Z,0,0,549,230,0
2026-08-17T01:25:49.2679016Z,0,0,549,230,0
2026-08-17T01:25:49.2734828Z,0,0,549,230,0
2026-08-17T01:25:49.2783291Z,0,0,549,230,0
2026-08-17T01:25:49.2833266Z,0,0,549,230,0
2026-08-17T01:25:49.2880318Z,0,0,549,230,0
2026-08-17T01:25:49.2932459Z,0,0,549,230,0
2026-08-17T01:25:49.2979981Z,0,0,549,230,0
2026-08-17T01:25:49.3031936Z,0,0,549,230,0
2026-08-17T01:25:49.307969Z,0,0,549,230,0
2026-08-17T01:25:49.3132678Z,0,0,549,230,0
2026-08-17T01:25:49.3180456Z,0,0,549,230,0
2026-08-17T01:25:49.3234062Z,0,0,549,230,0
2026-08-17T01:25:49.3282271Z,0,0,549,230,0
2026-08-17T01:25:49.3333749Z,0,0,549,230,0
2026-08-17T01:25:49.3380617Z,0,0,549,230,0
2026-08-17T01:25:49.3431473Z,0,0,549,230,0
2026-08-17T01:25:49.34796Z,0,0,549,230,0
2026-08-17T01:25:49.3534092Z,0,0,549,230,0
2026-08-17T01:25:49.3583931Z,0,0,549,230,0
2026-08-17T01:25:49.363411Z,0,0,549,230,0
2026-08-17T01:25:49.3685418Z,0,0,549,230,0
2026-08-17T01:25:49.3729953Z,0,0,549,230,0
2026-08-17T01:25:49.3783417Z,0,0,549,230,0
2026-08-17T01:25:49.3829679Z,0,0,549,230,0
2026-08-17T01:25:49.3880527Z,0,0,549,230,0
2026-08-17T01:25:49.3934939Z,0,0,549,230,0
2026-08-17T01:25:49.3982854Z,0,0,549,230,0
2026-08-17T01:25:49.4032607Z,0,0,549,230,0
2026-08-17T01:25:49.4085505Z,0,0,549,230,0
2026-08-17T01:25:49.413545Z,0,0,549,230,0
2026-08-17T01:25:49.4182856Z,0,0,549,230,0
2026-08-17T01:25:49.4232758Z,0,0,549,230,0
2026-08-17T01:25:49.4282214Z,0,0,549,230,0
2026-08-17T01:25:49.4333235Z,0,0,549,230,0
2026-08-17T01:25:49.4384887Z,0,0,549,230,0
2026-08-17T01:25:49.4430195Z,0,0,549,230,0
2026-08-17T01:25:49.4483676Z,0,0,549,230,0
2026-08-17T01:25:49.4533796Z,0,0,549,230,0
2026-08-17T01:25:49.458147Z,0,0,549,230,0
2026-08-17T01:25:49.4630802Z,0,0,549,230,0
2026-08-17T01:25:49.4681691Z,0,0,549,230,0
2026-08-17T01:25:49.4730878Z,0,0,549,230,0
2026-08-17T01:25:49.478067Z,0,0,549,230,0
2026-08-17T01:25:49.4834331Z,0,0,549,230,0
2026-08-17T01:25:49.4882365Z,0,0,549,230,0
2026-08-17T01:25:49.4933198Z,0,0,549,230,0
2026-08-17T01:25:49.4985966Z,0,0,549,230,0
2026-08-17T01:25:49.503504Z,0,0,549,230,0
2026-08-17T01:25:49.50835Z,0,0,549,230,0
2026-08-17T01:25:49.5133578Z,0,0,549,230,0
2026-08-17T01:25:49.5182889Z,0,0,549,230,0
2026-08-17T01:25:49.5233271Z,0,0,549,230,0
2026-08-17T01:25:49.5285963Z,0,0,549,230,0
2026-08-17T01:25:49.5334599Z,0,0,549,230,0
2026-08-17T01:25:49.5382274Z,0,0,549,230,0
2026-08-17T01:25:49.5432332Z,0,0,549,230,0
2026-08-17T01:25:49.5484355Z,0,0,549,230,0
2026-08-17T01:25:49.5535012Z,0,0,549,230,0
2026-08-17T01:25:49.5582296Z,0,0,549,230,0
2026-08-17T01:25:49.5632328Z,0,0,549,230,0
2026-08-17T01:25:49.5681304Z,0,0,549,230,0
2026-08-17T01:25:49.5733193Z,0,0,549,230,0
2026-08-17T01:25:49.5781451Z,0,0,549,230,0
2026-08-17T01:25:49.5832085Z,0,0,549,230,0
2026-08-17T01:25:49.5880263Z,0,0,549,230,0
2026-08-17T01:25:49.5930215Z,0,0,549,230,0
2026-08-17T01:25:49.5981313Z,0,0,549,230,0
2026-08-17T01:25:49.6036551Z,0,0,549,230,0
2026-08-17T01:25:49.608082Z,0,0,549,230,0
2026-08-17T01:25:49.6132763Z,0,0,549,230,0
2026-08-17T01:25:49.6181985Z,0,0,549,230,0
2026-08-17T01:25:49.623204Z,0,0,549,230,0
2026-08-17T01:25:49.6283258Z,0,0,549,230,0
2026-08-17T01:25:49.6334353Z,0,0,549,230,0
2026-08-17T01:25:49.6381897Z,0,0,549,230,0
2026-08-17T01:25:49.643239Z,0,0,549,230,0
2026-08-17T01:25:49.6484823Z,0,0,549,230,0
2026-08-17T01:25:49.6530624Z,0,0,549,230,0
2026-08-17T01:25:49.6584435Z,0,0,549,230,0
2026-08-17T01:25:49.6634978Z,0,0,549,230,0
2026-08-17T01:25:49.6682428Z,0,0,549,230,0
2026-08-17T01:25:49.6732902Z,0,0,549,230,0
2026-08-17T01:25:49.6785115Z,0,0,549,230,0
2026-08-17T01:25:49.6832919Z,0,0,549,230,0
2026-08-17T01:25:49.6882786Z,0,0,549,230,0
2026-08-17T01:25:49.6933811Z,0,0,549,230,0
2026-08-17T01:25:49.6983714Z,0,0,549,230,0
2026-08-17T01:25:49.7030314Z,0,0,549,230,0
2026-08-17T01:25:49.708449Z,0,0,549,230,0
2026-08-17T01:25:49.7132909Z,0,0,549,230,0
2026-08-17T01:25:49.7180802Z,0,0,549,230,0
2026-08-17T01:25:49.7231491Z,0,0,549,230,0
2026-08-17T01:25:49.7282593Z,0,0,549,230,0
2026-08-17T01:25:49.7332718Z,0,0,549,230,0
2026-08-17T01:25:49.7380121Z,0,0,549,230,0
2026-08-17T01:25:49.7434771Z,0,0,549,230,0
2026-08-17T01:25:49.7483204Z,0,0,549,230,0
2026-08-17T01:25:49.7532721Z,0,0,549,230,0
2026-08-17T01:25:49.7582542Z,0,0,549,230,0
2026-08-17T01:25:49.7632908Z,0,0,549,230,0
2026-08-17T01:25:49.7684127Z,0,0,549,230,0
2026-08-17T01:25:49.7733938Z,0,0,549,230,0
2026-08-17T01:25:49.7782927Z,0,0,549,230,0
2026-08-17T01:25:49.7835987Z,0,0,549,230,0
2026-08-17T01:25:49.7883155Z,0,0,549,230,0
2026-08-17T01:25:49.7932543Z,0,0,549,230,0
2026-08-17T01:25:49.7980632Z,0,0,549,230,0
2026-08-17T01:25:49.8035356Z,0,0,549,230,0
2026-08-17T01:25:49.8083281Z,0,0,549,230,0
2026-08-17T01:25:49.8132048Z,0,0,549,230,0
2026-08-17T01:25:49.8180147Z,0,0,549,230,0
2026-08-17T01:25:49.8230398Z,0,0,549,230,0
2026-08-17T01:25:49.8279771Z,0,0,549,230,0
2026-08-17T01:25:49.8334423Z,0,0,549,230,0
2026-08-17T01:25:49.8384009Z,0,0,549,230,0
2026-08-17T01:25:49.8429963Z,0,0,549,230,0
2026-08-17T01:25:49.8479847Z,0,0,549,230,0
2026-08-17T01:25:49.853122Z,0,0,549,230,0
2026-08-17T01:25:49.8582424Z,0,0,549,230,0
2026-08-17T01:25:49.8631883Z,0,0,549,230,0
2026-08-17T01:25:49.8682886Z,0,0,549,230,0
2026-08-17T01:25:49.8734785Z,0,0,549,230,0
2026-08-17T01:25:49.8781866Z,0,0,549,230,0
2026-08-17T01:25:49.8833231Z,0,0,549,230,0
2026-08-17T01:25:49.8880742Z,0,0,549,230,0
2026-08-17T01:25:49.8930028Z,0,0,549,230,0
2026-08-17T01:25:49.898102Z,0,0,549,230,0
2026-08-17T01:25:49.9030319Z,0,0,549,230,0
2026-08-17T01:25:49.9080279Z,0,0,549,230,0
2026-08-17T01:25:49.9132831Z,0,0,549,230,0
2026-08-17T01:25:49.9180477Z,0,0,549,230,0
2026-08-17T01:25:49.9230312Z,0,0,549,230,0
2026-08-17T01:25:49.9281258Z,0,0,549,230,0
2026-08-17T01:25:49.9331815Z,0,0,549,230,0
2026-08-17T01:25:49.9389154Z,0,0,549,230,0
2026-08-17T01:25:49.9431229Z,0,0,549,230,0
2026-08-17T01:25:49.9479956Z,0,0,549,230,0
2026-08-17T01:25:49.9534459Z,0,0,549,230,0
2026-08-17T01:25:49.9584958Z,0,0,549,230,0
2026-08-17T01:25:49.9629808Z,0,0,549,230,0
2026-08-17T01:25:49.9681333Z,0,0,549,230,0
2026-08-17T01:25:49.9735151Z,0,0,549,230,0
2026-08-17T01:25:49.9782491Z,0,0,549,230,0
2026-08-17T01:25:49.9832341Z,0,0,549,230,0
2026-08-17T01:25:49.9882311Z,0,0,549,230,0
2026-08-17T01:25:49.9933878Z,0,0,549,230,0
2026-08-17T01:25:49.9981254Z,0,0,549,230,0
2026-08-17T01:25:50.0031242Z,0,0,549,230,0
2026-08-17T01:25:50.0079962Z,0,0,549,230,0
2026-08-17T01:25:50.0133734Z,0,0,549,230,0
2026-08-17T01:25:50.0180965Z,0,0,549,230,0
2026-08-17T01:25:50.0231325Z,0,0,549,230,0
2026-08-17T01:25:50.0281129Z,0,0,549,230,0
2026-08-17T01:25:50.0332044Z,0,0,549,230,0
2026-08-17T01:25:50.0381312Z,0,0,549,230,0
2026-08-17T01:25:50.0431126Z,0,0,549,230,0
2026-08-17T01:25:50.0483127Z,0,0,549,230,0
2026-08-17T01:25:50.0532774Z,0,0,549,230,0
2026-08-17T01:25:50.0580558Z,0,0,549,230,0
2026-08-17T01:25:50.0630742Z,0,0,549,230,0
2026-08-17T01:25:50.0680259Z,0,0,549,230,0
2026-08-17T01:25:50.073116Z,0,0,549,230,0
2026-08-17T01:25:50.0784382Z,0,0,549,230,0
2026-08-17T01:25:50.0833614Z,0,0,549,230,0
2026-08-17T01:25:50.0882575Z,0,0,549,230,0
2026-08-17T01:25:50.0932459Z,0,0,549,230,0
2026-08-17T01:25:50.0980025Z,0,0,549,230,0
2026-08-17T01:25:50.1033394Z,0,0,549,230,0
2026-08-17T01:25:50.1081235Z,0,0,549,230,0
2026-08-17T01:25:50.1133304Z,0,0,549,230,0
2026-08-17T01:25:50.1180185Z,0,0,549,230,0
2026-08-17T01:25:50.123051Z,0,0,549,230,0
2026-08-17T01:25:50.1280214Z,0,0,549,230,0
2026-08-17T01:25:50.1334113Z,0,0,549,230,0
2026-08-17T01:25:50.1386011Z,0,0,549,230,0
2026-08-17T01:25:50.1432745Z,0,0,549,230,0
2026-08-17T01:25:50.1486589Z,0,0,549,230,0
2026-08-17T01:25:50.1532625Z,0,0,549,230,0
2026-08-17T01:25:50.1583237Z,0,0,549,230,0
2026-08-17T01:25:50.1633722Z,0,0,549,230,0
2026-08-17T01:25:50.168293Z,0,0,549,230,0
2026-08-17T01:25:50.1732804Z,0,0,549,230,0
2026-08-17T01:25:50.1786412Z,0,0,549,230,0
2026-08-17T01:25:50.1835187Z,0,0,549,230,0
2026-08-17T01:25:50.1879454Z,0,0,549,230,0
2026-08-17T01:25:50.1932471Z,0,0,549,230,0
2026-08-17T01:25:50.1979997Z,0,0,549,230,0
2026-08-17T01:25:50.2032431Z,0,0,549,230,0
2026-08-17T01:25:50.2081893Z,0,0,549,230,0
2026-08-17T01:25:50.2130734Z,0,0,549,230,0
2026-08-17T01:25:50.2186118Z,0,0,549,230,0
2026-08-17T01:25:50.223367Z,0,0,549,230,0
2026-08-17T01:25:50.2283095Z,0,0,549,230,0
2026-08-17T01:25:50.233485Z,0,0,549,230,0
2026-08-17T01:25:50.2382474Z,0,0,549,230,0
2026-08-17T01:25:50.2431715Z,0,0,549,230,0
2026-08-17T01:25:50.2484985Z,0,0,549,230,0
2026-08-17T01:25:50.2533455Z,0,0,549,230,0
2026-08-17T01:25:50.2582981Z,0,0,549,230,0
2026-08-17T01:25:50.2633212Z,0,0,549,230,0
2026-08-17T01:25:50.2684337Z,0,0,549,230,0
2026-08-17T01:25:50.2730137Z,0,0,549,230,0
2026-08-17T01:25:50.2786401Z,0,0,549,230,0
2026-08-17T01:25:50.2832343Z,0,0,549,230,0
2026-08-17T01:25:50.2885377Z,0,0,549,230,0
2026-08-17T01:25:50.2934044Z,0,0,549,230,0
2026-08-17T01:25:50.2982984Z,0,0,549,230,0
2026-08-17T01:25:50.3034001Z,0,0,549,230,0
2026-08-17T01:25:50.3082989Z,0,0,549,230,0
2026-08-17T01:25:50.3130205Z,0,0,549,230,0
2026-08-17T01:25:50.3181585Z,0,0,549,230,0
2026-08-17T01:25:50.3230259Z,0,0,549,230,0
2026-08-17T01:25:50.3280326Z,0,0,549,230,0
2026-08-17T01:25:50.3330444Z,0,0,549,230,0
2026-08-17T01:25:50.3381154Z,0,0,549,230,0
2026-08-17T01:25:50.3430736Z,0,0,549,230,0
2026-08-17T01:25:50.3481365Z,0,0,549,230,0
2026-08-17T01:25:50.3531054Z,0,0,549,230,0
2026-08-17T01:25:50.358161Z,0,0,549,230,0
2026-08-17T01:25:50.3631373Z,0,0,549,230,0
2026-08-17T01:25:50.3681728Z,0,0,549,230,0
2026-08-17T01:25:50.373133Z,0,0,549,230,0
2026-08-17T01:25:50.3779733Z,0,0,549,230,0
2026-08-17T01:25:50.3837824Z,0,0,549,230,0
2026-08-17T01:25:50.3881477Z,0,0,549,230,0
2026-08-17T01:25:50.3930783Z,0,0,549,230,0
2026-08-17T01:25:50.3980659Z,0,0,549,230,0
2026-08-17T01:25:50.4031574Z,0,0,549,230,0
2026-08-17T01:25:50.4082836Z,0,0,549,230,0
2026-08-17T01:25:50.4133566Z,0,0,549,230,0
2026-08-17T01:25:50.4182727Z,0,0,549,230,0
2026-08-17T01:25:50.4231426Z,0,0,549,230,0
2026-08-17T01:25:50.4280538Z,0,0,549,230,0
2026-08-17T01:25:50.433367Z,0,0,549,230,0
2026-08-17T01:25:50.438338Z,0,0,549,230,0
2026-08-17T01:25:50.4429844Z,0,0,549,230,0
2026-08-17T01:25:50.4479407Z,0,0,549,230,0
2026-08-17T01:25:50.4532019Z,0,0,549,230,0
2026-08-17T01:25:50.4581779Z,0,0,549,230,0
2026-08-17T01:25:50.4632383Z,0,0,549,230,0
2026-08-17T01:25:50.468145Z,0,0,549,230,0
2026-08-17T01:25:50.4730873Z,0,0,549,230,0
2026-08-17T01:25:50.4784145Z,0,0,549,230,0
2026-08-17T01:25:50.4829965Z,0,0,549,230,0
2026-08-17T01:25:50.4881327Z,0,0,549,230,0
2026-08-17T01:25:50.4933825Z,0,0,549,230,0
2026-08-17T01:25:50.4980966Z,0,0,549,230,0
2026-08-17T01:25:50.5035126Z,0,0,549,230,0
2026-08-17T01:25:50.5081978Z,0,0,549,230,0
2026-08-17T01:25:50.5135452Z,0,0,549,230,0
2026-08-17T01:25:50.5182028Z,0,0,549,230,0
2026-08-17T01:25:50.5231907Z,0,0,549,230,0
2026-08-17T01:25:50.5281446Z,0,0,549,230,0
2026-08-17T01:25:50.5332501Z,0,0,549,230,0
2026-08-17T01:25:50.5380848Z,0,0,549,230,0
2026-08-17T01:25:50.5433549Z,0,0,549,230,0
2026-08-17T01:25:50.5480074Z,0,0,549,230,0
2026-08-17T01:25:50.5534804Z,0,0,549,230,0
2026-08-17T01:25:50.5583694Z,0,0,549,230,0
2026-08-17T01:25:50.5638296Z,0,0,549,230,0
2026-08-17T01:25:50.5685164Z,0,0,549,230,0
2026-08-17T01:25:50.5731387Z,0,0,549,230,0
2026-08-17T01:25:50.5785381Z,0,0,549,230,0
2026-08-17T01:25:50.5829151Z,0,0,549,230,0
2026-08-17T01:25:50.5884602Z,0,0,549,230,0
2026-08-17T01:25:50.5935288Z,0,0,549,230,0
2026-08-17T01:25:50.598258Z,0,0,549,230,0
2026-08-17T01:25:50.6031977Z,0,0,549,230,0
2026-08-17T01:25:50.6083507Z,0,0,549,230,0
2026-08-17T01:25:50.6133447Z,0,0,549,230,0
2026-08-17T01:25:50.618153Z,0,0,549,230,0
2026-08-17T01:25:50.6230956Z,0,0,549,230,0
2026-08-17T01:25:50.6279828Z,0,0,549,230,0
2026-08-17T01:25:50.6336218Z,0,0,549,230,0
2026-08-17T01:25:50.6383227Z,0,0,549,230,0
2026-08-17T01:25:50.6429319Z,0,0,549,230,0
2026-08-17T01:25:50.648418Z,0,0,549,230,0
2026-08-17T01:25:50.6530182Z,0,0,549,230,0
2026-08-17T01:25:50.6580952Z,0,0,549,230,0
2026-08-17T01:25:50.6631398Z,0,0,549,230,0
2026-08-17T01:25:50.668055Z,0,0,549,230,0
2026-08-17T01:25:50.6730826Z,0,0,549,230,0
2026-08-17T01:25:50.6782719Z,0,0,549,230,0
2026-08-17T01:25:50.6834305Z,0,0,549,230,0
2026-08-17T01:25:50.6882227Z,0,0,549,230,0
2026-08-17T01:25:50.6935485Z,0,0,549,230,0
2026-08-17T01:25:50.6980964Z,0,0,549,230,0
2026-08-17T01:25:50.7030864Z,0,0,549,230,0
2026-08-17T01:25:50.7081309Z,0,0,549,230,0
2026-08-17T01:25:50.7135085Z,0,0,549,230,0
2026-08-17T01:25:50.7182314Z,0,0,549,230,0
2026-08-17T01:25:50.7231038Z,0,0,549,230,0
2026-08-17T01:25:50.7280636Z,0,0,549,230,0
2026-08-17T01:25:50.7332158Z,0,0,549,230,0
2026-08-17T01:25:50.7379863Z,0,0,549,230,0
2026-08-17T01:25:50.7431453Z,0,0,549,230,0
2026-08-17T01:25:50.7480132Z,0,0,549,230,0
2026-08-17T01:25:50.7532447Z,0,0,549,230,0
2026-08-17T01:25:50.7579204Z,0,0,549,230,0
2026-08-17T01:25:50.7634873Z,0,0,549,230,0
2026-08-17T01:25:50.7686108Z,0,0,549,230,0
2026-08-17T01:25:50.7732551Z,0,0,549,230,0
2026-08-17T01:25:50.7781204Z,0,0,549,230,0
2026-08-17T01:25:50.7831725Z,0,0,549,230,0
2026-08-17T01:25:50.7884387Z,0,0,549,230,0
2026-08-17T01:25:50.7936283Z,0,0,549,230,0
2026-08-17T01:25:50.7981354Z,0,0,549,230,0
2026-08-17T01:25:50.8033412Z,0,0,549,230,0
2026-08-17T01:25:50.8083841Z,0,0,549,230,0
2026-08-17T01:25:50.813768Z,0,0,549,230,0
2026-08-17T01:25:50.8184501Z,0,0,549,230,0
2026-08-17T01:25:50.8230574Z,0,0,549,230,0
2026-08-17T01:25:50.8280405Z,0,0,549,230,0
2026-08-17T01:25:50.8331707Z,0,0,549,230,0
2026-08-17T01:25:50.8380079Z,0,0,549,230,0
2026-08-17T01:25:50.8434211Z,0,0,549,230,0
2026-08-17T01:25:50.8486599Z,0,0,549,230,0
2026-08-17T01:25:50.8532057Z,0,0,549,230,0
2026-08-17T01:25:50.8584627Z,0,0,549,230,0
2026-08-17T01:25:50.8634535Z,0,0,549,230,0
2026-08-17T01:25:50.868169Z,0,0,549,230,0
2026-08-17T01:25:50.8734595Z,0,0,549,230,0
2026-08-17T01:25:50.8779257Z,0,0,549,230,0
2026-08-17T01:25:50.8832019Z,0,0,549,230,0
2026-08-17T01:25:50.8881228Z,0,0,549,230,0
2026-08-17T01:25:50.8929645Z,0,0,549,230,0
2026-08-17T01:25:50.8980125Z,0,0,549,230,0
2026-08-17T01:25:50.9034449Z,0,0,549,230,0
2026-08-17T01:25:50.9081535Z,0,0,549,230,0
2026-08-17T01:25:50.9132284Z,0,0,549,230,0
2026-08-17T01:25:50.9179599Z,0,0,549,230,0
2026-08-17T01:25:50.9229596Z,0,0,549,230,0
2026-08-17T01:25:50.9280849Z,0,0,549,230,0
2026-08-17T01:25:50.9331663Z,0,0,549,230,0
2026-08-17T01:25:50.9380631Z,0,0,549,230,0
2026-08-17T01:25:50.9434595Z,0,0,549,230,0
2026-08-17T01:25:50.9483649Z,0,0,549,230,0
2026-08-17T01:25:50.9533911Z,0,0,549,230,0
2026-08-17T01:25:50.9582152Z,0,0,549,230,0
2026-08-17T01:25:50.9631357Z,0,0,549,230,0
2026-08-17T01:25:50.9685694Z,0,0,549,230,0
2026-08-17T01:25:50.9732274Z,0,0,549,230,0
2026-08-17T01:25:50.978351Z,0,0,549,230,0
2026-08-17T01:25:50.9835203Z,0,0,549,230,0
2026-08-17T01:25:50.988538Z,0,0,549,230,0
2026-08-17T01:25:50.9935823Z,0,0,549,230,0
2026-08-17T01:25:50.9983125Z,0,0,549,230,0
2026-08-17T01:25:51.0039054Z,0,0,549,230,0
2026-08-17T01:25:51.0081364Z,0,0,549,230,0
2026-08-17T01:25:51.0134537Z,0,0,549,230,0
2026-08-17T01:25:51.0193504Z,0,0,549,230,0
2026-08-17T01:25:51.0233368Z,0,0,549,230,0
2026-08-17T01:25:51.0282173Z,0,0,549,230,0
2026-08-17T01:25:51.033365Z,0,0,549,230,0
2026-08-17T01:25:51.0390225Z,0,0,549,230,0
2026-08-17T01:25:51.043043Z,0,0,549,230,0
2026-08-17T01:25:51.0481262Z,0,0,549,230,0
2026-08-17T01:25:51.0533619Z,0,0,549,230,0
2026-08-17T01:25:51.0582033Z,0,0,549,230,0
2026-08-17T01:25:51.0635555Z,0,0,549,230,0
2026-08-17T01:25:51.068343Z,0,0,549,230,0
2026-08-17T01:25:51.073129Z,0,0,549,230,0
2026-08-17T01:25:51.0784621Z,0,0,549,230,0
2026-08-17T01:25:51.0834322Z,0,0,549,230,0
2026-08-17T01:25:51.0885675Z,0,0,549,230,0
2026-08-17T01:25:51.0932534Z,0,0,549,230,0
2026-08-17T01:25:51.0982078Z,0,0,549,230,0
2026-08-17T01:25:51.1033093Z,0,0,549,230,0
2026-08-17T01:25:51.1081199Z,0,0,549,230,0
2026-08-17T01:25:51.1131054Z,0,0,549,230,0
2026-08-17T01:25:51.1181837Z,0,0,549,230,0
2026-08-17T01:25:51.1235087Z,0,0,549,230,0
2026-08-17T01:25:51.1284283Z,0,0,549,230,0
2026-08-17T01:25:51.1333091Z,0,0,549,230,0
2026-08-17T01:25:51.1385961Z,0,0,549,230,0
2026-08-17T01:25:51.1430241Z,0,0,549,230,0
2026-08-17T01:25:51.1481827Z,0,0,549,230,0
2026-08-17T01:25:51.1535582Z,0,0,549,230,0
2026-08-17T01:25:51.1582536Z,0,0,549,230,0
2026-08-17T01:25:51.1631332Z,0,0,549,230,0
2026-08-17T01:25:51.1682077Z,0,0,549,230,0
2026-08-17T01:25:51.173217Z,0,0,549,230,0
2026-08-17T01:25:51.1780101Z,0,0,549,230,0
2026-08-17T01:25:51.183394Z,0,0,549,230,0
2026-08-17T01:25:51.1884625Z,0,0,549,230,0
2026-08-17T01:25:51.1936344Z,0,0,549,230,0
2026-08-17T01:25:51.1983698Z,0,0,549,230,0
2026-08-17T01:25:51.203479Z,0,0,549,230,0
2026-08-17T01:25:51.208338Z,0,0,549,230,0
2026-08-17T01:25:51.2135357Z,0,0,549,230,0
2026-08-17T01:25:51.2182501Z,0,0,549,230,0
2026-08-17T01:25:51.2233077Z,0,0,549,230,0
2026-08-17T01:25:51.2282289Z,0,0,549,230,0
2026-08-17T01:25:51.2335828Z,0,0,549,230,0
2026-08-17T01:25:51.2381205Z,0,0,549,230,0
2026-08-17T01:25:51.2431248Z,0,0,549,230,0
2026-08-17T01:25:51.2482371Z,0,0,549,230,0
2026-08-17T01:25:51.2532182Z,0,0,549,230,0
2026-08-17T01:25:51.2581426Z,0,0,549,230,0
2026-08-17T01:25:51.2631121Z,0,0,549,230,0
2026-08-17T01:25:51.26846Z,0,0,549,230,0
2026-08-17T01:25:51.2733658Z,0,0,549,230,0
2026-08-17T01:25:51.2783787Z,0,0,549,230,0
2026-08-17T01:25:51.2831509Z,0,0,549,230,0
2026-08-17T01:25:51.2882738Z,0,0,549,230,0
2026-08-17T01:25:51.2932569Z,0,0,549,230,0
2026-08-17T01:25:51.29847Z,0,0,549,230,0
2026-08-17T01:25:51.3032998Z,0,0,549,230,0
2026-08-17T01:25:51.308007Z,0,0,549,230,0
2026-08-17T01:25:51.3135027Z,0,0,549,230,0
2026-08-17T01:25:51.318393Z,0,0,549,230,0
2026-08-17T01:25:51.323354Z,0,0,549,230,0
2026-08-17T01:25:51.3280866Z,0,0,549,230,0
2026-08-17T01:25:51.3329783Z,0,0,549,230,0
2026-08-17T01:25:51.3380598Z,0,0,549,230,0
2026-08-17T01:25:51.3430434Z,0,0,549,230,0
2026-08-17T01:25:51.3486079Z,0,0,549,230,0
2026-08-17T01:25:51.3535259Z,0,0,549,230,0
2026-08-17T01:25:51.3582983Z,0,0,549,230,0
2026-08-17T01:25:51.363677Z,0,0,549,230,0
2026-08-17T01:25:51.3684187Z,0,0,549,230,0
2026-08-17T01:25:51.3731897Z,0,0,549,230,0
2026-08-17T01:25:51.3786912Z,0,0,549,230,0
2026-08-17T01:25:51.3832831Z,0,0,549,230,0
2026-08-17T01:25:51.3880897Z,0,0,549,230,0
2026-08-17T01:25:51.393036Z,0,0,549,230,0
2026-08-17T01:25:51.3984196Z,0,0,549,230,0
2026-08-17T01:25:51.4035548Z,0,0,549,230,0
2026-08-17T01:25:51.4086817Z,0,0,549,230,0
2026-08-17T01:25:51.413267Z,0,0,549,230,0
2026-08-17T01:25:51.4180975Z,0,0,549,230,0
2026-08-17T01:25:51.4232107Z,0,0,549,230,0
2026-08-17T01:25:51.4284124Z,0,0,549,230,0
2026-08-17T01:25:51.4336184Z,0,0,549,230,0
2026-08-17T01:25:51.4386081Z,0,0,549,230,0
2026-08-17T01:25:51.4432041Z,0,0,549,230,0
2026-08-17T01:25:51.4482746Z,0,0,549,230,0
2026-08-17T01:25:51.4531901Z,0,0,549,230,0
2026-08-17T01:25:51.458063Z,0,0,549,230,0
2026-08-17T01:25:51.4628688Z,0,0,549,230,0
2026-08-17T01:25:51.4680282Z,0,0,549,230,0
2026-08-17T01:25:51.4730844Z,0,0,549,230,0
2026-08-17T01:25:51.4783797Z,0,0,549,230,0
2026-08-17T01:25:51.4833959Z,0,0,549,230,0
2026-08-17T01:25:51.4886938Z,0,0,549,230,0
2026-08-17T01:25:51.493015Z,0,0,549,230,0
2026-08-17T01:25:51.4983352Z,0,0,549,230,0
2026-08-17T01:25:51.50343Z,0,0,549,230,0
2026-08-17T01:25:51.5081277Z,0,0,549,230,0
2026-08-17T01:25:51.5132484Z,0,0,549,230,0
2026-08-17T01:25:51.5180384Z,0,0,549,230,0
2026-08-17T01:25:51.523442Z,0,0,549,230,0
2026-08-17T01:25:51.5282801Z,0,0,549,230,0
2026-08-17T01:25:51.5332147Z,0,0,549,230,0
2026-08-17T01:25:51.5384106Z,0,0,549,230,0
2026-08-17T01:25:51.5432059Z,0,0,549,230,0
2026-08-17T01:25:51.5479918Z,0,0,549,230,0
2026-08-17T01:25:51.5529424Z,0,0,549,230,0
2026-08-17T01:25:51.5580829Z,0,0,549,230,0
2026-08-17T01:25:51.5630937Z,0,0,549,230,0
2026-08-17T01:25:51.5683362Z,0,0,549,230,0
2026-08-17T01:25:51.5732107Z,0,0,549,230,0
2026-08-17T01:25:51.5781247Z,0,0,549,230,0
2026-08-17T01:25:51.5835587Z,0,0,549,230,0
2026-08-17T01:25:51.5882978Z,0,0,549,230,0
2026-08-17T01:25:51.5935257Z,0,0,549,230,0
2026-08-17T01:25:51.5983449Z,0,0,549,230,0
2026-08-17T01:25:51.6032686Z,0,0,549,230,0
2026-08-17T01:25:51.6082909Z,0,0,549,230,0
2026-08-17T01:25:51.6133731Z,0,0,549,230,0
2026-08-17T01:25:51.6181137Z,0,0,549,230,0
2026-08-17T01:25:51.623073Z,0,0,549,230,0
2026-08-17T01:25:51.628038Z,0,0,549,230,0
2026-08-17T01:25:51.6330301Z,0,0,549,230,0
2026-08-17T01:25:51.6383831Z,0,0,549,230,0
2026-08-17T01:25:51.6434367Z,0,0,549,230,0
2026-08-17T01:25:51.648345Z,0,0,549,230,0
2026-08-17T01:25:51.6533839Z,0,0,549,230,0
2026-08-17T01:25:51.6581084Z,0,0,549,230,0
2026-08-17T01:25:51.6630619Z,0,0,549,230,0
2026-08-17T01:25:51.6683989Z,0,0,549,230,0
2026-08-17T01:25:51.6731857Z,0,0,549,230,0
2026-08-17T01:25:51.6781023Z,0,0,549,230,0
2026-08-17T01:25:51.6832036Z,0,0,549,230,0
2026-08-17T01:25:51.6883266Z,0,0,549,230,0
2026-08-17T01:25:51.6930972Z,0,0,549,230,0
2026-08-17T01:25:51.6983511Z,0,0,549,230,0
2026-08-17T01:25:51.7033912Z,0,0,549,230,0
2026-08-17T01:25:51.7081959Z,0,0,549,230,0
2026-08-17T01:25:51.7136019Z,0,0,549,230,0
2026-08-17T01:25:51.7182411Z,0,0,549,230,0
2026-08-17T01:25:51.7231203Z,0,0,549,230,0
2026-08-17T01:25:51.7282685Z,0,0,549,230,0
2026-08-17T01:25:51.7331016Z,0,0,549,230,0
2026-08-17T01:25:51.7381872Z,0,0,549,230,0
2026-08-17T01:25:51.7431186Z,0,0,549,230,0
2026-08-17T01:25:51.7480542Z,0,0,549,230,0
2026-08-17T01:25:51.7534449Z,0,0,549,230,0
2026-08-17T01:25:51.7582183Z,0,0,549,230,0
2026-08-17T01:25:51.7630871Z,0,0,549,230,0
2026-08-17T01:25:51.7680357Z,0,0,549,230,0
2026-08-17T01:25:51.773367Z,0,0,549,230,0
2026-08-17T01:25:51.7782153Z,0,0,549,230,0
2026-08-17T01:25:51.7831015Z,0,0,549,230,0
2026-08-17T01:25:51.788405Z,0,0,549,230,0
2026-08-17T01:25:51.7933256Z,0,0,549,230,0
2026-08-17T01:25:51.7979982Z,0,0,549,230,0
2026-08-17T01:25:51.8033009Z,0,0,549,230,0
2026-08-17T01:25:51.8080841Z,0,0,549,230,0
2026-08-17T01:25:51.8129837Z,0,0,549,230,0
2026-08-17T01:25:51.8180332Z,0,0,549,230,0
2026-08-17T01:25:51.8233007Z,0,0,549,230,0
2026-08-17T01:25:51.828084Z,0,0,549,230,0
2026-08-17T01:25:51.8332161Z,0,0,549,230,0
2026-08-17T01:25:51.8384717Z,0,0,549,230,0
2026-08-17T01:25:51.843276Z,0,0,549,230,0
2026-08-17T01:25:51.8485032Z,0,0,549,230,0
2026-08-17T01:25:51.8533427Z,0,0,549,230,0
2026-08-17T01:25:51.858124Z,0,0,549,230,0
2026-08-17T01:25:51.8631893Z,0,0,549,230,0
2026-08-17T01:25:51.868411Z,0,0,549,230,0
2026-08-17T01:25:51.8730784Z,0,0,549,230,0
2026-08-17T01:25:51.8785603Z,0,0,549,230,0
2026-08-17T01:25:51.8833265Z,0,0,549,230,0
2026-08-17T01:25:51.8882429Z,0,0,549,230,0
2026-08-17T01:25:51.8932424Z,0,0,549,230,0
2026-08-17T01:25:51.8981874Z,0,0,549,230,0
2026-08-17T01:25:51.9031171Z,0,0,549,230,0
2026-08-17T01:25:51.9082159Z,0,0,549,230,0
2026-08-17T01:25:51.9129584Z,0,0,549,230,0
2026-08-17T01:25:51.9181763Z,0,0,549,230,0
2026-08-17T01:25:51.9235558Z,0,0,549,230,0
2026-08-17T01:25:51.9282029Z,0,0,549,230,0
2026-08-17T01:25:51.9331561Z,0,0,549,230,0
2026-08-17T01:25:51.9387868Z,0,0,549,230,0
2026-08-17T01:25:51.9429921Z,0,0,549,230,0
2026-08-17T01:25:51.9481002Z,0,0,549,230,0
2026-08-17T01:25:51.9530404Z,0,0,549,230,0
2026-08-17T01:25:51.9581829Z,0,0,549,230,0
2026-08-17T01:25:51.96363Z,0,0,549,230,0
2026-08-17T01:25:51.9683736Z,0,0,549,230,0
2026-08-17T01:25:51.9735373Z,0,0,549,230,0
2026-08-17T01:25:51.9783946Z,0,0,549,230,0
2026-08-17T01:25:51.9833476Z,0,0,549,230,0
2026-08-17T01:25:51.9881858Z,0,0,549,230,0
2026-08-17T01:25:51.9931812Z,0,0,549,230,0
2026-08-17T01:25:51.9983575Z,0,0,549,230,0
2026-08-17T01:25:52.0038996Z,0,0,549,230,0
2026-08-17T01:25:52.0080616Z,0,0,549,230,0
2026-08-17T01:25:52.0130352Z,0,0,549,230,0
2026-08-17T01:25:52.0184587Z,0,0,549,230,0
2026-08-17T01:25:52.0229993Z,0,0,549,230,0
2026-08-17T01:25:52.0289187Z,0,0,549,230,0
2026-08-17T01:25:52.0332122Z,0,0,549,230,0
2026-08-17T01:25:52.038146Z,0,0,549,230,0
2026-08-17T01:25:52.043347Z,0,0,549,230,0
2026-08-17T01:25:52.0480647Z,0,0,549,230,0
2026-08-17T01:25:52.0533437Z,0,0,549,230,0
2026-08-17T01:25:52.0580645Z,0,0,549,230,0
2026-08-17T01:25:52.0633681Z,0,0,549,230,0
2026-08-17T01:25:52.068394Z,0,0,549,230,0
2026-08-17T01:25:52.0730974Z,0,0,549,230,0
2026-08-17T01:25:52.0783282Z,0,0,549,230,0
2026-08-17T01:25:52.0834471Z,0,0,549,230,0
2026-08-17T01:25:52.0887168Z,0,0,549,230,0
2026-08-17T01:25:52.0934841Z,0,0,549,230,0
2026-08-17T01:25:52.0985156Z,0,0,549,230,0
2026-08-17T01:25:52.1032815Z,0,0,549,230,0
2026-08-17T01:25:52.1082383Z,0,0,549,230,0
2026-08-17T01:25:52.1133169Z,0,0,549,230,0
2026-08-17T01:25:52.1182301Z,0,0,549,230,0
2026-08-17T01:25:52.1233276Z,0,0,549,230,0
2026-08-17T01:25:52.1281921Z,0,0,549,230,0
2026-08-17T01:25:52.1331776Z,0,0,549,230,0
2026-08-17T01:25:52.1382411Z,0,0,549,230,0
2026-08-17T01:25:52.1429127Z,0,0,549,230,0
2026-08-17T01:25:52.148516Z,0,0,549,230,0
2026-08-17T01:25:52.1530834Z,0,0,549,230,0
2026-08-17T01:25:52.1584254Z,0,0,549,230,0
2026-08-17T01:25:52.1634327Z,0,0,549,230,0
2026-08-17T01:25:52.1684173Z,0,0,549,230,0
2026-08-17T01:25:52.1733465Z,0,0,549,230,0
2026-08-17T01:25:52.1781585Z,0,0,549,230,0
2026-08-17T01:25:52.1834114Z,0,0,549,230,0
2026-08-17T01:25:52.1882443Z,0,0,549,230,0
2026-08-17T01:25:52.1936346Z,0,0,549,230,0
2026-08-17T01:25:52.1983822Z,0,0,549,230,0
2026-08-17T01:25:52.2031946Z,0,0,549,230,0
2026-08-17T01:25:52.2081189Z,0,0,549,230,0
2026-08-17T01:25:52.2134766Z,0,0,549,230,0
2026-08-17T01:25:52.2181783Z,0,0,549,230,0
2026-08-17T01:25:52.2229919Z,0,0,549,230,0
2026-08-17T01:25:52.2284582Z,0,0,549,230,0
2026-08-17T01:25:52.2331654Z,0,0,549,230,0
2026-08-17T01:25:52.238026Z,0,0,549,230,0
2026-08-17T01:25:52.2429973Z,0,0,549,230,0
2026-08-17T01:25:52.2481967Z,0,0,549,230,0
2026-08-17T01:25:52.253096Z,0,0,549,230,0
2026-08-17T01:25:52.2579269Z,0,0,549,230,0
2026-08-17T01:25:52.2630865Z,0,0,549,230,0
2026-08-17T01:25:52.2681516Z,0,0,549,230,0
2026-08-17T01:25:52.2730223Z,0,0,549,230,0
2026-08-17T01:25:52.278491Z,0,0,549,230,0
2026-08-17T01:25:52.2830043Z,0,0,549,230,0
2026-08-17T01:25:52.2881794Z,0,0,549,230,0
2026-08-17T01:25:52.2932577Z,0,0,549,230,0
2026-08-17T01:25:52.2981513Z,0,0,549,230,0
2026-08-17T01:25:52.3030151Z,0,0,549,230,0
2026-08-17T01:25:52.3081889Z,0,0,549,230,0
2026-08-17T01:25:52.3130842Z,0,0,549,230,0
2026-08-17T01:25:52.318498Z,0,0,549,230,0
2026-08-17T01:25:52.3233056Z,0,0,549,230,0
2026-08-17T01:25:52.3282629Z,0,0,549,230,0
2026-08-17T01:25:52.333331Z,0,0,549,230,0
2026-08-17T01:25:52.3382943Z,0,0,549,230,0
2026-08-17T01:25:52.3433Z,0,0,549,230,0
2026-08-17T01:25:52.3480156Z,0,0,549,230,0
2026-08-17T01:25:52.3530236Z,0,0,549,230,0
2026-08-17T01:25:52.3584392Z,0,0,549,230,0
2026-08-17T01:25:52.3633233Z,0,0,549,230,0
2026-08-17T01:25:52.3682745Z,0,0,549,230,0
2026-08-17T01:25:52.3732763Z,0,0,549,230,0
2026-08-17T01:25:52.3784389Z,0,0,549,230,0
2026-08-17T01:25:52.3838421Z,0,0,549,230,0
2026-08-17T01:25:52.3885369Z,0,0,549,230,0
2026-08-17T01:25:52.3934072Z,0,0,549,230,0
2026-08-17T01:25:52.3983353Z,0,0,549,230,0
2026-08-17T01:25:52.4030497Z,0,0,549,230,0
2026-08-17T01:25:52.4082051Z,0,0,549,230,0
2026-08-17T01:25:52.4131882Z,0,0,549,230,0
2026-08-17T01:25:52.418Z,0,0,549,230,0
2026-08-17T01:25:52.4232174Z,0,0,549,230,0
2026-08-17T01:25:52.4281632Z,0,0,549,230,0
2026-08-17T01:25:52.4333286Z,0,0,549,230,0
2026-08-17T01:25:52.4383371Z,0,0,549,230,0
2026-08-17T01:25:52.4434679Z,0,0,549,230,0
2026-08-17T01:25:52.448331Z,0,0,549,230,0
2026-08-17T01:25:52.453546Z,0,0,549,230,0
2026-08-17T01:25:52.4586307Z,0,0,549,230,0
2026-08-17T01:25:52.4635018Z,0,0,549,230,0
2026-08-17T01:25:52.4682092Z,0,0,549,230,0
2026-08-17T01:25:52.4729771Z,0,0,549,230,0
2026-08-17T01:25:52.478461Z,0,0,549,230,0
2026-08-17T01:25:52.4830333Z,0,0,549,230,0
2026-08-17T01:25:52.4885227Z,0,0,549,230,0
2026-08-17T01:25:52.4930101Z,0,0,549,230,0
2026-08-17T01:25:52.4979375Z,0,0,549,230,0
2026-08-17T01:25:52.5033441Z,0,0,549,230,0
2026-08-17T01:25:52.5080567Z,0,0,549,230,0
2026-08-17T01:25:52.5133211Z,0,0,549,230,0
2026-08-17T01:25:52.5184075Z,0,0,549,230,0
2026-08-17T01:25:52.5233618Z,0,0,549,230,0
2026-08-17T01:25:52.5286517Z,0,0,549,230,0
2026-08-17T01:25:52.5333496Z,0,0,549,230,0
2026-08-17T01:25:52.5380807Z,0,0,549,230,0
2026-08-17T01:25:52.5433797Z,0,0,549,230,0
2026-08-17T01:25:52.5481164Z,0,0,549,230,0
2026-08-17T01:25:52.5537361Z,0,0,549,230,0
2026-08-17T01:25:52.5585416Z,0,0,549,230,0
2026-08-17T01:25:52.5634594Z,0,0,549,230,0
2026-08-17T01:25:52.5681655Z,0,0,549,230,0
2026-08-17T01:25:52.5731139Z,0,0,549,230,0
2026-08-17T01:25:52.5783355Z,0,0,549,230,0
2026-08-17T01:25:52.5833996Z,0,0,549,230,0
2026-08-17T01:25:52.5882249Z,0,0,549,230,0
2026-08-17T01:25:52.5931702Z,0,0,549,230,0
2026-08-17T01:25:52.5980923Z,0,0,549,230,0
2026-08-17T01:25:52.6030743Z,0,0,549,230,0
2026-08-17T01:25:52.608144Z,0,0,549,230,0
2026-08-17T01:25:52.6130332Z,0,0,549,230,0
2026-08-17T01:25:52.618405Z,0,0,549,230,0
2026-08-17T01:25:52.6233059Z,0,0,549,230,0
2026-08-17T01:25:52.6281251Z,0,0,549,230,0
2026-08-17T01:25:52.6335397Z,0,0,549,230,0
2026-08-17T01:25:52.6382305Z,0,0,549,230,0
2026-08-17T01:25:52.6433902Z,0,0,549,230,0
2026-08-17T01:25:52.6486461Z,0,0,549,230,0
2026-08-17T01:25:52.6530769Z,0,0,549,230,0
2026-08-17T01:25:52.6581806Z,0,0,549,230,0
2026-08-17T01:25:52.6635075Z,0,0,549,230,0
2026-08-17T01:25:52.6682347Z,0,0,549,230,0
2026-08-17T01:25:52.6732461Z,0,0,549,230,0
2026-08-17T01:25:52.6781332Z,0,0,549,230,0
2026-08-17T01:25:52.6830617Z,0,0,549,230,0
2026-08-17T01:25:52.6885175Z,0,0,549,230,0
2026-08-17T01:25:52.6934738Z,0,0,549,230,0
2026-08-17T01:25:52.6981217Z,0,0,549,230,0
2026-08-17T01:25:52.7031818Z,0,0,549,230,0
2026-08-17T01:25:52.7083674Z,0,0,549,230,0
2026-08-17T01:25:52.7135084Z,0,0,549,230,0
2026-08-17T01:25:52.7186636Z,0,0,549,230,0
2026-08-17T01:25:52.7229742Z,0,0,549,230,0
2026-08-17T01:25:52.7282247Z,0,0,549,230,0
2026-08-17T01:25:52.7331418Z,0,0,549,230,0
2026-08-17T01:25:52.7382269Z,0,0,549,230,0
2026-08-17T01:25:52.7433619Z,0,0,549,230,0
2026-08-17T01:25:52.7482719Z,0,0,549,230,0
2026-08-17T01:25:52.7533653Z,0,0,549,230,0
2026-08-17T01:25:52.7583591Z,0,0,549,230,0
2026-08-17T01:25:52.7631996Z,0,0,549,230,0
2026-08-17T01:25:52.7684434Z,0,0,549,230,0
2026-08-17T01:25:52.7734146Z,0,0,549,230,0
2026-08-17T01:25:52.7783849Z,0,0,549,230,0
2026-08-17T01:25:52.78325Z,0,0,549,230,0
2026-08-17T01:25:52.788465Z,0,0,549,230,0
2026-08-17T01:25:52.7933407Z,0,0,549,230,0
2026-08-17T01:25:52.7981245Z,0,0,549,230,0
2026-08-17T01:25:52.8033986Z,0,0,549,230,0
2026-08-17T01:25:52.808116Z,0,0,549,230,0
2026-08-17T01:25:52.8133873Z,0,0,549,230,0
2026-08-17T01:25:52.8181469Z,0,0,549,230,0
2026-08-17T01:25:52.8231324Z,0,0,549,230,0
2026-08-17T01:25:52.8286001Z,0,0,549,230,0
2026-08-17T01:25:52.8329519Z,0,0,549,230,0
2026-08-17T01:25:52.838139Z,0,0,549,230,0
2026-08-17T01:25:52.8434859Z,0,0,549,230,0
2026-08-17T01:25:52.848331Z,0,0,549,230,0
2026-08-17T01:25:52.8535401Z,0,0,549,230,0
2026-08-17T01:25:52.8581726Z,0,0,549,230,0
2026-08-17T01:25:52.8635374Z,0,0,549,230,0
2026-08-17T01:25:52.8683291Z,0,0,549,230,0
2026-08-17T01:25:52.8735326Z,0,0,549,230,0
2026-08-17T01:25:52.8783311Z,0,0,549,230,0
2026-08-17T01:25:52.8835096Z,0,0,549,230,0
2026-08-17T01:25:52.8883029Z,0,0,549,230,0
2026-08-17T01:25:52.8930671Z,0,0,549,230,0
2026-08-17T01:25:52.8981331Z,0,0,549,230,0
2026-08-17T01:25:52.9031333Z,0,0,549,230,0
2026-08-17T01:25:52.9082025Z,0,0,549,230,0
2026-08-17T01:25:52.9136691Z,0,0,549,230,0
2026-08-17T01:25:52.918032Z,0,0,549,230,0
2026-08-17T01:25:52.9233948Z,0,0,549,230,0
2026-08-17T01:25:52.9285707Z,0,0,549,230,0
2026-08-17T01:25:52.9330544Z,0,0,549,230,0
2026-08-17T01:25:52.9386561Z,0,0,549,230,0
2026-08-17T01:25:52.9435387Z,0,0,549,230,0
2026-08-17T01:25:52.9483508Z,0,0,549,230,0
2026-08-17T01:25:52.9537139Z,0,0,549,230,0
2026-08-17T01:25:52.9585412Z,0,0,549,230,0
2026-08-17T01:25:52.9630659Z,0,0,549,230,0
2026-08-17T01:25:52.9683857Z,0,0,549,230,0
2026-08-17T01:25:52.9730159Z,0,0,549,230,0
2026-08-17T01:25:52.9780834Z,0,0,549,230,0
2026-08-17T01:25:52.9831579Z,0,0,549,230,0
2026-08-17T01:25:52.9884062Z,0,0,549,230,0
2026-08-17T01:25:52.9933959Z,0,0,549,230,0
2026-08-17T01:25:52.998081Z,0,0,549,230,0
2026-08-17T01:25:53.0030919Z,0,0,549,230,0
2026-08-17T01:25:53.0081759Z,0,0,549,230,0
2026-08-17T01:25:53.0131426Z,0,0,549,230,0
2026-08-17T01:25:53.0181401Z,0,0,549,230,0
2026-08-17T01:25:53.0232334Z,0,0,549,230,0
2026-08-17T01:25:53.0280332Z,0,0,549,230,0
2026-08-17T01:25:53.0334793Z,0,0,549,230,0
2026-08-17T01:25:53.0381807Z,0,0,549,230,0
2026-08-17T01:25:53.0432062Z,0,0,549,230,0
2026-08-17T01:25:53.0479881Z,0,0,549,230,0
2026-08-17T01:25:53.0532828Z,0,0,549,230,0
2026-08-17T01:25:53.0581615Z,0,0,549,230,0
2026-08-17T01:25:53.063297Z,0,0,549,230,0
2026-08-17T01:25:53.0683291Z,0,0,549,230,0
2026-08-17T01:25:53.073226Z,0,0,549,230,0
2026-08-17T01:25:53.0780753Z,0,0,549,230,0
2026-08-17T01:25:53.083398Z,0,0,549,230,0
2026-08-17T01:25:53.0882808Z,0,0,549,230,0
2026-08-17T01:25:53.0932932Z,0,0,549,230,0
2026-08-17T01:25:53.098078Z,0,0,549,230,0
2026-08-17T01:25:53.1030392Z,0,0,549,230,0
2026-08-17T01:25:53.1082637Z,0,0,549,230,0
2026-08-17T01:25:53.1135994Z,0,0,549,230,0
2026-08-17T01:25:53.1183805Z,0,0,549,230,0
2026-08-17T01:25:53.1233245Z,0,0,549,230,0
2026-08-17T01:25:53.1286474Z,0,0,549,230,0
2026-08-17T01:25:53.1334929Z,0,0,549,230,0
2026-08-17T01:25:53.1387133Z,0,0,549,230,0
2026-08-17T01:25:53.1434474Z,0,0,549,230,0
2026-08-17T01:25:53.1484111Z,0,0,549,230,0
2026-08-17T01:25:53.1534176Z,0,0,549,230,0
2026-08-17T01:25:53.1581649Z,0,0,549,230,0
2026-08-17T01:25:53.1631354Z,0,0,549,230,0
2026-08-17T01:25:53.1683893Z,0,0,549,230,0
2026-08-17T01:25:53.1732782Z,0,0,549,230,0
2026-08-17T01:25:53.1784544Z,0,0,549,230,0
2026-08-17T01:25:53.183121Z,0,0,549,230,0
2026-08-17T01:25:53.1879722Z,0,0,549,230,0
2026-08-17T01:25:53.1934088Z,0,0,549,230,0
2026-08-17T01:25:53.1982441Z,0,0,549,230,0
2026-08-17T01:25:53.2031663Z,0,0,549,230,0
2026-08-17T01:25:53.2081296Z,0,0,549,230,0
2026-08-17T01:25:53.2132978Z,0,0,549,230,0
2026-08-17T01:25:53.2180382Z,0,0,549,230,0
2026-08-17T01:25:53.2233438Z,0,0,549,230,0
2026-08-17T01:25:53.2280793Z,0,0,549,230,0
2026-08-17T01:25:53.2338709Z,0,0,549,230,0
2026-08-17T01:25:53.2381923Z,0,0,549,230,0
2026-08-17T01:25:53.2432702Z,0,0,549,230,0
2026-08-17T01:25:53.2485457Z,0,0,549,230,0
2026-08-17T01:25:53.2534458Z,0,0,549,230,0
2026-08-17T01:25:53.2582107Z,0,0,549,230,0
2026-08-17T01:25:53.2630516Z,0,0,549,230,0
2026-08-17T01:25:53.2681186Z,0,0,549,230,0
2026-08-17T01:25:53.2731499Z,0,0,549,230,0
2026-08-17T01:25:53.27816Z,0,0,549,230,0
2026-08-17T01:25:53.2832496Z,0,0,549,230,0
2026-08-17T01:25:53.2879707Z,0,0,549,230,0
2026-08-17T01:25:53.2932603Z,0,0,549,230,0
2026-08-17T01:25:53.29809Z,0,0,549,230,0
2026-08-17T01:25:53.3031159Z,0,0,549,230,0
2026-08-17T01:25:53.3080794Z,0,0,549,230,0
2026-08-17T01:25:53.3130953Z,0,0,549,230,0
2026-08-17T01:25:53.318303Z,0,0,549,230,0
2026-08-17T01:25:53.3230334Z,0,0,549,230,0
2026-08-17T01:25:53.3286414Z,0,0,549,230,0
2026-08-17T01:25:53.3334567Z,0,0,549,230,0
2026-08-17T01:25:53.3383048Z,0,0,549,230,0
2026-08-17T01:25:53.3432956Z,0,0,549,230,0
2026-08-17T01:25:53.3485835Z,0,0,549,230,0
2026-08-17T01:25:53.3534606Z,0,0,549,230,0
2026-08-17T01:25:53.358276Z,0,0,549,230,0
2026-08-17T01:25:53.3632831Z,0,0,549,230,0
2026-08-17T01:25:53.3686397Z,0,0,549,230,0
2026-08-17T01:25:53.3730017Z,0,0,549,230,0
2026-08-17T01:25:53.3784479Z,0,0,549,230,0
2026-08-17T01:25:53.3838873Z,0,0,549,230,0
2026-08-17T01:25:53.3880981Z,0,0,549,230,0
2026-08-17T01:25:53.3932721Z,0,0,549,230,0
2026-08-17T01:25:53.3980608Z,0,0,549,230,0
2026-08-17T01:25:53.4034298Z,0,0,549,230,0
2026-08-17T01:25:53.4082063Z,0,0,549,230,0
2026-08-17T01:25:53.4132631Z,0,0,549,230,0
2026-08-17T01:25:53.4179644Z,0,0,549,230,0
2026-08-17T01:25:53.4234015Z,0,0,549,230,0
2026-08-17T01:25:53.4286131Z,0,0,549,230,0
2026-08-17T01:25:53.433055Z,0,0,549,230,0
2026-08-17T01:25:53.4381674Z,0,0,549,230,0
2026-08-17T01:25:53.4437204Z,0,0,549,230,0
2026-08-17T01:25:53.4480392Z,0,0,549,230,0
2026-08-17T01:25:53.4535566Z,0,0,549,230,0
2026-08-17T01:25:53.4582097Z,0,0,549,230,0
2026-08-17T01:25:53.4637834Z,0,0,549,230,0
2026-08-17T01:25:53.4685479Z,0,0,549,230,0
2026-08-17T01:25:53.4737062Z,0,0,549,230,0
2026-08-17T01:25:53.4780101Z,0,0,549,230,0
2026-08-17T01:25:53.483379Z,0,0,549,230,0
2026-08-17T01:25:53.488036Z,0,0,549,230,0
2026-08-17T01:25:53.4936705Z,0,0,549,230,0
2026-08-17T01:25:53.4984626Z,0,0,549,230,0
2026-08-17T01:25:53.5033244Z,0,0,549,230,0
2026-08-17T01:25:53.5081366Z,0,0,549,230,0
2026-08-17T01:25:53.5132678Z,0,0,549,230,0
2026-08-17T01:25:53.5181503Z,0,0,549,230,0
2026-08-17T01:25:53.5232321Z,0,0,549,230,0
2026-08-17T01:25:53.5285654Z,0,0,549,230,0
2026-08-17T01:25:53.533434Z,0,0,549,230,0
2026-08-17T01:25:53.5381898Z,0,0,549,230,0
2026-08-17T01:25:53.5433893Z,0,0,549,230,0
2026-08-17T01:25:53.5485366Z,0,0,549,230,0
2026-08-17T01:25:53.5530938Z,0,0,549,230,0
2026-08-17T01:25:53.5584436Z,0,0,549,230,0
2026-08-17T01:25:53.563352Z,0,0,549,230,0
2026-08-17T01:25:53.5683359Z,0,0,549,230,0
2026-08-17T01:25:53.5735747Z,0,0,549,230,0
2026-08-17T01:25:53.5783539Z,0,0,549,230,0
2026-08-17T01:25:53.583221Z,0,0,549,230,0
2026-08-17T01:25:53.5885179Z,0,0,549,230,0
2026-08-17T01:25:53.5931969Z,0,0,549,230,0
2026-08-17T01:25:53.5984252Z,0,0,549,230,0
2026-08-17T01:25:53.6040098Z,0,0,549,230,0
2026-08-17T01:25:53.6081785Z,0,0,549,230,0
2026-08-17T01:25:53.6131007Z,0,0,549,230,0
2026-08-17T01:25:53.6186345Z,0,0,549,230,0
2026-08-17T01:25:53.6234958Z,0,0,549,230,0
2026-08-17T01:25:53.6290212Z,0,0,549,230,0
2026-08-17T01:25:53.6331565Z,0,0,549,230,0
2026-08-17T01:25:53.6381272Z,0,0,549,230,0
2026-08-17T01:25:53.6433337Z,0,0,549,230,0
2026-08-17T01:25:53.6486565Z,0,0,549,230,0
2026-08-17T01:25:53.6541039Z,0,0,549,230,0
2026-08-17T01:25:53.6581754Z,0,0,549,230,0
2026-08-17T01:25:53.6631157Z,0,0,549,230,0
2026-08-17T01:25:53.6684364Z,0,0,549,230,0
2026-08-17T01:25:53.6730844Z,0,0,549,230,0
2026-08-17T01:25:53.6781209Z,0,0,549,230,0
2026-08-17T01:25:53.6835395Z,0,0,549,230,0
2026-08-17T01:25:53.6882529Z,0,0,549,230,0
2026-08-17T01:25:53.6933912Z,0,0,549,230,0
2026-08-17T01:25:53.6983828Z,0,0,549,230,0
2026-08-17T01:25:53.7033176Z,0,0,549,230,0
2026-08-17T01:25:53.7080383Z,0,0,549,230,0
2026-08-17T01:25:53.7135052Z,0,0,549,230,0
2026-08-17T01:25:53.7182511Z,0,0,549,230,0
2026-08-17T01:25:53.7231372Z,0,0,549,230,0
2026-08-17T01:25:53.7284522Z,0,0,549,230,0
2026-08-17T01:25:53.7332169Z,0,0,549,230,0
2026-08-17T01:25:53.7432499Z,0,0,549,230,0
2026-08-17T01:25:53.7480672Z,0,0,549,230,0
2026-08-17T01:25:53.7531307Z,0,0,549,230,0
2026-08-17T01:25:53.7584778Z,0,0,549,230,0
2026-08-17T01:25:53.7633157Z,0,0,549,230,0
2026-08-17T01:25:53.7682466Z,0,0,549,230,0
2026-08-17T01:25:53.7732553Z,0,0,549,230,0
2026-08-17T01:25:53.7783338Z,0,0,549,230,0
2026-08-17T01:25:53.7833638Z,0,0,549,230,0
2026-08-17T01:25:53.7887023Z,0,0,549,230,0
2026-08-17T01:25:53.7932295Z,0,0,549,230,0
2026-08-17T01:25:53.7983283Z,0,0,549,230,0
2026-08-17T01:25:53.8033186Z,0,0,549,230,0
2026-08-17T01:25:53.8083738Z,0,0,549,230,0
2026-08-17T01:25:53.8134079Z,0,0,549,230,0
2026-08-17T01:25:53.8183622Z,0,0,549,230,0
2026-08-17T01:25:53.8234637Z,0,0,549,230,0
2026-08-17T01:25:53.8282886Z,0,0,549,230,0
2026-08-17T01:25:53.8332795Z,0,0,549,230,0
2026-08-17T01:25:53.8385874Z,0,0,549,230,0
2026-08-17T01:25:53.8434815Z,0,0,549,230,0
2026-08-17T01:25:53.8482458Z,0,0,549,230,0
2026-08-17T01:25:53.8533134Z,0,0,549,230,0
2026-08-17T01:25:53.8583817Z,0,0,549,230,0
2026-08-17T01:25:53.8633714Z,0,0,549,230,0
2026-08-17T01:25:53.868172Z,0,0,549,230,0
2026-08-17T01:25:53.8732756Z,0,0,549,230,0
2026-08-17T01:25:53.8783335Z,0,0,549,230,0
2026-08-17T01:25:53.883338Z,0,0,549,230,0
2026-08-17T01:25:53.8881942Z,0,0,549,230,0
2026-08-17T01:25:53.8932609Z,0,0,549,230,0
2026-08-17T01:25:53.8985943Z,0,0,549,230,0
2026-08-17T01:25:53.9032628Z,0,0,549,230,0
2026-08-17T01:25:53.9081127Z,0,0,549,230,0
2026-08-17T01:25:53.9130787Z,0,0,549,230,0
2026-08-17T01:25:53.9184357Z,0,0,549,230,0
2026-08-17T01:25:53.9229948Z,0,0,549,230,0
2026-08-17T01:25:53.9283794Z,0,0,549,230,0
2026-08-17T01:25:53.9329256Z,0,0,549,230,0
2026-08-17T01:25:53.9382648Z,0,0,549,230,0
2026-08-17T01:25:53.9432411Z,0,0,549,230,0
2026-08-17T01:25:53.9481221Z,0,0,549,230,0
2026-08-17T01:25:53.9530241Z,0,0,549,230,0
2026-08-17T01:25:53.9586171Z,0,0,549,230,0
2026-08-17T01:25:53.9632309Z,0,0,549,230,0
2026-08-17T01:25:53.9684261Z,0,0,549,230,0
2026-08-17T01:25:53.9730154Z,0,0,549,230,0
2026-08-17T01:25:53.9784628Z,0,0,549,230,0
2026-08-17T01:25:53.983079Z,0,0,549,230,0
2026-08-17T01:25:53.9883261Z,0,0,549,230,0
2026-08-17T01:25:53.9934183Z,0,0,549,230,0
2026-08-17T01:25:53.998075Z,0,0,549,230,0
2026-08-17T01:25:54.0029099Z,0,0,549,230,0
2026-08-17T01:25:54.0083289Z,0,0,549,230,0
2026-08-17T01:25:54.0130396Z,0,0,549,230,0
2026-08-17T01:25:54.0181354Z,0,0,549,230,0
2026-08-17T01:25:54.0231812Z,0,0,549,230,0
2026-08-17T01:25:54.0284992Z,0,0,549,230,0
2026-08-17T01:25:54.0329515Z,0,0,549,230,0
2026-08-17T01:25:54.0381912Z,0,0,549,230,0
2026-08-17T01:25:54.0435806Z,0,0,549,230,0
2026-08-17T01:25:54.0483439Z,0,0,549,230,0
2026-08-17T01:25:54.0533894Z,0,0,549,230,0
2026-08-17T01:25:54.0581549Z,0,0,549,230,0
2026-08-17T01:25:54.0634566Z,0,0,549,230,0
2026-08-17T01:25:54.0683326Z,0,0,549,230,0
2026-08-17T01:25:54.0732607Z,0,0,549,230,0
2026-08-17T01:25:54.0782752Z,0,0,549,230,0
2026-08-17T01:25:54.0833368Z,0,0,549,230,0
2026-08-17T01:25:54.0881527Z,0,0,549,230,0
2026-08-17T01:25:54.0931356Z,0,0,549,230,0
2026-08-17T01:25:54.0981345Z,0,0,549,230,0
2026-08-17T01:25:54.1034061Z,0,0,549,230,0
2026-08-17T01:25:54.1082118Z,0,0,549,230,0
2026-08-17T01:25:54.1132751Z,0,0,549,230,0
2026-08-17T01:25:54.1181915Z,0,0,549,230,0
2026-08-17T01:25:54.1231144Z,0,0,549,230,0
2026-08-17T01:25:54.1285326Z,0,0,549,230,0
2026-08-17T01:25:54.1339578Z,0,0,549,230,0
2026-08-17T01:25:54.1382819Z,0,0,549,230,0
2026-08-17T01:25:54.1436241Z,0,0,549,230,0
2026-08-17T01:25:54.1484487Z,0,0,549,230,0
2026-08-17T01:25:54.1531213Z,0,0,549,230,0
2026-08-17T01:25:54.1580766Z,0,0,549,230,0
2026-08-17T01:25:54.1635207Z,0,0,549,230,0
2026-08-17T01:25:54.1683475Z,0,0,549,230,0
2026-08-17T01:25:54.1734956Z,0,0,549,230,0
2026-08-17T01:25:54.1782473Z,0,0,549,230,0
2026-08-17T01:25:54.1831748Z,0,0,549,230,0
2026-08-17T01:25:54.1885671Z,0,0,549,230,0
2026-08-17T01:25:54.1935378Z,0,0,549,230,0
2026-08-17T01:25:54.1982062Z,0,0,549,230,0
2026-08-17T01:25:54.2032094Z,0,0,549,230,0
2026-08-17T01:25:54.2084967Z,0,0,549,230,0
2026-08-17T01:25:54.2135555Z,0,0,549,230,0
2026-08-17T01:25:54.2183474Z,0,0,549,230,0
2026-08-17T01:25:54.2230654Z,0,0,549,230,0
2026-08-17T01:25:54.228562Z,0,0,549,230,0
2026-08-17T01:25:54.2330865Z,0,0,549,230,0
2026-08-17T01:25:54.2379831Z,0,0,549,230,0
2026-08-17T01:25:54.243465Z,0,0,549,230,0
2026-08-17T01:25:54.248122Z,0,0,549,230,0
2026-08-17T01:25:54.2532741Z,0,0,549,230,0
2026-08-17T01:25:54.2584187Z,0,0,549,230,0
2026-08-17T01:25:54.2630481Z,0,0,549,230,0
2026-08-17T01:25:54.2681179Z,0,0,549,230,0
2026-08-17T01:25:54.273096Z,0,0,549,230,0
2026-08-17T01:25:54.2782448Z,0,0,549,230,0
2026-08-17T01:25:54.2836155Z,0,0,549,230,0
2026-08-17T01:25:54.288427Z,0,0,549,230,0
2026-08-17T01:25:54.2933339Z,0,0,549,230,0
2026-08-17T01:25:54.2981403Z,0,0,549,230,0
2026-08-17T01:25:54.3032715Z,0,0,549,230,0
2026-08-17T01:25:54.3086496Z,0,0,549,230,0
2026-08-17T01:25:54.3136361Z,0,0,549,230,0
2026-08-17T01:25:54.3184162Z,0,0,549,230,0
2026-08-17T01:25:54.3229852Z,0,0,549,230,0
2026-08-17T01:25:54.3284306Z,0,0,549,230,0
2026-08-17T01:25:54.3333814Z,0,0,549,230,0
2026-08-17T01:25:54.338146Z,0,0,549,230,0
2026-08-17T01:25:54.3434354Z,0,0,549,230,0
2026-08-17T01:25:54.3483356Z,0,0,549,230,0
2026-08-17T01:25:54.3532625Z,0,0,549,230,0
2026-08-17T01:25:54.3579787Z,0,0,549,230,0
2026-08-17T01:25:54.3633429Z,0,0,549,230,0
2026-08-17T01:25:54.3680285Z,0,0,549,230,0
2026-08-17T01:25:54.3732442Z,0,0,549,230,0
2026-08-17T01:25:54.3785073Z,0,0,549,230,0
2026-08-17T01:25:54.3834472Z,0,0,549,230,0
2026-08-17T01:25:54.3881699Z,0,0,549,230,0
2026-08-17T01:25:54.3933156Z,0,0,549,230,0
2026-08-17T01:25:54.3980253Z,0,0,549,230,0
2026-08-17T01:25:54.4034813Z,0,0,549,230,0
2026-08-17T01:25:54.4082186Z,0,0,549,230,0
2026-08-17T01:25:54.4131931Z,0,0,549,230,0
2026-08-17T01:25:54.4184798Z,0,0,549,230,0
2026-08-17T01:25:54.4233872Z,0,0,549,230,0
2026-08-17T01:25:54.428612Z,0,0,549,230,0
2026-08-17T01:25:54.4335903Z,0,0,549,230,0
2026-08-17T01:25:54.4383902Z,0,0,549,230,0
2026-08-17T01:25:54.4433507Z,0,0,549,230,0
2026-08-17T01:25:54.4486971Z,0,0,549,230,0
2026-08-17T01:25:54.4531702Z,0,0,549,230,0
2026-08-17T01:25:54.4580638Z,0,0,549,230,0
2026-08-17T01:25:54.4635513Z,0,0,549,230,0
2026-08-17T01:25:54.4683625Z,0,0,549,230,0
2026-08-17T01:25:54.4733329Z,0,0,549,230,0
2026-08-17T01:25:54.4786665Z,0,0,549,230,0
2026-08-17T01:25:54.4838012Z,0,0,549,230,0
2026-08-17T01:25:54.4880503Z,0,0,549,230,0
2026-08-17T01:25:54.4929827Z,0,0,549,230,0
2026-08-17T01:25:54.4982524Z,0,0,549,230,0
2026-08-17T01:25:54.5037867Z,0,0,549,230,0
2026-08-17T01:25:54.5081431Z,0,0,549,230,0
2026-08-17T01:25:54.5129766Z,0,0,549,230,0
2026-08-17T01:25:54.5182972Z,0,0,549,230,0
2026-08-17T01:25:54.5232966Z,0,0,549,230,0
2026-08-17T01:25:54.5281222Z,0,0,549,230,0
2026-08-17T01:25:54.5332726Z,0,0,549,230,0
2026-08-17T01:25:54.5381409Z,0,0,549,230,0
2026-08-17T01:25:54.5436515Z,0,0,549,230,0
2026-08-17T01:25:54.5484358Z,0,0,549,230,0
2026-08-17T01:25:54.5538705Z,0,0,549,230,0
2026-08-17T01:25:54.558033Z,0,0,549,230,0
2026-08-17T01:25:54.563088Z,0,0,549,230,0
2026-08-17T01:25:54.5684323Z,0,0,549,230,0
2026-08-17T01:25:54.5731675Z,0,0,549,230,0
2026-08-17T01:25:54.5779596Z,0,0,549,230,0
2026-08-17T01:25:54.5831572Z,0,0,549,230,0
2026-08-17T01:25:54.5884025Z,0,0,549,230,0
2026-08-17T01:25:54.59325Z,0,0,549,230,0
2026-08-17T01:25:54.5984929Z,0,0,549,230,0
2026-08-17T01:25:54.6032889Z,0,0,549,230,0
2026-08-17T01:25:54.6085259Z,0,0,549,230,0
2026-08-17T01:25:54.6133282Z,0,0,549,230,0
2026-08-17T01:25:54.6182302Z,0,0,549,230,0
2026-08-17T01:25:54.6233065Z,0,0,549,230,0
2026-08-17T01:25:54.6284887Z,0,0,549,230,0
2026-08-17T01:25:54.6332717Z,0,0,549,230,0
2026-08-17T01:25:54.6383374Z,0,0,549,230,0
2026-08-17T01:25:54.6433019Z,0,0,549,230,0
2026-08-17T01:25:54.6481082Z,0,0,549,230,0
2026-08-17T01:25:54.6532652Z,0,0,549,230,0
2026-08-17T01:25:54.6582994Z,0,0,549,230,0
2026-08-17T01:25:54.6630279Z,0,0,549,230,0
2026-08-17T01:25:54.6680885Z,0,0,549,230,0
2026-08-17T01:25:54.6729461Z,0,0,549,230,0
2026-08-17T01:25:54.6781189Z,0,0,549,230,0
2026-08-17T01:25:54.6832248Z,0,0,549,230,0
2026-08-17T01:25:54.6879689Z,0,0,549,230,0
2026-08-17T01:25:54.6932543Z,0,0,549,230,0
2026-08-17T01:25:54.6980117Z,0,0,549,230,0
2026-08-17T01:25:54.703269Z,0,0,549,230,0
2026-08-17T01:25:54.7080511Z,0,0,549,230,0
2026-08-17T01:25:54.7130742Z,0,0,549,230,0
2026-08-17T01:25:54.718021Z,0,0,549,230,0
2026-08-17T01:25:54.7232856Z,0,0,549,230,0
2026-08-17T01:25:54.7280271Z,0,0,549,230,0
2026-08-17T01:25:54.7332887Z,0,0,549,230,0
2026-08-17T01:25:54.7380498Z,0,0,549,230,0
2026-08-17T01:25:54.7430711Z,0,0,549,230,0
2026-08-17T01:25:54.7481167Z,0,0,549,230,0
2026-08-17T01:25:54.7534646Z,0,0,549,230,0
2026-08-17T01:25:54.7581311Z,0,0,549,230,0
2026-08-17T01:25:54.7632067Z,0,0,549,230,0
2026-08-17T01:25:54.7682712Z,0,0,549,230,0
2026-08-17T01:25:54.7733302Z,0,0,549,230,0
2026-08-17T01:25:54.7784946Z,0,0,549,230,0
2026-08-17T01:25:54.7831839Z,0,0,549,230,0
2026-08-17T01:25:54.7881283Z,0,0,549,230,0
2026-08-17T01:25:54.7934523Z,0,0,549,230,0
2026-08-17T01:25:54.7982371Z,0,0,549,230,0
2026-08-17T01:25:54.8034149Z,0,0,549,230,0
2026-08-17T01:25:54.8081645Z,0,0,549,230,0
2026-08-17T01:25:54.8131548Z,0,0,549,230,0
2026-08-17T01:25:54.8181805Z,0,0,549,230,0
2026-08-17T01:25:54.8231401Z,0,0,549,230,0
2026-08-17T01:25:54.8284989Z,0,0,549,230,0
2026-08-17T01:25:54.8330214Z,0,0,549,230,0
2026-08-17T01:25:54.8381399Z,0,0,549,230,0
2026-08-17T01:25:54.8430457Z,0,0,549,230,0
2026-08-17T01:25:54.8482608Z,0,0,549,230,0
2026-08-17T01:25:54.8533843Z,0,0,549,230,0
2026-08-17T01:25:54.8582862Z,0,0,549,230,0
2026-08-17T01:25:54.863352Z,0,0,549,230,0
2026-08-17T01:25:54.8681637Z,0,0,549,230,0
2026-08-17T01:25:54.8729829Z,0,0,549,230,0
2026-08-17T01:25:54.8785622Z,0,0,549,230,0
2026-08-17T01:25:54.8833307Z,0,0,549,230,0
2026-08-17T01:25:54.8882571Z,0,0,549,230,0
2026-08-17T01:25:54.8932195Z,0,0,549,230,0
2026-08-17T01:25:54.8983688Z,0,0,549,230,0
2026-08-17T01:25:54.9033874Z,0,0,549,230,0
2026-08-17T01:25:54.9087577Z,0,0,549,230,0
2026-08-17T01:25:54.9133264Z,0,0,549,230,0
2026-08-17T01:25:54.9183007Z,0,0,549,230,0
2026-08-17T01:25:54.9232759Z,0,0,549,230,0
2026-08-17T01:25:54.9280061Z,0,0,549,230,0
2026-08-17T01:25:54.93374Z,0,0,549,230,0
2026-08-17T01:25:54.9385106Z,0,0,549,230,0
2026-08-17T01:25:54.9432092Z,0,0,549,230,0
2026-08-17T01:25:54.9482783Z,0,0,549,230,0
2026-08-17T01:25:54.9532711Z,0,0,549,230,0
2026-08-17T01:25:54.958224Z,0,0,549,230,0
2026-08-17T01:25:54.9634203Z,0,0,549,230,0
2026-08-17T01:25:54.9686467Z,0,0,549,230,0
2026-08-17T01:25:54.9730332Z,0,0,549,230,0
2026-08-17T01:25:54.9779898Z,0,0,549,230,0
2026-08-17T01:25:54.9832872Z,0,0,549,230,0
2026-08-17T01:25:54.9882317Z,0,0,549,230,0
2026-08-17T01:25:54.9930754Z,0,0,549,230,0
2026-08-17T01:25:54.9981854Z,0,0,549,230,0
2026-08-17T01:25:55.0032636Z,0,0,549,230,0
2026-08-17T01:25:55.0084313Z,0,0,549,230,0
2026-08-17T01:25:55.0133673Z,0,0,549,230,0
2026-08-17T01:25:55.0180806Z,0,0,549,230,0
2026-08-17T01:25:55.0231558Z,0,0,549,230,0
2026-08-17T01:25:55.0282259Z,0,0,549,230,0
2026-08-17T01:25:55.0331007Z,0,0,549,230,0
2026-08-17T01:25:55.038418Z,0,0,549,230,0
2026-08-17T01:25:55.043347Z,0,0,549,230,0
2026-08-17T01:25:55.047987Z,0,0,549,230,0
2026-08-17T01:25:55.0533935Z,0,0,549,230,0
2026-08-17T01:25:55.058266Z,0,0,549,230,0
2026-08-17T01:25:55.0634472Z,0,0,549,230,0
2026-08-17T01:25:55.0681338Z,0,0,549,230,0
2026-08-17T01:25:55.0735285Z,0,0,549,230,0
2026-08-17T01:25:55.0782159Z,0,0,549,230,0
2026-08-17T01:25:55.0835247Z,0,0,549,230,0
2026-08-17T01:25:55.088355Z,0,0,549,230,0
2026-08-17T01:25:55.0931742Z,0,0,549,230,0
2026-08-17T01:25:55.0984218Z,0,0,549,230,0
2026-08-17T01:25:55.1033153Z,0,0,549,230,0
2026-08-17T01:25:55.1135009Z,0,0,549,230,0
2026-08-17T01:25:55.1180398Z,0,0,549,230,0
2026-08-17T01:25:55.1236191Z,0,0,549,230,0
2026-08-17T01:25:55.128387Z,0,0,549,230,0
2026-08-17T01:25:55.1334399Z,0,0,549,230,0
2026-08-17T01:25:55.1385827Z,0,0,549,230,0
2026-08-17T01:25:55.1432411Z,0,0,549,230,0
2026-08-17T01:25:55.1480719Z,0,0,549,230,0
2026-08-17T01:25:55.1533023Z,0,0,549,230,0
2026-08-17T01:25:55.1580275Z,0,0,549,230,0
2026-08-17T01:25:55.1634171Z,0,0,549,230,0
2026-08-17T01:25:55.1682334Z,0,0,549,230,0
2026-08-17T01:25:55.1730301Z,0,0,549,230,0
2026-08-17T01:25:55.1781441Z,0,0,549,230,0
2026-08-17T01:25:55.1830629Z,0,0,549,230,0
2026-08-17T01:25:55.1883159Z,0,0,549,230,0
2026-08-17T01:25:55.1933106Z,0,0,549,230,0
2026-08-17T01:25:55.1980825Z,0,0,549,230,0
2026-08-17T01:25:55.2035786Z,0,0,549,230,0
2026-08-17T01:25:55.2083599Z,0,0,549,230,0
2026-08-17T01:25:55.2130324Z,0,0,549,230,0
2026-08-17T01:25:55.2182213Z,0,0,549,230,0
2026-08-17T01:25:55.2232444Z,0,0,549,230,0
2026-08-17T01:25:55.228191Z,0,0,549,230,0
2026-08-17T01:25:55.2332457Z,0,0,549,230,0
2026-08-17T01:25:55.2384181Z,0,0,549,230,0
2026-08-17T01:25:55.2432412Z,0,0,549,230,0
2026-08-17T01:25:55.2481184Z,0,0,549,230,0
2026-08-17T01:25:55.2533441Z,0,0,549,230,0
2026-08-17T01:25:55.2583049Z,0,0,549,230,0
2026-08-17T01:25:55.263309Z,0,0,549,230,0
2026-08-17T01:25:55.2682829Z,0,0,549,230,0
2026-08-17T01:25:55.2730655Z,0,0,549,230,0
2026-08-17T01:25:55.2780009Z,0,0,549,230,0
2026-08-17T01:25:55.2835448Z,0,0,549,230,0
2026-08-17T01:25:55.2884869Z,0,0,549,230,0
2026-08-17T01:25:55.2931456Z,0,0,549,230,0
2026-08-17T01:25:55.2981505Z,0,0,549,230,0
2026-08-17T01:25:55.3031303Z,0,0,549,230,0
2026-08-17T01:25:55.3080067Z,0,0,549,230,0
2026-08-17T01:25:55.313124Z,0,0,549,230,0
2026-08-17T01:25:55.3182563Z,0,0,549,230,0
2026-08-17T01:25:55.3232682Z,0,0,549,230,0
2026-08-17T01:25:55.3282262Z,0,0,549,230,0
2026-08-17T01:25:55.3334973Z,0,0,549,230,0
2026-08-17T01:25:55.3382257Z,0,0,549,230,0
2026-08-17T01:25:55.3433641Z,0,0,549,230,0
2026-08-17T01:25:55.3480405Z,0,0,549,230,0
2026-08-17T01:25:55.3531662Z,0,0,549,230,0
2026-08-17T01:25:55.3583675Z,0,0,549,230,0
2026-08-17T01:25:55.3637263Z,0,0,549,230,0
2026-08-17T01:25:55.3684912Z,0,0,549,230,0
2026-08-17T01:25:55.3733885Z,0,0,549,230,0
2026-08-17T01:25:55.3782758Z,0,0,549,230,0
2026-08-17T01:25:55.3837076Z,0,0,549,230,0
2026-08-17T01:25:55.3882528Z,0,0,549,230,0
2026-08-17T01:25:55.3936982Z,0,0,549,230,0
2026-08-17T01:25:55.3985175Z,0,0,549,230,0
2026-08-17T01:25:55.4034477Z,0,0,549,230,0
2026-08-17T01:25:55.4082942Z,0,0,549,230,0
2026-08-17T01:25:55.413678Z,0,0,549,230,0
2026-08-17T01:25:55.4184598Z,0,0,549,230,0
2026-08-17T01:25:55.4234161Z,0,0,549,230,0
2026-08-17T01:25:55.4282155Z,0,0,549,230,0
2026-08-17T01:25:55.4333869Z,0,0,549,230,0
2026-08-17T01:25:55.4381314Z,0,0,549,230,0
2026-08-17T01:25:55.443165Z,0,0,549,230,0
2026-08-17T01:25:55.4481188Z,0,0,549,230,0
2026-08-17T01:25:55.4531699Z,0,0,549,230,0
2026-08-17T01:25:55.4584196Z,0,0,549,230,0
2026-08-17T01:25:55.4632789Z,0,0,549,230,0
2026-08-17T01:25:55.4685713Z,0,0,549,230,0
2026-08-17T01:25:55.4733645Z,0,0,549,230,0
2026-08-17T01:25:55.4785739Z,0,0,549,230,0
2026-08-17T01:25:55.4830854Z,0,0,549,230,0
2026-08-17T01:25:55.4881386Z,0,0,549,230,0
2026-08-17T01:25:55.4931199Z,0,0,549,230,0
2026-08-17T01:25:55.498213Z,0,0,549,230,0
2026-08-17T01:25:55.5034097Z,0,0,549,230,0
2026-08-17T01:25:55.5081446Z,0,0,549,230,0
2026-08-17T01:25:55.5131002Z,0,0,549,230,0
2026-08-17T01:25:55.5182403Z,0,0,549,230,0
2026-08-17T01:25:55.5232617Z,0,0,549,230,0
2026-08-17T01:25:55.5281275Z,0,0,549,230,0
2026-08-17T01:25:55.5340282Z,0,0,549,230,0
2026-08-17T01:25:55.5382271Z,0,0,549,230,0
2026-08-17T01:25:55.5431729Z,0,0,549,230,0
2026-08-17T01:25:55.5480654Z,0,0,549,230,0
2026-08-17T01:25:55.5531508Z,0,0,549,230,0
2026-08-17T01:25:55.5581111Z,0,0,549,230,0
2026-08-17T01:25:55.5631583Z,0,0,549,230,0
2026-08-17T01:25:55.5684339Z,0,0,549,230,0
2026-08-17T01:25:55.5734485Z,0,0,549,230,0
2026-08-17T01:25:55.5782792Z,0,0,549,230,0
2026-08-17T01:25:55.5832522Z,0,0,549,230,0
2026-08-17T01:25:55.5880683Z,0,0,549,230,0
2026-08-17T01:25:55.5934804Z,0,0,549,230,0
2026-08-17T01:25:55.5983667Z,0,0,549,230,0
2026-08-17T01:25:55.603179Z,0,0,549,230,0
2026-08-17T01:25:55.6084608Z,0,0,549,230,0
2026-08-17T01:25:55.6133627Z,0,0,549,230,0
2026-08-17T01:25:55.6181664Z,0,0,549,230,0
2026-08-17T01:25:55.6232914Z,0,0,549,230,0
2026-08-17T01:25:55.6286134Z,0,0,549,230,0
2026-08-17T01:25:55.6334819Z,0,0,549,230,0
2026-08-17T01:25:55.6382283Z,0,0,549,230,0
2026-08-17T01:25:55.6437232Z,0,0,549,230,0
2026-08-17T01:25:55.6485783Z,0,0,549,230,0
2026-08-17T01:25:55.6533455Z,0,0,549,230,0
2026-08-17T01:25:55.658625Z,0,0,549,230,0
2026-08-17T01:25:55.6632526Z,0,0,549,230,0
2026-08-17T01:25:55.6679576Z,0,0,549,230,0
2026-08-17T01:25:55.6733616Z,0,0,549,230,0
2026-08-17T01:25:55.6782379Z,0,0,549,230,0
2026-08-17T01:25:55.6831423Z,0,0,549,230,0
2026-08-17T01:25:55.6888055Z,0,0,549,230,0
2026-08-17T01:25:55.6932936Z,0,0,549,230,0
2026-08-17T01:25:55.6979223Z,0,0,549,230,0
2026-08-17T01:25:55.7032015Z,0,0,549,230,0
2026-08-17T01:25:55.7084712Z,0,0,549,230,0
2026-08-17T01:25:55.7134801Z,0,0,549,230,0
2026-08-17T01:25:55.7181817Z,0,0,549,230,0
2026-08-17T01:25:55.7231693Z,0,0,549,230,0
2026-08-17T01:25:55.7280597Z,0,0,549,230,0
2026-08-17T01:25:55.7330161Z,0,0,549,230,0
2026-08-17T01:25:55.738527Z,0,0,549,230,0
2026-08-17T01:25:55.7433216Z,0,0,549,230,0
2026-08-17T01:25:55.748026Z,0,0,549,230,0
2026-08-17T01:25:55.7530919Z,0,0,549,230,0
2026-08-17T01:25:55.7581501Z,0,0,549,230,0
2026-08-17T01:25:55.7631148Z,0,0,549,230,0
2026-08-17T01:25:55.767958Z,0,0,549,230,0
2026-08-17T01:25:55.7732714Z,0,0,549,230,0
2026-08-17T01:25:55.7786013Z,0,0,549,230,0
2026-08-17T01:25:55.7830892Z,0,0,549,230,0
2026-08-17T01:25:55.7886553Z,0,0,549,230,0
2026-08-17T01:25:55.7930858Z,0,0,549,230,0
2026-08-17T01:25:55.7981413Z,0,0,549,230,0
2026-08-17T01:25:55.8034138Z,0,0,549,230,0
2026-08-17T01:25:55.8082614Z,0,0,549,230,0
2026-08-17T01:25:55.8131185Z,0,0,549,230,0
2026-08-17T01:25:55.8181847Z,0,0,549,230,0
2026-08-17T01:25:55.8231053Z,0,0,549,230,0
2026-08-17T01:25:55.8279537Z,0,0,549,230,0
2026-08-17T01:25:55.8336811Z,0,0,549,230,0
2026-08-17T01:25:55.8382273Z,0,0,549,230,0
2026-08-17T01:25:55.8434191Z,0,0,549,230,0
2026-08-17T01:25:55.8481617Z,0,0,549,230,0
2026-08-17T01:25:55.8530201Z,0,0,549,230,0
2026-08-17T01:25:55.8580666Z,0,0,549,230,0
2026-08-17T01:25:55.8633788Z,0,0,549,230,0
2026-08-17T01:25:55.8680299Z,0,0,549,230,0
2026-08-17T01:25:55.8733458Z,0,0,549,230,0
2026-08-17T01:25:55.8781893Z,0,0,549,230,0
2026-08-17T01:25:55.8832172Z,0,0,549,230,0
2026-08-17T01:25:55.88834Z,0,0,549,230,0
2026-08-17T01:25:55.8935617Z,0,0,549,230,0
2026-08-17T01:25:55.8983182Z,0,0,549,230,0
2026-08-17T01:25:55.9034934Z,0,0,549,230,0
2026-08-17T01:25:55.9083417Z,0,0,549,230,0
2026-08-17T01:25:55.9130797Z,0,0,549,230,0
2026-08-17T01:25:55.9180508Z,0,0,549,230,0
2026-08-17T01:25:55.9230898Z,0,0,549,230,0
2026-08-17T01:25:55.9286453Z,0,0,549,230,0
2026-08-17T01:25:55.9334745Z,0,0,549,230,0
2026-08-17T01:25:55.9385699Z,0,0,549,230,0
2026-08-17T01:25:55.9432988Z,0,0,549,230,0
2026-08-17T01:25:55.9480987Z,0,0,549,230,0
2026-08-17T01:25:55.9531167Z,0,0,549,230,0
2026-08-17T01:25:55.9582278Z,0,0,549,230,0
2026-08-17T01:25:55.9629918Z,0,0,549,230,0
2026-08-17T01:25:55.9680733Z,0,0,549,230,0
2026-08-17T01:25:55.973268Z,0,0,549,230,0
2026-08-17T01:25:55.9787382Z,0,0,549,230,0
2026-08-17T01:25:55.9832446Z,0,0,549,230,0
2026-08-17T01:25:55.9879642Z,0,0,549,230,0
2026-08-17T01:25:55.9933303Z,0,0,549,230,0
2026-08-17T01:25:55.9982049Z,0,0,549,230,0
2026-08-17T01:25:56.0033587Z,0,0,549,230,0
2026-08-17T01:25:56.0082767Z,0,0,549,230,0
2026-08-17T01:25:56.0133511Z,0,0,549,230,0
2026-08-17T01:25:56.0183964Z,0,0,549,230,0
2026-08-17T01:25:56.0231185Z,0,0,549,230,0
2026-08-17T01:25:56.0281048Z,0,0,549,230,0
2026-08-17T01:25:56.0331561Z,0,0,549,230,0
2026-08-17T01:25:56.038165Z,0,0,549,230,0
2026-08-17T01:25:56.0430811Z,0,0,549,230,0
2026-08-17T01:25:56.0484338Z,0,0,549,230,0
2026-08-17T01:25:56.052981Z,0,0,549,230,0
2026-08-17T01:25:56.0582539Z,0,0,549,230,0
2026-08-17T01:25:56.0630733Z,0,0,549,230,0
2026-08-17T01:25:56.0684684Z,0,0,549,230,0
2026-08-17T01:25:56.0729964Z,0,0,549,230,0
2026-08-17T01:25:56.0783744Z,0,0,549,230,0
2026-08-17T01:25:56.0833244Z,0,0,549,230,0
2026-08-17T01:25:56.0882484Z,0,0,549,230,0
2026-08-17T01:25:56.0931876Z,0,0,549,230,0
2026-08-17T01:25:56.0984092Z,0,0,549,230,0
2026-08-17T01:25:56.1030957Z,0,0,549,230,0
2026-08-17T01:25:56.1084237Z,0,0,549,230,0
2026-08-17T01:25:56.1131976Z,0,0,549,230,0
2026-08-17T01:25:56.1180241Z,0,0,549,230,0
2026-08-17T01:25:56.1233057Z,0,0,549,230,0
2026-08-17T01:25:56.128187Z,0,0,549,230,0
2026-08-17T01:25:56.1332022Z,0,0,549,230,0
2026-08-17T01:25:56.1382658Z,0,0,549,230,0
2026-08-17T01:25:56.1431354Z,0,0,549,230,0
2026-08-17T01:25:56.1484367Z,0,0,549,230,0
2026-08-17T01:25:56.152973Z,0,0,549,230,0
2026-08-17T01:25:56.1581246Z,0,0,549,230,0
2026-08-17T01:25:56.1633095Z,0,0,549,230,0
2026-08-17T01:25:56.1680526Z,0,0,549,230,0
2026-08-17T01:25:56.1732929Z,0,0,549,230,0
2026-08-17T01:25:56.1780311Z,0,0,549,230,0
2026-08-17T01:25:56.1831858Z,0,0,549,230,0
2026-08-17T01:25:56.1880819Z,0,0,549,230,0
2026-08-17T01:25:56.192971Z,0,0,549,230,0
2026-08-17T01:25:56.1984848Z,0,0,549,230,0
2026-08-17T01:25:56.2033869Z,0,0,549,230,0
2026-08-17T01:25:56.2082788Z,0,0,549,230,0
2026-08-17T01:25:56.2133905Z,0,0,549,230,0
2026-08-17T01:25:56.2183516Z,0,0,549,230,0
2026-08-17T01:25:56.2232681Z,0,0,549,230,0
2026-08-17T01:25:56.228449Z,0,0,549,230,0
2026-08-17T01:25:56.2333578Z,0,0,549,230,0
2026-08-17T01:25:56.2383784Z,0,0,549,230,0
2026-08-17T01:25:56.24311Z,0,0,549,230,0
2026-08-17T01:25:56.2480871Z,0,0,549,230,0
2026-08-17T01:25:56.2534201Z,0,0,549,230,0
2026-08-17T01:25:56.2583966Z,0,0,549,230,0
2026-08-17T01:25:56.2634382Z,0,0,549,230,0
2026-08-17T01:25:56.2683311Z,0,0,549,230,0
2026-08-17T01:25:56.2731693Z,0,0,549,230,0
2026-08-17T01:25:56.2781118Z,0,0,549,230,0
2026-08-17T01:25:56.2834152Z,0,0,549,230,0
2026-08-17T01:25:56.2883946Z,0,0,549,230,0
2026-08-17T01:25:56.2933023Z,0,0,549,230,0
2026-08-17T01:25:56.2983564Z,0,0,549,230,0
2026-08-17T01:25:56.3032741Z,0,0,549,230,0
2026-08-17T01:25:56.3080992Z,0,0,549,230,0
2026-08-17T01:25:56.3129403Z,0,0,549,230,0
2026-08-17T01:25:56.3181164Z,0,0,549,230,0
2026-08-17T01:25:56.3234705Z,0,0,549,230,0
2026-08-17T01:25:56.3282695Z,0,0,549,230,0
2026-08-17T01:25:56.3333538Z,0,0,549,230,0
2026-08-17T01:25:56.3380445Z,0,0,549,230,0
2026-08-17T01:25:56.3431603Z,0,0,549,230,0
2026-08-17T01:25:56.3481643Z,0,0,549,230,0
2026-08-17T01:25:56.353389Z,0,0,549,230,0
2026-08-17T01:25:56.3583321Z,0,0,549,230,0
2026-08-17T01:25:56.3632721Z,0,0,549,230,0
2026-08-17T01:25:56.3680604Z,0,0,549,230,0
2026-08-17T01:25:56.3734225Z,0,0,549,230,0
2026-08-17T01:25:56.378279Z,0,0,549,230,0
2026-08-17T01:25:56.3835973Z,0,0,549,230,0
2026-08-17T01:25:56.3883955Z,0,0,549,230,0
2026-08-17T01:25:56.3933359Z,0,0,549,230,0
2026-08-17T01:25:56.3980834Z,0,0,549,230,0
2026-08-17T01:25:56.4031343Z,0,0,549,230,0
2026-08-17T01:25:56.4082239Z,0,0,549,230,0
2026-08-17T01:25:56.4131797Z,0,0,549,230,0
2026-08-17T01:25:56.4181529Z,0,0,549,230,0
2026-08-17T01:25:56.4231325Z,0,0,549,230,0
2026-08-17T01:25:56.4284031Z,0,0,549,230,0
2026-08-17T01:25:56.4336182Z,0,0,549,230,0
2026-08-17T01:25:56.4381949Z,0,0,549,230,0
2026-08-17T01:25:56.4433565Z,0,0,549,230,0
2026-08-17T01:25:56.4482036Z,0,0,549,230,0
2026-08-17T01:25:56.4530225Z,0,0,549,230,0
2026-08-17T01:25:56.4582684Z,0,0,549,230,0
2026-08-17T01:25:56.463659Z,0,0,549,230,0
2026-08-17T01:25:56.468042Z,0,0,549,230,0
2026-08-17T01:25:56.4731714Z,0,0,549,230,0
2026-08-17T01:25:56.4784265Z,0,0,549,230,0
2026-08-17T01:25:56.483417Z,0,0,549,230,0
2026-08-17T01:25:56.4881952Z,0,0,549,230,0
2026-08-17T01:25:56.4931422Z,0,0,549,230,0
2026-08-17T01:25:56.4981578Z,0,0,549,230,0
2026-08-17T01:25:56.5036866Z,0,0,549,230,0
2026-08-17T01:25:56.5081274Z,0,0,549,230,0
2026-08-17T01:25:56.5130255Z,0,0,549,230,0
2026-08-17T01:25:56.5186386Z,0,0,549,230,0
2026-08-17T01:25:56.5234548Z,0,0,549,230,0
2026-08-17T01:25:56.5283056Z,0,0,549,230,0
2026-08-17T01:25:56.533746Z,0,0,549,230,0
2026-08-17T01:25:56.5380599Z,0,0,549,230,0
2026-08-17T01:25:56.5435067Z,0,0,549,230,0
2026-08-17T01:25:56.5482626Z,0,0,549,230,0
2026-08-17T01:25:56.5534902Z,0,0,549,230,0
2026-08-17T01:25:56.5583327Z,0,0,549,230,0
2026-08-17T01:25:56.5631547Z,0,0,549,230,0
2026-08-17T01:25:56.5684588Z,0,0,549,230,0
2026-08-17T01:25:56.5733184Z,0,0,549,230,0
2026-08-17T01:25:56.5786066Z,0,0,549,230,0
2026-08-17T01:25:56.5830209Z,0,0,549,230,0
2026-08-17T01:25:56.5884992Z,0,0,549,230,0
2026-08-17T01:25:56.5935382Z,0,0,549,230,0
2026-08-17T01:25:56.59835Z,0,0,549,230,0
2026-08-17T01:25:56.6033266Z,0,0,549,230,0
2026-08-17T01:25:56.6081457Z,0,0,549,230,0
2026-08-17T01:25:56.6134301Z,0,0,549,230,0
2026-08-17T01:25:56.6183636Z,0,0,549,230,0
2026-08-17T01:25:56.623041Z,0,0,549,230,0
2026-08-17T01:25:56.6284882Z,0,0,549,230,0
2026-08-17T01:25:56.6333074Z,0,0,549,230,0
2026-08-17T01:25:56.6382974Z,0,0,549,230,0
2026-08-17T01:25:56.6434237Z,0,0,549,230,0
2026-08-17T01:25:56.6482409Z,0,0,549,230,0
2026-08-17T01:25:56.6531789Z,0,0,549,230,0
2026-08-17T01:25:56.6581265Z,0,0,549,230,0
2026-08-17T01:25:56.6632242Z,0,0,549,230,0
2026-08-17T01:25:56.6682251Z,0,0,549,230,0
2026-08-17T01:25:56.6729912Z,0,0,549,230,0
2026-08-17T01:25:56.6782862Z,0,0,549,230,0
2026-08-17T01:25:56.6836491Z,0,0,549,230,0
2026-08-17T01:25:56.6884084Z,0,0,549,230,0
2026-08-17T01:25:56.69311Z,0,0,549,230,0
2026-08-17T01:25:56.6981367Z,0,0,549,230,0
2026-08-17T01:25:56.7030865Z,0,0,549,230,0
2026-08-17T01:25:56.7083649Z,0,0,549,230,0
2026-08-17T01:25:56.7132287Z,0,0,549,230,0
2026-08-17T01:25:56.7181058Z,0,0,549,230,0
2026-08-17T01:25:56.7231165Z,0,0,549,230,0
2026-08-17T01:25:56.7284293Z,0,0,549,230,0
2026-08-17T01:25:56.7330604Z,0,0,549,230,0
2026-08-17T01:25:56.7381353Z,0,0,549,230,0
2026-08-17T01:25:56.7431757Z,0,0,549,230,0
2026-08-17T01:25:56.7480088Z,0,0,549,230,0
2026-08-17T01:25:56.7530621Z,0,0,549,230,0
2026-08-17T01:25:56.7584003Z,0,0,549,230,0
2026-08-17T01:25:56.7634143Z,0,0,549,230,0
2026-08-17T01:25:56.7682944Z,0,0,549,230,0
2026-08-17T01:25:56.7735535Z,0,0,549,230,0
2026-08-17T01:25:56.7784028Z,0,0,549,230,0
2026-08-17T01:25:56.7830935Z,0,0,549,230,0
2026-08-17T01:25:56.7884769Z,0,0,549,230,0
2026-08-17T01:25:56.7933613Z,0,0,549,230,0
2026-08-17T01:25:56.7981378Z,0,0,549,230,0
2026-08-17T01:25:56.8032592Z,0,0,549,230,0
2026-08-17T01:25:56.8080181Z,0,0,549,230,0
2026-08-17T01:25:56.8134001Z,0,0,549,230,0
2026-08-17T01:25:56.8182338Z,0,0,549,230,0
2026-08-17T01:25:56.8230977Z,0,0,549,230,0
2026-08-17T01:25:56.827952Z,0,0,549,230,0
2026-08-17T01:25:56.8337355Z,0,0,549,230,0
2026-08-17T01:25:56.8379757Z,0,0,549,230,0
2026-08-17T01:25:56.843113Z,0,0,549,230,0
2026-08-17T01:25:56.8483409Z,0,0,549,230,0
2026-08-17T01:25:56.852984Z,0,0,549,230,0
2026-08-17T01:25:56.8583054Z,0,0,549,230,0
2026-08-17T01:25:56.86326Z,0,0,549,230,0
2026-08-17T01:25:56.8685128Z,0,0,549,230,0
2026-08-17T01:25:56.8731174Z,0,0,549,230,0
2026-08-17T01:25:56.8780609Z,0,0,549,230,0
2026-08-17T01:25:56.8831575Z,0,0,549,230,0
2026-08-17T01:25:56.8884535Z,0,0,549,230,0
2026-08-17T01:25:56.8935796Z,0,0,549,230,0
2026-08-17T01:25:56.8983668Z,0,0,549,230,0
2026-08-17T01:25:56.9030389Z,0,0,549,230,0
2026-08-17T01:25:56.9083935Z,0,0,549,230,0
2026-08-17T01:25:56.9132943Z,0,0,549,230,0
2026-08-17T01:25:56.9181877Z,0,0,549,230,0
2026-08-17T01:25:56.9231677Z,0,0,549,230,0
2026-08-17T01:25:56.9281252Z,0,0,549,230,0
2026-08-17T01:25:56.9334778Z,0,0,549,230,0
2026-08-17T01:25:56.9387351Z,0,0,549,230,0
2026-08-17T01:25:56.9430755Z,0,0,549,230,0
2026-08-17T01:25:56.9483768Z,0,0,549,230,0
2026-08-17T01:25:56.9533758Z,0,0,549,230,0
2026-08-17T01:25:56.9581377Z,0,0,549,230,0
2026-08-17T01:25:56.9633681Z,0,0,549,230,0
2026-08-17T01:25:56.9681479Z,0,0,549,230,0
2026-08-17T01:25:56.9736336Z,0,0,549,230,0
2026-08-17T01:25:56.9784025Z,0,0,549,230,0
2026-08-17T01:25:56.9834053Z,0,0,549,230,0
2026-08-17T01:25:56.9887931Z,0,0,549,230,0
2026-08-17T01:25:56.9933704Z,0,0,549,230,0
2026-08-17T01:25:56.9985844Z,0,0,549,230,0
2026-08-17T01:25:57.0029788Z,0,0,549,230,0
2026-08-17T01:25:57.0080493Z,0,0,549,230,0
2026-08-17T01:25:57.0130814Z,0,0,549,230,0
2026-08-17T01:25:57.0183143Z,0,0,549,230,0
2026-08-17T01:25:57.0234172Z,0,0,549,230,0
2026-08-17T01:25:57.0283596Z,0,0,549,230,0
2026-08-17T01:25:57.0336146Z,0,0,549,230,0
2026-08-17T01:25:57.038322Z,0,0,549,230,0
2026-08-17T01:25:57.043405Z,0,0,549,230,0
2026-08-17T01:25:57.048384Z,0,0,549,230,0
2026-08-17T01:25:57.0530803Z,0,0,549,230,0
2026-08-17T01:25:57.0580426Z,0,0,549,230,0
2026-08-17T01:25:57.0634823Z,0,0,549,230,0
2026-08-17T01:25:57.0683948Z,0,0,549,230,0
2026-08-17T01:25:57.0732939Z,0,0,549,230,0
2026-08-17T01:25:57.0785375Z,0,0,549,230,0
2026-08-17T01:25:57.0833418Z,0,0,549,230,0
2026-08-17T01:25:57.0880164Z,0,0,549,230,0
2026-08-17T01:25:57.0932755Z,0,0,549,230,0
2026-08-17T01:25:57.0984614Z,0,0,549,230,0
2026-08-17T01:25:57.1033382Z,0,0,549,230,0
2026-08-17T01:25:57.1086143Z,0,0,549,230,0
2026-08-17T01:25:57.1134739Z,0,0,549,230,0
2026-08-17T01:25:57.1182739Z,0,0,549,230,0
2026-08-17T01:25:57.1231748Z,0,0,549,230,0
2026-08-17T01:25:57.1282752Z,0,0,549,230,0
2026-08-17T01:25:57.1335427Z,0,0,549,230,0
2026-08-17T01:25:57.1388177Z,0,0,549,230,0
2026-08-17T01:25:57.1433981Z,0,0,549,230,0
2026-08-17T01:25:57.1481683Z,0,0,549,230,0
2026-08-17T01:25:57.1531525Z,0,0,549,230,0
2026-08-17T01:25:57.1583904Z,0,0,549,230,0
2026-08-17T01:25:57.1631427Z,0,0,549,230,0
2026-08-17T01:25:57.1682357Z,0,0,549,230,0
2026-08-17T01:25:57.17318Z,0,0,549,230,0
2026-08-17T01:25:57.1785466Z,0,0,549,230,0
2026-08-17T01:25:57.1835823Z,0,0,549,230,0
2026-08-17T01:25:57.1884123Z,0,0,549,230,0
2026-08-17T01:25:57.1934595Z,0,0,549,230,0
2026-08-17T01:25:57.1982445Z,0,0,549,230,0
2026-08-17T01:25:57.2032328Z,0,0,549,230,0
2026-08-17T01:25:57.2080711Z,0,0,549,230,0
2026-08-17T01:25:57.2134355Z,0,0,549,230,0
2026-08-17T01:25:57.2181382Z,0,0,549,230,0
2026-08-17T01:25:57.2234963Z,0,0,549,230,0
2026-08-17T01:25:57.2282326Z,0,0,549,230,0
2026-08-17T01:25:57.233146Z,0,0,549,230,0
2026-08-17T01:25:57.2384367Z,0,0,549,230,0
2026-08-17T01:25:57.2433194Z,0,0,549,230,0
2026-08-17T01:25:57.2480934Z,0,0,549,230,0
2026-08-17T01:25:57.2532709Z,0,0,549,230,0
2026-08-17T01:25:57.2585351Z,0,0,549,230,0
2026-08-17T01:25:57.2632957Z,0,0,549,230,0
2026-08-17T01:25:57.268328Z,0,0,549,230,0
2026-08-17T01:25:57.2733644Z,0,0,549,230,0
2026-08-17T01:25:57.2780834Z,0,0,549,230,0
2026-08-17T01:25:57.2836085Z,0,0,549,230,0
2026-08-17T01:25:57.2883874Z,0,0,549,230,0
2026-08-17T01:25:57.2932299Z,0,0,549,230,0
2026-08-17T01:25:57.2984844Z,0,0,549,230,0
2026-08-17T01:25:57.3033523Z,0,0,549,230,0
2026-08-17T01:25:57.3080504Z,0,0,549,230,0
2026-08-17T01:25:57.313135Z,0,0,549,230,0
2026-08-17T01:25:57.3183898Z,0,0,549,230,0
2026-08-17T01:25:57.3230665Z,0,0,549,230,0
2026-08-17T01:25:57.3284233Z,0,0,549,230,0
2026-08-17T01:25:57.3332677Z,0,0,549,230,0
2026-08-17T01:25:57.3380367Z,0,0,549,230,0
2026-08-17T01:25:57.343373Z,0,0,549,230,0
2026-08-17T01:25:57.3482058Z,0,0,549,230,0
2026-08-17T01:25:57.3533863Z,0,0,549,230,0
2026-08-17T01:25:57.3580893Z,0,0,549,230,0
2026-08-17T01:25:57.3631552Z,0,0,549,230,0
2026-08-17T01:25:57.3684626Z,0,0,549,230,0
2026-08-17T01:25:57.37343Z,0,0,549,230,0
2026-08-17T01:25:57.3781188Z,0,0,549,230,0
2026-08-17T01:25:57.3837539Z,0,0,549,230,0
2026-08-17T01:25:57.3881271Z,0,0,549,230,0
2026-08-17T01:25:57.3933602Z,0,0,549,230,0
2026-08-17T01:25:57.3982297Z,0,0,549,230,0
2026-08-17T01:25:57.4033766Z,0,0,549,230,0
2026-08-17T01:25:57.4086724Z,0,0,549,230,0
2026-08-17T01:25:57.4130095Z,0,0,549,230,0
2026-08-17T01:25:57.4183503Z,0,0,549,230,0
2026-08-17T01:25:57.4230511Z,0,0,549,230,0
2026-08-17T01:25:57.4285584Z,0,0,549,230,0
2026-08-17T01:25:57.43317Z,0,0,549,230,0
2026-08-17T01:25:57.4382603Z,0,0,549,230,0
2026-08-17T01:25:57.4432597Z,0,0,549,230,0
2026-08-17T01:25:57.4486002Z,0,0,549,230,0
2026-08-17T01:25:57.4530729Z,0,0,549,230,0
2026-08-17T01:25:57.4578905Z,0,0,549,230,0
2026-08-17T01:25:57.4631204Z,0,0,549,230,0
2026-08-17T01:25:57.4680061Z,0,0,549,230,0
2026-08-17T01:25:57.4734542Z,0,0,549,230,0
2026-08-17T01:25:57.4781856Z,0,0,549,230,0
2026-08-17T01:25:57.4835688Z,0,0,549,230,0
2026-08-17T01:25:57.4884103Z,0,0,549,230,0
2026-08-17T01:25:57.49344Z,0,0,549,230,0
2026-08-17T01:25:57.4981017Z,0,0,549,230,0
2026-08-17T01:25:57.5033294Z,0,0,549,230,0
2026-08-17T01:25:57.5080922Z,0,0,549,230,0
2026-08-17T01:25:57.5133307Z,0,0,549,230,0
2026-08-17T01:25:57.518087Z,0,0,549,230,0
2026-08-17T01:25:57.5232987Z,0,0,549,230,0
2026-08-17T01:25:57.5280082Z,0,0,549,230,0
2026-08-17T01:25:57.5336676Z,0,0,549,230,0
2026-08-17T01:25:57.5384248Z,0,0,549,230,0
2026-08-17T01:25:57.5433032Z,0,0,549,230,0
2026-08-17T01:25:57.5481862Z,0,0,549,230,0
2026-08-17T01:25:57.5531017Z,0,0,549,230,0
2026-08-17T01:25:57.5580913Z,0,0,549,230,0
2026-08-17T01:25:57.5630284Z,0,0,549,230,0
2026-08-17T01:25:57.5680692Z,0,0,549,230,0
2026-08-17T01:25:57.5731067Z,0,0,549,230,0
2026-08-17T01:25:57.5787228Z,0,0,549,230,0
2026-08-17T01:25:57.583195Z,0,0,549,230,0
2026-08-17T01:25:57.5881967Z,0,0,549,230,0
2026-08-17T01:25:57.5933498Z,0,0,549,230,0
2026-08-17T01:25:57.5986093Z,0,0,549,230,0
2026-08-17T01:25:57.6031766Z,0,0,549,230,0
2026-08-17T01:25:57.6082723Z,0,0,549,230,0
2026-08-17T01:25:57.6131699Z,0,0,549,230,0
2026-08-17T01:25:57.6185917Z,0,0,549,230,0
2026-08-17T01:25:57.6231186Z,0,0,549,230,0
2026-08-17T01:25:57.6283942Z,0,0,549,230,0
2026-08-17T01:25:57.6337823Z,0,0,549,230,0
2026-08-17T01:25:57.6379537Z,0,0,549,230,0
2026-08-17T01:25:57.6433961Z,0,0,549,230,0
2026-08-17T01:25:57.6482209Z,0,0,549,230,0
2026-08-17T01:25:57.6531511Z,0,0,549,230,0
2026-08-17T01:25:57.6583902Z,0,0,549,230,0
2026-08-17T01:25:57.663348Z,0,0,549,230,0
2026-08-17T01:25:57.6682579Z,0,0,549,230,0
2026-08-17T01:25:57.6732923Z,0,0,549,230,0
2026-08-17T01:25:57.6785892Z,0,0,549,230,0
2026-08-17T01:25:57.6830399Z,0,0,549,230,0
2026-08-17T01:25:57.6880158Z,0,0,549,230,0
2026-08-17T01:25:57.6933755Z,0,0,549,230,0
2026-08-17T01:25:57.6981467Z,0,0,549,230,0
2026-08-17T01:25:57.7032026Z,0,0,549,230,0
2026-08-17T01:25:57.7087417Z,0,0,549,230,0
2026-08-17T01:25:57.7133508Z,0,0,549,230,0
2026-08-17T01:25:57.7180415Z,0,0,549,230,0
2026-08-17T01:25:57.7233987Z,0,0,549,230,0
2026-08-17T01:25:57.7282544Z,0,0,549,230,0
2026-08-17T01:25:57.7332225Z,0,0,549,230,0
2026-08-17T01:25:57.738398Z,0,0,549,230,0
2026-08-17T01:25:57.7435256Z,0,0,549,230,0
2026-08-17T01:25:57.7481866Z,0,0,549,230,0
2026-08-17T01:25:57.7531434Z,0,0,549,230,0
2026-08-17T01:25:57.7584046Z,0,0,549,230,0
2026-08-17T01:25:57.7632593Z,0,0,549,230,0
2026-08-17T01:25:57.7682446Z,0,0,549,230,0
2026-08-17T01:25:57.773238Z,0,0,549,230,0
2026-08-17T01:25:57.7784467Z,0,0,549,230,0
2026-08-17T01:25:57.7832865Z,0,0,549,230,0
2026-08-17T01:25:57.7880617Z,0,0,549,230,0
2026-08-17T01:25:57.7930536Z,0,0,549,230,0
2026-08-17T01:25:57.7980221Z,0,0,549,230,0
2026-08-17T01:25:57.8030246Z,0,0,549,230,0
2026-08-17T01:25:57.8083864Z,0,0,549,230,0
2026-08-17T01:25:57.8132479Z,0,0,549,230,0
2026-08-17T01:25:57.8180328Z,0,0,549,230,0
2026-08-17T01:25:57.826821Z,0,0,549,230,0
2026-08-17T01:25:57.8283673Z,0,0,549,230,0
2026-08-17T01:25:57.833374Z,0,0,549,230,0
2026-08-17T01:25:57.8381098Z,0,0,549,230,0
2026-08-17T01:25:57.8431722Z,0,0,549,230,0
2026-08-17T01:25:57.8481529Z,0,0,549,230,0
2026-08-17T01:25:57.853293Z,0,0,549,230,0
2026-08-17T01:25:57.8583313Z,0,0,549,230,0
2026-08-17T01:25:57.8633589Z,0,0,549,230,0
2026-08-17T01:25:57.8685805Z,0,0,549,230,0
2026-08-17T01:25:57.8730846Z,0,0,549,230,0
2026-08-17T01:25:57.8784271Z,0,0,549,230,0
2026-08-17T01:25:57.8832605Z,0,0,549,230,0
2026-08-17T01:25:57.8882177Z,0,0,549,230,0
2026-08-17T01:25:57.8932953Z,0,0,549,230,0
2026-08-17T01:25:57.8981175Z,0,0,549,230,0
2026-08-17T01:25:57.9032358Z,0,0,549,230,0
2026-08-17T01:25:57.9081181Z,0,0,549,230,0
2026-08-17T01:25:57.9134185Z,0,0,549,230,0
2026-08-17T01:25:57.9181866Z,0,0,549,230,0
2026-08-17T01:25:57.9230416Z,0,0,549,230,0
2026-08-17T01:25:57.928269Z,0,0,549,230,0
2026-08-17T01:25:57.9332067Z,0,0,549,230,0
2026-08-17T01:25:57.9386744Z,0,0,549,230,0
2026-08-17T01:25:57.9431643Z,0,0,549,230,0
2026-08-17T01:25:57.9484324Z,0,0,549,230,0
2026-08-17T01:25:57.9533832Z,0,0,549,230,0
2026-08-17T01:25:57.9582011Z,0,0,549,230,0
2026-08-17T01:25:57.9630857Z,0,0,549,230,0
2026-08-17T01:25:57.9681355Z,0,0,549,230,0
2026-08-17T01:25:57.9730634Z,0,0,549,230,0
2026-08-17T01:25:57.9787286Z,0,0,549,230,0
2026-08-17T01:25:57.9834888Z,0,0,549,230,0
2026-08-17T01:25:57.9881717Z,0,0,549,230,0
2026-08-17T01:25:57.9932344Z,0,0,549,230,0
2026-08-17T01:25:57.9981082Z,0,0,549,230,0
2026-08-17T01:25:58.0035302Z,0,0,549,230,0
2026-08-17T01:25:58.0082922Z,0,0,549,230,0
2026-08-17T01:25:58.0135766Z,0,0,549,230,0
2026-08-17T01:25:58.0180345Z,0,0,549,230,0
2026-08-17T01:25:58.0230996Z,0,0,549,230,0
2026-08-17T01:25:58.0281867Z,0,0,549,230,0
2026-08-17T01:25:58.0329797Z,0,0,549,230,0
2026-08-17T01:25:58.0383814Z,0,0,549,230,0
2026-08-17T01:25:58.0430128Z,0,0,549,230,0
2026-08-17T01:25:58.0482191Z,0,0,549,230,0
2026-08-17T01:25:58.053627Z,0,0,549,230,0
2026-08-17T01:25:58.0583592Z,0,0,549,230,0
2026-08-17T01:25:58.0631814Z,0,0,549,230,0
2026-08-17T01:25:58.0681133Z,0,0,549,230,0
2026-08-17T01:25:58.0733341Z,0,0,549,230,0
2026-08-17T01:25:58.0781848Z,0,0,549,230,0
2026-08-17T01:25:58.0833217Z,0,0,549,230,0
2026-08-17T01:25:58.0880429Z,0,0,549,230,0
2026-08-17T01:25:58.093286Z,0,0,549,230,0
2026-08-17T01:25:58.0980649Z,0,0,549,230,0
2026-08-17T01:25:58.103154Z,0,0,549,230,0
2026-08-17T01:25:58.1082846Z,0,0,549,230,0
2026-08-17T01:25:58.1131117Z,0,0,549,230,0
2026-08-17T01:25:58.1182971Z,0,0,549,230,0
2026-08-17T01:25:58.1232232Z,0,0,549,230,0
2026-08-17T01:25:58.1286739Z,0,0,549,230,0
2026-08-17T01:25:58.1334687Z,0,0,549,230,0
2026-08-17T01:25:58.1380885Z,0,0,549,230,0
2026-08-17T01:25:58.1431596Z,0,0,549,230,0
2026-08-17T01:25:58.1480151Z,0,0,549,230,0
2026-08-17T01:25:58.1533711Z,0,0,549,230,0
2026-08-17T01:25:58.1580979Z,0,0,549,230,0
2026-08-17T01:25:58.1631412Z,0,0,549,230,0
2026-08-17T01:25:58.1684637Z,0,0,549,230,0
2026-08-17T01:25:58.173634Z,0,0,549,230,0
2026-08-17T01:25:58.1783098Z,0,0,549,230,0
2026-08-17T01:25:58.1834798Z,0,0,549,230,0
2026-08-17T01:25:58.1883878Z,0,0,549,230,0
2026-08-17T01:25:58.1934221Z,0,0,549,230,0
2026-08-17T01:25:58.1981806Z,0,0,549,230,0
2026-08-17T01:25:58.2031958Z,0,0,549,230,0
2026-08-17T01:25:58.208017Z,0,0,549,230,0
2026-08-17T01:25:58.2134224Z,0,0,549,230,0
2026-08-17T01:25:58.2179696Z,0,0,549,230,0
2026-08-17T01:25:58.2233118Z,0,0,549,230,0
2026-08-17T01:25:58.2279492Z,0,0,549,230,0
2026-08-17T01:25:58.2332154Z,0,0,549,230,0
2026-08-17T01:25:58.2379251Z,0,0,549,230,0
2026-08-17T01:25:58.2430223Z,0,0,549,230,0
2026-08-17T01:25:58.2481685Z,0,0,549,230,0
2026-08-17T01:25:58.2530769Z,0,0,549,230,0
2026-08-17T01:25:58.2581226Z,0,0,549,230,0
2026-08-17T01:25:58.2630282Z,0,0,549,230,0
2026-08-17T01:25:58.2684017Z,0,0,549,230,0
2026-08-17T01:25:58.2730731Z,0,0,549,230,0
2026-08-17T01:25:58.2781071Z,0,0,549,230,0
2026-08-17T01:25:58.2834609Z,0,0,549,230,0
2026-08-17T01:25:58.2882714Z,0,0,549,230,0
2026-08-17T01:25:58.2930527Z,0,0,549,230,0
2026-08-17T01:25:58.2984042Z,0,0,549,230,0
2026-08-17T01:25:58.3033353Z,0,0,549,230,0
2026-08-17T01:25:58.3080011Z,0,0,549,230,0
2026-08-17T01:25:58.3131721Z,0,0,549,230,0
2026-08-17T01:25:58.3183655Z,0,0,549,230,0
2026-08-17T01:25:58.3235533Z,0,0,549,230,0
2026-08-17T01:25:58.3282735Z,0,0,549,230,0
2026-08-17T01:25:58.3331729Z,0,0,549,230,0
2026-08-17T01:25:58.3382026Z,0,0,549,230,0
2026-08-17T01:25:58.3436156Z,0,0,549,230,0
2026-08-17T01:25:58.3482872Z,0,0,549,230,0
2026-08-17T01:25:58.3532646Z,0,0,549,230,0
2026-08-17T01:25:58.3580713Z,0,0,549,230,0
2026-08-17T01:25:58.3633599Z,0,0,549,230,0
2026-08-17T01:25:58.368042Z,0,0,549,230,0
2026-08-17T01:25:58.3733339Z,0,0,549,230,0
2026-08-17T01:25:58.3785704Z,0,0,549,230,0
2026-08-17T01:25:58.3835585Z,0,0,549,230,0
2026-08-17T01:25:58.3884174Z,0,0,549,230,0
2026-08-17T01:25:58.3936865Z,0,0,549,230,0
2026-08-17T01:25:58.3983552Z,0,0,549,230,0
2026-08-17T01:25:58.4029812Z,0,0,549,230,0
2026-08-17T01:25:58.4085729Z,0,0,549,230,0
2026-08-17T01:25:58.4132525Z,0,0,549,230,0
2026-08-17T01:25:58.4184316Z,0,0,549,230,0
2026-08-17T01:25:58.4232489Z,0,0,549,230,0
2026-08-17T01:25:58.4283895Z,0,0,549,230,0
2026-08-17T01:25:58.43319Z,0,0,549,230,0
2026-08-17T01:25:58.4383951Z,0,0,549,230,0
2026-08-17T01:25:58.4433963Z,0,0,549,230,0
2026-08-17T01:25:58.4482408Z,0,0,549,230,0
2026-08-17T01:25:58.4530859Z,0,0,549,230,0
2026-08-17T01:25:58.4581581Z,0,0,549,230,0
2026-08-17T01:25:58.4635026Z,0,0,549,230,0
2026-08-17T01:25:58.4683215Z,0,0,549,230,0
2026-08-17T01:25:58.4731128Z,0,0,549,230,0
2026-08-17T01:25:58.4783118Z,0,0,549,230,0
2026-08-17T01:25:58.4834515Z,0,0,549,230,0
2026-08-17T01:25:58.4882763Z,0,0,549,230,0
2026-08-17T01:25:58.4931806Z,0,0,549,230,0
2026-08-17T01:25:58.4984876Z,0,0,549,230,0
2026-08-17T01:25:58.5033834Z,0,0,549,230,0
2026-08-17T01:25:58.508081Z,0,0,549,230,0
2026-08-17T01:25:58.5131665Z,0,0,549,230,0
2026-08-17T01:25:58.5179815Z,0,0,549,230,0
2026-08-17T01:25:58.5232726Z,0,0,549,230,0
2026-08-17T01:25:58.5285948Z,0,0,549,230,0
2026-08-17T01:25:58.5333838Z,0,0,549,230,0
2026-08-17T01:25:58.5386066Z,0,0,549,230,0
2026-08-17T01:25:58.5434221Z,0,0,549,230,0
2026-08-17T01:25:58.5485844Z,0,0,549,230,0
2026-08-17T01:25:58.5534091Z,0,0,549,230,0
2026-08-17T01:25:58.5582237Z,0,0,549,230,0
2026-08-17T01:25:58.5636705Z,0,0,549,230,0
2026-08-17T01:25:58.5680064Z,0,0,549,230,0
2026-08-17T01:25:58.5736445Z,0,0,549,230,0
2026-08-17T01:25:58.5786014Z,0,0,549,230,0
2026-08-17T01:25:58.5831082Z,0,0,549,230,0
2026-08-17T01:25:58.5879622Z,0,0,549,230,0
2026-08-17T01:25:58.5937447Z,0,0,549,230,0
2026-08-17T01:25:58.598443Z,0,0,549,230,0
2026-08-17T01:25:58.6037679Z,0,0,549,230,0
2026-08-17T01:25:58.6080532Z,0,0,549,230,0
2026-08-17T01:25:58.6136303Z,0,0,549,230,0
2026-08-17T01:25:58.6182374Z,0,0,549,230,0
2026-08-17T01:25:58.6234676Z,0,0,549,230,0
2026-08-17T01:25:58.6287458Z,0,0,549,230,0
2026-08-17T01:25:58.6331086Z,0,0,549,230,0
2026-08-17T01:25:58.6380367Z,0,0,549,230,0
2026-08-17T01:25:58.643476Z,0,0,549,230,0
2026-08-17T01:25:58.6481453Z,0,0,549,230,0
2026-08-17T01:25:58.6538809Z,0,0,549,230,0
2026-08-17T01:25:58.6581395Z,0,0,549,230,0
2026-08-17T01:25:58.6630733Z,0,0,549,230,0
2026-08-17T01:25:58.6683281Z,0,0,549,230,0
2026-08-17T01:25:58.6734411Z,0,0,549,230,0
2026-08-17T01:25:58.6781439Z,0,0,549,230,0
2026-08-17T01:25:58.683375Z,0,0,549,230,0
2026-08-17T01:25:58.6883199Z,0,0,549,230,0
2026-08-17T01:25:58.6939174Z,0,0,549,230,0
2026-08-17T01:25:58.6979215Z,0,0,549,230,0
2026-08-17T01:25:58.7031531Z,0,0,549,230,0
2026-08-17T01:25:58.7081312Z,0,0,549,230,0
2026-08-17T01:25:58.7133225Z,0,0,549,230,0
2026-08-17T01:25:58.7184662Z,0,0,549,230,0
2026-08-17T01:25:58.7232514Z,0,0,549,230,0
2026-08-17T01:25:58.7281575Z,0,0,549,230,0
2026-08-17T01:25:58.7331552Z,0,0,549,230,0
2026-08-17T01:25:58.7383778Z,0,0,549,230,0
2026-08-17T01:25:58.7434385Z,0,0,549,230,0
2026-08-17T01:25:58.7481982Z,0,0,549,230,0
2026-08-17T01:25:58.7530168Z,0,0,549,230,0
2026-08-17T01:25:58.7580921Z,0,0,549,230,0
2026-08-17T01:25:58.7640244Z,0,0,549,230,0
2026-08-17T01:25:58.768213Z,0,0,549,230,0
2026-08-17T01:25:58.7731478Z,0,0,549,230,0
2026-08-17T01:25:58.7784632Z,0,0,549,230,0
2026-08-17T01:25:58.7834256Z,0,0,549,230,0
2026-08-17T01:25:58.7882307Z,0,0,549,230,0
2026-08-17T01:25:58.7936212Z,0,0,549,230,0
2026-08-17T01:25:58.7983618Z,0,0,549,230,0
2026-08-17T01:25:58.8030886Z,0,0,549,230,0
2026-08-17T01:25:58.8081364Z,0,0,549,230,0
2026-08-17T01:25:58.8135473Z,0,0,549,230,0
2026-08-17T01:25:58.8182199Z,0,0,549,230,0
2026-08-17T01:25:58.8230262Z,0,0,549,230,0
2026-08-17T01:25:58.8283579Z,0,0,549,230,0
2026-08-17T01:25:58.83316Z,0,0,549,230,0
2026-08-17T01:25:58.8383732Z,0,0,549,230,0
2026-08-17T01:25:58.843146Z,0,0,549,230,0
2026-08-17T01:25:58.848374Z,0,0,549,230,0
2026-08-17T01:25:58.8531161Z,0,0,549,230,0
2026-08-17T01:25:58.8580259Z,0,0,549,230,0
2026-08-17T01:25:58.8632941Z,0,0,549,230,0
2026-08-17T01:25:58.868128Z,0,0,549,230,0
2026-08-17T01:25:58.8731964Z,0,0,549,230,0
2026-08-17T01:25:58.8783944Z,0,0,549,230,0
2026-08-17T01:25:58.8833968Z,0,0,549,230,0
2026-08-17T01:25:58.8881923Z,0,0,549,230,0
2026-08-17T01:25:58.8935019Z,0,0,549,230,0
2026-08-17T01:25:58.8981803Z,0,0,549,230,0
2026-08-17T01:25:58.9035209Z,0,0,549,230,0
2026-08-17T01:25:58.9086991Z,0,0,549,230,0
2026-08-17T01:25:58.9135619Z,0,0,549,230,0
2026-08-17T01:25:58.9182141Z,0,0,549,230,0
2026-08-17T01:25:58.9233091Z,0,0,549,230,0
2026-08-17T01:25:58.9285989Z,0,0,549,230,0
2026-08-17T01:25:58.9334188Z,0,0,549,230,0
2026-08-17T01:25:58.9379694Z,0,0,549,230,0
2026-08-17T01:25:58.9434983Z,0,0,549,230,0
2026-08-17T01:25:58.9483002Z,0,0,549,230,0
2026-08-17T01:25:58.9533611Z,0,0,549,230,0
2026-08-17T01:25:58.9583021Z,0,0,549,230,0
2026-08-17T01:25:58.9633552Z,0,0,549,230,0
2026-08-17T01:25:58.9686775Z,0,0,549,230,0
2026-08-17T01:25:58.9730055Z,0,0,549,230,0
2026-08-17T01:25:58.9788232Z,0,0,549,230,0
2026-08-17T01:25:58.9832435Z,0,0,549,230,0
2026-08-17T01:25:58.9880962Z,0,0,549,230,0
2026-08-17T01:25:58.9935426Z,0,0,549,230,0
2026-08-17T01:25:58.9981909Z,0,0,549,230,0
2026-08-17T01:25:59.0030718Z,0,0,549,230,0
2026-08-17T01:25:59.0088178Z,0,0,549,230,0
2026-08-17T01:25:59.013586Z,0,0,549,230,0
2026-08-17T01:25:59.0181468Z,0,0,549,230,0
2026-08-17T01:25:59.0232657Z,0,0,549,230,0
2026-08-17T01:25:59.0284539Z,0,0,549,230,0
2026-08-17T01:25:59.0333685Z,0,0,549,230,0
2026-08-17T01:25:59.0386076Z,0,0,549,230,0
2026-08-17T01:25:59.0433752Z,0,0,549,230,0
2026-08-17T01:25:59.0480694Z,0,0,549,230,0
2026-08-17T01:25:59.0530842Z,0,0,549,230,0
2026-08-17T01:25:59.0581169Z,0,0,549,230,0
2026-08-17T01:25:59.0632278Z,0,0,549,230,0
2026-08-17T01:25:59.0683705Z,0,0,549,230,0
2026-08-17T01:25:59.0732979Z,0,0,549,230,0
2026-08-17T01:25:59.0784682Z,0,0,549,230,0
2026-08-17T01:25:59.0835741Z,0,0,549,230,0
2026-08-17T01:25:59.0883586Z,0,0,549,230,0
2026-08-17T01:25:59.0931282Z,0,0,549,230,0
2026-08-17T01:25:59.0983993Z,0,0,549,230,0
2026-08-17T01:25:59.1032208Z,0,0,549,230,0
2026-08-17T01:25:59.1080513Z,0,0,549,230,0
2026-08-17T01:25:59.1133569Z,0,0,549,230,0
2026-08-17T01:25:59.1185714Z,0,0,549,230,0
2026-08-17T01:25:59.1229908Z,0,0,549,230,0
2026-08-17T01:25:59.1280483Z,0,0,549,230,0
2026-08-17T01:25:59.1334109Z,0,0,549,230,0
2026-08-17T01:25:59.1381557Z,0,0,549,230,0
2026-08-17T01:25:59.143135Z,0,0,549,230,0
2026-08-17T01:25:59.1483482Z,0,0,549,230,0
2026-08-17T01:25:59.1533232Z,0,0,549,230,0
2026-08-17T01:25:59.1584524Z,0,0,549,230,0
2026-08-17T01:25:59.1632813Z,0,0,549,230,0
2026-08-17T01:25:59.1679902Z,0,0,549,230,0
2026-08-17T01:25:59.1733144Z,0,0,549,230,0
2026-08-17T01:25:59.1781233Z,0,0,549,230,0
2026-08-17T01:25:59.1832711Z,0,0,549,230,0
2026-08-17T01:25:59.193142Z,0,0,549,230,0
2026-08-17T01:25:59.198127Z,0,0,549,230,0
2026-08-17T01:25:59.2039242Z,0,0,549,230,0
2026-08-17T01:25:59.2082327Z,0,0,549,230,0
2026-08-17T01:25:59.2131062Z,0,0,549,230,0
2026-08-17T01:25:59.2181311Z,0,0,549,230,0
2026-08-17T01:25:59.2239344Z,0,0,549,230,0
2026-08-17T01:25:59.2281944Z,0,0,549,230,0
2026-08-17T01:25:59.2332849Z,0,0,549,230,0
2026-08-17T01:25:59.2380841Z,0,0,549,230,0
2026-08-17T01:25:59.2430814Z,0,0,549,230,0
2026-08-17T01:25:59.2481347Z,0,0,549,230,0
2026-08-17T01:25:59.2533638Z,0,0,549,230,0
2026-08-17T01:25:59.2584814Z,0,0,549,230,0
2026-08-17T01:25:59.2630023Z,0,0,549,230,0
2026-08-17T01:25:59.268424Z,0,0,549,230,0
2026-08-17T01:25:59.2732334Z,0,0,549,230,0
2026-08-17T01:25:59.2784387Z,0,0,549,230,0
2026-08-17T01:25:59.283338Z,0,0,549,230,0
2026-08-17T01:25:59.2880446Z,0,0,549,230,0
2026-08-17T01:25:59.2935119Z,0,0,549,230,0
2026-08-17T01:25:59.2982495Z,0,0,549,230,0
2026-08-17T01:25:59.3032248Z,0,0,549,230,0
2026-08-17T01:25:59.3084301Z,0,0,549,230,0
2026-08-17T01:25:59.3132931Z,0,0,549,230,0
2026-08-17T01:25:59.3184602Z,0,0,549,230,0
2026-08-17T01:25:59.3232266Z,0,0,549,230,0
2026-08-17T01:25:59.3280235Z,0,0,549,230,0
2026-08-17T01:25:59.3331986Z,0,0,549,230,0
2026-08-17T01:25:59.3384172Z,0,0,549,230,0
2026-08-17T01:25:59.3431698Z,0,0,549,230,0
2026-08-17T01:25:59.3483941Z,0,0,549,230,0
2026-08-17T01:25:59.3531018Z,0,0,549,230,0
2026-08-17T01:25:59.3579845Z,0,0,549,230,0
2026-08-17T01:25:59.3633315Z,0,0,549,230,0
2026-08-17T01:25:59.368506Z,0,0,549,230,0
2026-08-17T01:25:59.3733412Z,0,0,549,230,0
2026-08-17T01:25:59.3780322Z,0,0,549,230,0
2026-08-17T01:25:59.3834781Z,0,0,549,230,0
2026-08-17T01:25:59.3883228Z,0,0,549,230,0
2026-08-17T01:25:59.3932831Z,0,0,549,230,0
2026-08-17T01:25:59.3985097Z,0,0,549,230,0
2026-08-17T01:25:59.4031363Z,0,0,549,230,0
2026-08-17T01:25:59.4082831Z,0,0,549,230,0
2026-08-17T01:25:59.4131981Z,0,0,549,230,0
2026-08-17T01:25:59.4183443Z,0,0,549,230,0
2026-08-17T01:25:59.4229647Z,0,0,549,230,0
2026-08-17T01:25:59.4282758Z,0,0,549,230,0
2026-08-17T01:25:59.4335944Z,0,0,549,230,0
2026-08-17T01:25:59.4382214Z,0,0,549,230,0
2026-08-17T01:25:59.443485Z,0,0,549,230,0
2026-08-17T01:25:59.4484544Z,0,0,549,230,0
2026-08-17T01:25:59.4532561Z,0,0,549,230,0
2026-08-17T01:25:59.45844Z,0,0,549,230,0
2026-08-17T01:25:59.463402Z,0,0,549,230,0
2026-08-17T01:25:59.4680009Z,0,0,549,230,0
2026-08-17T01:25:59.4733675Z,0,0,549,230,0
2026-08-17T01:25:59.4780297Z,0,0,549,230,0
2026-08-17T01:25:59.483354Z,0,0,549,230,0
2026-08-17T01:25:59.4882746Z,0,0,549,230,0
2026-08-17T01:25:59.4930369Z,0,0,549,230,0
2026-08-17T01:25:59.499216Z,0,0,549,230,0
2026-08-17T01:25:59.5032817Z,0,0,549,230,0
2026-08-17T01:25:59.5081161Z,0,0,549,230,0
2026-08-17T01:25:59.5131258Z,0,0,549,230,0
2026-08-17T01:25:59.5182871Z,0,0,549,230,0
2026-08-17T01:25:59.5232456Z,0,0,549,230,0
2026-08-17T01:25:59.5284999Z,0,0,549,230,0
2026-08-17T01:25:59.5332661Z,0,0,549,230,0
2026-08-17T01:25:59.5384792Z,0,0,549,230,0
2026-08-17T01:25:59.5433734Z,0,0,549,230,0
2026-08-17T01:25:59.548129Z,0,0,549,230,0
2026-08-17T01:25:59.5532084Z,0,0,549,230,0
2026-08-17T01:25:59.5583984Z,0,0,549,230,0
2026-08-17T01:25:59.5633811Z,0,0,549,230,0
2026-08-17T01:25:59.5682243Z,0,0,549,230,0
2026-08-17T01:25:59.5730059Z,0,0,549,230,0
2026-08-17T01:25:59.5780919Z,0,0,549,230,0
2026-08-17T01:25:59.5829811Z,0,0,549,230,0
2026-08-17T01:25:59.5880692Z,0,0,549,230,0
2026-08-17T01:25:59.5935572Z,0,0,549,230,0
2026-08-17T01:25:59.5983379Z,0,0,549,230,0
2026-08-17T01:25:59.6033677Z,0,0,549,230,0
2026-08-17T01:25:59.6081469Z,0,0,549,230,0
2026-08-17T01:25:59.6131114Z,0,0,549,230,0
2026-08-17T01:25:59.6183474Z,0,0,549,230,0
2026-08-17T01:25:59.6232086Z,0,0,549,230,0
2026-08-17T01:25:59.6287223Z,0,0,549,230,0
2026-08-17T01:25:59.6332545Z,0,0,549,230,0
2026-08-17T01:25:59.637992Z,0,0,549,230,0
2026-08-17T01:25:59.6437511Z,0,0,549,230,0
2026-08-17T01:25:59.6479954Z,0,0,549,230,0
2026-08-17T01:25:59.6532354Z,0,0,549,230,0
2026-08-17T01:25:59.6583889Z,0,0,549,230,0
2026-08-17T01:25:59.6632981Z,0,0,549,230,0
2026-08-17T01:25:59.668432Z,0,0,549,230,0
2026-08-17T01:25:59.673207Z,0,0,549,230,0
2026-08-17T01:25:59.6784296Z,0,0,549,230,0
2026-08-17T01:25:59.6834111Z,0,0,549,230,0
2026-08-17T01:25:59.6881905Z,0,0,549,230,0
2026-08-17T01:25:59.6931759Z,0,0,549,230,0
2026-08-17T01:25:59.6988671Z,0,0,549,230,0
2026-08-17T01:25:59.7032893Z,0,0,549,230,0
2026-08-17T01:25:59.7081536Z,0,0,549,230,0
2026-08-17T01:25:59.7138351Z,0,0,549,230,0
2026-08-17T01:25:59.7180266Z,0,0,549,230,0
2026-08-17T01:25:59.7232965Z,0,0,549,230,0
2026-08-17T01:25:59.7280955Z,0,0,549,230,0
2026-08-17T01:25:59.7329598Z,0,0,549,230,0
2026-08-17T01:25:59.7385269Z,0,0,549,230,0
2026-08-17T01:25:59.7438338Z,0,0,549,230,0
2026-08-17T01:25:59.7480926Z,0,0,549,230,0
2026-08-17T01:25:59.7531974Z,0,0,549,230,0
2026-08-17T01:25:59.758371Z,0,0,549,230,0
2026-08-17T01:25:59.7632621Z,0,0,549,230,0
2026-08-17T01:25:59.7681258Z,0,0,549,230,0
2026-08-17T01:25:59.7731652Z,0,0,549,230,0
2026-08-17T01:25:59.7782079Z,0,0,549,230,0
2026-08-17T01:25:59.783466Z,0,0,549,230,0
2026-08-17T01:25:59.7881874Z,0,0,549,230,0
2026-08-17T01:25:59.7933955Z,0,0,549,230,0
2026-08-17T01:25:59.7983361Z,0,0,549,230,0
2026-08-17T01:25:59.803448Z,0,0,549,230,0
2026-08-17T01:25:59.8084189Z,0,0,549,230,0
2026-08-17T01:25:59.8131454Z,0,0,549,230,0
2026-08-17T01:25:59.818176Z,0,0,549,230,0
2026-08-17T01:25:59.823233Z,0,0,549,230,0
2026-08-17T01:25:59.8280405Z,0,0,549,230,0
2026-08-17T01:25:59.8330514Z,0,0,549,230,0
2026-08-17T01:25:59.8380794Z,0,0,549,230,0
2026-08-17T01:25:59.843061Z,0,0,549,230,0
2026-08-17T01:25:59.8480816Z,0,0,549,230,0
2026-08-17T01:25:59.8529829Z,0,0,549,230,0
2026-08-17T01:25:59.858087Z,0,0,549,230,0
2026-08-17T01:25:59.8634165Z,0,0,549,230,0
2026-08-17T01:25:59.8680972Z,0,0,549,230,0
2026-08-17T01:25:59.8734486Z,0,0,549,230,0
2026-08-17T01:25:59.8782459Z,0,0,549,230,0
2026-08-17T01:25:59.8831369Z,0,0,549,230,0
2026-08-17T01:25:59.8884418Z,0,0,549,230,0
2026-08-17T01:25:59.8933678Z,0,0,549,230,0
2026-08-17T01:25:59.8981787Z,0,0,549,230,0
2026-08-17T01:25:59.9033897Z,0,0,549,230,0
2026-08-17T01:25:59.9080371Z,0,0,549,230,0
2026-08-17T01:25:59.9133324Z,0,0,549,230,0
2026-08-17T01:25:59.9184694Z,0,0,549,230,0
2026-08-17T01:25:59.9234011Z,0,0,549,230,0
2026-08-17T01:25:59.9282482Z,0,0,549,230,0
2026-08-17T01:25:59.9331511Z,0,0,549,230,0
2026-08-17T01:25:59.9381342Z,0,0,549,230,0
2026-08-17T01:25:59.9431735Z,0,0,549,230,0
2026-08-17T01:25:59.9484781Z,0,0,549,230,0
2026-08-17T01:25:59.9531167Z,0,0,549,230,0
2026-08-17T01:25:59.9582089Z,0,0,549,230,0
2026-08-17T01:25:59.9631382Z,0,0,549,230,0
2026-08-17T01:25:59.9684458Z,0,0,549,230,0
2026-08-17T01:25:59.9732853Z,0,0,549,230,0
2026-08-17T01:25:59.978089Z,0,0,549,230,0
2026-08-17T01:25:59.983214Z,0,0,549,230,0
2026-08-17T01:25:59.9884689Z,0,0,549,230,0
2026-08-17T01:25:59.9933815Z,0,0,549,230,0
2026-08-17T01:25:59.9980374Z,0,0,549,230,0
2026-08-17T01:26:00.0030185Z,0,0,549,230,0
2026-08-17T01:26:00.0081168Z,0,0,549,230,0
2026-08-17T01:26:00.0131029Z,0,0,549,230,0
2026-08-17T01:26:00.0180031Z,0,0,549,230,0
2026-08-17T01:26:00.0233969Z,0,0,549,230,0
2026-08-17T01:26:00.028193Z,0,0,549,230,0
2026-08-17T01:26:00.0332251Z,0,0,549,230,0
2026-08-17T01:26:00.0381918Z,0,0,549,230,0
2026-08-17T01:26:00.0432469Z,0,0,549,230,0
2026-08-17T01:26:00.0479828Z,0,0,549,230,0
2026-08-17T01:26:00.0530141Z,0,0,549,230,0
2026-08-17T01:26:00.0584411Z,0,0,549,230,0
2026-08-17T01:26:00.0636128Z,0,0,549,230,0
2026-08-17T01:26:00.0683358Z,0,0,549,230,0
2026-08-17T01:26:00.0731714Z,0,0,549,230,0
2026-08-17T01:26:00.0781027Z,0,0,549,230,0
2026-08-17T01:26:00.0830982Z,0,0,549,230,0
2026-08-17T01:26:00.0883604Z,0,0,549,230,0
2026-08-17T01:26:00.0931486Z,0,0,549,230,0
2026-08-17T01:26:00.0980402Z,0,0,549,230,0
2026-08-17T01:26:00.1031426Z,0,0,549,230,0
2026-08-17T01:26:00.1083456Z,0,0,549,230,0
2026-08-17T01:26:00.1130305Z,0,0,549,230,0
2026-08-17T01:26:00.1185096Z,0,0,549,230,0
2026-08-17T01:26:00.12334Z,0,0,549,230,0
2026-08-17T01:26:00.12806Z,0,0,549,230,0
2026-08-17T01:26:00.1329709Z,0,0,549,230,0
2026-08-17T01:26:00.1385164Z,0,0,549,230,0
2026-08-17T01:26:00.1432669Z,0,0,549,230,0
2026-08-17T01:26:00.1482828Z,0,0,549,230,0
2026-08-17T01:26:00.1533304Z,0,0,549,230,0
2026-08-17T01:26:00.1582868Z,0,0,549,230,0
2026-08-17T01:26:00.1633353Z,0,0,549,230,0
2026-08-17T01:26:00.168047Z,0,0,549,230,0
2026-08-17T01:26:00.1735181Z,0,0,549,230,0
2026-08-17T01:26:00.1782289Z,0,0,549,230,0
2026-08-17T01:26:00.1833712Z,0,0,549,230,0
2026-08-17T01:26:00.1881398Z,0,0,549,230,0
2026-08-17T01:26:00.1930402Z,0,0,549,230,0
2026-08-17T01:26:00.1982597Z,0,0,549,230,0
2026-08-17T01:26:00.2034531Z,0,0,549,230,0
2026-08-17T01:26:00.2082788Z,0,0,549,230,0
2026-08-17T01:26:00.2132825Z,0,0,549,230,0
2026-08-17T01:26:00.2182473Z,0,0,549,230,0
2026-08-17T01:26:00.224027Z,0,0,549,230,0
2026-08-17T01:26:00.2283124Z,0,0,549,230,0
2026-08-17T01:26:00.233416Z,0,0,549,230,0
2026-08-17T01:26:00.2382389Z,0,0,549,230,0
2026-08-17T01:26:00.2440841Z,0,0,549,230,0
2026-08-17T01:26:00.2482891Z,0,0,549,230,0
2026-08-17T01:26:00.2533855Z,0,0,549,230,0
2026-08-17T01:26:00.2581151Z,0,0,549,230,0
2026-08-17T01:26:00.263336Z,0,0,549,230,0
2026-08-17T01:26:00.2680746Z,0,0,549,230,0
2026-08-17T01:26:00.2735213Z,0,0,549,230,0
2026-08-17T01:26:00.2782774Z,0,0,549,230,0
2026-08-17T01:26:00.2834573Z,0,0,549,230,0
2026-08-17T01:26:00.2883464Z,0,0,549,230,0
2026-08-17T01:26:00.2934187Z,0,0,549,230,0
2026-08-17T01:26:00.2980907Z,0,0,549,230,0
2026-08-17T01:26:00.3031133Z,0,0,549,230,0
2026-08-17T01:26:00.3083863Z,0,0,549,230,0
2026-08-17T01:26:00.3132834Z,0,0,549,230,0
2026-08-17T01:26:00.318108Z,0,0,549,230,0
2026-08-17T01:26:00.3231484Z,0,0,549,230,0
2026-08-17T01:26:00.328164Z,0,0,549,230,0
2026-08-17T01:26:00.3330942Z,0,0,549,230,0
2026-08-17T01:26:00.3383511Z,0,0,549,230,0
2026-08-17T01:26:00.3433193Z,0,0,549,230,0
2026-08-17T01:26:00.3482479Z,0,0,549,230,0
2026-08-17T01:26:00.3532206Z,0,0,549,230,0
2026-08-17T01:26:00.3582Z,0,0,549,230,0
2026-08-17T01:26:00.3632194Z,0,0,549,230,0
2026-08-17T01:26:00.3680665Z,0,0,549,230,0
2026-08-17T01:26:00.3734469Z,0,0,549,230,0
2026-08-17T01:26:00.3782656Z,0,0,549,230,0
2026-08-17T01:26:00.3834201Z,0,0,549,230,0
2026-08-17T01:26:00.3885552Z,0,0,549,230,0
2026-08-17T01:26:00.3933949Z,0,0,549,230,0
2026-08-17T01:26:00.3980871Z,0,0,549,230,0
2026-08-17T01:26:00.4030951Z,0,0,549,230,0
2026-08-17T01:26:00.4084483Z,0,0,549,230,0
2026-08-17T01:26:00.4130759Z,0,0,549,230,0
2026-08-17T01:26:00.418231Z,0,0,549,230,0
2026-08-17T01:26:00.4231989Z,0,0,549,230,0
2026-08-17T01:26:00.428408Z,0,0,549,230,0
2026-08-17T01:26:00.4330461Z,0,0,549,230,0
2026-08-17T01:26:00.4382793Z,0,0,549,230,0
2026-08-17T01:26:00.4432901Z,0,0,549,230,0
2026-08-17T01:26:00.4479891Z,0,0,549,230,0
2026-08-17T01:26:00.4534044Z,0,0,549,230,0
2026-08-17T01:26:00.4582679Z,0,0,549,230,0
2026-08-17T01:26:00.4630663Z,0,0,549,230,0
2026-08-17T01:26:00.4682776Z,0,0,549,230,0
2026-08-17T01:26:00.4734511Z,0,0,549,230,0
2026-08-17T01:26:00.4783591Z,0,0,549,230,0
2026-08-17T01:26:00.4834306Z,0,0,549,230,0
2026-08-17T01:26:00.4883666Z,0,0,549,230,0
2026-08-17T01:26:00.4932718Z,0,0,549,230,0
2026-08-17T01:26:00.4982346Z,0,0,549,230,0
2026-08-17T01:26:00.5030915Z,0,0,549,230,0
2026-08-17T01:26:00.507994Z,0,0,549,230,0
2026-08-17T01:26:00.5133827Z,0,0,549,230,0
2026-08-17T01:26:00.5182621Z,0,0,549,230,0
2026-08-17T01:26:00.5231363Z,0,0,549,230,0
2026-08-17T01:26:00.5283941Z,0,0,549,230,0
2026-08-17T01:26:00.5330121Z,0,0,549,230,0
2026-08-17T01:26:00.538448Z,0,0,549,230,0
2026-08-17T01:26:00.5433909Z,0,0,549,230,0
2026-08-17T01:26:00.5483573Z,0,0,549,230,0
2026-08-17T01:26:00.5532866Z,0,0,549,230,0
2026-08-17T01:26:00.5585386Z,0,0,549,230,0
2026-08-17T01:26:00.5634801Z,0,0,549,230,0
2026-08-17T01:26:00.5681827Z,0,0,549,230,0
2026-08-17T01:26:00.5732641Z,0,0,549,230,0
2026-08-17T01:26:00.5780824Z,0,0,549,230,0
2026-08-17T01:26:00.5834213Z,0,0,549,230,0
2026-08-17T01:26:00.588144Z,0,0,549,230,0
2026-08-17T01:26:00.5933328Z,0,0,549,230,0
2026-08-17T01:26:00.5984841Z,0,0,549,230,0
2026-08-17T01:26:00.6033948Z,0,0,549,230,0
2026-08-17T01:26:00.6082158Z,0,0,549,230,0
2026-08-17T01:26:00.6134815Z,0,0,549,230,0
2026-08-17T01:26:00.6182282Z,0,0,549,230,0
2026-08-17T01:26:00.6231257Z,0,0,549,230,0
2026-08-17T01:26:00.6285296Z,0,0,549,230,0
2026-08-17T01:26:00.6333124Z,0,0,549,230,0
2026-08-17T01:26:00.6382759Z,0,0,549,230,0
2026-08-17T01:26:00.6432905Z,0,0,549,230,0
2026-08-17T01:26:00.6481512Z,0,0,549,230,0
2026-08-17T01:26:00.6531468Z,0,0,549,230,0
2026-08-17T01:26:00.6584158Z,0,0,549,230,0
2026-08-17T01:26:00.6630545Z,0,0,549,230,0
2026-08-17T01:26:00.6684651Z,0,0,549,230,0
2026-08-17T01:26:00.6732455Z,0,0,549,230,0
2026-08-17T01:26:00.6784163Z,0,0,549,230,0
2026-08-17T01:26:00.6830128Z,0,0,549,230,0
2026-08-17T01:26:00.6881079Z,0,0,549,230,0
2026-08-17T01:26:00.6932626Z,0,0,549,230,0
2026-08-17T01:26:00.6979534Z,0,0,549,230,0
2026-08-17T01:26:00.7033932Z,0,0,549,230,0
2026-08-17T01:26:00.7082614Z,0,0,549,230,0
2026-08-17T01:26:00.7129821Z,0,0,549,230,0
2026-08-17T01:26:00.7182884Z,0,0,549,230,0
2026-08-17T01:26:00.7233112Z,0,0,549,230,0
2026-08-17T01:26:00.7282197Z,0,0,549,230,0
2026-08-17T01:26:00.7330281Z,0,0,549,230,0
2026-08-17T01:26:00.7382052Z,0,0,549,230,0
2026-08-17T01:26:00.7432339Z,0,0,549,230,0
2026-08-17T01:26:00.7484627Z,0,0,549,230,0
2026-08-17T01:26:00.7530495Z,0,0,549,230,0
2026-08-17T01:26:00.7580062Z,0,0,549,230,0
2026-08-17T01:26:00.763313Z,0,0,549,230,0
2026-08-17T01:26:00.7684654Z,0,0,549,230,0
2026-08-17T01:26:00.77344Z,0,0,549,230,0
2026-08-17T01:26:00.7781079Z,0,0,549,230,0
2026-08-17T01:26:00.7830358Z,0,0,549,230,0
2026-08-17T01:26:00.7884477Z,0,0,549,230,0
2026-08-17T01:26:00.7932809Z,0,0,549,230,0
2026-08-17T01:26:00.7984463Z,0,0,549,230,0
2026-08-17T01:26:00.8033369Z,0,0,549,230,0
2026-08-17T01:26:00.8081111Z,0,0,549,230,0
2026-08-17T01:26:00.8129601Z,0,0,549,230,0
2026-08-17T01:26:00.8181337Z,0,0,549,230,0
2026-08-17T01:26:00.8231665Z,0,0,549,230,0
2026-08-17T01:26:00.8284807Z,0,0,549,230,0
2026-08-17T01:26:00.8333814Z,0,0,549,230,0
2026-08-17T01:26:00.8383671Z,0,0,549,230,0
2026-08-17T01:26:00.8431951Z,0,0,549,230,0
2026-08-17T01:26:00.8484624Z,0,0,549,230,0
2026-08-17T01:26:00.8534664Z,0,0,549,230,0
2026-08-17T01:26:00.8582753Z,0,0,549,230,0
2026-08-17T01:26:00.8629907Z,0,0,549,230,0
2026-08-17T01:26:00.8680522Z,0,0,549,230,0
2026-08-17T01:26:00.8735016Z,0,0,549,230,0
2026-08-17T01:26:00.8782088Z,0,0,549,230,0
2026-08-17T01:26:00.8831894Z,0,0,549,230,0
2026-08-17T01:26:00.8883137Z,0,0,549,230,0
2026-08-17T01:26:00.8934444Z,0,0,549,230,0
2026-08-17T01:26:00.8982096Z,0,0,549,230,0
2026-08-17T01:26:00.9031816Z,0,0,549,230,0
2026-08-17T01:26:00.9080236Z,0,0,549,230,0
2026-08-17T01:26:00.9133673Z,0,0,549,230,0
2026-08-17T01:26:00.9180357Z,0,0,549,230,0
2026-08-17T01:26:00.9230575Z,0,0,549,230,0
2026-08-17T01:26:00.9283763Z,0,0,549,230,0
2026-08-17T01:26:00.933383Z,0,0,549,230,0
2026-08-17T01:26:00.9384145Z,0,0,549,230,0
2026-08-17T01:26:00.9433256Z,0,0,549,230,0
2026-08-17T01:26:00.9480089Z,0,0,549,230,0
2026-08-17T01:26:00.9534565Z,0,0,549,230,0
2026-08-17T01:26:00.9581362Z,0,0,549,230,0
2026-08-17T01:26:00.9630992Z,0,0,549,230,0
2026-08-17T01:26:00.9679751Z,0,0,549,230,0
2026-08-17T01:26:00.973259Z,0,0,549,230,0
2026-08-17T01:26:00.9784241Z,0,0,549,230,0
2026-08-17T01:26:00.9834008Z,0,0,549,230,0
2026-08-17T01:26:00.9882683Z,0,0,549,230,0
2026-08-17T01:26:00.9932396Z,0,0,549,230,0
2026-08-17T01:26:00.9983982Z,0,0,549,230,0
2026-08-17T01:26:01.0034Z,0,0,549,230,0
2026-08-17T01:26:01.0085697Z,0,0,549,230,0
2026-08-17T01:26:01.0129473Z,0,0,549,230,0
2026-08-17T01:26:01.0181082Z,0,0,549,230,0
2026-08-17T01:26:01.0233497Z,0,0,549,230,0
2026-08-17T01:26:01.0282249Z,0,0,549,230,0
2026-08-17T01:26:01.0331016Z,0,0,549,230,0
2026-08-17T01:26:01.0379959Z,0,0,549,230,0
2026-08-17T01:26:01.043326Z,0,0,549,230,0
2026-08-17T01:26:01.0480633Z,0,0,549,230,0
2026-08-17T01:26:01.0530537Z,0,0,549,230,0
2026-08-17T01:26:01.0581078Z,0,0,549,230,0
2026-08-17T01:26:01.0631223Z,0,0,549,230,0
2026-08-17T01:26:01.0679831Z,0,0,549,230,0
2026-08-17T01:26:01.0731883Z,0,0,549,230,0
2026-08-17T01:26:01.0782299Z,0,0,549,230,0
2026-08-17T01:26:01.0831152Z,0,0,549,230,0
2026-08-17T01:26:01.0883782Z,0,0,549,230,0
2026-08-17T01:26:01.0932669Z,0,0,549,230,0
2026-08-17T01:26:01.0979568Z,0,0,549,230,0
2026-08-17T01:26:01.1030523Z,0,0,549,230,0
2026-08-17T01:26:01.1084376Z,0,0,549,230,0
2026-08-17T01:26:01.1129745Z,0,0,549,230,0
2026-08-17T01:26:01.1183968Z,0,0,549,230,0
2026-08-17T01:26:01.1230568Z,0,0,549,230,0
2026-08-17T01:26:01.1294975Z,0,0,549,230,0
2026-08-17T01:26:01.1334451Z,0,0,549,230,0
2026-08-17T01:26:01.13816Z,0,0,549,230,0
2026-08-17T01:26:01.1430574Z,0,0,549,230,0
2026-08-17T01:26:01.1482734Z,0,0,549,230,0
2026-08-17T01:26:01.152995Z,0,0,549,230,0
2026-08-17T01:26:01.1580538Z,0,0,549,230,0
2026-08-17T01:26:01.1635455Z,0,0,549,230,0
2026-08-17T01:26:01.1682649Z,0,0,549,230,0
2026-08-17T01:26:01.1732452Z,0,0,549,230,0
2026-08-17T01:26:01.1784812Z,0,0,549,230,0
2026-08-17T01:26:01.1832808Z,0,0,549,230,0
2026-08-17T01:26:01.188356Z,0,0,549,230,0
2026-08-17T01:26:01.1933928Z,0,0,549,230,0
2026-08-17T01:26:01.1980336Z,0,0,549,230,0
2026-08-17T01:26:01.2031072Z,0,0,549,230,0
2026-08-17T01:26:01.207912Z,0,0,549,230,0
2026-08-17T01:26:01.2133671Z,0,0,549,230,0
2026-08-17T01:26:01.218206Z,0,0,549,230,0
2026-08-17T01:26:01.2232612Z,0,0,549,230,0
2026-08-17T01:26:01.2284747Z,0,0,549,230,0
2026-08-17T01:26:01.2334539Z,0,0,549,230,0
2026-08-17T01:26:01.2383273Z,0,0,549,230,0
2026-08-17T01:26:01.2433328Z,0,0,549,230,0
2026-08-17T01:26:01.247945Z,0,0,549,230,0
2026-08-17T01:26:01.2529994Z,0,0,549,230,0
2026-08-17T01:26:01.2581276Z,0,0,549,230,0
2026-08-17T01:26:01.2631709Z,0,0,549,230,0
2026-08-17T01:26:01.2681139Z,0,0,549,230,0
2026-08-17T01:26:01.2731454Z,0,0,549,230,0
2026-08-17T01:26:01.2784314Z,0,0,549,230,0
2026-08-17T01:26:01.2830055Z,0,0,549,230,0
2026-08-17T01:26:01.288164Z,0,0,549,230,0
2026-08-17T01:26:01.2932188Z,0,0,549,230,0
2026-08-17T01:26:01.2983835Z,0,0,549,230,0
2026-08-17T01:26:01.3033513Z,0,0,549,230,0
2026-08-17T01:26:01.3080102Z,0,0,549,230,0
2026-08-17T01:26:01.3131262Z,0,0,549,230,0
2026-08-17T01:26:01.3183823Z,0,0,549,230,0
2026-08-17T01:26:01.3229981Z,0,0,549,230,0
2026-08-17T01:26:01.3284806Z,0,0,549,230,0
2026-08-17T01:26:01.3330185Z,0,0,549,230,0
2026-08-17T01:26:01.3381004Z,0,0,549,230,0
2026-08-17T01:26:01.3430019Z,0,0,549,230,0
2026-08-17T01:26:01.3481785Z,0,0,549,230,0
2026-08-17T01:26:01.3531642Z,0,0,549,230,0
2026-08-17T01:26:01.3579759Z,0,0,549,230,0
2026-08-17T01:26:01.3632615Z,0,0,549,230,0
2026-08-17T01:26:01.3684531Z,0,0,549,230,0
2026-08-17T01:26:01.3733165Z,0,0,549,230,0
2026-08-17T01:26:01.3785236Z,0,0,549,230,0
2026-08-17T01:26:01.3833166Z,0,0,549,230,0
2026-08-17T01:26:01.3882564Z,0,0,549,230,0
2026-08-17T01:26:01.3934687Z,0,0,549,230,0
2026-08-17T01:26:01.3981401Z,0,0,549,230,0
2026-08-17T01:26:01.4031896Z,0,0,549,230,0
2026-08-17T01:26:01.4084331Z,0,0,549,230,0
2026-08-17T01:26:01.4130349Z,0,0,549,230,0
2026-08-17T01:26:01.4180588Z,0,0,549,230,0
2026-08-17T01:26:01.4229847Z,0,0,549,230,0
2026-08-17T01:26:01.4281822Z,0,0,549,230,0
2026-08-17T01:26:01.4333725Z,0,0,549,230,0
2026-08-17T01:26:01.4381255Z,0,0,549,230,0
2026-08-17T01:26:01.4433127Z,0,0,549,230,0
2026-08-17T01:26:01.4483433Z,0,0,549,230,0
2026-08-17T01:26:01.453426Z,0,0,549,230,0
2026-08-17T01:26:01.4580976Z,0,0,549,230,0
2026-08-17T01:26:01.4630466Z,0,0,549,230,0
2026-08-17T01:26:01.468139Z,0,0,549,230,0
2026-08-17T01:26:01.4729914Z,0,0,549,230,0
2026-08-17T01:26:01.4780948Z,0,0,549,230,0
2026-08-17T01:26:01.4829889Z,0,0,549,230,0
2026-08-17T01:26:01.4882554Z,0,0,549,230,0
2026-08-17T01:26:01.4934398Z,0,0,549,230,0
2026-08-17T01:26:01.4980634Z,0,0,549,230,0
2026-08-17T01:26:01.5031406Z,0,0,549,230,0
2026-08-17T01:26:01.5079842Z,0,0,549,230,0
2026-08-17T01:26:01.5132386Z,0,0,549,230,0
2026-08-17T01:26:01.5184327Z,0,0,549,230,0
2026-08-17T01:26:01.5231553Z,0,0,549,230,0
2026-08-17T01:26:01.528044Z,0,0,549,230,0
2026-08-17T01:26:01.5332867Z,0,0,549,230,0
2026-08-17T01:26:01.5380291Z,0,0,549,230,0
2026-08-17T01:26:01.5434336Z,0,0,549,230,0
2026-08-17T01:26:01.5483391Z,0,0,549,230,0
2026-08-17T01:26:01.5530553Z,0,0,549,230,0
2026-08-17T01:26:01.558004Z,0,0,549,230,0
2026-08-17T01:26:01.5633137Z,0,0,549,230,0
2026-08-17T01:26:01.5681031Z,0,0,549,230,0
2026-08-17T01:26:01.573162Z,0,0,549,230,0
2026-08-17T01:26:01.5786242Z,0,0,549,230,0
2026-08-17T01:26:01.5830589Z,0,0,549,230,0
2026-08-17T01:26:01.5881689Z,0,0,549,230,0
2026-08-17T01:26:01.5932184Z,0,0,549,230,0
2026-08-17T01:26:01.598416Z,0,0,549,230,0
2026-08-17T01:26:01.6033441Z,0,0,549,230,0
2026-08-17T01:26:01.6085367Z,0,0,549,230,0
2026-08-17T01:26:01.6137346Z,0,0,549,230,0
2026-08-17T01:26:01.6184195Z,0,0,549,230,0
2026-08-17T01:26:01.6232944Z,0,0,549,230,0
2026-08-17T01:26:01.628216Z,0,0,549,230,0
2026-08-17T01:26:01.6329913Z,0,0,549,230,0
2026-08-17T01:26:01.6380236Z,0,0,549,230,0
2026-08-17T01:26:01.6433952Z,0,0,549,230,0
2026-08-17T01:26:01.6480685Z,0,0,549,230,0
2026-08-17T01:26:01.6530143Z,0,0,549,230,0
2026-08-17T01:26:01.6581039Z,0,0,549,230,0
2026-08-17T01:26:01.6634023Z,0,0,549,230,0
2026-08-17T01:26:01.6683533Z,0,0,549,230,0
2026-08-17T01:26:01.6733132Z,0,0,549,230,0
2026-08-17T01:26:01.6783717Z,0,0,549,230,0
2026-08-17T01:26:01.6832702Z,0,0,549,230,0
2026-08-17T01:26:01.6880263Z,0,0,549,230,0
2026-08-17T01:26:01.6933604Z,0,0,549,230,0
2026-08-17T01:26:01.6983521Z,0,0,549,230,0
2026-08-17T01:26:01.7035493Z,0,0,549,230,0
2026-08-17T01:26:01.7083851Z,0,0,549,230,0
2026-08-17T01:26:01.7134498Z,0,0,549,230,0
2026-08-17T01:26:01.7184571Z,0,0,549,230,0
2026-08-17T01:26:01.7232721Z,0,0,549,230,0
2026-08-17T01:26:01.7280209Z,0,0,549,230,0
2026-08-17T01:26:01.7333389Z,0,0,549,230,0
2026-08-17T01:26:01.7382251Z,0,0,549,230,0
2026-08-17T01:26:01.7435258Z,0,0,549,230,0
2026-08-17T01:26:01.7481703Z,0,0,549,230,0
2026-08-17T01:26:01.7535368Z,0,0,549,230,0
2026-08-17T01:26:01.758402Z,0,0,549,230,0
2026-08-17T01:26:01.763377Z,0,0,549,230,0
2026-08-17T01:26:01.767989Z,0,0,549,230,0
2026-08-17T01:26:01.7732063Z,0,0,549,230,0
2026-08-17T01:26:01.7784023Z,0,0,549,230,0
2026-08-17T01:26:01.7834173Z,0,0,549,230,0
2026-08-17T01:26:01.7884197Z,0,0,549,230,0
2026-08-17T01:26:01.7934593Z,0,0,549,230,0
2026-08-17T01:26:01.7982284Z,0,0,549,230,0
2026-08-17T01:26:01.8033358Z,0,0,549,230,0
2026-08-17T01:26:01.8085556Z,0,0,549,230,0
2026-08-17T01:26:01.8134172Z,0,0,549,230,0
2026-08-17T01:26:01.8182459Z,0,0,549,230,0
2026-08-17T01:26:01.8234153Z,0,0,549,230,0
2026-08-17T01:26:01.8280746Z,0,0,549,230,0
2026-08-17T01:26:01.8333625Z,0,0,549,230,0
2026-08-17T01:26:01.8381881Z,0,0,549,230,0
2026-08-17T01:26:01.8433696Z,0,0,549,230,0
2026-08-17T01:26:01.8480282Z,0,0,549,230,0
2026-08-17T01:26:01.8533522Z,0,0,549,230,0
2026-08-17T01:26:01.8581417Z,0,0,549,230,0
2026-08-17T01:26:01.8633516Z,0,0,549,230,0
2026-08-17T01:26:01.8680918Z,0,0,549,230,0
2026-08-17T01:26:01.8733682Z,0,0,549,230,0
2026-08-17T01:26:01.8780883Z,0,0,549,230,0
2026-08-17T01:26:01.8830958Z,0,0,549,230,0
2026-08-17T01:26:01.8879835Z,0,0,549,230,0
2026-08-17T01:26:01.8934523Z,0,0,549,230,0
2026-08-17T01:26:01.8982126Z,0,0,549,230,0
2026-08-17T01:26:01.9033623Z,0,0,549,230,0
2026-08-17T01:26:01.9083844Z,0,0,549,230,0
2026-08-17T01:26:01.9131035Z,0,0,549,230,0
2026-08-17T01:26:01.9216954Z,0,0,549,230,0
2026-08-17T01:26:01.9232859Z,0,0,549,230,0
2026-08-17T01:26:01.9281082Z,0,0,549,230,0
2026-08-17T01:26:01.9330684Z,0,0,549,230,0
2026-08-17T01:26:01.9380021Z,0,0,549,230,0
2026-08-17T01:26:01.9433878Z,0,0,549,230,0
2026-08-17T01:26:01.9482045Z,0,0,549,230,0
2026-08-17T01:26:01.9532151Z,0,0,549,230,0
2026-08-17T01:26:01.9580827Z,0,0,549,230,0
2026-08-17T01:26:01.963261Z,0,0,549,230,0
2026-08-17T01:26:01.9680052Z,0,0,549,230,0
2026-08-17T01:26:01.9732399Z,0,0,549,230,0
2026-08-17T01:26:01.9784382Z,0,0,549,230,0
2026-08-17T01:26:01.9834293Z,0,0,549,230,0
2026-08-17T01:26:01.9882665Z,0,0,549,230,0
2026-08-17T01:26:01.9935221Z,0,0,549,230,0
2026-08-17T01:26:01.9982288Z,0,0,549,230,0
2026-08-17T01:26:02.003209Z,0,0,549,230,0
2026-08-17T01:26:02.0083542Z,0,0,549,230,0
2026-08-17T01:26:02.0132002Z,0,0,549,230,0
2026-08-17T01:26:02.0183912Z,0,0,549,230,0
2026-08-17T01:26:02.0231739Z,0,0,549,230,0
2026-08-17T01:26:02.0279746Z,0,0,549,230,0
2026-08-17T01:26:02.0333814Z,0,0,549,230,0
2026-08-17T01:26:02.0381614Z,0,0,549,230,0
2026-08-17T01:26:02.0430888Z,0,0,549,230,0
2026-08-17T01:26:02.0482933Z,0,0,549,230,0
2026-08-17T01:26:02.0533581Z,0,0,549,230,0
2026-08-17T01:26:02.0580014Z,0,0,549,230,0
2026-08-17T01:26:02.0630684Z,0,0,549,230,0
2026-08-17T01:26:02.0683462Z,0,0,549,230,0
2026-08-17T01:26:02.0733884Z,0,0,549,230,0
2026-08-17T01:26:02.0781577Z,0,0,549,230,0
2026-08-17T01:26:02.0830589Z,0,0,549,230,0
2026-08-17T01:26:02.088071Z,0,0,549,230,0
2026-08-17T01:26:02.093018Z,0,0,549,230,0
2026-08-17T01:26:02.0983531Z,0,0,549,230,0
2026-08-17T01:26:02.1034037Z,0,0,549,230,0
2026-08-17T01:26:02.1081236Z,0,0,549,230,0
2026-08-17T01:26:02.1130217Z,0,0,549,230,0
2026-08-17T01:26:02.1183623Z,0,0,549,230,0
2026-08-17T01:26:02.1233915Z,0,0,549,230,0
2026-08-17T01:26:02.128038Z,0,0,549,230,0
2026-08-17T01:26:02.1332909Z,0,0,549,230,0
2026-08-17T01:26:02.1379428Z,0,0,549,230,0
2026-08-17T01:26:02.1432511Z,0,0,549,230,0
2026-08-17T01:26:02.1484164Z,0,0,549,230,0
2026-08-17T01:26:02.1530312Z,0,0,549,230,0
2026-08-17T01:26:02.1583275Z,0,0,549,230,0
2026-08-17T01:26:02.1634337Z,0,0,549,230,0
2026-08-17T01:26:02.1683388Z,0,0,549,230,0
2026-08-17T01:26:02.1731853Z,0,0,549,230,0
2026-08-17T01:26:02.1782673Z,0,0,549,230,0
2026-08-17T01:26:02.1833333Z,0,0,549,230,0
2026-08-17T01:26:02.1882326Z,0,0,549,230,0
2026-08-17T01:26:02.193026Z,0,0,549,230,0
2026-08-17T01:26:02.1981942Z,0,0,549,230,0
2026-08-17T01:26:02.2031615Z,0,0,549,230,0
2026-08-17T01:26:02.2081345Z,0,0,549,230,0
2026-08-17T01:26:02.2131062Z,0,0,549,230,0
2026-08-17T01:26:02.2182807Z,0,0,549,230,0
2026-08-17T01:26:02.2233795Z,0,0,549,230,0
2026-08-17T01:26:02.2280356Z,0,0,549,230,0
2026-08-17T01:26:02.2333899Z,0,0,549,230,0
2026-08-17T01:26:02.2382429Z,0,0,549,230,0
2026-08-17T01:26:02.2431216Z,0,0,549,230,0
2026-08-17T01:26:02.2482829Z,0,0,549,230,0
2026-08-17T01:26:02.2532214Z,0,0,549,230,0
2026-08-17T01:26:02.2580266Z,0,0,549,230,0
2026-08-17T01:26:02.2632999Z,0,0,549,230,0
2026-08-17T01:26:02.2679635Z,0,0,549,230,0
2026-08-17T01:26:02.2732574Z,0,0,549,230,0
2026-08-17T01:26:02.2784505Z,0,0,549,230,0
2026-08-17T01:26:02.2832838Z,0,0,549,230,0
2026-08-17T01:26:02.2885371Z,0,0,549,230,0
2026-08-17T01:26:02.2934449Z,0,0,549,230,0
2026-08-17T01:26:02.2981298Z,0,0,549,230,0
2026-08-17T01:26:02.3030867Z,0,0,549,230,0
2026-08-17T01:26:02.3081324Z,0,0,549,230,0
2026-08-17T01:26:02.3134586Z,0,0,549,230,0
2026-08-17T01:26:02.3182199Z,0,0,549,230,0
2026-08-17T01:26:02.323133Z,0,0,549,230,0
2026-08-17T01:26:02.3282288Z,0,0,549,230,0
2026-08-17T01:26:02.3332975Z,0,0,549,230,0
2026-08-17T01:26:02.3384371Z,0,0,549,230,0
2026-08-17T01:26:02.343114Z,0,0,549,230,0
2026-08-17T01:26:02.3483026Z,0,0,549,230,0
2026-08-17T01:26:02.3535927Z,0,0,549,230,0
2026-08-17T01:26:02.3583716Z,0,0,549,230,0
2026-08-17T01:26:02.3630719Z,0,0,549,230,0
2026-08-17T01:26:02.3679865Z,0,0,549,230,0
2026-08-17T01:26:02.3733901Z,0,0,549,230,0
2026-08-17T01:26:02.3786635Z,0,0,549,230,0
2026-08-17T01:26:02.3830961Z,0,0,549,230,0
2026-08-17T01:26:02.3880473Z,0,0,549,230,0
2026-08-17T01:26:02.3930262Z,0,0,549,230,0
2026-08-17T01:26:02.3980449Z,0,0,549,230,0
2026-08-17T01:26:02.4030226Z,0,0,549,230,0
2026-08-17T01:26:02.4081137Z,0,0,549,230,0
2026-08-17T01:26:02.4129878Z,0,0,549,230,0
2026-08-17T01:26:02.4182155Z,0,0,549,230,0
2026-08-17T01:26:02.4229752Z,0,0,549,230,0
2026-08-17T01:26:02.4282235Z,0,0,549,230,0
2026-08-17T01:26:02.433054Z,0,0,549,230,0
2026-08-17T01:26:02.4380211Z,0,0,549,230,0
2026-08-17T01:26:02.4433165Z,0,0,549,230,0
2026-08-17T01:26:02.4481379Z,0,0,549,230,0
2026-08-17T01:26:02.4532625Z,0,0,549,230,0
2026-08-17T01:26:02.4581953Z,0,0,549,230,0
2026-08-17T01:26:02.4632887Z,0,0,549,230,0
2026-08-17T01:26:02.4686105Z,0,0,549,230,0
2026-08-17T01:26:02.4731759Z,0,0,549,230,0
2026-08-17T01:26:02.4782721Z,0,0,549,230,0
2026-08-17T01:26:02.4831633Z,0,0,549,230,0
2026-08-17T01:26:02.4882249Z,0,0,549,230,0
2026-08-17T01:26:02.4934639Z,0,0,549,230,0
2026-08-17T01:26:02.4982852Z,0,0,549,230,0
2026-08-17T01:26:02.5029716Z,0,0,549,230,0
2026-08-17T01:26:02.5082214Z,0,0,549,230,0
2026-08-17T01:26:02.5133404Z,0,0,549,230,0
2026-08-17T01:26:02.5180404Z,0,0,549,230,0
2026-08-17T01:26:02.5234301Z,0,0,549,230,0
2026-08-17T01:26:02.5282838Z,0,0,549,230,0
2026-08-17T01:26:02.5331014Z,0,0,549,230,0
2026-08-17T01:26:02.538335Z,0,0,549,230,0
2026-08-17T01:26:02.5434109Z,0,0,549,230,0
2026-08-17T01:26:02.548304Z,0,0,549,230,0
2026-08-17T01:26:02.5531913Z,0,0,549,230,0
2026-08-17T01:26:02.5585259Z,0,0,549,230,0
2026-08-17T01:26:02.5632927Z,0,0,549,230,0
2026-08-17T01:26:02.5681535Z,0,0,549,230,0
2026-08-17T01:26:02.5731114Z,0,0,549,230,0
2026-08-17T01:26:02.578454Z,0,0,549,230,0
2026-08-17T01:26:02.5830279Z,0,0,549,230,0
2026-08-17T01:26:02.5880444Z,0,0,549,230,0
2026-08-17T01:26:02.5931104Z,0,0,549,230,0
2026-08-17T01:26:02.598163Z,0,0,549,230,0
2026-08-17T01:26:02.603385Z,0,0,549,230,0
2026-08-17T01:26:02.6082363Z,0,0,549,230,0
2026-08-17T01:26:02.6132072Z,0,0,549,230,0
2026-08-17T01:26:02.6179766Z,0,0,549,230,0
2026-08-17T01:26:02.6231395Z,0,0,549,230,0
2026-08-17T01:26:02.6284785Z,0,0,549,230,0
2026-08-17T01:26:02.6333243Z,0,0,549,230,0
2026-08-17T01:26:02.6380412Z,0,0,549,230,0
2026-08-17T01:26:02.6431181Z,0,0,549,230,0
2026-08-17T01:26:02.6481908Z,0,0,549,230,0
2026-08-17T01:26:02.6532643Z,0,0,549,230,0
2026-08-17T01:26:02.6580767Z,0,0,549,230,0
2026-08-17T01:26:02.6630972Z,0,0,549,230,0
2026-08-17T01:26:02.6680083Z,0,0,549,230,0
2026-08-17T01:26:02.6733592Z,0,0,549,230,0
2026-08-17T01:26:02.6782276Z,0,0,549,230,0
2026-08-17T01:26:02.6832489Z,0,0,549,230,0
2026-08-17T01:26:02.688195Z,0,0,549,230,0
2026-08-17T01:26:02.693414Z,0,0,549,230,0
2026-08-17T01:26:02.698278Z,0,0,549,230,0
2026-08-17T01:26:02.7032351Z,0,0,549,230,0
2026-08-17T01:26:02.708148Z,0,0,549,230,0
2026-08-17T01:26:02.7133393Z,0,0,549,230,0
2026-08-17T01:26:02.7180415Z,0,0,549,230,0
2026-08-17T01:26:02.7233575Z,0,0,549,230,0
2026-08-17T01:26:02.7283439Z,0,0,549,230,0
2026-08-17T01:26:02.7333125Z,0,0,549,230,0
2026-08-17T01:26:02.7383483Z,0,0,549,230,0
2026-08-17T01:26:02.74314Z,0,0,549,230,0
2026-08-17T01:26:02.7487069Z,0,0,549,230,0
2026-08-17T01:26:02.753253Z,0,0,549,230,0
2026-08-17T01:26:02.7580285Z,0,0,549,230,0
2026-08-17T01:26:02.7633028Z,0,0,549,230,0
2026-08-17T01:26:02.768047Z,0,0,549,230,0
2026-08-17T01:26:02.773138Z,0,0,549,230,0
2026-08-17T01:26:02.7785532Z,0,0,549,230,0
2026-08-17T01:26:02.7832589Z,0,0,549,230,0
2026-08-17T01:26:02.7883208Z,0,0,549,230,0
2026-08-17T01:26:02.7932226Z,0,0,549,230,0
2026-08-17T01:26:02.7982055Z,0,0,549,230,0
2026-08-17T01:26:02.8031982Z,0,0,549,230,0
2026-08-17T01:26:02.8079943Z,0,0,549,230,0
2026-08-17T01:26:02.8133963Z,0,0,549,230,0
2026-08-17T01:26:02.8180948Z,0,0,549,230,0
2026-08-17T01:26:02.8230196Z,0,0,549,230,0
2026-08-17T01:26:02.8281687Z,0,0,549,230,0
2026-08-17T01:26:02.8332098Z,0,0,549,230,0
2026-08-17T01:26:02.8383114Z,0,0,549,230,0
2026-08-17T01:26:02.8432902Z,0,0,549,230,0
2026-08-17T01:26:02.8480257Z,0,0,549,230,0
2026-08-17T01:26:02.8533668Z,0,0,549,230,0
2026-08-17T01:26:02.8580172Z,0,0,549,230,0
2026-08-17T01:26:02.8630962Z,0,0,549,230,0
2026-08-17T01:26:02.8683918Z,0,0,549,230,0
2026-08-17T01:26:02.8735484Z,0,0,549,230,0
2026-08-17T01:26:02.8784259Z,0,0,549,230,0
2026-08-17T01:26:02.8832917Z,0,0,549,230,0
2026-08-17T01:26:02.8880631Z,0,0,549,230,0
2026-08-17T01:26:02.8936348Z,0,0,549,230,0
2026-08-17T01:26:02.8984284Z,0,0,549,230,0
2026-08-17T01:26:02.9037057Z,0,0,549,230,0
2026-08-17T01:26:02.9085575Z,0,0,549,230,0
2026-08-17T01:26:02.9133743Z,0,0,549,230,0
2026-08-17T01:26:02.9181713Z,0,0,549,230,0
2026-08-17T01:26:02.9233814Z,0,0,549,230,0
2026-08-17T01:26:02.9286429Z,0,0,549,230,0
2026-08-17T01:26:02.9331161Z,0,0,549,230,0
2026-08-17T01:26:02.9382034Z,0,0,549,230,0
2026-08-17T01:26:02.943626Z,0,0,549,230,0
2026-08-17T01:26:02.9483992Z,0,0,549,230,0
2026-08-17T01:26:02.9533797Z,0,0,549,230,0
2026-08-17T01:26:02.9581763Z,0,0,549,230,0
2026-08-17T01:26:02.9632173Z,0,0,549,230,0
2026-08-17T01:26:02.9684045Z,0,0,549,230,0
2026-08-17T01:26:02.972938Z,0,0,549,230,0
2026-08-17T01:26:02.9780985Z,0,0,549,230,0
2026-08-17T01:26:02.983353Z,0,0,549,230,0
2026-08-17T01:26:02.9880755Z,0,0,549,230,0
2026-08-17T01:26:02.9931293Z,0,0,549,230,0
2026-08-17T01:26:02.9979334Z,0,0,549,230,0
2026-08-17T01:26:03.003352Z,0,0,549,230,0
2026-08-17T01:26:03.0082749Z,0,0,549,230,0
2026-08-17T01:26:03.0132284Z,0,0,549,230,0
2026-08-17T01:26:03.0184155Z,0,0,549,230,0
2026-08-17T01:26:03.0231427Z,0,0,549,230,0
2026-08-17T01:26:03.0280464Z,0,0,549,230,0
2026-08-17T01:26:03.033523Z,0,0,549,230,0
2026-08-17T01:26:03.0383283Z,0,0,549,230,0
2026-08-17T01:26:03.0435147Z,0,0,549,230,0
2026-08-17T01:26:03.0483777Z,0,0,549,230,0
2026-08-17T01:26:03.0535459Z,0,0,549,230,0
2026-08-17T01:26:03.0584613Z,0,0,549,230,0
2026-08-17T01:26:03.0635932Z,0,0,549,230,0
2026-08-17T01:26:03.0682706Z,0,0,549,230,0
2026-08-17T01:26:03.0734852Z,0,0,549,230,0
2026-08-17T01:26:03.0782577Z,0,0,549,230,0
2026-08-17T01:26:03.0834286Z,0,0,549,230,0
2026-08-17T01:26:03.0882042Z,0,0,549,230,0
2026-08-17T01:26:03.0933734Z,0,0,549,230,0
2026-08-17T01:26:03.0981432Z,0,0,549,230,0
2026-08-17T01:26:03.1033472Z,0,0,549,230,0
2026-08-17T01:26:03.1080308Z,0,0,549,230,0
2026-08-17T01:26:03.1133552Z,0,0,549,230,0
2026-08-17T01:26:03.1182574Z,0,0,549,230,0
2026-08-17T01:26:03.1230359Z,0,0,549,230,0
2026-08-17T01:26:03.1280992Z,0,0,549,230,0
2026-08-17T01:26:03.1331481Z,0,0,549,230,0
2026-08-17T01:26:03.1383449Z,0,0,549,230,0
2026-08-17T01:26:03.1434025Z,0,0,549,230,0
2026-08-17T01:26:03.1481692Z,0,0,549,230,0
2026-08-17T01:26:03.1532065Z,0,0,549,230,0
2026-08-17T01:26:03.1579741Z,0,0,549,230,0
2026-08-17T01:26:03.1634381Z,0,0,549,230,0
2026-08-17T01:26:03.1683634Z,0,0,549,230,0
2026-08-17T01:26:03.1731071Z,0,0,549,230,0
2026-08-17T01:26:03.1780498Z,0,0,549,230,0
2026-08-17T01:26:03.183261Z,0,0,549,230,0
2026-08-17T01:26:03.1881812Z,0,0,549,230,0
2026-08-17T01:26:03.1933179Z,0,0,549,230,0
2026-08-17T01:26:03.1981757Z,0,0,549,230,0
2026-08-17T01:26:03.2038263Z,0,0,549,230,0
2026-08-17T01:26:03.2081753Z,0,0,549,230,0
2026-08-17T01:26:03.213315Z,0,0,549,230,0
2026-08-17T01:26:03.2180522Z,0,0,549,230,0
2026-08-17T01:26:03.2230636Z,0,0,549,230,0
2026-08-17T01:26:03.2283084Z,0,0,549,230,0
2026-08-17T01:26:03.233569Z,0,0,549,230,0
2026-08-17T01:26:03.2381858Z,0,0,549,230,0
2026-08-17T01:26:03.2429874Z,0,0,549,230,0
2026-08-17T01:26:03.2482658Z,0,0,549,230,0
2026-08-17T01:26:03.253405Z,0,0,549,230,0
2026-08-17T01:26:03.2584108Z,0,0,549,230,0
2026-08-17T01:26:03.2630045Z,0,0,549,230,0
2026-08-17T01:26:03.2682328Z,0,0,549,230,0
2026-08-17T01:26:03.2730226Z,0,0,549,230,0
2026-08-17T01:26:03.2781657Z,0,0,549,230,0
2026-08-17T01:26:03.2831273Z,0,0,549,230,0
2026-08-17T01:26:03.2884345Z,0,0,549,230,0
2026-08-17T01:26:03.2932341Z,0,0,549,230,0
2026-08-17T01:26:03.2980357Z,0,0,549,230,0
2026-08-17T01:26:03.303093Z,0,0,549,230,0
2026-08-17T01:26:03.3084056Z,0,0,549,230,0
2026-08-17T01:26:03.3132507Z,0,0,549,230,0
2026-08-17T01:26:03.3180041Z,0,0,549,230,0
2026-08-17T01:26:03.3232246Z,0,0,549,230,0
2026-08-17T01:26:03.3281384Z,0,0,549,230,0
2026-08-17T01:26:03.3331181Z,0,0,549,230,0
2026-08-17T01:26:03.3379376Z,0,0,549,230,0
2026-08-17T01:26:03.3432562Z,0,0,549,230,0
2026-08-17T01:26:03.3482175Z,0,0,549,230,0
2026-08-17T01:26:03.3533228Z,0,0,549,230,0
2026-08-17T01:26:03.3586637Z,0,0,549,230,0
2026-08-17T01:26:03.3630095Z,0,0,549,230,0
2026-08-17T01:26:03.3680877Z,0,0,549,230,0
2026-08-17T01:26:03.373458Z,0,0,549,230,0
2026-08-17T01:26:03.3783008Z,0,0,549,230,0
2026-08-17T01:26:03.3833956Z,0,0,549,230,0
2026-08-17T01:26:03.3880659Z,0,0,549,230,0
2026-08-17T01:26:03.3933076Z,0,0,549,230,0
2026-08-17T01:26:03.3981142Z,0,0,549,230,0
2026-08-17T01:26:03.402963Z,0,0,549,230,0
2026-08-17T01:26:03.4081657Z,0,0,549,230,0
2026-08-17T01:26:03.4130617Z,0,0,549,230,0
2026-08-17T01:26:03.4182469Z,0,0,549,230,0
2026-08-17T01:26:03.4230789Z,0,0,549,230,0
2026-08-17T01:26:03.4284535Z,0,0,549,230,0
2026-08-17T01:26:03.4334868Z,0,0,549,230,0
2026-08-17T01:26:03.4382847Z,0,0,549,230,0
2026-08-17T01:26:03.4432051Z,0,0,549,230,0
2026-08-17T01:26:03.4484332Z,0,0,549,230,0
2026-08-17T01:26:03.4533533Z,0,0,549,230,0
2026-08-17T01:26:03.4582648Z,0,0,549,230,0
2026-08-17T01:26:03.4630719Z,0,0,549,230,0
2026-08-17T01:26:03.4683803Z,0,0,549,230,0
2026-08-17T01:26:03.4733465Z,0,0,549,230,0
2026-08-17T01:26:03.4780698Z,0,0,549,230,0
2026-08-17T01:26:03.483008Z,0,0,549,230,0
2026-08-17T01:26:03.4882153Z,0,0,549,230,0
2026-08-17T01:26:03.4934709Z,0,0,549,230,0
2026-08-17T01:26:03.4981054Z,0,0,549,230,0
2026-08-17T01:26:03.5031997Z,0,0,549,230,0
2026-08-17T01:26:03.5083944Z,0,0,549,230,0
2026-08-17T01:26:03.513246Z,0,0,549,230,0
2026-08-17T01:26:03.5180466Z,0,0,549,230,0
2026-08-17T01:26:03.5234563Z,0,0,549,230,0
2026-08-17T01:26:03.5282288Z,0,0,549,230,0
2026-08-17T01:26:03.5330619Z,0,0,549,230,0
2026-08-17T01:26:03.5384123Z,0,0,549,230,0
2026-08-17T01:26:03.5433518Z,0,0,549,230,0
2026-08-17T01:26:03.5480629Z,0,0,549,230,0
2026-08-17T01:26:03.5533348Z,0,0,549,230,0
2026-08-17T01:26:03.5581676Z,0,0,549,230,0
2026-08-17T01:26:03.5635313Z,0,0,549,230,0
2026-08-17T01:26:03.5682105Z,0,0,549,230,0
2026-08-17T01:26:03.5734922Z,0,0,549,230,0
2026-08-17T01:26:03.5782887Z,0,0,549,230,0
2026-08-17T01:26:03.5833963Z,0,0,549,230,0
2026-08-17T01:26:03.5881054Z,0,0,549,230,0
2026-08-17T01:26:03.593128Z,0,0,549,230,0
2026-08-17T01:26:03.5979519Z,0,0,549,230,0
2026-08-17T01:26:03.603129Z,0,0,549,230,0
2026-08-17T01:26:03.6079622Z,0,0,549,230,0
2026-08-17T01:26:03.613293Z,0,0,549,230,0
2026-08-17T01:26:03.6180519Z,0,0,549,230,0
2026-08-17T01:26:03.623129Z,0,0,549,230,0
2026-08-17T01:26:03.6285378Z,0,0,549,230,0
2026-08-17T01:26:03.6332119Z,0,0,549,230,0
2026-08-17T01:26:03.6379336Z,0,0,549,230,0
2026-08-17T01:26:03.6431144Z,0,0,549,230,0
2026-08-17T01:26:03.6482036Z,0,0,549,230,0
2026-08-17T01:26:03.6534507Z,0,0,549,230,0
2026-08-17T01:26:03.6581562Z,0,0,549,230,0
2026-08-17T01:26:03.6632765Z,0,0,549,230,0
2026-08-17T01:26:03.6684499Z,0,0,549,230,0
2026-08-17T01:26:03.6731066Z,0,0,549,230,0
2026-08-17T01:26:03.678098Z,0,0,549,230,0
2026-08-17T01:26:03.6832881Z,0,0,549,230,0
2026-08-17T01:26:03.6879738Z,0,0,549,230,0
2026-08-17T01:26:03.6933411Z,0,0,549,230,0
2026-08-17T01:26:03.6981187Z,0,0,549,230,0
2026-08-17T01:26:03.7031466Z,0,0,549,230,0
2026-08-17T01:26:03.7079735Z,0,0,549,230,0
2026-08-17T01:26:03.7131373Z,0,0,549,230,0
2026-08-17T01:26:03.7183533Z,0,0,549,230,0
2026-08-17T01:26:03.7232894Z,0,0,549,230,0
2026-08-17T01:26:03.7282566Z,0,0,549,230,0
2026-08-17T01:26:03.7331989Z,0,0,549,230,0
2026-08-17T01:26:03.7384575Z,0,0,549,230,0
2026-08-17T01:26:03.7432573Z,0,0,549,230,0
2026-08-17T01:26:03.7480941Z,0,0,549,230,0
2026-08-17T01:26:03.7531243Z,0,0,549,230,0
2026-08-17T01:26:03.7578978Z,0,0,549,230,0
2026-08-17T01:26:03.7631952Z,0,0,549,230,0
2026-08-17T01:26:03.7684489Z,0,0,549,230,0
2026-08-17T01:26:03.7729683Z,0,0,549,230,0
2026-08-17T01:26:03.7782951Z,0,0,549,230,0
2026-08-17T01:26:03.7832267Z,0,0,549,230,0
2026-08-17T01:26:03.7884335Z,0,0,549,230,0
2026-08-17T01:26:03.7933336Z,0,0,549,230,0
2026-08-17T01:26:03.7979992Z,0,0,549,230,0
2026-08-17T01:26:03.8031405Z,0,0,549,230,0
2026-08-17T01:26:03.8082959Z,0,0,549,230,0
2026-08-17T01:26:03.8131995Z,0,0,549,230,0
2026-08-17T01:26:03.8180721Z,0,0,549,230,0
2026-08-17T01:26:03.8234609Z,0,0,549,230,0
2026-08-17T01:26:03.8281314Z,0,0,549,230,0
2026-08-17T01:26:03.833206Z,0,0,549,230,0
2026-08-17T01:26:03.8384051Z,0,0,549,230,0
2026-08-17T01:26:03.8430753Z,0,0,549,230,0
2026-08-17T01:26:03.8486136Z,0,0,549,230,0
2026-08-17T01:26:03.8531972Z,0,0,549,230,0
2026-08-17T01:26:03.8581333Z,0,0,549,230,0
2026-08-17T01:26:03.8631931Z,0,0,549,230,0
2026-08-17T01:26:03.8685271Z,0,0,549,230,0
2026-08-17T01:26:03.8731349Z,0,0,549,230,0
2026-08-17T01:26:03.8781321Z,0,0,549,230,0
2026-08-17T01:26:03.8833445Z,0,0,549,230,0
2026-08-17T01:26:03.8882555Z,0,0,549,230,0
2026-08-17T01:26:03.8931208Z,0,0,549,230,0
2026-08-17T01:26:03.8983543Z,0,0,549,230,0
2026-08-17T01:26:03.9033879Z,0,0,549,230,0
2026-08-17T01:26:03.9081733Z,0,0,549,230,0
2026-08-17T01:26:03.9132713Z,0,0,549,230,0
2026-08-17T01:26:03.9180188Z,0,0,549,230,0
2026-08-17T01:26:03.9233636Z,0,0,549,230,0
2026-08-17T01:26:03.9280998Z,0,0,549,230,0
2026-08-17T01:26:03.9333873Z,0,0,549,230,0
2026-08-17T01:26:03.9381426Z,0,0,549,230,0
2026-08-17T01:26:03.943251Z,0,0,549,230,0
2026-08-17T01:26:03.9484241Z,0,0,549,230,0
2026-08-17T01:26:03.9531454Z,0,0,549,230,0
2026-08-17T01:26:03.9584417Z,0,0,549,230,0
2026-08-17T01:26:03.9632015Z,0,0,549,230,0
2026-08-17T01:26:03.9684507Z,0,0,549,230,0
2026-08-17T01:26:03.9730479Z,0,0,549,230,0
2026-08-17T01:26:03.9783789Z,0,0,549,230,0
2026-08-17T01:26:03.9832768Z,0,0,549,230,0
2026-08-17T01:26:03.9884395Z,0,0,549,230,0
2026-08-17T01:26:03.993064Z,0,0,549,230,0
2026-08-17T01:26:03.9984462Z,0,0,549,230,0
2026-08-17T01:26:04.0032382Z,0,0,549,230,0
2026-08-17T01:26:04.0080149Z,0,0,549,230,0
2026-08-17T01:26:04.0132804Z,0,0,549,230,0
2026-08-17T01:26:04.0179817Z,0,0,549,230,0
2026-08-17T01:26:04.0232088Z,0,0,549,230,0
2026-08-17T01:26:04.0283861Z,0,0,549,230,0
2026-08-17T01:26:04.0336342Z,0,0,549,230,0
2026-08-17T01:26:04.0386225Z,0,0,549,230,0
2026-08-17T01:26:04.043054Z,0,0,549,230,0
2026-08-17T01:26:04.0481156Z,0,0,549,230,0
2026-08-17T01:26:04.0534467Z,0,0,549,230,0
2026-08-17T01:26:04.0582909Z,0,0,549,230,0
2026-08-17T01:26:04.0631807Z,0,0,549,230,0
2026-08-17T01:26:04.0681021Z,0,0,549,230,0
2026-08-17T01:26:04.0731124Z,0,0,549,230,0
2026-08-17T01:26:04.078316Z,0,0,549,230,0
2026-08-17T01:26:04.0833882Z,0,0,549,230,0
2026-08-17T01:26:04.0882649Z,0,0,549,230,0
2026-08-17T01:26:04.0931739Z,0,0,549,230,0
2026-08-17T01:26:04.0982108Z,0,0,549,230,0
2026-08-17T01:26:04.1033471Z,0,0,549,230,0
2026-08-17T01:26:04.1081691Z,0,0,549,230,0
2026-08-17T01:26:04.1134664Z,0,0,549,230,0
2026-08-17T01:26:04.1182686Z,0,0,549,230,0
2026-08-17T01:26:04.1233351Z,0,0,549,230,0
2026-08-17T01:26:04.1280926Z,0,0,549,230,0
2026-08-17T01:26:04.1330557Z,0,0,549,230,0
2026-08-17T01:26:04.138632Z,0,0,549,230,0
2026-08-17T01:26:04.1429732Z,0,0,549,230,0
2026-08-17T01:26:04.1481384Z,0,0,549,230,0
2026-08-17T01:26:04.1532326Z,0,0,549,230,0
2026-08-17T01:26:04.1581421Z,0,0,549,230,0
2026-08-17T01:26:04.1633282Z,0,0,549,230,0
2026-08-17T01:26:04.1680545Z,0,0,549,230,0
2026-08-17T01:26:04.1732159Z,0,0,549,230,0
2026-08-17T01:26:04.1781513Z,0,0,549,230,0
2026-08-17T01:26:04.1835097Z,0,0,549,230,0
2026-08-17T01:26:04.1882384Z,0,0,549,230,0
2026-08-17T01:26:04.1931985Z,0,0,549,230,0
2026-08-17T01:26:04.1980413Z,0,0,549,230,0
2026-08-17T01:26:04.2031735Z,0,0,549,230,0
2026-08-17T01:26:04.2083515Z,0,0,549,230,0
2026-08-17T01:26:04.213243Z,0,0,549,230,0
2026-08-17T01:26:04.2180514Z,0,0,549,230,0
2026-08-17T01:26:04.2234332Z,0,0,549,230,0
2026-08-17T01:26:04.2281051Z,0,0,549,230,0
2026-08-17T01:26:04.2329393Z,0,0,549,230,0
2026-08-17T01:26:04.2380926Z,0,0,549,230,0
2026-08-17T01:26:04.2434205Z,0,0,549,230,0
2026-08-17T01:26:04.2481083Z,0,0,549,230,0
2026-08-17T01:26:04.2534667Z,0,0,549,230,0
2026-08-17T01:26:04.25818Z,0,0,549,230,0
2026-08-17T01:26:04.2632299Z,0,0,549,230,0
2026-08-17T01:26:04.2681532Z,0,0,549,230,0
2026-08-17T01:26:04.2732281Z,0,0,549,230,0
2026-08-17T01:26:04.2780123Z,0,0,549,230,0
2026-08-17T01:26:04.2831559Z,0,0,549,230,0
2026-08-17T01:26:04.2880514Z,0,0,549,230,0
2026-08-17T01:26:04.2930295Z,0,0,549,230,0
2026-08-17T01:26:04.2984567Z,0,0,549,230,0
2026-08-17T01:26:04.3031438Z,0,0,549,230,0
2026-08-17T01:26:04.3083368Z,0,0,549,230,0
2026-08-17T01:26:04.3129321Z,0,0,549,230,0
2026-08-17T01:26:04.3181992Z,0,0,549,230,0
2026-08-17T01:26:04.3231421Z,0,0,549,230,0
2026-08-17T01:26:04.3289734Z,0,0,549,230,0
2026-08-17T01:26:04.3374477Z,0,0,549,230,0
2026-08-17T01:26:04.3384517Z,0,0,549,230,0
2026-08-17T01:26:04.3431215Z,0,0,549,230,0
2026-08-17T01:26:04.3481401Z,0,0,549,230,0
2026-08-17T01:26:04.3536595Z,0,0,549,230,0
2026-08-17T01:26:04.3579775Z,0,0,549,230,0
2026-08-17T01:26:04.3629921Z,0,0,549,230,0
2026-08-17T01:26:04.3680455Z,0,0,549,230,0
2026-08-17T01:26:04.3733624Z,0,0,549,230,0
2026-08-17T01:26:04.3780358Z,0,0,549,230,0
2026-08-17T01:26:04.3833682Z,0,0,549,230,0
2026-08-17T01:26:04.3883077Z,0,0,549,230,0
2026-08-17T01:26:04.3931476Z,0,0,549,230,0
2026-08-17T01:26:04.3980906Z,0,0,549,230,0
2026-08-17T01:26:04.4030519Z,0,0,549,230,0
2026-08-17T01:26:04.4084352Z,0,0,549,230,0
2026-08-17T01:26:04.413368Z,0,0,549,230,0
2026-08-17T01:26:04.4182206Z,0,0,549,230,0
2026-08-17T01:26:04.4232387Z,0,0,549,230,0
2026-08-17T01:26:04.4281393Z,0,0,549,230,0
2026-08-17T01:26:04.4331673Z,0,0,549,230,0
2026-08-17T01:26:04.4383482Z,0,0,549,230,0
2026-08-17T01:26:04.4430132Z,0,0,549,230,0
2026-08-17T01:26:04.4481562Z,0,0,549,230,0
2026-08-17T01:26:04.4530877Z,0,0,549,230,0
2026-08-17T01:26:04.4581095Z,0,0,549,230,0
2026-08-17T01:26:04.462976Z,0,0,549,230,0
2026-08-17T01:26:04.4683778Z,0,0,549,230,0
2026-08-17T01:26:04.4729588Z,0,0,549,230,0
2026-08-17T01:26:04.4786919Z,0,0,549,230,0
2026-08-17T01:26:04.4830867Z,0,0,549,230,0
2026-08-17T01:26:04.4883824Z,0,0,549,230,0
2026-08-17T01:26:04.4933973Z,0,0,549,230,0
2026-08-17T01:26:04.4984569Z,0,0,549,230,0
2026-08-17T01:26:04.5032831Z,0,0,549,230,0
2026-08-17T01:26:04.5085929Z,0,0,549,230,0
2026-08-17T01:26:04.5131236Z,0,0,549,230,0
2026-08-17T01:26:04.5184226Z,0,0,549,230,0
2026-08-17T01:26:04.5232286Z,0,0,549,230,0
2026-08-17T01:26:04.5281803Z,0,0,549,230,0
2026-08-17T01:26:04.5330968Z,0,0,549,230,0
2026-08-17T01:26:04.53817Z,0,0,549,230,0
2026-08-17T01:26:04.5431158Z,0,0,549,230,0
2026-08-17T01:26:04.5479755Z,0,0,549,230,0
2026-08-17T01:26:04.553032Z,0,0,549,230,0
2026-08-17T01:26:04.5581132Z,0,0,549,230,0
2026-08-17T01:26:04.5630297Z,0,0,549,230,0
2026-08-17T01:26:04.5681048Z,0,0,549,230,0
2026-08-17T01:26:04.5734261Z,0,0,549,230,0
2026-08-17T01:26:04.5782327Z,0,0,549,230,0
2026-08-17T01:26:04.5833936Z,0,0,549,230,0
2026-08-17T01:26:04.5881967Z,0,0,549,230,0
2026-08-17T01:26:04.5932668Z,0,0,549,230,0
2026-08-17T01:26:04.5983063Z,0,0,549,230,0
2026-08-17T01:26:04.603176Z,0,0,549,230,0
2026-08-17T01:26:04.6084349Z,0,0,549,230,0
2026-08-17T01:26:04.6137357Z,0,0,549,230,0
2026-08-17T01:26:04.618467Z,0,0,549,230,0
2026-08-17T01:26:04.6232841Z,0,0,549,230,0
2026-08-17T01:26:04.6279678Z,0,0,549,230,0
2026-08-17T01:26:04.633252Z,0,0,549,230,0
2026-08-17T01:26:04.6379743Z,0,0,549,230,0
2026-08-17T01:26:04.643031Z,0,0,549,230,0
2026-08-17T01:26:04.6487039Z,0,0,549,230,0
2026-08-17T01:26:04.653653Z,0,0,549,230,0
2026-08-17T01:26:04.6580996Z,0,0,549,230,0
2026-08-17T01:26:04.6631587Z,0,0,549,230,0
2026-08-17T01:26:04.6682991Z,0,0,549,230,0
2026-08-17T01:26:04.6734175Z,0,0,549,230,0
2026-08-17T01:26:04.6785664Z,0,0,549,230,0
2026-08-17T01:26:04.6830319Z,0,0,549,230,0
2026-08-17T01:26:04.6884698Z,0,0,549,230,0
2026-08-17T01:26:04.6932981Z,0,0,549,230,0
2026-08-17T01:26:04.6980714Z,0,0,549,230,0
2026-08-17T01:26:04.7032625Z,0,0,549,230,0
2026-08-17T01:26:04.7081861Z,0,0,549,230,0
2026-08-17T01:26:04.7131512Z,0,0,549,230,0
2026-08-17T01:26:04.7184228Z,0,0,549,230,0
2026-08-17T01:26:04.7231228Z,0,0,549,230,0
2026-08-17T01:26:04.7284972Z,0,0,549,230,0
2026-08-17T01:26:04.7334188Z,0,0,549,230,0
2026-08-17T01:26:04.7381756Z,0,0,549,230,0
2026-08-17T01:26:04.7429397Z,0,0,549,230,0
2026-08-17T01:26:04.7480723Z,0,0,549,230,0
2026-08-17T01:26:04.7532648Z,0,0,549,230,0
2026-08-17T01:26:04.7580464Z,0,0,549,230,0
2026-08-17T01:26:04.7633441Z,0,0,549,230,0
2026-08-17T01:26:04.7681042Z,0,0,549,230,0
2026-08-17T01:26:04.7730606Z,0,0,549,230,0
2026-08-17T01:26:04.7782709Z,0,0,549,230,0
2026-08-17T01:26:04.7830895Z,0,0,549,230,0
2026-08-17T01:26:04.7882546Z,0,0,549,230,0
2026-08-17T01:26:04.7932166Z,0,0,549,230,0
2026-08-17T01:26:04.7983656Z,0,0,549,230,0
2026-08-17T01:26:04.8030419Z,0,0,549,230,0
2026-08-17T01:26:04.8082743Z,0,0,549,230,0
2026-08-17T01:26:04.8132862Z,0,0,549,230,0
2026-08-17T01:26:04.8184486Z,0,0,549,230,0
2026-08-17T01:26:04.82323Z,0,0,549,230,0
2026-08-17T01:26:04.828173Z,0,0,549,230,0
2026-08-17T01:26:04.83307Z,0,0,549,230,0
2026-08-17T01:26:04.8384044Z,0,0,549,230,0
2026-08-17T01:26:04.8432922Z,0,0,549,230,0
2026-08-17T01:26:04.8481184Z,0,0,549,230,0
2026-08-17T01:26:04.8532456Z,0,0,549,230,0
2026-08-17T01:26:04.8583901Z,0,0,549,230,0
2026-08-17T01:26:04.8633905Z,0,0,549,230,0
2026-08-17T01:26:04.8680937Z,0,0,549,230,0
2026-08-17T01:26:04.8734767Z,0,0,549,230,0
2026-08-17T01:26:04.8782447Z,0,0,549,230,0
2026-08-17T01:26:04.8831512Z,0,0,549,230,0
2026-08-17T01:26:04.888342Z,0,0,549,230,0
2026-08-17T01:26:04.8933818Z,0,0,549,230,0
2026-08-17T01:26:04.8986208Z,0,0,549,230,0
2026-08-17T01:26:04.9030894Z,0,0,549,230,0
2026-08-17T01:26:04.9083626Z,0,0,549,230,0
2026-08-17T01:26:04.9135583Z,0,0,549,230,0
2026-08-17T01:26:04.9184195Z,0,0,549,230,0
2026-08-17T01:26:04.9233535Z,0,0,549,230,0
2026-08-17T01:26:04.9280622Z,0,0,549,230,0
2026-08-17T01:26:04.9333307Z,0,0,549,230,0
2026-08-17T01:26:04.9379941Z,0,0,549,230,0
2026-08-17T01:26:04.94313Z,0,0,549,230,0
2026-08-17T01:26:04.9484038Z,0,0,549,230,0
2026-08-17T01:26:04.9529267Z,0,0,549,230,0
2026-08-17T01:26:04.9581642Z,0,0,549,230,0
2026-08-17T01:26:04.9635092Z,0,0,549,230,0
2026-08-17T01:26:04.9682719Z,0,0,549,230,0
2026-08-17T01:26:04.9731139Z,0,0,549,230,0
2026-08-17T01:26:04.9779738Z,0,0,549,230,0
2026-08-17T01:26:04.9832585Z,0,0,549,230,0
2026-08-17T01:26:04.988006Z,0,0,549,230,0
2026-08-17T01:26:04.9934068Z,0,0,549,230,0
2026-08-17T01:26:04.9980609Z,0,0,549,230,0
2026-08-17T01:26:05.0032252Z,0,0,549,230,0
2026-08-17T01:26:05.0080019Z,0,0,549,230,0
2026-08-17T01:26:05.0132636Z,0,0,549,230,0
2026-08-17T01:26:05.0184302Z,0,0,549,230,0
2026-08-17T01:26:05.0231339Z,0,0,549,230,0
2026-08-17T01:26:05.0279583Z,0,0,549,230,0
2026-08-17T01:26:05.0333175Z,0,0,549,230,0
2026-08-17T01:26:05.0385076Z,0,0,549,230,0
2026-08-17T01:26:05.0433295Z,0,0,549,230,0
2026-08-17T01:26:05.048215Z,0,0,549,230,0
2026-08-17T01:26:05.0531013Z,0,0,549,230,0
2026-08-17T01:26:05.0582885Z,0,0,549,230,0
2026-08-17T01:26:05.0631033Z,0,0,549,230,0
2026-08-17T01:26:05.0683421Z,0,0,549,230,0
2026-08-17T01:26:05.0732603Z,0,0,549,230,0
2026-08-17T01:26:05.0784732Z,0,0,549,230,0
2026-08-17T01:26:05.083139Z,0,0,549,230,0
2026-08-17T01:26:05.0880414Z,0,0,549,230,0
2026-08-17T01:26:05.0935682Z,0,0,549,230,0
2026-08-17T01:26:05.0982885Z,0,0,549,230,0
2026-08-17T01:26:05.1033085Z,0,0,549,230,0
2026-08-17T01:26:05.1084101Z,0,0,549,230,0
2026-08-17T01:26:05.1130852Z,0,0,549,230,0
2026-08-17T01:26:05.1184458Z,0,0,549,230,0
2026-08-17T01:26:05.1232935Z,0,0,549,230,0
2026-08-17T01:26:05.1281732Z,0,0,549,230,0
2026-08-17T01:26:05.1331392Z,0,0,549,230,0
2026-08-17T01:26:05.1384037Z,0,0,549,230,0
2026-08-17T01:26:05.1434004Z,0,0,549,230,0
2026-08-17T01:26:05.1481744Z,0,0,549,230,0
2026-08-17T01:26:05.1532091Z,0,0,549,230,0
2026-08-17T01:26:05.1585513Z,0,0,549,230,0
2026-08-17T01:26:05.1633893Z,0,0,549,230,0
2026-08-17T01:26:05.1687034Z,0,0,549,230,0
2026-08-17T01:26:05.1734703Z,0,0,549,230,0
2026-08-17T01:26:05.1783009Z,0,0,549,230,0
2026-08-17T01:26:05.1832937Z,0,0,549,230,0
2026-08-17T01:26:05.1882615Z,0,0,549,230,0
2026-08-17T01:26:05.1935508Z,0,0,549,230,0
2026-08-17T01:26:05.1983325Z,0,0,549,230,0
2026-08-17T01:26:05.2032806Z,0,0,549,230,0
2026-08-17T01:26:05.208629Z,0,0,549,230,0
2026-08-17T01:26:05.2134747Z,0,0,549,230,0
2026-08-17T01:26:05.2182776Z,0,0,549,230,0
2026-08-17T01:26:05.2233376Z,0,0,549,230,0
2026-08-17T01:26:05.2286562Z,0,0,549,230,0
2026-08-17T01:26:05.2331239Z,0,0,549,230,0
2026-08-17T01:26:05.2380079Z,0,0,549,230,0
2026-08-17T01:26:05.2433803Z,0,0,549,230,0
2026-08-17T01:26:05.248686Z,0,0,549,230,0
2026-08-17T01:26:05.2531987Z,0,0,549,230,0
2026-08-17T01:26:05.258182Z,0,0,549,230,0
2026-08-17T01:26:05.2632713Z,0,0,549,230,0
2026-08-17T01:26:05.2679916Z,0,0,549,230,0
2026-08-17T01:26:05.2733423Z,0,0,549,230,0
2026-08-17T01:26:05.2780633Z,0,0,549,230,0
2026-08-17T01:26:05.2832987Z,0,0,549,230,0
2026-08-17T01:26:05.2880286Z,0,0,549,230,0
2026-08-17T01:26:05.2933783Z,0,0,549,230,0
2026-08-17T01:26:05.2982069Z,0,0,549,230,0
2026-08-17T01:26:05.3030349Z,0,0,549,230,0
2026-08-17T01:26:05.308052Z,0,0,549,230,0
2026-08-17T01:26:05.3133411Z,0,0,549,230,0
2026-08-17T01:26:05.3186405Z,0,0,549,230,0
2026-08-17T01:26:05.3233875Z,0,0,549,230,0
2026-08-17T01:26:05.3284937Z,0,0,549,230,0
2026-08-17T01:26:05.3333406Z,0,0,549,230,0
2026-08-17T01:26:05.3382781Z,0,0,549,230,0
2026-08-17T01:26:05.3433482Z,0,0,549,230,0
2026-08-17T01:26:05.3482469Z,0,0,549,230,0
2026-08-17T01:26:05.3532344Z,0,0,549,230,0
2026-08-17T01:26:05.358802Z,0,0,549,230,0
2026-08-17T01:26:05.363243Z,0,0,549,230,0
2026-08-17T01:26:05.3680377Z,0,0,549,230,0
2026-08-17T01:26:05.3730712Z,0,0,549,230,0
2026-08-17T01:26:05.3781411Z,0,0,549,230,0
2026-08-17T01:26:05.3831898Z,0,0,549,230,0
2026-08-17T01:26:05.3880625Z,0,0,549,230,0
2026-08-17T01:26:05.3932433Z,0,0,549,230,0
2026-08-17T01:26:05.3981693Z,0,0,549,230,0
2026-08-17T01:26:05.4033089Z,0,0,549,230,0
2026-08-17T01:26:05.4082621Z,0,0,549,230,0
2026-08-17T01:26:05.4132058Z,0,0,549,230,0
2026-08-17T01:26:05.4189042Z,0,0,549,230,0
2026-08-17T01:26:05.4232377Z,0,0,549,230,0
2026-08-17T01:26:05.4280679Z,0,0,549,230,0
2026-08-17T01:26:05.4333034Z,0,0,549,230,0
2026-08-17T01:26:05.4382061Z,0,0,549,230,0
2026-08-17T01:26:05.4432918Z,0,0,549,230,0
2026-08-17T01:26:05.4480066Z,0,0,549,230,0
2026-08-17T01:26:05.4533689Z,0,0,549,230,0
2026-08-17T01:26:05.4582569Z,0,0,549,230,0
2026-08-17T01:26:05.46314Z,0,0,549,230,0
2026-08-17T01:26:05.4683243Z,0,0,549,230,0
2026-08-17T01:26:05.4733928Z,0,0,549,230,0
2026-08-17T01:26:05.4781099Z,0,0,549,230,0
2026-08-17T01:26:05.4830666Z,0,0,549,230,0
2026-08-17T01:26:05.4879925Z,0,0,549,230,0
2026-08-17T01:26:05.4932302Z,0,0,549,230,0
2026-08-17T01:26:05.4979538Z,0,0,549,230,0
2026-08-17T01:26:05.5029669Z,0,0,549,230,0
2026-08-17T01:26:05.5081069Z,0,0,549,230,0
2026-08-17T01:26:05.5133909Z,0,0,549,230,0
2026-08-17T01:26:05.5182103Z,0,0,549,230,0
2026-08-17T01:26:05.5232233Z,0,0,549,230,0
2026-08-17T01:26:05.5280909Z,0,0,549,230,0
2026-08-17T01:26:05.5330261Z,0,0,549,230,0
2026-08-17T01:26:05.538229Z,0,0,549,230,0
2026-08-17T01:26:05.5434196Z,0,0,549,230,0
2026-08-17T01:26:05.548178Z,0,0,549,230,0
2026-08-17T01:26:05.5533488Z,0,0,549,230,0
2026-08-17T01:26:05.558259Z,0,0,549,230,0
2026-08-17T01:26:05.5631545Z,0,0,549,230,0
2026-08-17T01:26:05.568032Z,0,0,549,230,0
2026-08-17T01:26:05.5732982Z,0,0,549,230,0
2026-08-17T01:26:05.5784563Z,0,0,549,230,0
2026-08-17T01:26:05.5833735Z,0,0,549,230,0
2026-08-17T01:26:05.5882489Z,0,0,549,230,0
2026-08-17T01:26:05.5932239Z,0,0,549,230,0
2026-08-17T01:26:05.598076Z,0,0,549,230,0
2026-08-17T01:26:05.6034088Z,0,0,549,230,0
2026-08-17T01:26:05.6084947Z,0,0,549,230,0
2026-08-17T01:26:05.6136252Z,0,0,549,230,0
2026-08-17T01:26:05.6183801Z,0,0,549,230,0
2026-08-17T01:26:05.6233345Z,0,0,549,230,0
2026-08-17T01:26:05.6279868Z,0,0,549,230,0
2026-08-17T01:26:05.6334185Z,0,0,549,230,0
2026-08-17T01:26:05.6381476Z,0,0,549,230,0
2026-08-17T01:26:05.6430591Z,0,0,549,230,0
2026-08-17T01:26:05.6484864Z,0,0,549,230,0
2026-08-17T01:26:05.6531074Z,0,0,549,230,0
2026-08-17T01:26:05.6584912Z,0,0,549,230,0
2026-08-17T01:26:05.6629928Z,0,0,549,230,0
2026-08-17T01:26:05.668157Z,0,0,549,230,0
2026-08-17T01:26:05.6733115Z,0,0,549,230,0
2026-08-17T01:26:05.6781656Z,0,0,549,230,0
2026-08-17T01:26:05.6830163Z,0,0,549,230,0
2026-08-17T01:26:05.6880497Z,0,0,549,230,0
2026-08-17T01:26:05.6931566Z,0,0,549,230,0
2026-08-17T01:26:05.6979822Z,0,0,549,230,0
2026-08-17T01:26:05.7030192Z,0,0,549,230,0
2026-08-17T01:26:05.7080747Z,0,0,549,230,0
2026-08-17T01:26:05.7132961Z,0,0,549,230,0
2026-08-17T01:26:05.718131Z,0,0,549,230,0
2026-08-17T01:26:05.7229277Z,0,0,549,230,0
2026-08-17T01:26:05.7284811Z,0,0,549,230,0
2026-08-17T01:26:05.7331045Z,0,0,549,230,0
2026-08-17T01:26:05.737972Z,0,0,549,230,0
2026-08-17T01:26:05.7432494Z,0,0,549,230,0
2026-08-17T01:26:05.748123Z,0,0,549,230,0
2026-08-17T01:26:05.7530201Z,0,0,549,230,0
2026-08-17T01:26:05.7584265Z,0,0,549,230,0
2026-08-17T01:26:05.7633472Z,0,0,549,230,0
2026-08-17T01:26:05.7684544Z,0,0,549,230,0
2026-08-17T01:26:05.7733776Z,0,0,549,230,0
2026-08-17T01:26:05.778365Z,0,0,549,230,0
2026-08-17T01:26:05.7834071Z,0,0,549,230,0
2026-08-17T01:26:05.7880847Z,0,0,549,230,0
2026-08-17T01:26:05.7930048Z,0,0,549,230,0
2026-08-17T01:26:05.7981166Z,0,0,549,230,0
2026-08-17T01:26:05.8033989Z,0,0,549,230,0
2026-08-17T01:26:05.8086091Z,0,0,549,230,0
2026-08-17T01:26:05.8138292Z,0,0,549,230,0
2026-08-17T01:26:05.8179832Z,0,0,549,230,0
2026-08-17T01:26:05.822974Z,0,0,549,230,0
2026-08-17T01:26:05.8282Z,0,0,549,230,0
2026-08-17T01:26:05.8330781Z,0,0,549,230,0
2026-08-17T01:26:05.8382113Z,0,0,549,230,0
2026-08-17T01:26:05.8431562Z,0,0,549,230,0
2026-08-17T01:26:05.8485325Z,0,0,549,230,0
2026-08-17T01:26:05.8531737Z,0,0,549,230,0
2026-08-17T01:26:05.8581745Z,0,0,549,230,0
2026-08-17T01:26:05.8632958Z,0,0,549,230,0
2026-08-17T01:26:05.8682402Z,0,0,549,230,0
2026-08-17T01:26:05.8731119Z,0,0,549,230,0
2026-08-17T01:26:05.8783271Z,0,0,549,230,0
2026-08-17T01:26:05.8832547Z,0,0,549,230,0
2026-08-17T01:26:05.8880524Z,0,0,549,230,0
2026-08-17T01:26:05.8929987Z,0,0,549,230,0
2026-08-17T01:26:05.8984632Z,0,0,549,230,0
2026-08-17T01:26:05.9039877Z,0,0,549,230,0
2026-08-17T01:26:05.9082802Z,0,0,549,230,0
2026-08-17T01:26:05.9130916Z,0,0,549,230,0
2026-08-17T01:26:05.9183835Z,0,0,549,230,0
2026-08-17T01:26:05.9232992Z,0,0,549,230,0
2026-08-17T01:26:05.9279918Z,0,0,549,230,0
2026-08-17T01:26:05.933272Z,0,0,549,230,0
2026-08-17T01:26:05.9385597Z,0,0,549,230,0
2026-08-17T01:26:05.9429839Z,0,0,549,230,0
2026-08-17T01:26:05.948384Z,0,0,549,230,0
2026-08-17T01:26:05.9533766Z,0,0,549,230,0
2026-08-17T01:26:05.9580663Z,0,0,549,230,0
2026-08-17T01:26:05.9634884Z,0,0,549,230,0
2026-08-17T01:26:05.9682763Z,0,0,549,230,0
2026-08-17T01:26:05.9731819Z,0,0,549,230,0
2026-08-17T01:26:05.9783285Z,0,0,549,230,0
2026-08-17T01:26:05.9835467Z,0,0,549,230,0
2026-08-17T01:26:05.9881605Z,0,0,549,230,0
2026-08-17T01:26:05.9930231Z,0,0,549,230,0
2026-08-17T01:26:05.9983624Z,0,0,549,230,0
2026-08-17T01:26:06.0030984Z,0,0,549,230,0
2026-08-17T01:26:06.008134Z,0,0,549,230,0
2026-08-17T01:26:06.0130664Z,0,0,549,230,0
2026-08-17T01:26:06.0181009Z,0,0,549,230,0
2026-08-17T01:26:06.0229472Z,0,0,549,230,0
2026-08-17T01:26:06.0282966Z,0,0,549,230,0
2026-08-17T01:26:06.0332793Z,0,0,549,230,0
2026-08-17T01:26:06.0379347Z,0,0,549,230,0
2026-08-17T01:26:06.0432064Z,0,0,549,230,0
2026-08-17T01:26:06.0483098Z,0,0,549,230,0
2026-08-17T01:26:06.0533586Z,0,0,549,230,0
2026-08-17T01:26:06.0584877Z,0,0,549,230,0
2026-08-17T01:26:06.0632559Z,0,0,549,230,0
2026-08-17T01:26:06.068395Z,0,0,549,230,0
2026-08-17T01:26:06.0731859Z,0,0,549,230,0
2026-08-17T01:26:06.078024Z,0,0,549,230,0
2026-08-17T01:26:06.0832926Z,0,0,549,230,0
2026-08-17T01:26:06.0884754Z,0,0,549,230,0
2026-08-17T01:26:06.0933063Z,0,0,549,230,0
2026-08-17T01:26:06.098004Z,0,0,549,230,0
2026-08-17T01:26:06.1033535Z,0,0,549,230,0
2026-08-17T01:26:06.1080746Z,0,0,549,230,0
2026-08-17T01:26:06.1133967Z,0,0,549,230,0
2026-08-17T01:26:06.118154Z,0,0,549,230,0
2026-08-17T01:26:06.1234536Z,0,0,549,230,0
2026-08-17T01:26:06.1287128Z,0,0,549,230,0
2026-08-17T01:26:06.1332279Z,0,0,549,230,0
2026-08-17T01:26:06.1384548Z,0,0,549,230,0
2026-08-17T01:26:06.1433499Z,0,0,549,230,0
2026-08-17T01:26:06.148599Z,0,0,549,230,0
2026-08-17T01:26:06.1536226Z,0,0,549,230,0
2026-08-17T01:26:06.1583318Z,0,0,549,230,0
2026-08-17T01:26:06.1637673Z,0,0,549,230,0
2026-08-17T01:26:06.1680901Z,0,0,549,230,0
2026-08-17T01:26:06.1733668Z,0,0,549,230,0
2026-08-17T01:26:06.1786113Z,0,0,549,230,0
2026-08-17T01:26:06.1830408Z,0,0,549,230,0
2026-08-17T01:26:06.1885286Z,0,0,549,230,0
2026-08-17T01:26:06.1933211Z,0,0,549,230,0
2026-08-17T01:26:06.1985834Z,0,0,549,230,0
2026-08-17T01:26:06.2032593Z,0,0,549,230,0
2026-08-17T01:26:06.2085073Z,0,0,549,230,0
2026-08-17T01:26:06.2134352Z,0,0,549,230,0
2026-08-17T01:26:06.2183327Z,0,0,549,230,0
2026-08-17T01:26:06.2237125Z,0,0,549,230,0
2026-08-17T01:26:06.2280252Z,0,0,549,230,0
2026-08-17T01:26:06.233795Z,0,0,549,230,0
2026-08-17T01:26:06.2386108Z,0,0,549,230,0
2026-08-17T01:26:06.2430168Z,0,0,549,230,0
2026-08-17T01:26:06.2484356Z,0,0,549,230,0
2026-08-17T01:26:06.2529676Z,0,0,549,230,0
2026-08-17T01:26:06.2586294Z,0,0,549,230,0
2026-08-17T01:26:06.2629896Z,0,0,549,230,0
2026-08-17T01:26:06.2680524Z,0,0,549,230,0
2026-08-17T01:26:06.2733691Z,0,0,549,230,0
2026-08-17T01:26:06.2781041Z,0,0,549,230,0
2026-08-17T01:26:06.2831341Z,0,0,549,230,0
2026-08-17T01:26:06.2880208Z,0,0,549,230,0
2026-08-17T01:26:06.293366Z,0,0,549,230,0
2026-08-17T01:26:06.2980593Z,0,0,549,230,0
2026-08-17T01:26:06.3032612Z,0,0,549,230,0
2026-08-17T01:26:06.3079768Z,0,0,549,230,0
2026-08-17T01:26:06.3132848Z,0,0,549,230,0
2026-08-17T01:26:06.3180302Z,0,0,549,230,0
2026-08-17T01:26:06.3230595Z,0,0,549,230,0
2026-08-17T01:26:06.3284443Z,0,0,549,230,0
2026-08-17T01:26:06.3333295Z,0,0,549,230,0
2026-08-17T01:26:06.3382492Z,0,0,549,230,0
2026-08-17T01:26:06.3433448Z,0,0,549,230,0
2026-08-17T01:26:06.3487794Z,0,0,549,230,0
2026-08-17T01:26:06.3531756Z,0,0,549,230,0
2026-08-17T01:26:06.3580472Z,0,0,549,230,0
2026-08-17T01:26:06.3634826Z,0,0,549,230,0
2026-08-17T01:26:06.3681736Z,0,0,549,230,0
2026-08-17T01:26:06.3732956Z,0,0,549,230,0
2026-08-17T01:26:06.3780928Z,0,0,549,230,0
2026-08-17T01:26:06.3836561Z,0,0,549,230,0
2026-08-17T01:26:06.3884033Z,0,0,549,230,0
2026-08-17T01:26:06.3932826Z,0,0,549,230,0
2026-08-17T01:26:06.3988725Z,0,0,549,230,0
2026-08-17T01:26:06.4033339Z,0,0,549,230,0
2026-08-17T01:26:06.4081917Z,0,0,549,230,0
2026-08-17T01:26:06.4130629Z,0,0,549,230,0
2026-08-17T01:26:06.4181343Z,0,0,549,230,0
2026-08-17T01:26:06.4234536Z,0,0,549,230,0
2026-08-17T01:26:06.4280766Z,0,0,549,230,0
2026-08-17T01:26:06.4334576Z,0,0,549,230,0
2026-08-17T01:26:06.4382213Z,0,0,549,230,0
2026-08-17T01:26:06.4431961Z,0,0,549,230,0
2026-08-17T01:26:06.4484244Z,0,0,549,230,0
2026-08-17T01:26:06.4533023Z,0,0,549,230,0
2026-08-17T01:26:06.4580383Z,0,0,549,230,0
2026-08-17T01:26:06.4630409Z,0,0,549,230,0
2026-08-17T01:26:06.4684083Z,0,0,549,230,0
2026-08-17T01:26:06.4730546Z,0,0,549,230,0
2026-08-17T01:26:06.4779761Z,0,0,549,230,0
2026-08-17T01:26:06.4834022Z,0,0,549,230,0
2026-08-17T01:26:06.4884385Z,0,0,549,230,0
2026-08-17T01:26:06.4931851Z,0,0,549,230,0
2026-08-17T01:26:06.4981455Z,0,0,549,230,0
2026-08-17T01:26:06.5032709Z,0,0,549,230,0
2026-08-17T01:26:06.5079802Z,0,0,549,230,0
2026-08-17T01:26:06.5135268Z,0,0,549,230,0
2026-08-17T01:26:06.5183818Z,0,0,549,230,0
2026-08-17T01:26:06.5234396Z,0,0,549,230,0
2026-08-17T01:26:06.528323Z,0,0,549,230,0
2026-08-17T01:26:06.5333144Z,0,0,549,230,0
2026-08-17T01:26:06.5380719Z,0,0,549,230,0
2026-08-17T01:26:06.5434608Z,0,0,549,230,0
2026-08-17T01:26:06.5482191Z,0,0,549,230,0
2026-08-17T01:26:06.5532716Z,0,0,549,230,0
2026-08-17T01:26:06.5580615Z,0,0,549,230,0
2026-08-17T01:26:06.5630531Z,0,0,549,230,0
2026-08-17T01:26:06.5684678Z,0,0,549,230,0
2026-08-17T01:26:06.5729481Z,0,0,549,230,0
2026-08-17T01:26:06.5780413Z,0,0,549,230,0
2026-08-17T01:26:06.5833435Z,0,0,549,230,0
2026-08-17T01:26:06.5881014Z,0,0,549,230,0
2026-08-17T01:26:06.5931089Z,0,0,549,230,0
2026-08-17T01:26:06.598404Z,0,0,549,230,0
2026-08-17T01:26:06.6034359Z,0,0,549,230,0
2026-08-17T01:26:06.608306Z,0,0,549,230,0
2026-08-17T01:26:06.6131997Z,0,0,549,230,0
2026-08-17T01:26:06.6179959Z,0,0,549,230,0
2026-08-17T01:26:06.6234067Z,0,0,549,230,0
2026-08-17T01:26:06.628291Z,0,0,549,230,0
2026-08-17T01:26:06.6331474Z,0,0,549,230,0
2026-08-17T01:26:06.6381142Z,0,0,549,230,0
2026-08-17T01:26:06.6432811Z,0,0,549,230,0
2026-08-17T01:26:06.6480561Z,0,0,549,230,0
2026-08-17T01:26:06.653061Z,0,0,549,230,0
2026-08-17T01:26:06.6580217Z,0,0,549,230,0
2026-08-17T01:26:06.6629654Z,0,0,549,230,0
2026-08-17T01:26:06.6680363Z,0,0,549,230,0
2026-08-17T01:26:06.673477Z,0,0,549,230,0
2026-08-17T01:26:06.6783043Z,0,0,549,230,0
2026-08-17T01:26:06.6833462Z,0,0,549,230,0
2026-08-17T01:26:06.6881428Z,0,0,549,230,0
2026-08-17T01:26:06.6935727Z,0,0,549,230,0
2026-08-17T01:26:06.6983494Z,0,0,549,230,0
2026-08-17T01:26:06.7033424Z,0,0,549,230,0
2026-08-17T01:26:06.7086059Z,0,0,549,230,0
2026-08-17T01:26:06.713308Z,0,0,549,230,0
2026-08-17T01:26:06.7182713Z,0,0,549,230,0
2026-08-17T01:26:06.723419Z,0,0,549,230,0
2026-08-17T01:26:06.7281747Z,0,0,549,230,0
2026-08-17T01:26:06.7330291Z,0,0,549,230,0
2026-08-17T01:26:06.7380931Z,0,0,549,230,0
2026-08-17T01:26:06.7432142Z,0,0,549,230,0
2026-08-17T01:26:06.7483726Z,0,0,549,230,0
2026-08-17T01:26:06.7534241Z,0,0,549,230,0
2026-08-17T01:26:06.7581575Z,0,0,549,230,0
2026-08-17T01:26:06.7635095Z,0,0,549,230,0
2026-08-17T01:26:06.7681618Z,0,0,549,230,0
2026-08-17T01:26:06.7732841Z,0,0,549,230,0
2026-08-17T01:26:06.7785134Z,0,0,549,230,0
2026-08-17T01:26:06.7833061Z,0,0,549,230,0
2026-08-17T01:26:06.7882849Z,0,0,549,230,0
2026-08-17T01:26:06.7932922Z,0,0,549,230,0
2026-08-17T01:26:06.798367Z,0,0,549,230,0
2026-08-17T01:26:06.8030185Z,0,0,549,230,0
2026-08-17T01:26:06.8084405Z,0,0,549,230,0
2026-08-17T01:26:06.8136931Z,0,0,549,230,0
2026-08-17T01:26:06.8183735Z,0,0,549,230,0
2026-08-17T01:26:06.823382Z,0,0,549,230,0
2026-08-17T01:26:06.8281987Z,0,0,549,230,0
2026-08-17T01:26:06.8335768Z,0,0,549,230,0
2026-08-17T01:26:06.8385095Z,0,0,549,230,0
2026-08-17T01:26:06.8429496Z,0,0,549,230,0
2026-08-17T01:26:06.8480586Z,0,0,549,230,0
2026-08-17T01:26:06.8530202Z,0,0,549,230,0
2026-08-17T01:26:06.8582719Z,0,0,549,230,0
2026-08-17T01:26:06.8631964Z,0,0,549,230,0
2026-08-17T01:26:06.8681583Z,0,0,549,230,0
2026-08-17T01:26:06.8732683Z,0,0,549,230,0
2026-08-17T01:26:06.8781894Z,0,0,549,230,0
2026-08-17T01:26:06.8831092Z,0,0,549,230,0
2026-08-17T01:26:06.888063Z,0,0,549,230,0
2026-08-17T01:26:06.8930661Z,0,0,549,230,0
2026-08-17T01:26:06.89819Z,0,0,549,230,0
2026-08-17T01:26:06.9035124Z,0,0,549,230,0
2026-08-17T01:26:06.9083575Z,0,0,549,230,0
2026-08-17T01:26:06.9132843Z,0,0,549,230,0
2026-08-17T01:26:06.9181726Z,0,0,549,230,0
2026-08-17T01:26:06.9231568Z,0,0,549,230,0
2026-08-17T01:26:06.9279844Z,0,0,549,230,0
2026-08-17T01:26:06.9332968Z,0,0,549,230,0
2026-08-17T01:26:06.9380636Z,0,0,549,230,0
2026-08-17T01:26:06.9432802Z,0,0,549,230,0
2026-08-17T01:26:06.9480446Z,0,0,549,230,0
2026-08-17T01:26:06.9534241Z,0,0,549,230,0
2026-08-17T01:26:06.9583533Z,0,0,549,230,0
2026-08-17T01:26:06.9630654Z,0,0,549,230,0
2026-08-17T01:26:06.968142Z,0,0,549,230,0
2026-08-17T01:26:06.9737825Z,0,0,549,230,0
2026-08-17T01:26:06.9779679Z,0,0,549,230,0
2026-08-17T01:26:06.9833206Z,0,0,549,230,0
2026-08-17T01:26:06.988131Z,0,0,549,230,0
2026-08-17T01:26:06.9931283Z,0,0,549,230,0
2026-08-17T01:26:06.9981569Z,0,0,549,230,0
2026-08-17T01:26:07.0030414Z,0,0,549,230,0
2026-08-17T01:26:07.0082255Z,0,0,549,230,0
2026-08-17T01:26:07.0130903Z,0,0,549,230,0
2026-08-17T01:26:07.0181561Z,0,0,549,230,0
2026-08-17T01:26:07.023226Z,0,0,549,230,0
2026-08-17T01:26:07.0280623Z,0,0,549,230,0
2026-08-17T01:26:07.0334586Z,0,0,549,230,0
2026-08-17T01:26:07.0387137Z,0,0,549,230,0
2026-08-17T01:26:07.0431592Z,0,0,549,230,0
2026-08-17T01:26:07.0481454Z,0,0,549,230,0
2026-08-17T01:26:07.0534613Z,0,0,549,230,0
2026-08-17T01:26:07.0581546Z,0,0,549,230,0
2026-08-17T01:26:07.0632169Z,0,0,549,230,0
2026-08-17T01:26:07.0680871Z,0,0,549,230,0
2026-08-17T01:26:07.0731633Z,0,0,549,230,0
2026-08-17T01:26:07.0781993Z,0,0,549,230,0
2026-08-17T01:26:07.0831052Z,0,0,549,230,0
2026-08-17T01:26:07.0879566Z,0,0,549,230,0
2026-08-17T01:26:07.093358Z,0,0,549,230,0
2026-08-17T01:26:07.0981941Z,0,0,549,230,0
2026-08-17T01:26:07.103153Z,0,0,549,230,0
2026-08-17T01:26:07.1079537Z,0,0,549,230,0
2026-08-17T01:26:07.1133096Z,0,0,549,230,0
2026-08-17T01:26:07.118041Z,0,0,549,230,0
2026-08-17T01:26:07.123215Z,0,0,549,230,0
2026-08-17T01:26:07.1280194Z,0,0,549,230,0
2026-08-17T01:26:07.1333901Z,0,0,549,230,0
2026-08-17T01:26:07.1381195Z,0,0,549,230,0
2026-08-17T01:26:07.1433445Z,0,0,549,230,0
2026-08-17T01:26:07.1483402Z,0,0,549,230,0
2026-08-17T01:26:07.1534801Z,0,0,549,230,0
2026-08-17T01:26:07.1584091Z,0,0,549,230,0
2026-08-17T01:26:07.1635428Z,0,0,549,230,0
2026-08-17T01:26:07.1683342Z,0,0,549,230,0
2026-08-17T01:26:07.1734685Z,0,0,549,230,0
2026-08-17T01:26:07.1782867Z,0,0,549,230,0
2026-08-17T01:26:07.1834125Z,0,0,549,230,0
2026-08-17T01:26:07.188136Z,0,0,549,230,0
2026-08-17T01:26:07.1933696Z,0,0,549,230,0
2026-08-17T01:26:07.1982237Z,0,0,549,230,0
2026-08-17T01:26:07.2034861Z,0,0,549,230,0
2026-08-17T01:26:07.2079777Z,0,0,549,230,0
2026-08-17T01:26:07.2129492Z,0,0,549,230,0
2026-08-17T01:26:07.2180309Z,0,0,549,230,0
2026-08-17T01:26:07.2231732Z,0,0,549,230,0
2026-08-17T01:26:07.2284896Z,0,0,549,230,0
2026-08-17T01:26:07.2334256Z,0,0,549,230,0
2026-08-17T01:26:07.2382456Z,0,0,549,230,0
2026-08-17T01:26:07.2433144Z,0,0,549,230,0
2026-08-17T01:26:07.248122Z,0,0,549,230,0
2026-08-17T01:26:07.2530567Z,0,0,549,230,0
2026-08-17T01:26:07.2579259Z,0,0,549,230,0
2026-08-17T01:26:07.2635856Z,0,0,549,230,0
2026-08-17T01:26:07.2683307Z,0,0,549,230,0
2026-08-17T01:26:07.2732882Z,0,0,549,230,0
2026-08-17T01:26:07.2786424Z,0,0,549,230,0
2026-08-17T01:26:07.2830856Z,0,0,549,230,0
2026-08-17T01:26:07.288763Z,0,0,549,230,0
2026-08-17T01:26:07.2933934Z,0,0,549,230,0
2026-08-17T01:26:07.2985063Z,0,0,549,230,0
2026-08-17T01:26:07.3029552Z,0,0,549,230,0
2026-08-17T01:26:07.3085759Z,0,0,549,230,0
2026-08-17T01:26:07.3134334Z,0,0,549,230,0
2026-08-17T01:26:07.3181691Z,0,0,549,230,0
2026-08-17T01:26:07.3231567Z,0,0,549,230,0
2026-08-17T01:26:07.3280767Z,0,0,549,230,0
2026-08-17T01:26:07.3332514Z,0,0,549,230,0
2026-08-17T01:26:07.3379976Z,0,0,549,230,0
2026-08-17T01:26:07.3432045Z,0,0,549,230,0
2026-08-17T01:26:07.3487398Z,0,0,549,230,0
2026-08-17T01:26:07.3536849Z,0,0,549,230,0
2026-08-17T01:26:07.3584566Z,0,0,549,230,0
2026-08-17T01:26:07.3633887Z,0,0,549,230,0
2026-08-17T01:26:07.3683643Z,0,0,549,230,0
2026-08-17T01:26:07.3733772Z,0,0,549,230,0
2026-08-17T01:26:07.3782253Z,0,0,549,230,0
2026-08-17T01:26:07.3834012Z,0,0,549,230,0
2026-08-17T01:26:07.3882904Z,0,0,549,230,0
2026-08-17T01:26:07.3938104Z,0,0,549,230,0
2026-08-17T01:26:07.398161Z,0,0,549,230,0
2026-08-17T01:26:07.4031713Z,0,0,549,230,0
2026-08-17T01:26:07.4085121Z,0,0,549,230,0
2026-08-17T01:26:07.4133758Z,0,0,549,230,0
2026-08-17T01:26:07.4182417Z,0,0,549,230,0
2026-08-17T01:26:07.4233672Z,0,0,549,230,0
2026-08-17T01:26:07.4280537Z,0,0,549,230,0
2026-08-17T01:26:07.4334015Z,0,0,549,230,0
2026-08-17T01:26:07.4382404Z,0,0,549,230,0
2026-08-17T01:26:07.4431506Z,0,0,549,230,0
2026-08-17T01:26:07.4485228Z,0,0,549,230,0
2026-08-17T01:26:07.4536654Z,0,0,549,230,0
2026-08-17T01:26:07.4584238Z,0,0,549,230,0
2026-08-17T01:26:07.4636064Z,0,0,549,230,0
2026-08-17T01:26:07.4684425Z,0,0,549,230,0
2026-08-17T01:26:07.4732555Z,0,0,549,230,0
2026-08-17T01:26:07.4781509Z,0,0,549,230,0
2026-08-17T01:26:07.4829969Z,0,0,549,230,0
2026-08-17T01:26:07.4881883Z,0,0,549,230,0
2026-08-17T01:26:07.4931665Z,0,0,549,230,0
2026-08-17T01:26:07.4982526Z,0,0,549,230,0
2026-08-17T01:26:07.5032012Z,0,0,549,230,0
2026-08-17T01:26:07.5079468Z,0,0,549,230,0
2026-08-17T01:26:07.5132069Z,0,0,549,230,0
2026-08-17T01:26:07.5180043Z,0,0,549,230,0
2026-08-17T01:26:07.523316Z,0,0,549,230,0
2026-08-17T01:26:07.5280927Z,0,0,549,230,0
2026-08-17T01:26:07.5329944Z,0,0,549,230,0
2026-08-17T01:26:07.5384612Z,0,0,549,230,0
2026-08-17T01:26:07.5434493Z,0,0,549,230,0
2026-08-17T01:26:07.5482602Z,0,0,549,230,0
2026-08-17T01:26:07.5536688Z,0,0,549,230,0
2026-08-17T01:26:07.5579834Z,0,0,549,230,0
2026-08-17T01:26:07.5631993Z,0,0,549,230,0
2026-08-17T01:26:07.5680983Z,0,0,549,230,0
2026-08-17T01:26:07.5734175Z,0,0,549,230,0
2026-08-17T01:26:07.57833Z,0,0,549,230,0
2026-08-17T01:26:07.5830206Z,0,0,549,230,0
2026-08-17T01:26:07.5880155Z,0,0,549,230,0
2026-08-17T01:26:07.5934543Z,0,0,549,230,0
2026-08-17T01:26:07.5984103Z,0,0,549,230,0
2026-08-17T01:26:07.6032393Z,0,0,549,230,0
2026-08-17T01:26:07.6081101Z,0,0,549,230,0
2026-08-17T01:26:07.6133831Z,0,0,549,230,0
2026-08-17T01:26:07.6181879Z,0,0,549,230,0
2026-08-17T01:26:07.6231273Z,0,0,549,230,0
2026-08-17T01:26:07.6281154Z,0,0,549,230,0
2026-08-17T01:26:07.6332538Z,0,0,549,230,0
2026-08-17T01:26:07.6384525Z,0,0,549,230,0
2026-08-17T01:26:07.6433909Z,0,0,549,230,0
2026-08-17T01:26:07.6482993Z,0,0,549,230,0
2026-08-17T01:26:07.6533008Z,0,0,549,230,0
2026-08-17T01:26:07.658155Z,0,0,549,230,0
2026-08-17T01:26:07.6635194Z,0,0,549,230,0
2026-08-17T01:26:07.6682687Z,0,0,549,230,0
2026-08-17T01:26:07.6733926Z,0,0,549,230,0
2026-08-17T01:26:07.6781253Z,0,0,549,230,0
2026-08-17T01:26:07.6831726Z,0,0,549,230,0
2026-08-17T01:26:07.6884045Z,0,0,549,230,0
2026-08-17T01:26:07.6933146Z,0,0,549,230,0
2026-08-17T01:26:07.6984044Z,0,0,549,230,0
2026-08-17T01:26:07.7035704Z,0,0,549,230,0
2026-08-17T01:26:07.708287Z,0,0,549,230,0
2026-08-17T01:26:07.7129715Z,0,0,549,230,0
2026-08-17T01:26:07.7181149Z,0,0,549,230,0
2026-08-17T01:26:07.7235654Z,0,0,549,230,0
2026-08-17T01:26:07.7283306Z,0,0,549,230,0
2026-08-17T01:26:07.7330516Z,0,0,549,230,0
2026-08-17T01:26:07.7380251Z,0,0,549,230,0
2026-08-17T01:26:07.7430397Z,0,0,549,230,0
2026-08-17T01:26:07.7482062Z,0,0,549,230,0
2026-08-17T01:26:07.7531069Z,0,0,549,230,0
2026-08-17T01:26:07.7579452Z,0,0,549,230,0
2026-08-17T01:26:07.7629579Z,0,0,549,230,0
2026-08-17T01:26:07.7681335Z,0,0,549,230,0
2026-08-17T01:26:07.7734603Z,0,0,549,230,0
2026-08-17T01:26:07.7782653Z,0,0,549,230,0
2026-08-17T01:26:07.7831801Z,0,0,549,230,0
2026-08-17T01:26:07.7881914Z,0,0,549,230,0
2026-08-17T01:26:07.79313Z,0,0,549,230,0
2026-08-17T01:26:07.7982739Z,0,0,549,230,0
2026-08-17T01:26:07.8037321Z,0,0,549,230,0
2026-08-17T01:26:07.8079337Z,0,0,549,230,0
2026-08-17T01:26:07.8132049Z,0,0,549,230,0
2026-08-17T01:26:07.8181632Z,0,0,549,230,0
2026-08-17T01:26:07.822982Z,0,0,549,230,0
2026-08-17T01:26:07.8286152Z,0,0,549,230,0
2026-08-17T01:26:07.8331875Z,0,0,549,230,0
2026-08-17T01:26:07.8381584Z,0,0,549,230,0
2026-08-17T01:26:07.8437851Z,0,0,549,230,0
2026-08-17T01:26:07.8481445Z,0,0,549,230,0
2026-08-17T01:26:07.8530128Z,0,0,549,230,0
2026-08-17T01:26:07.858461Z,0,0,549,230,0
2026-08-17T01:26:07.8633095Z,0,0,549,230,0
2026-08-17T01:26:07.8679854Z,0,0,549,230,0
2026-08-17T01:26:07.8733689Z,0,0,549,230,0
2026-08-17T01:26:07.8781488Z,0,0,549,230,0
2026-08-17T01:26:07.8837377Z,0,0,549,230,0
2026-08-17T01:26:07.8885011Z,0,0,549,230,0
2026-08-17T01:26:07.8933665Z,0,0,549,230,0
2026-08-17T01:26:07.898345Z,0,0,549,230,0
2026-08-17T01:26:07.903007Z,0,0,549,230,0
2026-08-17T01:26:07.9084919Z,0,0,549,230,0
2026-08-17T01:26:07.9135131Z,0,0,549,230,0
2026-08-17T01:26:07.9188472Z,0,0,549,230,0
2026-08-17T01:26:07.9232334Z,0,0,549,230,0
2026-08-17T01:26:07.9285432Z,0,0,549,230,0
2026-08-17T01:26:07.9334156Z,0,0,549,230,0
2026-08-17T01:26:07.9382244Z,0,0,549,230,0
2026-08-17T01:26:07.9433132Z,0,0,549,230,0
2026-08-17T01:26:07.9479801Z,0,0,549,230,0
2026-08-17T01:26:07.953654Z,0,0,549,230,0
2026-08-17T01:26:07.9580077Z,0,0,549,230,0
2026-08-17T01:26:07.9633896Z,0,0,549,230,0
2026-08-17T01:26:07.968182Z,0,0,549,230,0
2026-08-17T01:26:07.9731113Z,0,0,549,230,0
2026-08-17T01:26:07.9783103Z,0,0,549,230,0
2026-08-17T01:26:07.983112Z,0,0,549,230,0
2026-08-17T01:26:07.9881174Z,0,0,549,230,0
2026-08-17T01:26:07.993445Z,0,0,549,230,0
2026-08-17T01:26:07.9982631Z,0,0,549,230,0
2026-08-17T01:26:08.0037269Z,0,0,549,230,0
2026-08-17T01:26:08.007949Z,0,0,549,230,0
2026-08-17T01:26:08.0133405Z,0,0,549,230,0
2026-08-17T01:26:08.0182245Z,0,0,549,230,0
2026-08-17T01:26:08.0231481Z,0,0,549,230,0
2026-08-17T01:26:08.028394Z,0,0,549,230,0
2026-08-17T01:26:08.03318Z,0,0,549,230,0
2026-08-17T01:26:08.0385278Z,0,0,549,230,0
2026-08-17T01:26:08.0433523Z,0,0,549,230,0
2026-08-17T01:26:08.0481552Z,0,0,549,230,0
2026-08-17T01:26:08.0535572Z,0,0,549,230,0
2026-08-17T01:26:08.0582026Z,0,0,549,230,0
2026-08-17T01:26:08.0630778Z,0,0,549,230,0
2026-08-17T01:26:08.0681065Z,0,0,549,230,0
2026-08-17T01:26:08.0734575Z,0,0,549,230,0
2026-08-17T01:26:08.0781776Z,0,0,549,230,0
2026-08-17T01:26:08.0835935Z,0,0,549,230,0
2026-08-17T01:26:08.0882823Z,0,0,549,230,0
2026-08-17T01:26:08.0932165Z,0,0,549,230,0
2026-08-17T01:26:08.098541Z,0,0,549,230,0
2026-08-17T01:26:08.1031686Z,0,0,549,230,0
2026-08-17T01:26:08.1079893Z,0,0,549,230,0
2026-08-17T01:26:08.1132894Z,0,0,549,230,0
2026-08-17T01:26:08.1179525Z,0,0,549,230,0
2026-08-17T01:26:08.1232493Z,0,0,549,230,0
2026-08-17T01:26:08.1280354Z,0,0,549,230,0
2026-08-17T01:26:08.1333169Z,0,0,549,230,0
2026-08-17T01:26:08.1380053Z,0,0,549,230,0
2026-08-17T01:26:08.1434639Z,0,0,549,230,0
2026-08-17T01:26:08.148276Z,0,0,549,230,0
2026-08-17T01:26:08.1532456Z,0,0,549,230,0
2026-08-17T01:26:08.1584096Z,0,0,549,230,0
2026-08-17T01:26:08.1633702Z,0,0,549,230,0
2026-08-17T01:26:08.1685849Z,0,0,549,230,0
2026-08-17T01:26:08.1729894Z,0,0,549,230,0
2026-08-17T01:26:08.1780093Z,0,0,549,230,0
2026-08-17T01:26:08.1833966Z,0,0,549,230,0
2026-08-17T01:26:08.1881786Z,0,0,549,230,0
2026-08-17T01:26:08.1933159Z,0,0,549,230,0
2026-08-17T01:26:08.1980471Z,0,0,549,230,0
2026-08-17T01:26:08.2033917Z,0,0,549,230,0
2026-08-17T01:26:08.2082143Z,0,0,549,230,0
2026-08-17T01:26:08.2133091Z,0,0,549,230,0
2026-08-17T01:26:08.2184922Z,0,0,549,230,0
2026-08-17T01:26:08.2232813Z,0,0,549,230,0
2026-08-17T01:26:08.2286108Z,0,0,549,230,0
2026-08-17T01:26:08.2332457Z,0,0,549,230,0
2026-08-17T01:26:08.2379512Z,0,0,549,230,0
2026-08-17T01:26:08.2433592Z,0,0,549,230,0
2026-08-17T01:26:08.2481465Z,0,0,549,230,0
2026-08-17T01:26:08.2531629Z,0,0,549,230,0
2026-08-17T01:26:08.2586953Z,0,0,549,230,0
2026-08-17T01:26:08.263174Z,0,0,549,230,0
2026-08-17T01:26:08.2683967Z,0,0,549,230,0
2026-08-17T01:26:08.2733333Z,0,0,549,230,0
2026-08-17T01:26:08.2786536Z,0,0,549,230,0
2026-08-17T01:26:08.283276Z,0,0,549,230,0
2026-08-17T01:26:08.2881925Z,0,0,549,230,0
2026-08-17T01:26:08.2932375Z,0,0,549,230,0
2026-08-17T01:26:08.2980908Z,0,0,549,230,0
2026-08-17T01:26:08.3032286Z,0,0,549,230,0
2026-08-17T01:26:08.3085366Z,0,0,549,230,0
2026-08-17T01:26:08.3134904Z,0,0,549,230,0
2026-08-17T01:26:08.3183402Z,0,0,549,230,0
2026-08-17T01:26:08.3231406Z,0,0,549,230,0
2026-08-17T01:26:08.328424Z,0,0,549,230,0
2026-08-17T01:26:08.3333203Z,0,0,549,230,0
2026-08-17T01:26:08.3385085Z,0,0,549,230,0
2026-08-17T01:26:08.3433546Z,0,0,549,230,0
2026-08-17T01:26:08.3480466Z,0,0,549,230,0
2026-08-17T01:26:08.3534499Z,0,0,549,230,0
2026-08-17T01:26:08.358131Z,0,0,549,230,0
2026-08-17T01:26:08.3630384Z,0,0,549,230,0
2026-08-17T01:26:08.3682781Z,0,0,549,230,0
2026-08-17T01:26:08.3731146Z,0,0,549,230,0
2026-08-17T01:26:08.378444Z,0,0,549,230,0
2026-08-17T01:26:08.3833663Z,0,0,549,230,0
2026-08-17T01:26:08.388911Z,0,0,549,230,0
2026-08-17T01:26:08.3932084Z,0,0,549,230,0
2026-08-17T01:26:08.3980503Z,0,0,549,230,0
2026-08-17T01:26:08.4032083Z,0,0,549,230,0
2026-08-17T01:26:08.4082255Z,0,0,549,230,0
2026-08-17T01:26:08.4133008Z,0,0,549,230,0
2026-08-17T01:26:08.4180629Z,0,0,549,230,0
2026-08-17T01:26:08.4231561Z,0,0,549,230,0
2026-08-17T01:26:08.4283991Z,0,0,549,230,0
2026-08-17T01:26:08.4332894Z,0,0,549,230,0
2026-08-17T01:26:08.4380779Z,0,0,549,230,0
2026-08-17T01:26:08.4435816Z,0,0,549,230,0
2026-08-17T01:26:08.4488775Z,0,0,549,230,0
2026-08-17T01:26:08.4530733Z,0,0,549,230,0
2026-08-17T01:26:08.4584659Z,0,0,549,230,0
2026-08-17T01:26:08.4634903Z,0,0,549,230,0
2026-08-17T01:26:08.4684375Z,0,0,549,230,0
2026-08-17T01:26:08.4730568Z,0,0,549,230,0
2026-08-17T01:26:08.4784483Z,0,0,549,230,0
2026-08-17T01:26:08.483138Z,0,0,549,230,0
2026-08-17T01:26:08.4880223Z,0,0,549,230,0
2026-08-17T01:26:08.4929595Z,0,0,549,230,0
2026-08-17T01:26:08.4985576Z,0,0,549,230,0
2026-08-17T01:26:08.5031156Z,0,0,549,230,0
2026-08-17T01:26:08.5082129Z,0,0,549,230,0
2026-08-17T01:26:08.5136072Z,0,0,549,230,0
2026-08-17T01:26:08.5183249Z,0,0,549,230,0
2026-08-17T01:26:08.5232719Z,0,0,549,230,0
2026-08-17T01:26:08.528471Z,0,0,549,230,0
2026-08-17T01:26:08.5333897Z,0,0,549,230,0
2026-08-17T01:26:08.5383437Z,0,0,549,230,0
2026-08-17T01:26:08.543355Z,0,0,549,230,0
2026-08-17T01:26:08.5480631Z,0,0,549,230,0
2026-08-17T01:26:08.553173Z,0,0,549,230,0
2026-08-17T01:26:08.558499Z,0,0,549,230,0
2026-08-17T01:26:08.5633455Z,0,0,549,230,0
2026-08-17T01:26:08.5685178Z,0,0,549,230,0
2026-08-17T01:26:08.5730117Z,0,0,549,230,0
2026-08-17T01:26:08.5781713Z,0,0,549,230,0
2026-08-17T01:26:08.583606Z,0,0,549,230,0
2026-08-17T01:26:08.5885409Z,0,0,549,230,0
2026-08-17T01:26:08.5934089Z,0,0,549,230,0
2026-08-17T01:26:08.5981975Z,0,0,549,230,0
2026-08-17T01:26:08.6031833Z,0,0,549,230,0
2026-08-17T01:26:08.6084777Z,0,0,549,230,0
2026-08-17T01:26:08.6134238Z,0,0,549,230,0
2026-08-17T01:26:08.6186354Z,0,0,549,230,0
2026-08-17T01:26:08.6235068Z,0,0,549,230,0
2026-08-17T01:26:08.6282641Z,0,0,549,230,0
2026-08-17T01:26:08.6329993Z,0,0,549,230,0
2026-08-17T01:26:08.6383187Z,0,0,549,230,0
2026-08-17T01:26:08.6432717Z,0,0,549,230,0
2026-08-17T01:26:08.6485176Z,0,0,549,230,0
2026-08-17T01:26:08.6533442Z,0,0,549,230,0
2026-08-17T01:26:08.6580285Z,0,0,549,230,0
2026-08-17T01:26:08.6635734Z,0,0,549,230,0
2026-08-17T01:26:08.6684275Z,0,0,549,230,0
2026-08-17T01:26:08.6732453Z,0,0,549,230,0
2026-08-17T01:26:08.6780306Z,0,0,549,230,0
2026-08-17T01:26:08.6831508Z,0,0,549,230,0
2026-08-17T01:26:08.6883495Z,0,0,549,230,0
2026-08-17T01:26:08.6932654Z,0,0,549,230,0
2026-08-17T01:26:08.6985115Z,0,0,549,230,0
2026-08-17T01:26:08.7034114Z,0,0,549,230,0
2026-08-17T01:26:08.7081798Z,0,0,549,230,0
2026-08-17T01:26:08.7135916Z,0,0,549,230,0
2026-08-17T01:26:08.7182295Z,0,0,549,230,0
2026-08-17T01:26:08.7231979Z,0,0,549,230,0
2026-08-17T01:26:08.7285049Z,0,0,549,230,0
2026-08-17T01:26:08.7331202Z,0,0,549,230,0
2026-08-17T01:26:08.740443Z,0,0,549,230,0
2026-08-17T01:26:08.7435045Z,0,0,549,230,0
2026-08-17T01:26:08.7482723Z,0,0,549,230,0
2026-08-17T01:26:08.7534935Z,0,0,549,230,0
2026-08-17T01:26:08.7580808Z,0,0,549,230,0
2026-08-17T01:26:08.7634741Z,0,0,549,230,0
2026-08-17T01:26:08.7682465Z,0,0,549,230,0
2026-08-17T01:26:08.7736601Z,0,0,549,230,0
2026-08-17T01:26:08.7783744Z,0,0,549,230,0
2026-08-17T01:26:08.7831358Z,0,0,549,230,0
2026-08-17T01:26:08.7880908Z,0,0,549,230,0
2026-08-17T01:26:08.7935432Z,0,0,549,230,0
2026-08-17T01:26:08.7983231Z,0,0,549,230,0
2026-08-17T01:26:08.8034731Z,0,0,549,230,0
2026-08-17T01:26:08.8082406Z,0,0,549,230,0
2026-08-17T01:26:08.8136374Z,0,0,549,230,0
2026-08-17T01:26:08.8183926Z,0,0,549,230,0
2026-08-17T01:26:08.823057Z,0,0,549,230,0
2026-08-17T01:26:08.8285426Z,0,0,549,230,0
2026-08-17T01:26:08.8333982Z,0,0,549,230,0
2026-08-17T01:26:08.8382776Z,0,0,549,230,0
2026-08-17T01:26:08.8435065Z,0,0,549,230,0
2026-08-17T01:26:08.8490499Z,0,0,549,230,0
2026-08-17T01:26:08.8534323Z,0,0,549,230,0
2026-08-17T01:26:08.8586706Z,0,0,549,230,0
2026-08-17T01:26:08.8632893Z,0,0,549,230,0
2026-08-17T01:26:08.8685522Z,0,0,549,230,0
2026-08-17T01:26:08.8732441Z,0,0,549,230,0
2026-08-17T01:26:08.8787014Z,0,0,549,230,0
2026-08-17T01:26:08.8830908Z,0,0,549,230,0
2026-08-17T01:26:08.8881734Z,0,0,549,230,0
2026-08-17T01:26:08.8932366Z,0,0,549,230,0
2026-08-17T01:26:08.8980218Z,0,0,549,230,0
2026-08-17T01:26:08.9030206Z,0,0,549,230,0
2026-08-17T01:26:08.908739Z,0,0,549,230,0
2026-08-17T01:26:08.9131339Z,0,0,549,230,0
2026-08-17T01:26:08.9183491Z,0,0,549,230,0
2026-08-17T01:26:08.9233249Z,0,0,549,230,0
2026-08-17T01:26:08.9282685Z,0,0,549,230,0
2026-08-17T01:26:08.9333614Z,0,0,549,230,0
2026-08-17T01:26:08.9380918Z,0,0,549,230,0
2026-08-17T01:26:08.9432381Z,0,0,549,230,0
2026-08-17T01:26:08.9484609Z,0,0,549,230,0
2026-08-17T01:26:08.9530169Z,0,0,549,230,0
2026-08-17T01:26:08.958111Z,0,0,549,230,0
2026-08-17T01:26:08.9635958Z,0,0,549,230,0
2026-08-17T01:26:08.9682509Z,0,0,549,230,0
2026-08-17T01:26:08.9734242Z,0,0,549,230,0
2026-08-17T01:26:08.9781879Z,0,0,549,230,0
2026-08-17T01:26:08.9832025Z,0,0,549,230,0
2026-08-17T01:26:08.9883955Z,0,0,549,230,0
2026-08-17T01:26:08.9934515Z,0,0,549,230,0
2026-08-17T01:26:08.9981543Z,0,0,549,230,0
2026-08-17T01:26:09.0031788Z,0,0,549,230,0
2026-08-17T01:26:09.0084086Z,0,0,549,230,0
2026-08-17T01:26:09.013166Z,0,0,549,230,0
2026-08-17T01:26:09.0179493Z,0,0,549,230,0
2026-08-17T01:26:09.0234459Z,0,0,549,230,0
2026-08-17T01:26:09.0282318Z,0,0,549,230,0
2026-08-17T01:26:09.0332997Z,0,0,549,230,0
2026-08-17T01:26:09.0381569Z,0,0,549,230,0
2026-08-17T01:26:09.0430972Z,0,0,549,230,0
2026-08-17T01:26:09.0483424Z,0,0,549,230,0
2026-08-17T01:26:09.05344Z,0,0,549,230,0
2026-08-17T01:26:09.0580265Z,0,0,549,230,0
2026-08-17T01:26:09.0630345Z,0,0,549,230,0
2026-08-17T01:26:09.068269Z,0,0,549,230,0
2026-08-17T01:26:09.073273Z,0,0,549,230,0
2026-08-17T01:26:09.0782296Z,0,0,549,230,0
2026-08-17T01:26:09.0833813Z,0,0,549,230,0
2026-08-17T01:26:09.0881192Z,0,0,549,230,0
2026-08-17T01:26:09.0931333Z,0,0,549,230,0
2026-08-17T01:26:09.0984417Z,0,0,549,230,0
2026-08-17T01:26:09.1032521Z,0,0,549,230,0
2026-08-17T01:26:09.1081097Z,0,0,549,230,0
2026-08-17T01:26:09.1130799Z,0,0,549,230,0
2026-08-17T01:26:09.1183693Z,0,0,549,230,0
2026-08-17T01:26:09.1234271Z,0,0,549,230,0
2026-08-17T01:26:09.1283548Z,0,0,549,230,0
2026-08-17T01:26:09.1331126Z,0,0,549,230,0
2026-08-17T01:26:09.1385517Z,0,0,549,230,0
2026-08-17T01:26:09.1433631Z,0,0,549,230,0
2026-08-17T01:26:09.1483667Z,0,0,549,230,0
2026-08-17T01:26:09.1532976Z,0,0,549,230,0
2026-08-17T01:26:09.1582862Z,0,0,549,230,0
2026-08-17T01:26:09.1633704Z,0,0,549,230,0
2026-08-17T01:26:09.1686437Z,0,0,549,230,0
2026-08-17T01:26:09.1731509Z,0,0,549,230,0
2026-08-17T01:26:09.1781574Z,0,0,549,230,0
2026-08-17T01:26:09.1833223Z,0,0,549,230,0
2026-08-17T01:26:09.1881986Z,0,0,549,230,0
2026-08-17T01:26:09.1932212Z,0,0,549,230,0
2026-08-17T01:26:09.1982457Z,0,0,549,230,0
2026-08-17T01:26:09.2033873Z,0,0,549,230,0
2026-08-17T01:26:09.2082041Z,0,0,549,230,0
2026-08-17T01:26:09.2132684Z,0,0,549,230,0
2026-08-17T01:26:09.2180909Z,0,0,549,230,0
2026-08-17T01:26:09.2232239Z,0,0,549,230,0
2026-08-17T01:26:09.2285554Z,0,0,549,230,0
2026-08-17T01:26:09.2334534Z,0,0,549,230,0
2026-08-17T01:26:09.2382019Z,0,0,549,230,0
2026-08-17T01:26:09.2432322Z,0,0,549,230,0
2026-08-17T01:26:09.2479924Z,0,0,549,230,0
2026-08-17T01:26:09.2531177Z,0,0,549,230,0
2026-08-17T01:26:09.258058Z,0,0,549,230,0
2026-08-17T01:26:09.263149Z,0,0,549,230,0
2026-08-17T01:26:09.2679241Z,0,0,549,230,0
2026-08-17T01:26:09.2729747Z,0,0,549,230,0
2026-08-17T01:26:09.2783568Z,0,0,549,230,0
2026-08-17T01:26:09.2832494Z,0,0,549,230,0
2026-08-17T01:26:09.2881682Z,0,0,549,230,0
2026-08-17T01:26:09.2930664Z,0,0,549,230,0
2026-08-17T01:26:09.2981607Z,0,0,549,230,0
2026-08-17T01:26:09.3030789Z,0,0,549,230,0
2026-08-17T01:26:09.3081221Z,0,0,549,230,0
2026-08-17T01:26:09.3136363Z,0,0,549,230,0
2026-08-17T01:26:09.3184877Z,0,0,549,230,0
2026-08-17T01:26:09.323052Z,0,0,549,230,0
2026-08-17T01:26:09.3280683Z,0,0,549,230,0
2026-08-17T01:26:09.3331333Z,0,0,549,230,0
2026-08-17T01:26:09.3383557Z,0,0,549,230,0
2026-08-17T01:26:09.3435619Z,0,0,549,230,0
2026-08-17T01:26:09.348307Z,0,0,549,230,0
2026-08-17T01:26:09.3533158Z,0,0,549,230,0
2026-08-17T01:26:09.3582537Z,0,0,549,230,0
2026-08-17T01:26:09.3637174Z,0,0,549,230,0
2026-08-17T01:26:09.3686245Z,0,0,549,230,0
2026-08-17T01:26:09.3734679Z,0,0,549,230,0
2026-08-17T01:26:09.3781299Z,0,0,549,230,0
2026-08-17T01:26:09.3832795Z,0,0,549,230,0
2026-08-17T01:26:09.3883059Z,0,0,549,230,0
2026-08-17T01:26:09.3929317Z,0,0,549,230,0
2026-08-17T01:26:09.39879Z,0,0,549,230,0
2026-08-17T01:26:09.4033596Z,0,0,549,230,0
2026-08-17T01:26:09.4082154Z,0,0,549,230,0
2026-08-17T01:26:09.413342Z,0,0,549,230,0
2026-08-17T01:26:09.4180582Z,0,0,549,230,0
2026-08-17T01:26:09.4233988Z,0,0,549,230,0
2026-08-17T01:26:09.4288282Z,0,0,549,230,0
2026-08-17T01:26:09.4333623Z,0,0,549,230,0
2026-08-17T01:26:09.4381843Z,0,0,549,230,0
2026-08-17T01:26:09.4432585Z,0,0,549,230,0
2026-08-17T01:26:09.4479543Z,0,0,549,230,0
2026-08-17T01:26:09.4538427Z,0,0,549,230,0
2026-08-17T01:26:09.4580946Z,0,0,549,230,0
2026-08-17T01:26:09.4630744Z,0,0,549,230,0
2026-08-17T01:26:09.4680722Z,0,0,549,230,0
2026-08-17T01:26:09.4731444Z,0,0,549,230,0
2026-08-17T01:26:09.4780353Z,0,0,549,230,0
2026-08-17T01:26:09.4834666Z,0,0,549,230,0
2026-08-17T01:26:09.4882953Z,0,0,549,230,0
2026-08-17T01:26:09.4931002Z,0,0,549,230,0
2026-08-17T01:26:09.4983436Z,0,0,549,230,0
2026-08-17T01:26:09.5032949Z,0,0,549,230,0
2026-08-17T01:26:09.5080071Z,0,0,549,230,0
2026-08-17T01:26:09.5133344Z,0,0,549,230,0
2026-08-17T01:26:09.5179842Z,0,0,549,230,0
2026-08-17T01:26:09.5232934Z,0,0,549,230,0
2026-08-17T01:26:09.5281299Z,0,0,549,230,0
2026-08-17T01:26:09.5332259Z,0,0,549,230,0
2026-08-17T01:26:09.5381704Z,0,0,549,230,0
2026-08-17T01:26:09.5433001Z,0,0,549,230,0
2026-08-17T01:26:09.5481269Z,0,0,549,230,0
2026-08-17T01:26:09.5530798Z,0,0,549,230,0
2026-08-17T01:26:09.558201Z,0,0,549,230,0
2026-08-17T01:26:09.5633248Z,0,0,549,230,0
2026-08-17T01:26:09.5681458Z,0,0,549,230,0
2026-08-17T01:26:09.5730988Z,0,0,549,230,0
2026-08-17T01:26:09.578463Z,0,0,549,230,0
2026-08-17T01:26:09.5830838Z,0,0,549,230,0
2026-08-17T01:26:09.5881939Z,0,0,549,230,0
2026-08-17T01:26:09.593189Z,0,0,549,230,0
2026-08-17T01:26:09.5984661Z,0,0,549,230,0
2026-08-17T01:26:09.603067Z,0,0,549,230,0
2026-08-17T01:26:09.6082079Z,0,0,549,230,0
2026-08-17T01:26:09.613351Z,0,0,549,230,0
2026-08-17T01:26:09.6181088Z,0,0,549,230,0
2026-08-17T01:26:09.6231465Z,0,0,549,230,0
2026-08-17T01:26:09.6283085Z,0,0,549,230,0
2026-08-17T01:26:09.6332514Z,0,0,549,230,0
2026-08-17T01:26:09.6380293Z,0,0,549,230,0
2026-08-17T01:26:09.6431526Z,0,0,549,230,0
2026-08-17T01:26:09.6484273Z,0,0,549,230,0
2026-08-17T01:26:09.6534503Z,0,0,549,230,0
2026-08-17T01:26:09.6581287Z,0,0,549,230,0
2026-08-17T01:26:09.6631138Z,0,0,549,230,0
2026-08-17T01:26:09.6683045Z,0,0,549,230,0
2026-08-17T01:26:09.6735137Z,0,0,549,230,0
2026-08-17T01:26:09.6781645Z,0,0,549,230,0
2026-08-17T01:26:09.6831855Z,0,0,549,230,0
2026-08-17T01:26:09.6883812Z,0,0,549,230,0
2026-08-17T01:26:09.6931488Z,0,0,549,230,0
2026-08-17T01:26:09.6985025Z,0,0,549,230,0
2026-08-17T01:26:09.7034423Z,0,0,549,230,0
2026-08-17T01:26:09.708096Z,0,0,549,230,0
2026-08-17T01:26:09.713482Z,0,0,549,230,0
2026-08-17T01:26:09.7181355Z,0,0,549,230,0
2026-08-17T01:26:09.7234854Z,0,0,549,230,0
2026-08-17T01:26:09.7282255Z,0,0,549,230,0
2026-08-17T01:26:09.7333312Z,0,0,549,230,0
2026-08-17T01:26:09.7381634Z,0,0,549,230,0
2026-08-17T01:26:09.7432193Z,0,0,549,230,0
2026-08-17T01:26:09.748183Z,0,0,549,230,0
2026-08-17T01:26:09.7531608Z,0,0,549,230,0
2026-08-17T01:26:09.7583219Z,0,0,549,230,0
2026-08-17T01:26:09.7635693Z,0,0,549,230,0
2026-08-17T01:26:09.7685169Z,0,0,549,230,0
2026-08-17T01:26:09.7735033Z,0,0,549,230,0
2026-08-17T01:26:09.7783172Z,0,0,549,230,0
2026-08-17T01:26:09.7834388Z,0,0,549,230,0
2026-08-17T01:26:09.7883536Z,0,0,549,230,0
2026-08-17T01:26:09.7932197Z,0,0,549,230,0
2026-08-17T01:26:09.7980141Z,0,0,549,230,0
2026-08-17T01:26:09.8034524Z,0,0,549,230,0
2026-08-17T01:26:09.8082965Z,0,0,549,230,0
2026-08-17T01:26:09.8132613Z,0,0,549,230,0
2026-08-17T01:26:09.8182928Z,0,0,549,230,0
2026-08-17T01:26:09.8233863Z,0,0,549,230,0
2026-08-17T01:26:09.8281783Z,0,0,549,230,0
2026-08-17T01:26:09.833105Z,0,0,549,230,0
2026-08-17T01:26:09.8382084Z,0,0,549,230,0
2026-08-17T01:26:09.843141Z,0,0,549,230,0
2026-08-17T01:26:09.8480719Z,0,0,549,230,0
2026-08-17T01:26:09.8530364Z,0,0,549,230,0
2026-08-17T01:26:09.8581148Z,0,0,549,230,0
2026-08-17T01:26:09.8633258Z,0,0,549,230,0
2026-08-17T01:26:09.8685129Z,0,0,549,230,0
2026-08-17T01:26:09.873031Z,0,0,549,230,0
2026-08-17T01:26:09.8784519Z,0,0,549,230,0
2026-08-17T01:26:09.8830195Z,0,0,549,230,0
2026-08-17T01:26:09.8885094Z,0,0,549,230,0
2026-08-17T01:26:09.8933271Z,0,0,549,230,0
2026-08-17T01:26:09.8988459Z,0,0,549,230,0
2026-08-17T01:26:09.9032619Z,0,0,549,230,0
2026-08-17T01:26:09.9083384Z,0,0,549,230,0
2026-08-17T01:26:09.9133392Z,0,0,549,230,0
2026-08-17T01:26:09.918068Z,0,0,549,230,0
2026-08-17T01:26:09.9233742Z,0,0,549,230,0
2026-08-17T01:26:09.9280491Z,0,0,549,230,0
2026-08-17T01:26:09.9333106Z,0,0,549,230,0
2026-08-17T01:26:09.9381324Z,0,0,549,230,0
2026-08-17T01:26:09.9430501Z,0,0,549,230,0
2026-08-17T01:26:09.9482898Z,0,0,549,230,0
2026-08-17T01:26:09.9530518Z,0,0,549,230,0
2026-08-17T01:26:09.958019Z,0,0,549,230,0
2026-08-17T01:26:09.9633184Z,0,0,549,230,0
2026-08-17T01:26:09.9682661Z,0,0,549,230,0
2026-08-17T01:26:09.9732535Z,0,0,549,230,0
2026-08-17T01:26:09.9780185Z,0,0,549,230,0
2026-08-17T01:26:09.9832167Z,0,0,549,230,0
2026-08-17T01:26:09.9885037Z,0,0,549,230,0
2026-08-17T01:26:09.9935086Z,0,0,549,230,0
2026-08-17T01:26:09.9983822Z,0,0,549,230,0
2026-08-17T01:26:10.0032859Z,0,0,549,230,0
2026-08-17T01:26:10.0082115Z,0,0,549,230,0
2026-08-17T01:26:10.0131449Z,0,0,549,230,0
2026-08-17T01:26:10.0184052Z,0,0,549,230,0
2026-08-17T01:26:10.023069Z,0,0,549,230,0
2026-08-17T01:26:10.0280969Z,0,0,549,230,0
2026-08-17T01:26:10.0335223Z,0,0,549,230,0
2026-08-17T01:26:10.0382684Z,0,0,549,230,0
2026-08-17T01:26:10.0432052Z,0,0,549,230,0
2026-08-17T01:26:10.0479883Z,0,0,549,230,0
2026-08-17T01:26:10.0534393Z,0,0,549,230,0
2026-08-17T01:26:10.0581365Z,0,0,549,230,0
2026-08-17T01:26:10.062997Z,0,0,549,230,0
2026-08-17T01:26:10.0680481Z,0,0,549,230,0
2026-08-17T01:26:10.0734575Z,0,0,549,230,0
2026-08-17T01:26:10.0781503Z,0,0,549,230,0
2026-08-17T01:26:10.0830714Z,0,0,549,230,0
2026-08-17T01:26:10.0882335Z,0,0,549,230,0
2026-08-17T01:26:10.0984372Z,0,0,549,230,0
2026-08-17T01:26:10.1034767Z,0,0,549,230,0
2026-08-17T01:26:10.1082797Z,0,0,549,230,0
2026-08-17T01:26:10.1132069Z,0,0,549,230,0
2026-08-17T01:26:10.118106Z,0,0,549,230,0
2026-08-17T01:26:10.1235467Z,0,0,549,230,0
2026-08-17T01:26:10.1282228Z,0,0,549,230,0
2026-08-17T01:26:10.1332675Z,0,0,549,230,0
2026-08-17T01:26:10.1384773Z,0,0,549,230,0
2026-08-17T01:26:10.1433527Z,0,0,549,230,0
2026-08-17T01:26:10.1481012Z,0,0,549,230,0
2026-08-17T01:26:10.1533602Z,0,0,549,230,0
2026-08-17T01:26:10.1580093Z,0,0,549,230,0
2026-08-17T01:26:10.163057Z,0,0,549,230,0
2026-08-17T01:26:10.1684878Z,0,0,549,230,0
2026-08-17T01:26:10.1734763Z,0,0,549,230,0
2026-08-17T01:26:10.1781206Z,0,0,549,230,0
2026-08-17T01:26:10.1830945Z,0,0,549,230,0
2026-08-17T01:26:10.1884725Z,0,0,549,230,0
2026-08-17T01:26:10.1932199Z,0,0,549,230,0
2026-08-17T01:26:10.1981095Z,0,0,549,230,0
2026-08-17T01:26:10.2030442Z,0,0,549,230,0
2026-08-17T01:26:10.2080151Z,0,0,549,230,0
2026-08-17T01:26:10.2129959Z,0,0,549,230,0
2026-08-17T01:26:10.2180604Z,0,0,549,230,0
2026-08-17T01:26:10.2231317Z,0,0,549,230,0
2026-08-17T01:26:10.2280493Z,0,0,549,230,0
2026-08-17T01:26:10.2329908Z,0,0,549,230,0
2026-08-17T01:26:10.2383855Z,0,0,549,230,0
2026-08-17T01:26:10.2437631Z,0,0,549,230,0
2026-08-17T01:26:10.2479223Z,0,0,549,230,0
2026-08-17T01:26:10.2533772Z,0,0,549,230,0
2026-08-17T01:26:10.2581295Z,0,0,549,230,0
2026-08-17T01:26:10.2630614Z,0,0,549,230,0
2026-08-17T01:26:10.268166Z,0,0,549,230,0
2026-08-17T01:26:10.2733527Z,0,0,549,230,0
2026-08-17T01:26:10.2783085Z,0,0,549,230,0
2026-08-17T01:26:10.2834014Z,0,0,549,230,0
2026-08-17T01:26:10.2881048Z,0,0,549,230,0
2026-08-17T01:26:10.2931796Z,0,0,549,230,0
2026-08-17T01:26:10.2981792Z,0,0,549,230,0
2026-08-17T01:26:10.3032556Z,0,0,549,230,0
2026-08-17T01:26:10.308285Z,0,0,549,230,0
2026-08-17T01:26:10.3130314Z,0,0,549,230,0
2026-08-17T01:26:10.3184979Z,0,0,549,230,0
2026-08-17T01:26:10.3230959Z,0,0,549,230,0
2026-08-17T01:26:10.3282517Z,0,0,549,230,0
2026-08-17T01:26:10.3332969Z,0,0,549,230,0
2026-08-17T01:26:10.3387506Z,0,0,549,230,0
2026-08-17T01:26:10.3434149Z,0,0,549,230,0
2026-08-17T01:26:10.3481321Z,0,0,549,230,0
2026-08-17T01:26:10.3534281Z,0,0,549,230,0
2026-08-17T01:26:10.3583868Z,0,0,549,230,0
2026-08-17T01:26:10.3634344Z,0,0,549,230,0
2026-08-17T01:26:10.3680858Z,0,0,549,230,0
2026-08-17T01:26:10.3733766Z,0,0,549,230,0
2026-08-17T01:26:10.3780726Z,0,0,549,230,0
2026-08-17T01:26:10.3833956Z,0,0,549,230,0
2026-08-17T01:26:10.3881687Z,0,0,549,230,0
2026-08-17T01:26:10.393188Z,0,0,549,230,0
2026-08-17T01:26:10.3979595Z,0,0,549,230,0
2026-08-17T01:26:10.4035039Z,0,0,549,230,0
2026-08-17T01:26:10.408211Z,0,0,549,230,0
2026-08-17T01:26:10.4133189Z,0,0,549,230,0
2026-08-17T01:26:10.4181441Z,0,0,549,230,0
2026-08-17T01:26:10.4234375Z,0,0,549,230,0
2026-08-17T01:26:10.4281682Z,0,0,549,230,0
2026-08-17T01:26:10.4332214Z,0,0,549,230,0
2026-08-17T01:26:10.4379562Z,0,0,549,230,0
2026-08-17T01:26:10.4433885Z,0,0,549,230,0
2026-08-17T01:26:10.4480516Z,0,0,549,230,0
2026-08-17T01:26:10.4533292Z,0,0,549,230,0
2026-08-17T01:26:10.4581515Z,0,0,549,230,0
2026-08-17T01:26:10.4637233Z,0,0,549,230,0
2026-08-17T01:26:10.4684986Z,0,0,549,230,0
2026-08-17T01:26:10.473043Z,0,0,549,230,0
2026-08-17T01:26:10.478582Z,0,0,549,230,0
2026-08-17T01:26:10.4834726Z,0,0,549,230,0
2026-08-17T01:26:10.4883068Z,0,0,549,230,0
2026-08-17T01:26:10.4933647Z,0,0,549,230,0
2026-08-17T01:26:10.4980826Z,0,0,549,230,0
2026-08-17T01:26:10.5034785Z,0,0,549,230,0
2026-08-17T01:26:10.5082742Z,0,0,549,230,0
2026-08-17T01:26:10.5133139Z,0,0,549,230,0
2026-08-17T01:26:10.5183491Z,0,0,549,230,0
2026-08-17T01:26:10.5234736Z,0,0,549,230,0
2026-08-17T01:26:10.5282783Z,0,0,549,230,0
2026-08-17T01:26:10.5333398Z,0,0,549,230,0
2026-08-17T01:26:10.5386069Z,0,0,549,230,0
2026-08-17T01:26:10.5434523Z,0,0,549,230,0
2026-08-17T01:26:10.548238Z,0,0,549,230,0
2026-08-17T01:26:10.5531792Z,0,0,549,230,0
2026-08-17T01:26:10.5583843Z,0,0,549,230,0
2026-08-17T01:26:10.5633889Z,0,0,549,230,0
2026-08-17T01:26:10.5682143Z,0,0,549,230,0
2026-08-17T01:26:10.5731739Z,0,0,549,230,0
2026-08-17T01:26:10.578272Z,0,0,549,230,0
2026-08-17T01:26:10.5835575Z,0,0,549,230,0
2026-08-17T01:26:10.5883509Z,0,0,549,230,0
2026-08-17T01:26:10.5934485Z,0,0,549,230,0
2026-08-17T01:26:10.598424Z,0,0,549,230,0
2026-08-17T01:26:10.6032225Z,0,0,549,230,0
2026-08-17T01:26:10.6085688Z,0,0,549,230,0
2026-08-17T01:26:10.6135131Z,0,0,549,230,0
2026-08-17T01:26:10.6220367Z,0,0,549,230,0
2026-08-17T01:26:10.6235183Z,0,0,549,230,0
2026-08-17T01:26:10.6282132Z,0,0,549,230,0
2026-08-17T01:26:10.6333262Z,0,0,549,230,0
2026-08-17T01:26:10.6381629Z,0,0,549,230,0
2026-08-17T01:26:10.6431529Z,0,0,549,230,0
2026-08-17T01:26:10.6483019Z,0,0,549,230,0
2026-08-17T01:26:10.6534839Z,0,0,549,230,0
2026-08-17T01:26:10.6581896Z,0,0,549,230,0
2026-08-17T01:26:10.6634017Z,0,0,549,230,0
2026-08-17T01:26:10.6682287Z,0,0,549,230,0
2026-08-17T01:26:10.673094Z,0,0,549,230,0
2026-08-17T01:26:10.6780223Z,0,0,549,230,0
2026-08-17T01:26:10.6829707Z,0,0,549,230,0
2026-08-17T01:26:10.6889668Z,0,0,549,230,0
2026-08-17T01:26:10.6935174Z,0,0,549,230,0
2026-08-17T01:26:10.6982695Z,0,0,549,230,0
2026-08-17T01:26:10.7034011Z,0,0,549,230,0
2026-08-17T01:26:10.7080932Z,0,0,549,230,0
2026-08-17T01:26:10.7134145Z,0,0,549,230,0
2026-08-17T01:26:10.7180874Z,0,0,549,230,0
2026-08-17T01:26:10.7233849Z,0,0,549,230,0
2026-08-17T01:26:10.7281207Z,0,0,549,230,0
2026-08-17T01:26:10.7332377Z,0,0,549,230,0
2026-08-17T01:26:10.7384565Z,0,0,549,230,0
2026-08-17T01:26:10.7433502Z,0,0,549,230,0
2026-08-17T01:26:10.7480828Z,0,0,549,230,0
2026-08-17T01:26:10.7531038Z,0,0,549,230,0
2026-08-17T01:26:10.7582122Z,0,0,549,230,0
2026-08-17T01:26:10.7632196Z,0,0,549,230,0
2026-08-17T01:26:10.7685851Z,0,0,549,230,0
2026-08-17T01:26:10.7730965Z,0,0,549,230,0
2026-08-17T01:26:10.7783666Z,0,0,549,230,0
2026-08-17T01:26:10.7833479Z,0,0,549,230,0
2026-08-17T01:26:10.7883083Z,0,0,549,230,0
2026-08-17T01:26:10.7934222Z,0,0,549,230,0
2026-08-17T01:26:10.7981439Z,0,0,549,230,0
2026-08-17T01:26:10.8032841Z,0,0,549,230,0
2026-08-17T01:26:10.8080281Z,0,0,549,230,0
2026-08-17T01:26:10.8133534Z,0,0,549,230,0
2026-08-17T01:26:10.8182009Z,0,0,549,230,0
2026-08-17T01:26:10.8233703Z,0,0,549,230,0
2026-08-17T01:26:10.8282786Z,0,0,549,230,0
2026-08-17T01:26:10.8331284Z,0,0,549,230,0
2026-08-17T01:26:10.8383205Z,0,0,549,230,0
2026-08-17T01:26:10.8434635Z,0,0,549,230,0
2026-08-17T01:26:10.8483289Z,0,0,549,230,0
2026-08-17T01:26:10.8533227Z,0,0,549,230,0
2026-08-17T01:26:10.8582066Z,0,0,549,230,0
2026-08-17T01:26:10.8630787Z,0,0,549,230,0
2026-08-17T01:26:10.8680866Z,0,0,549,230,0
2026-08-17T01:26:10.872962Z,0,0,549,230,0
2026-08-17T01:26:10.878215Z,0,0,549,230,0
2026-08-17T01:26:10.8832268Z,0,0,549,230,0
2026-08-17T01:26:10.8884782Z,0,0,549,230,0
2026-08-17T01:26:10.8934555Z,0,0,549,230,0
2026-08-17T01:26:10.8983529Z,0,0,549,230,0
2026-08-17T01:26:10.9034074Z,0,0,549,230,0
2026-08-17T01:26:10.9081062Z,0,0,549,230,0
2026-08-17T01:26:10.9129593Z,0,0,549,230,0
2026-08-17T01:26:10.9183007Z,0,0,549,230,0
2026-08-17T01:26:10.9233339Z,0,0,549,230,0
2026-08-17T01:26:10.9281048Z,0,0,549,230,0
2026-08-17T01:26:10.9334587Z,0,0,549,230,0
2026-08-17T01:26:10.9382197Z,0,0,549,230,0
2026-08-17T01:26:10.9431588Z,0,0,549,230,0
2026-08-17T01:26:10.9483783Z,0,0,549,230,0
2026-08-17T01:26:10.9533307Z,0,0,549,230,0
2026-08-17T01:26:10.9580144Z,0,0,549,230,0
2026-08-17T01:26:10.9633381Z,0,0,549,230,0
2026-08-17T01:26:10.9680498Z,0,0,549,230,0
2026-08-17T01:26:10.9731929Z,0,0,549,230,0
2026-08-17T01:26:10.9780703Z,0,0,549,230,0
2026-08-17T01:26:10.9835781Z,0,0,549,230,0
2026-08-17T01:26:10.9880194Z,0,0,549,230,0
2026-08-17T01:26:10.9934155Z,0,0,549,230,0
2026-08-17T01:26:10.9981976Z,0,0,549,230,0
2026-08-17T01:26:11.003129Z,0,0,549,230,0
2026-08-17T01:26:11.0084052Z,0,0,549,230,0
2026-08-17T01:26:11.0134593Z,0,0,549,230,0
2026-08-17T01:26:11.0182687Z,0,0,549,230,0
2026-08-17T01:26:11.0232727Z,0,0,549,230,0
2026-08-17T01:26:11.0282953Z,0,0,549,230,0
2026-08-17T01:26:11.0333082Z,0,0,549,230,0
2026-08-17T01:26:11.0380323Z,0,0,549,230,0
2026-08-17T01:26:11.0433882Z,0,0,549,230,0
2026-08-17T01:26:11.0481809Z,0,0,549,230,0
2026-08-17T01:26:11.0532497Z,0,0,549,230,0
2026-08-17T01:26:11.0585968Z,0,0,549,230,0
2026-08-17T01:26:11.0631116Z,0,0,549,230,0
2026-08-17T01:26:11.0679727Z,0,0,549,230,0
2026-08-17T01:26:11.0734369Z,0,0,549,230,0
2026-08-17T01:26:11.0782535Z,0,0,549,230,0
2026-08-17T01:26:11.0833182Z,0,0,549,230,0
2026-08-17T01:26:11.0882898Z,0,0,549,230,0
2026-08-17T01:26:11.0930899Z,0,0,549,230,0
2026-08-17T01:26:11.098302Z,0,0,549,230,0
2026-08-17T01:26:11.1035781Z,0,0,549,230,0
2026-08-17T01:26:11.10805Z,0,0,549,230,0
2026-08-17T01:26:11.1133812Z,0,0,549,230,0
2026-08-17T01:26:11.1183459Z,0,0,549,230,0
2026-08-17T01:26:11.1235458Z,0,0,549,230,0
2026-08-17T01:26:11.1279713Z,0,0,549,230,0
2026-08-17T01:26:11.1333807Z,0,0,549,230,0
2026-08-17T01:26:11.138285Z,0,0,549,230,0
2026-08-17T01:26:11.1431021Z,0,0,549,230,0
2026-08-17T01:26:11.1479942Z,0,0,549,230,0
2026-08-17T01:26:11.1534034Z,0,0,549,230,0
2026-08-17T01:26:11.1582731Z,0,0,549,230,0
2026-08-17T01:26:11.163268Z,0,0,549,230,0
2026-08-17T01:26:11.167956Z,0,0,549,230,0
2026-08-17T01:26:11.173329Z,0,0,549,230,0
2026-08-17T01:26:11.1781092Z,0,0,549,230,0
2026-08-17T01:26:11.1833024Z,0,0,549,230,0
2026-08-17T01:26:11.188157Z,0,0,549,230,0
2026-08-17T01:26:11.1933711Z,0,0,549,230,0
2026-08-17T01:26:11.1983676Z,0,0,549,230,0
2026-08-17T01:26:11.2033748Z,0,0,549,230,0
2026-08-17T01:26:11.2082546Z,0,0,549,230,0
2026-08-17T01:26:11.2131898Z,0,0,549,230,0
2026-08-17T01:26:11.2179581Z,0,0,549,230,0
2026-08-17T01:26:11.2232947Z,0,0,549,230,0
2026-08-17T01:26:11.2280771Z,0,0,549,230,0
2026-08-17T01:26:11.2332051Z,0,0,549,230,0
2026-08-17T01:26:11.2380989Z,0,0,549,230,0
2026-08-17T01:26:11.2430848Z,0,0,549,230,0
2026-08-17T01:26:11.2484154Z,0,0,549,230,0
2026-08-17T01:26:11.2530487Z,0,0,549,230,0
2026-08-17T01:26:11.258251Z,0,0,549,230,0
2026-08-17T01:26:11.2634456Z,0,0,549,230,0
2026-08-17T01:26:11.2683728Z,0,0,549,230,0
2026-08-17T01:26:11.2730488Z,0,0,549,230,0
2026-08-17T01:26:11.2780526Z,0,0,549,230,0
2026-08-17T01:26:11.2830457Z,0,0,549,230,0
2026-08-17T01:26:11.2886319Z,0,0,549,230,0
2026-08-17T01:26:11.2933351Z,0,0,549,230,0
2026-08-17T01:26:11.2983083Z,0,0,549,230,0
2026-08-17T01:26:11.3035078Z,0,0,549,230,0
2026-08-17T01:26:11.3084294Z,0,0,549,230,0
2026-08-17T01:26:11.3134094Z,0,0,549,230,0
2026-08-17T01:26:11.3182173Z,0,0,549,230,0
2026-08-17T01:26:11.323101Z,0,0,549,230,0
2026-08-17T01:26:11.3282497Z,0,0,549,230,0
2026-08-17T01:26:11.3332638Z,0,0,549,230,0
2026-08-17T01:26:11.3384486Z,0,0,549,230,0
2026-08-17T01:26:11.3435853Z,0,0,549,230,0
2026-08-17T01:26:11.3483545Z,0,0,549,230,0
2026-08-17T01:26:11.353406Z,0,0,549,230,0
2026-08-17T01:26:11.3581678Z,0,0,549,230,0
2026-08-17T01:26:11.3631274Z,0,0,549,230,0
2026-08-17T01:26:11.3683842Z,0,0,549,230,0
2026-08-17T01:26:11.3734938Z,0,0,549,230,0
2026-08-17T01:26:11.378198Z,0,0,549,230,0
2026-08-17T01:26:11.3830674Z,0,0,549,230,0
2026-08-17T01:26:11.3881362Z,0,0,549,230,0
2026-08-17T01:26:11.3931588Z,0,0,549,230,0
2026-08-17T01:26:11.398471Z,0,0,549,230,0
2026-08-17T01:26:11.4032908Z,0,0,549,230,0
2026-08-17T01:26:11.4080732Z,0,0,549,230,0
2026-08-17T01:26:11.4131252Z,0,0,549,230,0
2026-08-17T01:26:11.4181032Z,0,0,549,230,0
2026-08-17T01:26:11.4231683Z,0,0,549,230,0
2026-08-17T01:26:11.4281883Z,0,0,549,230,0
2026-08-17T01:26:11.4333225Z,0,0,549,230,0
2026-08-17T01:26:11.4380577Z,0,0,549,230,0
2026-08-17T01:26:11.4437169Z,0,0,549,230,0
2026-08-17T01:26:11.4480771Z,0,0,549,230,0
2026-08-17T01:26:11.4530735Z,0,0,549,230,0
2026-08-17T01:26:11.4580557Z,0,0,549,230,0
2026-08-17T01:26:11.4635289Z,0,0,549,230,0
2026-08-17T01:26:11.4683455Z,0,0,549,230,0
2026-08-17T01:26:11.4739298Z,0,0,549,230,0
2026-08-17T01:26:11.4782972Z,0,0,549,230,0
2026-08-17T01:26:11.4833375Z,0,0,549,230,0
2026-08-17T01:26:11.4881222Z,0,0,549,230,0
2026-08-17T01:26:11.4930411Z,0,0,549,230,0
2026-08-17T01:26:11.4982493Z,0,0,549,230,0
2026-08-17T01:26:11.5033445Z,0,0,549,230,0
2026-08-17T01:26:11.5080942Z,0,0,549,230,0
2026-08-17T01:26:11.5131672Z,0,0,549,230,0
2026-08-17T01:26:11.5182209Z,0,0,549,230,0
2026-08-17T01:26:11.523325Z,0,0,549,230,0
2026-08-17T01:26:11.5287027Z,0,0,549,230,0
2026-08-17T01:26:11.5332601Z,0,0,549,230,0
2026-08-17T01:26:11.5382825Z,0,0,549,230,0
2026-08-17T01:26:11.5433738Z,0,0,549,230,0
2026-08-17T01:26:11.5480793Z,0,0,549,230,0
2026-08-17T01:26:11.5532162Z,0,0,549,230,0
2026-08-17T01:26:11.5582457Z,0,0,549,230,0
2026-08-17T01:26:11.5633405Z,0,0,549,230,0
2026-08-17T01:26:11.5682746Z,0,0,549,230,0
2026-08-17T01:26:11.5732674Z,0,0,549,230,0
2026-08-17T01:26:11.5780375Z,0,0,549,230,0
2026-08-17T01:26:11.5835079Z,0,0,549,230,0
2026-08-17T01:26:11.5884231Z,0,0,549,230,0
2026-08-17T01:26:11.5929955Z,0,0,549,230,0
2026-08-17T01:26:11.5981743Z,0,0,549,230,0
2026-08-17T01:26:11.603397Z,0,0,549,230,0
2026-08-17T01:26:11.6080739Z,0,0,549,230,0
2026-08-17T01:26:11.6130142Z,0,0,549,230,0
2026-08-17T01:26:11.6182661Z,0,0,549,230,0
2026-08-17T01:26:11.6231961Z,0,0,549,230,0
2026-08-17T01:26:11.6281625Z,0,0,549,230,0
2026-08-17T01:26:11.6332086Z,0,0,549,230,0
2026-08-17T01:26:11.6384758Z,0,0,549,230,0
2026-08-17T01:26:11.6434057Z,0,0,549,230,0
2026-08-17T01:26:11.6484137Z,0,0,549,230,0
2026-08-17T01:26:11.6530512Z,0,0,549,230,0
2026-08-17T01:26:11.6581416Z,0,0,549,230,0
2026-08-17T01:26:11.6631136Z,0,0,549,230,0
2026-08-17T01:26:11.6683321Z,0,0,549,230,0
2026-08-17T01:26:11.6732181Z,0,0,549,230,0
2026-08-17T01:26:11.6784834Z,0,0,549,230,0
2026-08-17T01:26:11.6834329Z,0,0,549,230,0
2026-08-17T01:26:11.6880794Z,0,0,549,230,0
2026-08-17T01:26:11.6933973Z,0,0,549,230,0
2026-08-17T01:26:11.6980779Z,0,0,549,230,0
2026-08-17T01:26:11.7031777Z,0,0,549,230,0
2026-08-17T01:26:11.7085428Z,0,0,549,230,0
2026-08-17T01:26:11.7130442Z,0,0,549,230,0
2026-08-17T01:26:11.7182533Z,0,0,549,230,0
2026-08-17T01:26:11.72303Z,0,0,549,230,0
2026-08-17T01:26:11.7284016Z,0,0,549,230,0
2026-08-17T01:26:11.7330154Z,0,0,549,230,0
2026-08-17T01:26:11.7381655Z,0,0,549,230,0
2026-08-17T01:26:11.7429712Z,0,0,549,230,0
2026-08-17T01:26:11.7487927Z,0,0,549,230,0
2026-08-17T01:26:11.7532688Z,0,0,549,230,0
2026-08-17T01:26:11.7579989Z,0,0,549,230,0
2026-08-17T01:26:11.7633041Z,0,0,549,230,0
2026-08-17T01:26:11.7685676Z,0,0,549,230,0
2026-08-17T01:26:11.773032Z,0,0,549,230,0
2026-08-17T01:26:11.7782956Z,0,0,549,230,0
2026-08-17T01:26:11.7832281Z,0,0,549,230,0
2026-08-17T01:26:11.7887056Z,0,0,549,230,0
2026-08-17T01:26:11.793169Z,0,0,549,230,0
2026-08-17T01:26:11.798252Z,0,0,549,230,0
2026-08-17T01:26:11.8034073Z,0,0,549,230,0
2026-08-17T01:26:11.8083172Z,0,0,549,230,0
2026-08-17T01:26:11.813403Z,0,0,549,230,0
2026-08-17T01:26:11.8180908Z,0,0,549,230,0
2026-08-17T01:26:11.8237387Z,0,0,549,230,0
2026-08-17T01:26:11.8281528Z,0,0,549,230,0
2026-08-17T01:26:11.8334548Z,0,0,549,230,0
2026-08-17T01:26:11.8381466Z,0,0,549,230,0
2026-08-17T01:26:11.8431602Z,0,0,549,230,0
2026-08-17T01:26:11.8483652Z,0,0,549,230,0
2026-08-17T01:26:11.8529858Z,0,0,549,230,0
2026-08-17T01:26:11.8582458Z,0,0,549,230,0
2026-08-17T01:26:11.8633291Z,0,0,549,230,0
2026-08-17T01:26:11.8679881Z,0,0,549,230,0
2026-08-17T01:26:11.8733419Z,0,0,549,230,0
2026-08-17T01:26:11.8784607Z,0,0,549,230,0
2026-08-17T01:26:11.883351Z,0,0,549,230,0
2026-08-17T01:26:11.8882896Z,0,0,549,230,0
2026-08-17T01:26:11.893137Z,0,0,549,230,0
2026-08-17T01:26:11.8983106Z,0,0,549,230,0
2026-08-17T01:26:11.9032154Z,0,0,549,230,0
2026-08-17T01:26:11.9085715Z,0,0,549,230,0
2026-08-17T01:26:11.9133682Z,0,0,549,230,0
2026-08-17T01:26:11.9186027Z,0,0,549,230,0
2026-08-17T01:26:11.9231686Z,0,0,549,230,0
2026-08-17T01:26:11.9285491Z,0,0,549,230,0
2026-08-17T01:26:11.9334618Z,0,0,549,230,0
2026-08-17T01:26:11.9382849Z,0,0,549,230,0
2026-08-17T01:26:11.9435383Z,0,0,549,230,0
2026-08-17T01:26:11.9482882Z,0,0,549,230,0
2026-08-17T01:26:11.9532171Z,0,0,549,230,0
2026-08-17T01:26:11.9584841Z,0,0,549,230,0
2026-08-17T01:26:11.9629807Z,0,0,549,230,0
2026-08-17T01:26:11.9681934Z,0,0,549,230,0
2026-08-17T01:26:11.9730262Z,0,0,549,230,0
2026-08-17T01:26:11.9784263Z,0,0,549,230,0
2026-08-17T01:26:11.9834431Z,0,0,549,230,0
2026-08-17T01:26:11.9888847Z,0,0,549,230,0
2026-08-17T01:26:11.993783Z,0,0,549,230,0
2026-08-17T01:26:11.9980325Z,0,0,549,230,0
2026-08-17T01:26:12.0038337Z,0,0,549,230,0
2026-08-17T01:26:12.0080397Z,0,0,549,230,0
2026-08-17T01:26:12.0134492Z,0,0,549,230,0
2026-08-17T01:26:12.0182679Z,0,0,549,230,0
2026-08-17T01:26:12.0231222Z,0,0,549,230,0
2026-08-17T01:26:12.0284081Z,0,0,549,230,0
2026-08-17T01:26:12.0334736Z,0,0,549,230,0
2026-08-17T01:26:12.0381561Z,0,0,549,230,0
2026-08-17T01:26:12.0435728Z,0,0,549,230,0
2026-08-17T01:26:12.0482644Z,0,0,549,230,0
2026-08-17T01:26:12.0531078Z,0,0,549,230,0
2026-08-17T01:26:12.05841Z,0,0,549,230,0
2026-08-17T01:26:12.0631181Z,0,0,549,230,0
2026-08-17T01:26:12.068154Z,0,0,549,230,0
2026-08-17T01:26:12.073614Z,0,0,549,230,0
2026-08-17T01:26:12.0783424Z,0,0,549,230,0
2026-08-17T01:26:12.0834444Z,0,0,549,230,0
2026-08-17T01:26:12.0881657Z,0,0,549,230,0
2026-08-17T01:26:12.0930589Z,0,0,549,230,0
2026-08-17T01:26:12.098104Z,0,0,549,230,0
2026-08-17T01:26:12.1034472Z,0,0,549,230,0
2026-08-17T01:26:12.1083333Z,0,0,549,230,0
2026-08-17T01:26:12.1134339Z,0,0,549,230,0
2026-08-17T01:26:12.1182275Z,0,0,549,230,0
2026-08-17T01:26:12.1233084Z,0,0,549,230,0
2026-08-17T01:26:12.1285089Z,0,0,549,230,0
2026-08-17T01:26:12.1333994Z,0,0,549,230,0
2026-08-17T01:26:12.1382912Z,0,0,549,230,0
2026-08-17T01:26:12.1434506Z,0,0,549,230,0
2026-08-17T01:26:12.1487776Z,0,0,549,230,0
2026-08-17T01:26:12.153327Z,0,0,549,230,0
2026-08-17T01:26:12.1581716Z,0,0,549,230,0
2026-08-17T01:26:12.1629815Z,0,0,549,230,0
2026-08-17T01:26:12.1685915Z,0,0,549,230,0
2026-08-17T01:26:12.1733323Z,0,0,549,230,0
2026-08-17T01:26:12.1782986Z,0,0,549,230,0
2026-08-17T01:26:12.1834518Z,0,0,549,230,0
2026-08-17T01:26:12.188184Z,0,0,549,230,0
2026-08-17T01:26:12.1931357Z,0,0,549,230,0
2026-08-17T01:26:12.1985371Z,0,0,549,230,0
2026-08-17T01:26:12.2030773Z,0,0,549,230,0
2026-08-17T01:26:12.2079583Z,0,0,549,230,0
2026-08-17T01:26:12.2134164Z,0,0,549,230,0
2026-08-17T01:26:12.2182234Z,0,0,549,230,0
2026-08-17T01:26:12.2231523Z,0,0,549,230,0
2026-08-17T01:26:12.2280486Z,0,0,549,230,0
2026-08-17T01:26:12.2334092Z,0,0,549,230,0
2026-08-17T01:26:12.2381033Z,0,0,549,230,0
2026-08-17T01:26:12.2429824Z,0,0,549,230,0
2026-08-17T01:26:12.248058Z,0,0,549,230,0
2026-08-17T01:26:12.2533696Z,0,0,549,230,0
2026-08-17T01:26:12.2580559Z,0,0,549,230,0
2026-08-17T01:26:12.2634164Z,0,0,549,230,0
2026-08-17T01:26:12.2680524Z,0,0,549,230,0
2026-08-17T01:26:12.2733432Z,0,0,549,230,0
2026-08-17T01:26:12.2784712Z,0,0,549,230,0
2026-08-17T01:26:12.2830346Z,0,0,549,230,0
2026-08-17T01:26:12.288487Z,0,0,549,230,0
2026-08-17T01:26:12.2934928Z,0,0,549,230,0
2026-08-17T01:26:12.2987391Z,0,0,549,230,0
2026-08-17T01:26:12.3031428Z,0,0,549,230,0
2026-08-17T01:26:12.3085371Z,0,0,549,230,0
2026-08-17T01:26:12.3134494Z,0,0,549,230,0
2026-08-17T01:26:12.3182624Z,0,0,549,230,0
2026-08-17T01:26:12.3235149Z,0,0,549,230,0
2026-08-17T01:26:12.3283811Z,0,0,549,230,0
2026-08-17T01:26:12.3334517Z,0,0,549,230,0
2026-08-17T01:26:12.3382151Z,0,0,549,230,0
2026-08-17T01:26:12.3430852Z,0,0,549,230,0
2026-08-17T01:26:12.3481915Z,0,0,549,230,0
2026-08-17T01:26:12.3530353Z,0,0,549,230,0
2026-08-17T01:26:12.3582195Z,0,0,549,230,0
2026-08-17T01:26:12.3638015Z,0,0,549,230,0
2026-08-17T01:26:12.3679751Z,0,0,549,230,0
2026-08-17T01:26:12.3736392Z,0,0,549,230,0
2026-08-17T01:26:12.3786608Z,0,0,549,230,0
2026-08-17T01:26:12.3832362Z,0,0,549,230,0
2026-08-17T01:26:12.3886098Z,0,0,549,230,0
2026-08-17T01:26:12.3934531Z,0,0,549,230,0
2026-08-17T01:26:12.3982793Z,0,0,549,230,0
2026-08-17T01:26:12.4033408Z,0,0,549,230,0
2026-08-17T01:26:12.4080542Z,0,0,549,230,0
2026-08-17T01:26:12.4133632Z,0,0,549,230,0
2026-08-17T01:26:12.4183711Z,0,0,549,230,0
2026-08-17T01:26:12.4232468Z,0,0,549,230,0
2026-08-17T01:26:12.4280351Z,0,0,549,230,0
2026-08-17T01:26:12.4330811Z,0,0,549,230,0
2026-08-17T01:26:12.4379599Z,0,0,549,230,0
2026-08-17T01:26:12.4432807Z,0,0,549,230,0
2026-08-17T01:26:12.4481328Z,0,0,549,230,0
2026-08-17T01:26:12.45308Z,0,0,549,230,0
2026-08-17T01:26:12.4583959Z,0,0,549,230,0
2026-08-17T01:26:12.4633775Z,0,0,549,230,0
2026-08-17T01:26:12.4686069Z,0,0,549,230,0
2026-08-17T01:26:12.4731777Z,0,0,549,230,0
2026-08-17T01:26:12.4781235Z,0,0,549,230,0
2026-08-17T01:26:12.4835723Z,0,0,549,230,0
2026-08-17T01:26:12.4890088Z,0,0,549,230,0
2026-08-17T01:26:12.4934104Z,0,0,549,230,0
2026-08-17T01:26:12.4981662Z,0,0,549,230,0
2026-08-17T01:26:12.5034829Z,0,0,549,230,0
2026-08-17T01:26:12.5087971Z,0,0,549,230,0
2026-08-17T01:26:12.5133332Z,0,0,549,230,0
2026-08-17T01:26:12.5181036Z,0,0,549,230,0
2026-08-17T01:26:12.5231496Z,0,0,549,230,0
2026-08-17T01:26:12.5280755Z,0,0,549,230,0
2026-08-17T01:26:12.5334727Z,0,0,549,230,0
2026-08-17T01:26:12.5382677Z,0,0,549,230,0
2026-08-17T01:26:12.5431458Z,0,0,549,230,0
2026-08-17T01:26:12.5481372Z,0,0,549,230,0
2026-08-17T01:26:12.5534551Z,0,0,549,230,0
2026-08-17T01:26:12.5582602Z,0,0,549,230,0
2026-08-17T01:26:12.5631437Z,0,0,549,230,0
2026-08-17T01:26:12.5683633Z,0,0,549,230,0
2026-08-17T01:26:12.5732992Z,0,0,549,230,0
2026-08-17T01:26:12.5781028Z,0,0,549,230,0
2026-08-17T01:26:12.5835657Z,0,0,549,230,0
2026-08-17T01:26:12.5882913Z,0,0,549,230,0
2026-08-17T01:26:12.5933265Z,0,0,549,230,0
2026-08-17T01:26:12.5985664Z,0,0,549,230,0
2026-08-17T01:26:12.6033537Z,0,0,549,230,0
2026-08-17T01:26:12.6085385Z,0,0,549,230,0
2026-08-17T01:26:12.6133732Z,0,0,549,230,0
2026-08-17T01:26:12.618129Z,0,0,549,230,0
2026-08-17T01:26:12.6236782Z,0,0,549,230,0
2026-08-17T01:26:12.6284138Z,0,0,549,230,0
2026-08-17T01:26:12.6334687Z,0,0,549,230,0
2026-08-17T01:26:12.6381635Z,0,0,549,230,0
2026-08-17T01:26:12.6435019Z,0,0,549,230,0
2026-08-17T01:26:12.6484132Z,0,0,549,230,0
2026-08-17T01:26:12.653295Z,0,0,549,230,0
2026-08-17T01:26:12.6585523Z,0,0,549,230,0
2026-08-17T01:26:12.6634186Z,0,0,549,230,0
2026-08-17T01:26:12.6687334Z,0,0,549,230,0
2026-08-17T01:26:12.6731074Z,0,0,549,230,0
2026-08-17T01:26:12.678446Z,0,0,549,230,0
2026-08-17T01:26:12.6832817Z,0,0,549,230,0
2026-08-17T01:26:12.6879798Z,0,0,549,230,0
2026-08-17T01:26:12.6933306Z,0,0,549,230,0
2026-08-17T01:26:12.6985387Z,0,0,549,230,0
2026-08-17T01:26:12.7032588Z,0,0,549,230,0
2026-08-17T01:26:12.7080883Z,0,0,549,230,0
2026-08-17T01:26:12.7132287Z,0,0,549,230,0
2026-08-17T01:26:12.7180857Z,0,0,549,230,0
2026-08-17T01:26:12.72331Z,0,0,549,230,0
2026-08-17T01:26:12.7280172Z,0,0,549,230,0
2026-08-17T01:26:12.733404Z,0,0,549,230,0
2026-08-17T01:26:12.7382318Z,0,0,549,230,0
2026-08-17T01:26:12.7432648Z,0,0,549,230,0
2026-08-17T01:26:12.7484443Z,0,0,549,230,0
2026-08-17T01:26:12.7531732Z,0,0,549,230,0
2026-08-17T01:26:12.7584288Z,0,0,549,230,0
2026-08-17T01:26:12.7631767Z,0,0,549,230,0
2026-08-17T01:26:12.7680625Z,0,0,549,230,0
2026-08-17T01:26:12.7735006Z,0,0,549,230,0
2026-08-17T01:26:12.7781995Z,0,0,549,230,0
2026-08-17T01:26:12.7832355Z,0,0,549,230,0
2026-08-17T01:26:12.7879475Z,0,0,549,230,0
2026-08-17T01:26:12.7934049Z,0,0,549,230,0
2026-08-17T01:26:12.7984628Z,0,0,549,230,0
2026-08-17T01:26:12.8034198Z,0,0,549,230,0
2026-08-17T01:26:12.8080816Z,0,0,549,230,0
2026-08-17T01:26:12.8130586Z,0,0,549,230,0
2026-08-17T01:26:12.8181371Z,0,0,549,230,0
2026-08-17T01:26:12.8230698Z,0,0,549,230,0
2026-08-17T01:26:12.8335978Z,0,0,549,230,0
2026-08-17T01:26:12.8382348Z,0,0,549,230,0
2026-08-17T01:26:12.8432765Z,0,0,549,230,0
2026-08-17T01:26:12.8480241Z,0,0,549,230,0
2026-08-17T01:26:12.8535247Z,0,0,549,230,0
2026-08-17T01:26:12.8582896Z,0,0,549,230,0
2026-08-17T01:26:12.8632851Z,0,0,549,230,0
2026-08-17T01:26:12.8679838Z,0,0,549,230,0
2026-08-17T01:26:12.8734197Z,0,0,549,230,0
2026-08-17T01:26:12.8782353Z,0,0,549,230,0
2026-08-17T01:26:12.8831115Z,0,0,549,230,0
2026-08-17T01:26:12.8882777Z,0,0,549,230,0
2026-08-17T01:26:12.8931938Z,0,0,549,230,0
2026-08-17T01:26:12.8979988Z,0,0,549,230,0
2026-08-17T01:26:12.9029908Z,0,0,549,230,0
2026-08-17T01:26:12.9081769Z,0,0,549,230,0
2026-08-17T01:26:12.9135413Z,0,0,549,230,0
2026-08-17T01:26:12.9182384Z,0,0,549,230,0
2026-08-17T01:26:12.9232084Z,0,0,549,230,0
2026-08-17T01:26:12.9279476Z,0,0,549,230,0
2026-08-17T01:26:12.9332408Z,0,0,549,230,0
2026-08-17T01:26:12.9380837Z,0,0,549,230,0
2026-08-17T01:26:12.9431051Z,0,0,549,230,0
2026-08-17T01:26:12.948511Z,0,0,549,230,0
2026-08-17T01:26:12.9529853Z,0,0,549,230,0
2026-08-17T01:26:12.9583993Z,0,0,549,230,0
2026-08-17T01:26:12.9634337Z,0,0,549,230,0
2026-08-17T01:26:12.9682082Z,0,0,549,230,0
2026-08-17T01:26:12.9730765Z,0,0,549,230,0
2026-08-17T01:26:12.9781317Z,0,0,549,230,0
2026-08-17T01:26:12.9830908Z,0,0,549,230,0
2026-08-17T01:26:12.9879502Z,0,0,549,230,0
2026-08-17T01:26:12.9932167Z,0,0,549,230,0
2026-08-17T01:26:12.9984746Z,0,0,549,230,0
2026-08-17T01:26:13.0033046Z,0,0,549,230,0
2026-08-17T01:26:13.0084341Z,0,0,549,230,0
2026-08-17T01:26:13.0133804Z,0,0,549,230,0
2026-08-17T01:26:13.0181408Z,0,0,549,230,0
2026-08-17T01:26:13.0234661Z,0,0,549,230,0
2026-08-17T01:26:13.028307Z,0,0,549,230,0
2026-08-17T01:26:13.0331531Z,0,0,549,230,0
2026-08-17T01:26:13.0384991Z,0,0,549,230,0
2026-08-17T01:26:13.0430251Z,0,0,549,230,0
2026-08-17T01:26:13.0481185Z,0,0,549,230,0
2026-08-17T01:26:13.0534124Z,0,0,549,230,0
2026-08-17T01:26:13.0582132Z,0,0,549,230,0
2026-08-17T01:26:13.0632906Z,0,0,549,230,0
2026-08-17T01:26:13.0680977Z,0,0,549,230,0
2026-08-17T01:26:13.0730135Z,0,0,549,230,0
2026-08-17T01:26:13.078182Z,0,0,549,230,0
2026-08-17T01:26:13.0831583Z,0,0,549,230,0
2026-08-17T01:26:13.0882254Z,0,0,549,230,0
2026-08-17T01:26:13.0935307Z,0,0,549,230,0
2026-08-17T01:26:13.0985366Z,0,0,549,230,0
2026-08-17T01:26:13.1034132Z,0,0,549,230,0
2026-08-17T01:26:13.1081717Z,0,0,549,230,0
2026-08-17T01:26:13.113303Z,0,0,549,230,0
2026-08-17T01:26:13.1190167Z,0,0,549,230,0
2026-08-17T01:26:13.1232187Z,0,0,549,230,0
2026-08-17T01:26:13.1282192Z,0,0,549,230,0
2026-08-17T01:26:13.1332349Z,0,0,549,230,0
2026-08-17T01:26:13.1385217Z,0,0,549,230,0
2026-08-17T01:26:13.143148Z,0,0,549,230,0
2026-08-17T01:26:13.1480027Z,0,0,549,230,0
2026-08-17T01:26:13.1534271Z,0,0,549,230,0
2026-08-17T01:26:13.1581926Z,0,0,549,230,0
2026-08-17T01:26:13.1629849Z,0,0,549,230,0
2026-08-17T01:26:13.1680717Z,0,0,549,230,0
2026-08-17T01:26:13.173369Z,0,0,549,230,0
2026-08-17T01:26:13.1787008Z,0,0,549,230,0
2026-08-17T01:26:13.1831193Z,0,0,549,230,0
2026-08-17T01:26:13.1884266Z,0,0,549,230,0
2026-08-17T01:26:13.193265Z,0,0,549,230,0
2026-08-17T01:26:13.1985403Z,0,0,549,230,0
2026-08-17T01:26:13.2029718Z,0,0,549,230,0
2026-08-17T01:26:13.2085909Z,0,0,549,230,0
2026-08-17T01:26:13.2134199Z,0,0,549,230,0
2026-08-17T01:26:13.2180579Z,0,0,549,230,0
2026-08-17T01:26:13.2232884Z,0,0,549,230,0
2026-08-17T01:26:13.2281814Z,0,0,549,230,0
2026-08-17T01:26:13.2330559Z,0,0,549,230,0
2026-08-17T01:26:13.2380835Z,0,0,549,230,0
2026-08-17T01:26:13.2433682Z,0,0,549,230,0
2026-08-17T01:26:13.248254Z,0,0,549,230,0
2026-08-17T01:26:13.2535322Z,0,0,549,230,0
2026-08-17T01:26:13.258186Z,0,0,549,230,0
2026-08-17T01:26:13.2632086Z,0,0,549,230,0
2026-08-17T01:26:13.2680803Z,0,0,549,230,0
2026-08-17T01:26:13.2733543Z,0,0,549,230,0
2026-08-17T01:26:13.2781944Z,0,0,549,230,0
2026-08-17T01:26:13.2831544Z,0,0,549,230,0
2026-08-17T01:26:13.2883741Z,0,0,549,230,0
2026-08-17T01:26:13.2931156Z,0,0,549,230,0
2026-08-17T01:26:13.2983442Z,0,0,549,230,0
2026-08-17T01:26:13.3034166Z,0,0,549,230,0
2026-08-17T01:26:13.3082539Z,0,0,549,230,0
2026-08-17T01:26:13.3132389Z,0,0,549,230,0
2026-08-17T01:26:13.3180053Z,0,0,549,230,0
2026-08-17T01:26:13.3232074Z,0,0,549,230,0
2026-08-17T01:26:13.3280989Z,0,0,549,230,0
2026-08-17T01:26:13.3329697Z,0,0,549,230,0
2026-08-17T01:26:13.3380013Z,0,0,549,230,0
2026-08-17T01:26:13.3432484Z,0,0,549,230,0
2026-08-17T01:26:13.347957Z,0,0,549,230,0
2026-08-17T01:26:13.3529917Z,0,0,549,230,0
2026-08-17T01:26:13.3581398Z,0,0,549,230,0
2026-08-17T01:26:13.3631526Z,0,0,549,230,0
2026-08-17T01:26:13.3683145Z,0,0,549,230,0
2026-08-17T01:26:13.3732014Z,0,0,549,230,0
2026-08-17T01:26:13.3783832Z,0,0,549,230,0
2026-08-17T01:26:13.3832581Z,0,0,549,230,0
2026-08-17T01:26:13.3884257Z,0,0,549,230,0
2026-08-17T01:26:13.3933966Z,0,0,549,230,0
2026-08-17T01:26:13.3981492Z,0,0,549,230,0
2026-08-17T01:26:13.4029637Z,0,0,549,230,0
2026-08-17T01:26:13.4083884Z,0,0,549,230,0
2026-08-17T01:26:13.4133184Z,0,0,549,230,0
2026-08-17T01:26:13.4181226Z,0,0,549,230,0
2026-08-17T01:26:13.4229495Z,0,0,549,230,0
2026-08-17T01:26:13.4281498Z,0,0,549,230,0
2026-08-17T01:26:13.4330236Z,0,0,549,230,0
2026-08-17T01:26:13.4380581Z,0,0,549,230,0
2026-08-17T01:26:13.4433034Z,0,0,549,230,0
2026-08-17T01:26:13.4484292Z,0,0,549,230,0
2026-08-17T01:26:13.452953Z,0,0,549,230,0
2026-08-17T01:26:13.4580838Z,0,0,549,230,0
2026-08-17T01:26:13.4633482Z,0,0,549,230,0
2026-08-17T01:26:13.4680396Z,0,0,549,230,0
2026-08-17T01:26:13.4731581Z,0,0,549,230,0
2026-08-17T01:26:13.4783192Z,0,0,549,230,0
2026-08-17T01:26:13.4832988Z,0,0,549,230,0
2026-08-17T01:26:13.4881022Z,0,0,549,230,0
2026-08-17T01:26:13.4931969Z,0,0,549,230,0
2026-08-17T01:26:13.4980622Z,0,0,549,230,0
2026-08-17T01:26:13.5033737Z,0,0,549,230,0
2026-08-17T01:26:13.5086731Z,0,0,549,230,0
2026-08-17T01:26:13.5133283Z,0,0,549,230,0
2026-08-17T01:26:13.5181362Z,0,0,549,230,0
2026-08-17T01:26:13.5232525Z,0,0,549,230,0
2026-08-17T01:26:13.5279921Z,0,0,549,230,0
2026-08-17T01:26:13.5331993Z,0,0,549,230,0
2026-08-17T01:26:13.5387772Z,0,0,549,230,0
2026-08-17T01:26:13.5433578Z,0,0,549,230,0
2026-08-17T01:26:13.5482186Z,0,0,549,230,0
2026-08-17T01:26:13.5532308Z,0,0,549,230,0
2026-08-17T01:26:13.5580436Z,0,0,549,230,0
2026-08-17T01:26:13.5633248Z,0,0,549,230,0
2026-08-17T01:26:13.5680427Z,0,0,549,230,0
2026-08-17T01:26:13.573182Z,0,0,549,230,0
2026-08-17T01:26:13.5783497Z,0,0,549,230,0
2026-08-17T01:26:13.5832581Z,0,0,549,230,0
2026-08-17T01:26:13.5882222Z,0,0,549,230,0
2026-08-17T01:26:13.5931766Z,0,0,549,230,0
2026-08-17T01:26:13.5979567Z,0,0,549,230,0
2026-08-17T01:26:13.6032105Z,0,0,549,230,0
2026-08-17T01:26:13.6081435Z,0,0,549,230,0
2026-08-17T01:26:13.613035Z,0,0,549,230,0
2026-08-17T01:26:13.6179773Z,0,0,549,230,0
2026-08-17T01:26:13.6230039Z,0,0,549,230,0
2026-08-17T01:26:13.6280942Z,0,0,549,230,0
2026-08-17T01:26:13.6332879Z,0,0,549,230,0
2026-08-17T01:26:13.6380644Z,0,0,549,230,0
2026-08-17T01:26:13.6433881Z,0,0,549,230,0
2026-08-17T01:26:13.6480584Z,0,0,549,230,0
2026-08-17T01:26:13.653565Z,0,0,549,230,0
2026-08-17T01:26:13.6583023Z,0,0,549,230,0
2026-08-17T01:26:13.6636397Z,0,0,549,230,0
2026-08-17T01:26:13.6684037Z,0,0,549,230,0
2026-08-17T01:26:13.6731844Z,0,0,549,230,0
2026-08-17T01:26:13.67844Z,0,0,549,230,0
2026-08-17T01:26:13.6833702Z,0,0,549,230,0
2026-08-17T01:26:13.6882152Z,0,0,549,230,0
2026-08-17T01:26:13.6931992Z,0,0,549,230,0
2026-08-17T01:26:13.6984224Z,0,0,549,230,0
2026-08-17T01:26:13.7033146Z,0,0,549,230,0
2026-08-17T01:26:13.7080931Z,0,0,549,230,0
2026-08-17T01:26:13.7131828Z,0,0,549,230,0
2026-08-17T01:26:13.7185214Z,0,0,549,230,0
2026-08-17T01:26:13.7230541Z,0,0,549,230,0
2026-08-17T01:26:13.7282302Z,0,0,549,230,0
2026-08-17T01:26:13.7337315Z,0,0,549,230,0
2026-08-17T01:26:13.7384719Z,0,0,549,230,0
2026-08-17T01:26:13.7433713Z,0,0,549,230,0
2026-08-17T01:26:13.7487158Z,0,0,549,230,0
2026-08-17T01:26:13.753225Z,0,0,549,230,0
2026-08-17T01:26:13.7579516Z,0,0,549,230,0
2026-08-17T01:26:13.7633771Z,0,0,549,230,0
2026-08-17T01:26:13.7686025Z,0,0,549,230,0
2026-08-17T01:26:13.7731841Z,0,0,549,230,0
2026-08-17T01:26:13.7785285Z,0,0,549,230,0
2026-08-17T01:26:13.7833871Z,0,0,549,230,0
2026-08-17T01:26:13.7881193Z,0,0,549,230,0
2026-08-17T01:26:13.7932674Z,0,0,549,230,0
2026-08-17T01:26:13.7984609Z,0,0,549,230,0
2026-08-17T01:26:13.8033559Z,0,0,549,230,0
2026-08-17T01:26:13.8084297Z,0,0,549,230,0
2026-08-17T01:26:13.8131297Z,0,0,549,230,0
2026-08-17T01:26:13.8183232Z,0,0,549,230,0
2026-08-17T01:26:13.8229849Z,0,0,549,230,0
2026-08-17T01:26:13.8283835Z,0,0,549,230,0
2026-08-17T01:26:13.8333653Z,0,0,549,230,0
2026-08-17T01:26:13.8380611Z,0,0,549,230,0
2026-08-17T01:26:13.8433495Z,0,0,549,230,0
2026-08-17T01:26:13.8481996Z,0,0,549,230,0
2026-08-17T01:26:13.8533057Z,0,0,549,230,0
2026-08-17T01:26:13.858504Z,0,0,549,230,0
2026-08-17T01:26:13.8635075Z,0,0,549,230,0
2026-08-17T01:26:13.868206Z,0,0,549,230,0
2026-08-17T01:26:13.8731726Z,0,0,549,230,0
2026-08-17T01:26:13.8780063Z,0,0,549,230,0
2026-08-17T01:26:13.8833892Z,0,0,549,230,0
2026-08-17T01:26:13.888128Z,0,0,549,230,0
2026-08-17T01:26:13.8930467Z,0,0,549,230,0
2026-08-17T01:26:13.8983325Z,0,0,549,230,0
2026-08-17T01:26:13.9031488Z,0,0,549,230,0
2026-08-17T01:26:13.9084315Z,0,0,549,230,0
2026-08-17T01:26:13.9130519Z,0,0,549,230,0
2026-08-17T01:26:13.917964Z,0,0,549,230,0
2026-08-17T01:26:13.9232433Z,0,0,549,230,0
2026-08-17T01:26:13.928419Z,0,0,549,230,0
2026-08-17T01:26:13.9329631Z,0,0,549,230,0
2026-08-17T01:26:13.9384236Z,0,0,549,230,0
2026-08-17T01:26:13.9432204Z,0,0,549,230,0
2026-08-17T01:26:13.9486083Z,0,0,549,230,0
2026-08-17T01:26:13.953034Z,0,0,549,230,0
2026-08-17T01:26:13.9579525Z,0,0,549,230,0
2026-08-17T01:26:13.9632732Z,0,0,549,230,0
2026-08-17T01:26:13.9680258Z,0,0,549,230,0
2026-08-17T01:26:13.9730407Z,0,0,549,230,0
2026-08-17T01:26:13.9779604Z,0,0,549,230,0
2026-08-17T01:26:13.9833996Z,0,0,549,230,0
2026-08-17T01:26:13.988234Z,0,0,549,230,0
2026-08-17T01:26:13.9935895Z,0,0,549,230,0
2026-08-17T01:26:13.9983073Z,0,0,549,230,0
2026-08-17T01:26:14.0032382Z,0,0,549,230,0
2026-08-17T01:26:14.0080329Z,0,0,549,230,0
2026-08-17T01:26:14.0130153Z,0,0,549,230,0
2026-08-17T01:26:14.0181863Z,0,0,549,230,0
2026-08-17T01:26:14.0231696Z,0,0,549,230,0
2026-08-17T01:26:14.0280332Z,0,0,549,230,0
2026-08-17T01:26:14.0334748Z,0,0,549,230,0
2026-08-17T01:26:14.0381371Z,0,0,549,230,0
2026-08-17T01:26:14.0431104Z,0,0,549,230,0
2026-08-17T01:26:14.0483734Z,0,0,549,230,0
2026-08-17T01:26:14.0534262Z,0,0,549,230,0
2026-08-17T01:26:14.0586871Z,0,0,549,230,0
2026-08-17T01:26:14.0630907Z,0,0,549,230,0
2026-08-17T01:26:14.0683971Z,0,0,549,230,0
2026-08-17T01:26:14.0733983Z,0,0,549,230,0
2026-08-17T01:26:14.0782708Z,0,0,549,230,0
2026-08-17T01:26:14.0832547Z,0,0,549,230,0
2026-08-17T01:26:14.0880096Z,0,0,549,230,0
2026-08-17T01:26:14.0934491Z,0,0,549,230,0
2026-08-17T01:26:14.0982465Z,0,0,549,230,0
2026-08-17T01:26:14.1031847Z,0,0,549,230,0
2026-08-17T01:26:14.1079626Z,0,0,549,230,0
2026-08-17T01:26:14.1130609Z,0,0,549,230,0
2026-08-17T01:26:14.1182753Z,0,0,549,230,0
2026-08-17T01:26:14.1232997Z,0,0,549,230,0
2026-08-17T01:26:14.1281251Z,0,0,549,230,0
2026-08-17T01:26:14.1329815Z,0,0,549,230,0
2026-08-17T01:26:14.1384671Z,0,0,549,230,0
2026-08-17T01:26:14.1433551Z,0,0,549,230,0
2026-08-17T01:26:14.1480613Z,0,0,549,230,0
2026-08-17T01:26:14.1536649Z,0,0,549,230,0
2026-08-17T01:26:14.1583902Z,0,0,549,230,0
2026-08-17T01:26:14.1630523Z,0,0,549,230,0
2026-08-17T01:26:14.1684791Z,0,0,549,230,0
2026-08-17T01:26:14.1730815Z,0,0,549,230,0
2026-08-17T01:26:14.1779367Z,0,0,549,230,0
2026-08-17T01:26:14.1833321Z,0,0,549,230,0
2026-08-17T01:26:14.1880695Z,0,0,549,230,0
2026-08-17T01:26:14.1980746Z,0,0,549,230,0
2026-08-17T01:26:14.2030216Z,0,0,549,230,0
2026-08-17T01:26:14.2080816Z,0,0,549,230,0
2026-08-17T01:26:14.2134058Z,0,0,549,230,0
2026-08-17T01:26:14.2186849Z,0,0,549,230,0
2026-08-17T01:26:14.22323Z,0,0,549,230,0
2026-08-17T01:26:14.2280735Z,0,0,549,230,0
2026-08-17T01:26:14.2333499Z,0,0,549,230,0
2026-08-17T01:26:14.2382325Z,0,0,549,230,0
2026-08-17T01:26:14.2433499Z,0,0,549,230,0
2026-08-17T01:26:14.2485131Z,0,0,549,230,0
2026-08-17T01:26:14.2531378Z,0,0,549,230,0
2026-08-17T01:26:14.2584645Z,0,0,549,230,0
2026-08-17T01:26:14.2633278Z,0,0,549,230,0
2026-08-17T01:26:14.2680883Z,0,0,549,230,0
2026-08-17T01:26:14.2735781Z,0,0,549,230,0
2026-08-17T01:26:14.2783996Z,0,0,549,230,0
2026-08-17T01:26:14.28344Z,0,0,549,230,0
2026-08-17T01:26:14.2882333Z,0,0,549,230,0
2026-08-17T01:26:14.2929777Z,0,0,549,230,0
2026-08-17T01:26:14.2987186Z,0,0,549,230,0
2026-08-17T01:26:14.3032443Z,0,0,549,230,0
2026-08-17T01:26:14.3080644Z,0,0,549,230,0
2026-08-17T01:26:14.3135996Z,0,0,549,230,0
2026-08-17T01:26:14.3179724Z,0,0,549,230,0
2026-08-17T01:26:14.3233892Z,0,0,549,230,0
2026-08-17T01:26:14.3282361Z,0,0,549,230,0
2026-08-17T01:26:14.3332164Z,0,0,549,230,0
2026-08-17T01:26:14.3384267Z,0,0,549,230,0
2026-08-17T01:26:14.3433061Z,0,0,549,230,0
2026-08-17T01:26:14.3482097Z,0,0,549,230,0
2026-08-17T01:26:14.3533657Z,0,0,549,230,0
2026-08-17T01:26:14.3581346Z,0,0,549,230,0
2026-08-17T01:26:14.3630321Z,0,0,549,230,0
2026-08-17T01:26:14.3683252Z,0,0,549,230,0
2026-08-17T01:26:14.373315Z,0,0,549,230,0
2026-08-17T01:26:14.3785973Z,0,0,549,230,0
2026-08-17T01:26:14.3833814Z,0,0,549,230,0
2026-08-17T01:26:14.3880733Z,0,0,549,230,0
2026-08-17T01:26:14.3935532Z,0,0,549,230,0
2026-08-17T01:26:14.3982832Z,0,0,549,230,0
2026-08-17T01:26:14.4035471Z,0,0,549,230,0
2026-08-17T01:26:14.4082315Z,0,0,549,230,0
2026-08-17T01:26:14.4132315Z,0,0,549,230,0
2026-08-17T01:26:14.4184175Z,0,0,549,230,0
2026-08-17T01:26:14.4232639Z,0,0,549,230,0
2026-08-17T01:26:14.4284539Z,0,0,549,230,0
2026-08-17T01:26:14.433367Z,0,0,549,230,0
2026-08-17T01:26:14.4381917Z,0,0,549,230,0
2026-08-17T01:26:14.4436424Z,0,0,549,230,0
2026-08-17T01:26:14.4484372Z,0,0,549,230,0
2026-08-17T01:26:14.4530465Z,0,0,549,230,0
2026-08-17T01:26:14.4580204Z,0,0,549,230,0
2026-08-17T01:26:14.4633677Z,0,0,549,230,0
2026-08-17T01:26:14.4681041Z,0,0,549,230,0
2026-08-17T01:26:14.473355Z,0,0,549,230,0
2026-08-17T01:26:14.478342Z,0,0,549,230,0
2026-08-17T01:26:14.4833129Z,0,0,549,230,0
2026-08-17T01:26:14.4880881Z,0,0,549,230,0
2026-08-17T01:26:14.4929881Z,0,0,549,230,0
2026-08-17T01:26:14.4984439Z,0,0,549,230,0
2026-08-17T01:26:14.5030472Z,0,0,549,230,0
2026-08-17T01:26:14.5079775Z,0,0,549,230,0
2026-08-17T01:26:14.5130726Z,0,0,549,230,0
2026-08-17T01:26:14.518397Z,0,0,549,230,0
2026-08-17T01:26:14.5230466Z,0,0,549,230,0
2026-08-17T01:26:14.528448Z,0,0,549,230,0
2026-08-17T01:26:14.5329729Z,0,0,549,230,0
2026-08-17T01:26:14.5384175Z,0,0,549,230,0
2026-08-17T01:26:14.5433437Z,0,0,549,230,0
2026-08-17T01:26:14.5480233Z,0,0,549,230,0
2026-08-17T01:26:14.5530545Z,0,0,549,230,0
2026-08-17T01:26:14.5581329Z,0,0,549,230,0
2026-08-17T01:26:14.5630902Z,0,0,549,230,0
2026-08-17T01:26:14.5683502Z,0,0,549,230,0
2026-08-17T01:26:14.5730082Z,0,0,549,230,0
2026-08-17T01:26:14.5780798Z,0,0,549,230,0
2026-08-17T01:26:14.5830396Z,0,0,549,230,0
2026-08-17T01:26:14.5884444Z,0,0,549,230,0
2026-08-17T01:26:14.593356Z,0,0,549,230,0
2026-08-17T01:26:14.5981231Z,0,0,549,230,0
2026-08-17T01:26:14.603253Z,0,0,549,230,0
2026-08-17T01:26:14.6082278Z,0,0,549,230,0
2026-08-17T01:26:14.613161Z,0,0,549,230,0
2026-08-17T01:26:14.6184662Z,0,0,549,230,0
2026-08-17T01:26:14.6230909Z,0,0,549,230,0
2026-08-17T01:26:14.6281944Z,0,0,549,230,0
2026-08-17T01:26:14.6330868Z,0,0,549,230,0
2026-08-17T01:26:14.6381495Z,0,0,549,230,0
2026-08-17T01:26:14.6431391Z,0,0,549,230,0
2026-08-17T01:26:14.648243Z,0,0,549,230,0
2026-08-17T01:26:14.653365Z,0,0,549,230,0
2026-08-17T01:26:14.6582692Z,0,0,549,230,0
2026-08-17T01:26:14.6631927Z,0,0,549,230,0
2026-08-17T01:26:14.668994Z,0,0,549,230,0
2026-08-17T01:26:14.6733491Z,0,0,549,230,0
2026-08-17T01:26:14.6780691Z,0,0,549,230,0
2026-08-17T01:26:14.6835251Z,0,0,549,230,0
2026-08-17T01:26:14.6883862Z,0,0,549,230,0
2026-08-17T01:26:14.6929995Z,0,0,549,230,0
2026-08-17T01:26:14.6985738Z,0,0,549,230,0
2026-08-17T01:26:14.7033999Z,0,0,549,230,0
2026-08-17T01:26:14.7081077Z,0,0,549,230,0
2026-08-17T01:26:14.7136845Z,0,0,549,230,0
2026-08-17T01:26:14.7184086Z,0,0,549,230,0
2026-08-17T01:26:14.7230046Z,0,0,549,230,0
2026-08-17T01:26:14.7282566Z,0,0,549,230,0
2026-08-17T01:26:14.7331439Z,0,0,549,230,0
2026-08-17T01:26:14.738214Z,0,0,549,230,0
2026-08-17T01:26:14.7432265Z,0,0,549,230,0
2026-08-17T01:26:14.7484654Z,0,0,549,230,0
2026-08-17T01:26:14.7530036Z,0,0,549,230,0
2026-08-17T01:26:14.7584439Z,0,0,549,230,0
2026-08-17T01:26:14.7635574Z,0,0,549,230,0
2026-08-17T01:26:14.7683516Z,0,0,549,230,0
2026-08-17T01:26:14.7732227Z,0,0,549,230,0
2026-08-17T01:26:14.7781775Z,0,0,549,230,0
2026-08-17T01:26:14.7831296Z,0,0,549,230,0
2026-08-17T01:26:14.7883253Z,0,0,549,230,0
2026-08-17T01:26:14.793041Z,0,0,549,230,0
2026-08-17T01:26:14.7981946Z,0,0,549,230,0
2026-08-17T01:26:14.8030058Z,0,0,549,230,0
2026-08-17T01:26:14.8081036Z,0,0,549,230,0
2026-08-17T01:26:14.8130752Z,0,0,549,230,0
2026-08-17T01:26:14.8184188Z,0,0,549,230,0
2026-08-17T01:26:14.8232248Z,0,0,549,230,0
2026-08-17T01:26:14.8279606Z,0,0,549,230,0
2026-08-17T01:26:14.8330459Z,0,0,549,230,0
2026-08-17T01:26:14.838087Z,0,0,549,230,0
2026-08-17T01:26:14.8433788Z,0,0,549,230,0
2026-08-17T01:26:14.8486767Z,0,0,549,230,0
2026-08-17T01:26:14.853061Z,0,0,549,230,0
2026-08-17T01:26:14.8579943Z,0,0,549,230,0
2026-08-17T01:26:14.8634879Z,0,0,549,230,0
2026-08-17T01:26:14.8683637Z,0,0,549,230,0
2026-08-17T01:26:14.8732227Z,0,0,549,230,0
2026-08-17T01:26:14.8781423Z,0,0,549,230,0
2026-08-17T01:26:14.8829918Z,0,0,549,230,0
2026-08-17T01:26:14.888571Z,0,0,549,230,0
2026-08-17T01:26:14.8933349Z,0,0,549,230,0
2026-08-17T01:26:14.898487Z,0,0,549,230,0
2026-08-17T01:26:14.903468Z,0,0,549,230,0
2026-08-17T01:26:14.9082037Z,0,0,549,230,0
2026-08-17T01:26:14.9131658Z,0,0,549,230,0
2026-08-17T01:26:14.9184108Z,0,0,549,230,0
2026-08-17T01:26:14.9232143Z,0,0,549,230,0
2026-08-17T01:26:14.9280315Z,0,0,549,230,0
2026-08-17T01:26:14.9333277Z,0,0,549,230,0
2026-08-17T01:26:14.9380373Z,0,0,549,230,0
2026-08-17T01:26:14.943346Z,0,0,549,230,0
2026-08-17T01:26:14.9482649Z,0,0,549,230,0
2026-08-17T01:26:14.9533614Z,0,0,549,230,0
2026-08-17T01:26:14.9584034Z,0,0,549,230,0
2026-08-17T01:26:14.9634801Z,0,0,549,230,0
2026-08-17T01:26:14.96827Z,0,0,549,230,0
2026-08-17T01:26:14.9735866Z,0,0,549,230,0
2026-08-17T01:26:14.9783293Z,0,0,549,230,0
2026-08-17T01:26:14.9832898Z,0,0,549,230,0
2026-08-17T01:26:14.9885214Z,0,0,549,230,0
2026-08-17T01:26:14.9935348Z,0,0,549,230,0
2026-08-17T01:26:14.998588Z,0,0,549,230,0
2026-08-17T01:26:15.0030275Z,0,0,549,230,0
2026-08-17T01:26:15.0086306Z,0,0,549,230,0
2026-08-17T01:26:15.013257Z,0,0,549,230,0
2026-08-17T01:26:15.0182056Z,0,0,549,230,0
2026-08-17T01:26:15.0234936Z,0,0,549,230,0
2026-08-17T01:26:15.0282189Z,0,0,549,230,0
2026-08-17T01:26:15.0331706Z,0,0,549,230,0
2026-08-17T01:26:15.0384472Z,0,0,549,230,0
2026-08-17T01:26:15.0432252Z,0,0,549,230,0
2026-08-17T01:26:15.0481877Z,0,0,549,230,0
2026-08-17T01:26:15.0529706Z,0,0,549,230,0
2026-08-17T01:26:15.0583172Z,0,0,549,230,0
2026-08-17T01:26:15.0633438Z,0,0,549,230,0
2026-08-17T01:26:15.0681028Z,0,0,549,230,0
2026-08-17T01:26:15.073076Z,0,0,549,230,0
2026-08-17T01:26:15.0781214Z,0,0,549,230,0
2026-08-17T01:26:15.0832642Z,0,0,549,230,0
2026-08-17T01:26:15.0881366Z,0,0,549,230,0
2026-08-17T01:26:15.0930253Z,0,0,549,230,0
2026-08-17T01:26:15.098465Z,0,0,549,230,0
2026-08-17T01:26:15.1032777Z,0,0,549,230,0
2026-08-17T01:26:15.1083075Z,0,0,549,230,0
2026-08-17T01:26:15.113298Z,0,0,549,230,0
2026-08-17T01:26:15.118607Z,0,0,549,230,0
2026-08-17T01:26:15.1234113Z,0,0,549,230,0
2026-08-17T01:26:15.1287494Z,0,0,549,230,0
2026-08-17T01:26:15.1334089Z,0,0,549,230,0
2026-08-17T01:26:15.1383259Z,0,0,549,230,0
2026-08-17T01:26:15.1434614Z,0,0,549,230,0
2026-08-17T01:26:15.1486334Z,0,0,549,230,0
2026-08-17T01:26:15.153437Z,0,0,549,230,0
2026-08-17T01:26:15.1586391Z,0,0,549,230,0
2026-08-17T01:26:15.1634895Z,0,0,549,230,0
2026-08-17T01:26:15.1683485Z,0,0,549,230,0
2026-08-17T01:26:15.1734449Z,0,0,549,230,0
2026-08-17T01:26:15.1785138Z,0,0,549,230,0
2026-08-17T01:26:15.1837685Z,0,0,549,230,0
2026-08-17T01:26:15.1879907Z,0,0,549,230,0
2026-08-17T01:26:15.1936375Z,0,0,549,230,0
2026-08-17T01:26:15.1984416Z,0,0,549,230,0
2026-08-17T01:26:15.2036507Z,0,0,549,230,0
2026-08-17T01:26:15.2084232Z,0,0,549,230,0
2026-08-17T01:26:15.213159Z,0,0,549,230,0
2026-08-17T01:26:15.218338Z,0,0,549,230,0
2026-08-17T01:26:15.2235548Z,0,0,549,230,0
2026-08-17T01:26:15.2284189Z,0,0,549,230,0
2026-08-17T01:26:15.2336996Z,0,0,549,230,0
2026-08-17T01:26:15.2383747Z,0,0,549,230,0
2026-08-17T01:26:15.2433291Z,0,0,549,230,0
2026-08-17T01:26:15.2479398Z,0,0,549,230,0
2026-08-17T01:26:15.2530615Z,0,0,549,230,0
2026-08-17T01:26:15.258521Z,0,0,549,230,0
2026-08-17T01:26:15.2632663Z,0,0,549,230,0
2026-08-17T01:26:15.2679449Z,0,0,549,230,0
2026-08-17T01:26:15.2732027Z,0,0,549,230,0
2026-08-17T01:26:15.2783893Z,0,0,549,230,0
2026-08-17T01:26:15.2831464Z,0,0,549,230,0
2026-08-17T01:26:15.2880753Z,0,0,549,230,0
2026-08-17T01:26:15.2930859Z,0,0,549,230,0
2026-08-17T01:26:15.2985079Z,0,0,549,230,0
2026-08-17T01:26:15.3032622Z,0,0,549,230,0
2026-08-17T01:26:15.3081883Z,0,0,549,230,0
2026-08-17T01:26:15.3130938Z,0,0,549,230,0
2026-08-17T01:26:15.3181299Z,0,0,549,230,0
2026-08-17T01:26:15.3233824Z,0,0,549,230,0
2026-08-17T01:26:15.3281142Z,0,0,549,230,0
2026-08-17T01:26:15.3333014Z,0,0,549,230,0
2026-08-17T01:26:15.3379866Z,0,0,549,230,0
2026-08-17T01:26:15.3431298Z,0,0,549,230,0
2026-08-17T01:26:15.3479996Z,0,0,549,230,0
2026-08-17T01:26:15.3529497Z,0,0,549,230,0
2026-08-17T01:26:15.3581046Z,0,0,549,230,0
2026-08-17T01:26:15.3631808Z,0,0,549,230,0
2026-08-17T01:26:15.3680325Z,0,0,549,230,0
2026-08-17T01:26:15.3734629Z,0,0,549,230,0
2026-08-17T01:26:15.3784952Z,0,0,549,230,0
2026-08-17T01:26:15.3834328Z,0,0,549,230,0
2026-08-17T01:26:15.388163Z,0,0,549,230,0
2026-08-17T01:26:15.3933848Z,0,0,549,230,0
2026-08-17T01:26:15.3983931Z,0,0,549,230,0
2026-08-17T01:26:15.4033593Z,0,0,549,230,0
2026-08-17T01:26:15.4083924Z,0,0,549,230,0
2026-08-17T01:26:15.4131377Z,0,0,549,230,0
2026-08-17T01:26:15.4184671Z,0,0,549,230,0
2026-08-17T01:26:15.4233778Z,0,0,549,230,0
2026-08-17T01:26:15.4285498Z,0,0,549,230,0
2026-08-17T01:26:15.4332611Z,0,0,549,230,0
2026-08-17T01:26:15.4379835Z,0,0,549,230,0
2026-08-17T01:26:15.4430444Z,0,0,549,230,0
2026-08-17T01:26:15.448418Z,0,0,549,230,0
2026-08-17T01:26:15.4530986Z,0,0,549,230,0
2026-08-17T01:26:15.4583915Z,0,0,549,230,0
2026-08-17T01:26:15.4633342Z,0,0,549,230,0
2026-08-17T01:26:15.4680343Z,0,0,549,230,0
2026-08-17T01:26:15.4729713Z,0,0,549,230,0
2026-08-17T01:26:15.4783092Z,0,0,549,230,0
2026-08-17T01:26:15.4832893Z,0,0,549,230,0
2026-08-17T01:26:15.4880722Z,0,0,549,230,0
2026-08-17T01:26:15.4930978Z,0,0,549,230,0
2026-08-17T01:26:15.498278Z,0,0,549,230,0
2026-08-17T01:26:15.5030759Z,0,0,549,230,0
2026-08-17T01:26:15.5083697Z,0,0,549,230,0
2026-08-17T01:26:15.5132968Z,0,0,549,230,0
2026-08-17T01:26:15.5181282Z,0,0,549,230,0
2026-08-17T01:26:15.523161Z,0,0,549,230,0
2026-08-17T01:26:15.5283305Z,0,0,549,230,0
2026-08-17T01:26:15.5334658Z,0,0,549,230,0
2026-08-17T01:26:15.5383036Z,0,0,549,230,0
2026-08-17T01:26:15.5430337Z,0,0,549,230,0
2026-08-17T01:26:15.548301Z,0,0,549,230,0
2026-08-17T01:26:15.5534794Z,0,0,549,230,0
2026-08-17T01:26:15.5583942Z,0,0,549,230,0
2026-08-17T01:26:15.5638014Z,0,0,549,230,0
2026-08-17T01:26:15.5680028Z,0,0,549,230,0
2026-08-17T01:26:15.5733067Z,0,0,549,230,0
2026-08-17T01:26:15.5779992Z,0,0,549,230,0
2026-08-17T01:26:15.5833468Z,0,0,549,230,0
2026-08-17T01:26:15.5880549Z,0,0,549,230,0
2026-08-17T01:26:15.5934163Z,0,0,549,230,0
2026-08-17T01:26:15.598579Z,0,0,549,230,0
2026-08-17T01:26:15.6029487Z,0,0,549,230,0
2026-08-17T01:26:15.6081035Z,0,0,549,230,0
2026-08-17T01:26:15.6129815Z,0,0,549,230,0
2026-08-17T01:26:15.6181598Z,0,0,549,230,0
2026-08-17T01:26:15.6231768Z,0,0,549,230,0
2026-08-17T01:26:15.6284845Z,0,0,549,230,0
2026-08-17T01:26:15.6329632Z,0,0,549,230,0
2026-08-17T01:26:15.6381115Z,0,0,549,230,0
2026-08-17T01:26:15.6433274Z,0,0,549,230,0
2026-08-17T01:26:15.6482823Z,0,0,549,230,0
2026-08-17T01:26:15.6530193Z,0,0,549,230,0
2026-08-17T01:26:15.6583734Z,0,0,549,230,0
2026-08-17T01:26:15.6633731Z,0,0,549,230,0
2026-08-17T01:26:15.6681769Z,0,0,549,230,0
2026-08-17T01:26:15.6734259Z,0,0,549,230,0
2026-08-17T01:26:15.6783346Z,0,0,549,230,0
2026-08-17T01:26:15.6833356Z,0,0,549,230,0
2026-08-17T01:26:15.6885521Z,0,0,549,230,0
2026-08-17T01:26:15.6933573Z,0,0,549,230,0
2026-08-17T01:26:15.6981414Z,0,0,549,230,0
2026-08-17T01:26:15.703052Z,0,0,549,230,0
2026-08-17T01:26:15.7081183Z,0,0,549,230,0
2026-08-17T01:26:15.7129887Z,0,0,549,230,0
2026-08-17T01:26:15.7180655Z,0,0,549,230,0
2026-08-17T01:26:15.7229133Z,0,0,549,230,0
2026-08-17T01:26:15.7279812Z,0,0,549,230,0
2026-08-17T01:26:15.7332563Z,0,0,549,230,0
2026-08-17T01:26:15.7380876Z,0,0,549,230,0
2026-08-17T01:26:15.7429253Z,0,0,549,230,0
2026-08-17T01:26:15.7484639Z,0,0,549,230,0
2026-08-17T01:26:15.7536032Z,0,0,549,230,0
2026-08-17T01:26:15.7582573Z,0,0,549,230,0
2026-08-17T01:26:15.7633261Z,0,0,549,230,0
2026-08-17T01:26:15.7682192Z,0,0,549,230,0
2026-08-17T01:26:15.7732189Z,0,0,549,230,0
2026-08-17T01:26:15.7784745Z,0,0,549,230,0
2026-08-17T01:26:15.7832033Z,0,0,549,230,0
2026-08-17T01:26:15.7882385Z,0,0,549,230,0
2026-08-17T01:26:15.7930898Z,0,0,549,230,0
2026-08-17T01:26:15.7984223Z,0,0,549,230,0
2026-08-17T01:26:15.8033427Z,0,0,549,230,0
2026-08-17T01:26:15.8080482Z,0,0,549,230,0
2026-08-17T01:26:15.8132804Z,0,0,549,230,0
2026-08-17T01:26:15.8180434Z,0,0,549,230,0
2026-08-17T01:26:15.8233107Z,0,0,549,230,0
2026-08-17T01:26:15.8281458Z,0,0,549,230,0
2026-08-17T01:26:15.833133Z,0,0,549,230,0
2026-08-17T01:26:15.8383562Z,0,0,549,230,0
2026-08-17T01:26:15.843416Z,0,0,549,230,0
2026-08-17T01:26:15.8482057Z,0,0,549,230,0
2026-08-17T01:26:15.853461Z,0,0,549,230,0
2026-08-17T01:26:15.8580689Z,0,0,549,230,0
2026-08-17T01:26:15.8630828Z,0,0,549,230,0
2026-08-17T01:26:15.8685331Z,0,0,549,230,0
2026-08-17T01:26:15.8730246Z,0,0,549,230,0
2026-08-17T01:26:15.8781265Z,0,0,549,230,0
2026-08-17T01:26:15.8830648Z,0,0,549,230,0
2026-08-17T01:26:15.8880809Z,0,0,549,230,0
2026-08-17T01:26:15.8933332Z,0,0,549,230,0
2026-08-17T01:26:15.89819Z,0,0,549,230,0
2026-08-17T01:26:15.9030015Z,0,0,549,230,0
2026-08-17T01:26:15.9082098Z,0,0,549,230,0
2026-08-17T01:26:15.9134659Z,0,0,549,230,0
2026-08-17T01:26:15.918463Z,0,0,549,230,0
2026-08-17T01:26:15.9234849Z,0,0,549,230,0
2026-08-17T01:26:15.9282883Z,0,0,549,230,0
2026-08-17T01:26:15.9333834Z,0,0,549,230,0
2026-08-17T01:26:15.9383571Z,0,0,549,230,0
2026-08-17T01:26:15.9436503Z,0,0,549,230,0
2026-08-17T01:26:15.9484768Z,0,0,549,230,0
2026-08-17T01:26:15.9532724Z,0,0,549,230,0
2026-08-17T01:26:15.958024Z,0,0,549,230,0
2026-08-17T01:26:15.9632968Z,0,0,549,230,0
2026-08-17T01:26:15.9686011Z,0,0,549,230,0
2026-08-17T01:26:15.9731527Z,0,0,549,230,0
2026-08-17T01:26:15.9784507Z,0,0,549,230,0
2026-08-17T01:26:15.9831773Z,0,0,549,230,0
2026-08-17T01:26:15.9880585Z,0,0,549,230,0
2026-08-17T01:26:15.9930921Z,0,0,549,230,0
2026-08-17T01:26:15.998008Z,0,0,549,230,0
2026-08-17T01:26:16.0033773Z,0,0,549,230,0
2026-08-17T01:26:16.0081202Z,0,0,549,230,0
2026-08-17T01:26:16.013467Z,0,0,549,230,0
2026-08-17T01:26:16.0183135Z,0,0,549,230,0
2026-08-17T01:26:16.0233909Z,0,0,549,230,0
2026-08-17T01:26:16.0281986Z,0,0,549,230,0
2026-08-17T01:26:16.0330138Z,0,0,549,230,0
2026-08-17T01:26:16.0380855Z,0,0,549,230,0
2026-08-17T01:26:16.0430528Z,0,0,549,230,0
2026-08-17T01:26:16.0482519Z,0,0,549,230,0
2026-08-17T01:26:16.0531736Z,0,0,549,230,0
2026-08-17T01:26:16.0580582Z,0,0,549,230,0
2026-08-17T01:26:16.0633289Z,0,0,549,230,0
2026-08-17T01:26:16.0680468Z,0,0,549,230,0
2026-08-17T01:26:16.0731478Z,0,0,549,230,0
2026-08-17T01:26:16.078191Z,0,0,549,230,0
2026-08-17T01:26:16.0831387Z,0,0,549,230,0
2026-08-17T01:26:16.0882153Z,0,0,549,230,0
2026-08-17T01:26:16.0932941Z,0,0,549,230,0
2026-08-17T01:26:16.098059Z,0,0,549,230,0
2026-08-17T01:26:16.1033682Z,0,0,549,230,0
2026-08-17T01:26:16.1080679Z,0,0,549,230,0
2026-08-17T01:26:16.1130793Z,0,0,549,230,0
2026-08-17T01:26:16.1179833Z,0,0,549,230,0
2026-08-17T01:26:16.1232151Z,0,0,549,230,0
2026-08-17T01:26:16.1283981Z,0,0,549,230,0
2026-08-17T01:26:16.1333585Z,0,0,549,230,0
2026-08-17T01:26:16.1381524Z,0,0,549,230,0
2026-08-17T01:26:16.143067Z,0,0,549,230,0
2026-08-17T01:26:16.1484635Z,0,0,549,230,0
2026-08-17T01:26:16.1529911Z,0,0,549,230,0
2026-08-17T01:26:16.1580651Z,0,0,549,230,0
2026-08-17T01:26:16.1630531Z,0,0,549,230,0
2026-08-17T01:26:16.1684329Z,0,0,549,230,0
2026-08-17T01:26:16.1729806Z,0,0,549,230,0
2026-08-17T01:26:16.1784174Z,0,0,549,230,0
2026-08-17T01:26:16.1832005Z,0,0,549,230,0
2026-08-17T01:26:16.1880252Z,0,0,549,230,0
2026-08-17T01:26:16.1931783Z,0,0,549,230,0
2026-08-17T01:26:16.19801Z,0,0,549,230,0
2026-08-17T01:26:16.2034234Z,0,0,549,230,0
2026-08-17T01:26:16.208189Z,0,0,549,230,0
2026-08-17T01:26:16.2135979Z,0,0,549,230,0
2026-08-17T01:26:16.2183429Z,0,0,549,230,0
2026-08-17T01:26:16.223054Z,0,0,549,230,0
2026-08-17T01:26:16.2279853Z,0,0,549,230,0
2026-08-17T01:26:16.2332793Z,0,0,549,230,0
2026-08-17T01:26:16.2380422Z,0,0,549,230,0
2026-08-17T01:26:16.2430193Z,0,0,549,230,0
2026-08-17T01:26:16.2484445Z,0,0,549,230,0
2026-08-17T01:26:16.2530537Z,0,0,549,230,0
2026-08-17T01:26:16.2581162Z,0,0,549,230,0
2026-08-17T01:26:16.2634259Z,0,0,549,230,0
2026-08-17T01:26:16.2682357Z,0,0,549,230,0
2026-08-17T01:26:16.2730367Z,0,0,549,230,0
2026-08-17T01:26:16.2786375Z,0,0,549,230,0
2026-08-17T01:26:16.2831942Z,0,0,549,230,0
2026-08-17T01:26:16.288079Z,0,0,549,230,0
2026-08-17T01:26:16.2934751Z,0,0,549,230,0
2026-08-17T01:26:16.2986505Z,0,0,549,230,0
2026-08-17T01:26:16.3029932Z,0,0,549,230,0
2026-08-17T01:26:16.3086596Z,0,0,549,230,0
2026-08-17T01:26:16.3134389Z,0,0,549,230,0
2026-08-17T01:26:16.3182542Z,0,0,549,230,0
2026-08-17T01:26:16.3232296Z,0,0,549,230,0
2026-08-17T01:26:16.3279923Z,0,0,549,230,0
2026-08-17T01:26:16.3330912Z,0,0,549,230,0
2026-08-17T01:26:16.3383033Z,0,0,549,230,0
2026-08-17T01:26:16.3433904Z,0,0,549,230,0
2026-08-17T01:26:16.348129Z,0,0,549,230,0
2026-08-17T01:26:16.3533064Z,0,0,549,230,0
2026-08-17T01:26:16.3580182Z,0,0,549,230,0
2026-08-17T01:26:16.3631254Z,0,0,549,230,0
2026-08-17T01:26:16.3681963Z,0,0,549,230,0
2026-08-17T01:26:16.3731038Z,0,0,549,230,0
2026-08-17T01:26:16.3781173Z,0,0,549,230,0
2026-08-17T01:26:16.3831529Z,0,0,549,230,0
2026-08-17T01:26:16.3883901Z,0,0,549,230,0
2026-08-17T01:26:16.3932305Z,0,0,549,230,0
2026-08-17T01:26:16.398169Z,0,0,549,230,0
2026-08-17T01:26:16.4031996Z,0,0,549,230,0
2026-08-17T01:26:16.4084698Z,0,0,549,230,0
2026-08-17T01:26:16.4131532Z,0,0,549,230,0
2026-08-17T01:26:16.4180489Z,0,0,549,230,0
2026-08-17T01:26:16.4233458Z,0,0,549,230,0
2026-08-17T01:26:16.4280644Z,0,0,549,230,0
2026-08-17T01:26:16.4333679Z,0,0,549,230,0
2026-08-17T01:26:16.4385798Z,0,0,549,230,0
2026-08-17T01:26:16.4434025Z,0,0,549,230,0
2026-08-17T01:26:16.4482455Z,0,0,549,230,0
2026-08-17T01:26:16.4532936Z,0,0,549,230,0
2026-08-17T01:26:16.4583078Z,0,0,549,230,0
2026-08-17T01:26:16.4633352Z,0,0,549,230,0
2026-08-17T01:26:16.4681503Z,0,0,549,230,0
2026-08-17T01:26:16.4730281Z,0,0,549,230,0
2026-08-17T01:26:16.4786199Z,0,0,549,230,0
2026-08-17T01:26:16.4829832Z,0,0,549,230,0
2026-08-17T01:26:16.4880588Z,0,0,549,230,0
2026-08-17T01:26:16.4930994Z,0,0,549,230,0
2026-08-17T01:26:16.4980043Z,0,0,549,230,0
2026-08-17T01:26:16.503335Z,0,0,549,230,0
2026-08-17T01:26:16.508659Z,0,0,549,230,0
2026-08-17T01:26:16.5134617Z,0,0,549,230,0
2026-08-17T01:26:16.5179522Z,0,0,549,230,0
2026-08-17T01:26:16.5230968Z,0,0,549,230,0
2026-08-17T01:26:16.5282305Z,0,0,549,230,0
2026-08-17T01:26:16.5330721Z,0,0,549,230,0
2026-08-17T01:26:16.5380964Z,0,0,549,230,0
2026-08-17T01:26:16.5430922Z,0,0,549,230,0
2026-08-17T01:26:16.5481181Z,0,0,549,230,0
2026-08-17T01:26:16.55308Z,0,0,549,230,0
2026-08-17T01:26:16.5580084Z,0,0,549,230,0
2026-08-17T01:26:16.563312Z,0,0,549,230,0
2026-08-17T01:26:16.5681891Z,0,0,549,230,0
2026-08-17T01:26:16.5732944Z,0,0,549,230,0
2026-08-17T01:26:16.5782533Z,0,0,549,230,0
2026-08-17T01:26:16.583082Z,0,0,549,230,0
2026-08-17T01:26:16.5884626Z,0,0,549,230,0
2026-08-17T01:26:16.5932848Z,0,0,549,230,0
2026-08-17T01:26:16.5981919Z,0,0,549,230,0
2026-08-17T01:26:16.6032748Z,0,0,549,230,0
2026-08-17T01:26:16.6081247Z,0,0,549,230,0
2026-08-17T01:26:16.6136618Z,0,0,549,230,0
2026-08-17T01:26:16.6184301Z,0,0,549,230,0
2026-08-17T01:26:16.6230897Z,0,0,549,230,0
2026-08-17T01:26:16.6280638Z,0,0,549,230,0
2026-08-17T01:26:16.633122Z,0,0,549,230,0
2026-08-17T01:26:16.6387798Z,0,0,549,230,0
2026-08-17T01:26:16.6432886Z,0,0,549,230,0
2026-08-17T01:26:16.6480043Z,0,0,549,230,0
2026-08-17T01:26:16.6533015Z,0,0,549,230,0
2026-08-17T01:26:16.6582501Z,0,0,549,230,0
2026-08-17T01:26:16.6635429Z,0,0,549,230,0
2026-08-17T01:26:16.6683245Z,0,0,549,230,0
2026-08-17T01:26:16.673365Z,0,0,549,230,0
2026-08-17T01:26:16.678127Z,0,0,549,230,0
2026-08-17T01:26:16.6831181Z,0,0,549,230,0
2026-08-17T01:26:16.6881091Z,0,0,549,230,0
2026-08-17T01:26:16.6936209Z,0,0,549,230,0
2026-08-17T01:26:16.6983229Z,0,0,549,230,0
2026-08-17T01:26:16.7033114Z,0,0,549,230,0
2026-08-17T01:26:16.7083179Z,0,0,549,230,0
2026-08-17T01:26:16.7135702Z,0,0,549,230,0
2026-08-17T01:26:16.7185912Z,0,0,549,230,0
2026-08-17T01:26:16.7231539Z,0,0,549,230,0
2026-08-17T01:26:16.7282459Z,0,0,549,230,0
2026-08-17T01:26:16.733379Z,0,0,549,230,0
2026-08-17T01:26:16.7381293Z,0,0,549,230,0
2026-08-17T01:26:16.7432525Z,0,0,549,230,0
2026-08-17T01:26:16.7481727Z,0,0,549,230,0
2026-08-17T01:26:16.7531561Z,0,0,549,230,0
2026-08-17T01:26:16.7580218Z,0,0,549,230,0
2026-08-17T01:26:16.7633551Z,0,0,549,230,0
2026-08-17T01:26:16.7681703Z,0,0,549,230,0
2026-08-17T01:26:16.773064Z,0,0,549,230,0
2026-08-17T01:26:16.7781443Z,0,0,549,230,0
2026-08-17T01:26:16.7834288Z,0,0,549,230,0
2026-08-17T01:26:16.7882742Z,0,0,549,230,0
2026-08-17T01:26:16.7936089Z,0,0,549,230,0
2026-08-17T01:26:16.7983995Z,0,0,549,230,0
2026-08-17T01:26:16.8029724Z,0,0,549,230,0
2026-08-17T01:26:16.8085933Z,0,0,549,230,0
2026-08-17T01:26:16.8135274Z,0,0,549,230,0
2026-08-17T01:26:16.8183202Z,0,0,549,230,0
2026-08-17T01:26:16.8232654Z,0,0,549,230,0
2026-08-17T01:26:16.8282489Z,0,0,549,230,0
2026-08-17T01:26:16.83304Z,0,0,549,230,0
2026-08-17T01:26:16.8383875Z,0,0,549,230,0
2026-08-17T01:26:16.8433205Z,0,0,549,230,0
2026-08-17T01:26:16.8482735Z,0,0,549,230,0
2026-08-17T01:26:16.8531404Z,0,0,549,230,0
2026-08-17T01:26:16.8584064Z,0,0,549,230,0
2026-08-17T01:26:16.8633871Z,0,0,549,230,0
2026-08-17T01:26:16.8679812Z,0,0,549,230,0
2026-08-17T01:26:16.8730262Z,0,0,549,230,0
2026-08-17T01:26:16.878421Z,0,0,549,230,0
2026-08-17T01:26:16.8830916Z,0,0,549,230,0
2026-08-17T01:26:16.8884437Z,0,0,549,230,0
2026-08-17T01:26:16.8932815Z,0,0,549,230,0
2026-08-17T01:26:16.8981249Z,0,0,549,230,0
2026-08-17T01:26:16.9030446Z,0,0,549,230,0
2026-08-17T01:26:16.9085006Z,0,0,549,230,0
2026-08-17T01:26:16.9138087Z,0,0,549,230,0
2026-08-17T01:26:16.9179735Z,0,0,549,230,0
2026-08-17T01:26:16.9232195Z,0,0,549,230,0
2026-08-17T01:26:16.9281662Z,0,0,549,230,0
2026-08-17T01:26:16.9331926Z,0,0,549,230,0
2026-08-17T01:26:16.9384266Z,0,0,549,230,0
2026-08-17T01:26:16.9429449Z,0,0,549,230,0
2026-08-17T01:26:16.9480122Z,0,0,549,230,0
2026-08-17T01:26:16.9530402Z,0,0,549,230,0
2026-08-17T01:26:16.9581155Z,0,0,549,230,0
2026-08-17T01:26:16.9634479Z,0,0,549,230,0
2026-08-17T01:26:16.9683417Z,0,0,549,230,0
2026-08-17T01:26:16.973167Z,0,0,549,230,0
2026-08-17T01:26:16.9784436Z,0,0,549,230,0
2026-08-17T01:26:16.9832419Z,0,0,549,230,0
2026-08-17T01:26:16.9879781Z,0,0,549,230,0
2026-08-17T01:26:16.9932512Z,0,0,549,230,0
2026-08-17T01:26:16.998155Z,0,0,549,230,0
2026-08-17T01:26:17.0031316Z,0,0,549,230,0
2026-08-17T01:26:17.0082064Z,0,0,549,230,0
2026-08-17T01:26:17.0130586Z,0,0,549,230,0
2026-08-17T01:26:17.0184356Z,0,0,549,230,0
2026-08-17T01:26:17.0232187Z,0,0,549,230,0
2026-08-17T01:26:17.0279823Z,0,0,549,230,0
2026-08-17T01:26:17.0332074Z,0,0,549,230,0
2026-08-17T01:26:17.0388266Z,0,0,549,230,0
2026-08-17T01:26:17.0437797Z,0,0,549,230,0
2026-08-17T01:26:17.0480359Z,0,0,549,230,0
2026-08-17T01:26:17.0533277Z,0,0,549,230,0
2026-08-17T01:26:17.058065Z,0,0,549,230,0
2026-08-17T01:26:17.0632974Z,0,0,549,230,0
2026-08-17T01:26:17.0684657Z,0,0,549,230,0
2026-08-17T01:26:17.0732168Z,0,0,549,230,0
2026-08-17T01:26:17.0784208Z,0,0,549,230,0
2026-08-17T01:26:17.0833304Z,0,0,549,230,0
2026-08-17T01:26:17.0882666Z,0,0,549,230,0
2026-08-17T01:26:17.0934378Z,0,0,549,230,0
2026-08-17T01:26:17.0985539Z,0,0,549,230,0
2026-08-17T01:26:17.10307Z,0,0,549,230,0
2026-08-17T01:26:17.1081646Z,0,0,549,230,0
2026-08-17T01:26:17.1135333Z,0,0,549,230,0
2026-08-17T01:26:17.1183145Z,0,0,549,230,0
2026-08-17T01:26:17.1232564Z,0,0,549,230,0
2026-08-17T01:26:17.1282275Z,0,0,549,230,0
2026-08-17T01:26:17.1330562Z,0,0,549,230,0
2026-08-17T01:26:17.1384976Z,0,0,549,230,0
2026-08-17T01:26:17.1432137Z,0,0,549,230,0
2026-08-17T01:26:17.1482769Z,0,0,549,230,0
2026-08-17T01:26:17.1531038Z,0,0,549,230,0
2026-08-17T01:26:17.1584191Z,0,0,549,230,0
2026-08-17T01:26:17.1633195Z,0,0,549,230,0
2026-08-17T01:26:17.1686512Z,0,0,549,230,0
2026-08-17T01:26:17.1732676Z,0,0,549,230,0
2026-08-17T01:26:17.1780808Z,0,0,549,230,0
2026-08-17T01:26:17.1836085Z,0,0,549,230,0
2026-08-17T01:26:17.1885366Z,0,0,549,230,0
2026-08-17T01:26:17.193403Z,0,0,549,230,0
2026-08-17T01:26:17.1982812Z,0,0,549,230,0
2026-08-17T01:26:17.2032752Z,0,0,549,230,0
2026-08-17T01:26:17.2079802Z,0,0,549,230,0
2026-08-17T01:26:17.21323Z,0,0,549,230,0
2026-08-17T01:26:17.2181587Z,0,0,549,230,0
2026-08-17T01:26:17.2230792Z,0,0,549,230,0
2026-08-17T01:26:17.2281651Z,0,0,549,230,0
2026-08-17T01:26:17.2330831Z,0,0,549,230,0
2026-08-17T01:26:17.238154Z,0,0,549,230,0
2026-08-17T01:26:17.243073Z,0,0,549,230,0
2026-08-17T01:26:17.2486911Z,0,0,549,230,0
2026-08-17T01:26:17.2535411Z,0,0,549,230,0
2026-08-17T01:26:17.2583023Z,0,0,549,230,0
2026-08-17T01:26:17.2637069Z,0,0,549,230,0
2026-08-17T01:26:17.2684167Z,0,0,549,230,0
2026-08-17T01:26:17.2733724Z,0,0,549,230,0
2026-08-17T01:26:17.2781854Z,0,0,549,230,0
2026-08-17T01:26:17.2836357Z,0,0,549,230,0
2026-08-17T01:26:17.2883956Z,0,0,549,230,0
2026-08-17T01:26:17.2934505Z,0,0,549,230,0
2026-08-17T01:26:17.2982172Z,0,0,549,230,0
2026-08-17T01:26:17.3033032Z,0,0,549,230,0
2026-08-17T01:26:17.3080029Z,0,0,549,230,0
2026-08-17T01:26:17.3134326Z,0,0,549,230,0
2026-08-17T01:26:17.3181374Z,0,0,549,230,0
2026-08-17T01:26:17.3234777Z,0,0,549,230,0
2026-08-17T01:26:17.3282742Z,0,0,549,230,0
2026-08-17T01:26:17.3333079Z,0,0,549,230,0
2026-08-17T01:26:17.3380267Z,0,0,549,230,0
2026-08-17T01:26:17.3429885Z,0,0,549,230,0
2026-08-17T01:26:17.3481651Z,0,0,549,230,0
2026-08-17T01:26:17.3530016Z,0,0,549,230,0
2026-08-17T01:26:17.358223Z,0,0,549,230,0
2026-08-17T01:26:17.3631002Z,0,0,549,230,0
2026-08-17T01:26:17.3682549Z,0,0,549,230,0
2026-08-17T01:26:17.3730424Z,0,0,549,230,0
2026-08-17T01:26:17.3781908Z,0,0,549,230,0
2026-08-17T01:26:17.3832872Z,0,0,549,230,0
2026-08-17T01:26:17.3884985Z,0,0,549,230,0
2026-08-17T01:26:17.3934292Z,0,0,549,230,0
2026-08-17T01:26:17.3983769Z,0,0,549,230,0
2026-08-17T01:26:17.4034679Z,0,0,549,230,0
2026-08-17T01:26:17.4083713Z,0,0,549,230,0
2026-08-17T01:26:17.4132958Z,0,0,549,230,0
2026-08-17T01:26:17.4182228Z,0,0,549,230,0
2026-08-17T01:26:17.4235697Z,0,0,549,230,0
2026-08-17T01:26:17.4279593Z,0,0,549,230,0
2026-08-17T01:26:17.4334634Z,0,0,549,230,0
2026-08-17T01:26:17.4382511Z,0,0,549,230,0
2026-08-17T01:26:17.4437866Z,0,0,549,230,0
2026-08-17T01:26:17.4485804Z,0,0,549,230,0
2026-08-17T01:26:17.4534257Z,0,0,549,230,0
2026-08-17T01:26:17.4583137Z,0,0,549,230,0
2026-08-17T01:26:17.4636292Z,0,0,549,230,0
2026-08-17T01:26:17.4684419Z,0,0,549,230,0
2026-08-17T01:26:17.4732164Z,0,0,549,230,0
2026-08-17T01:26:17.4782531Z,0,0,549,230,0
2026-08-17T01:26:17.4833889Z,0,0,549,230,0
2026-08-17T01:26:17.4881094Z,0,0,549,230,0
2026-08-17T01:26:17.4929967Z,0,0,549,230,0
2026-08-17T01:26:17.4981561Z,0,0,549,230,0
2026-08-17T01:26:17.5034621Z,0,0,549,230,0
2026-08-17T01:26:17.5084235Z,0,0,549,230,0
2026-08-17T01:26:17.5132493Z,0,0,549,230,0
2026-08-17T01:26:17.5183446Z,0,0,549,230,0
2026-08-17T01:26:17.5233659Z,0,0,549,230,0
2026-08-17T01:26:17.5286215Z,0,0,549,230,0
2026-08-17T01:26:17.5335469Z,0,0,549,230,0
2026-08-17T01:26:17.5383401Z,0,0,549,230,0
2026-08-17T01:26:17.5438486Z,0,0,549,230,0
2026-08-17T01:26:17.5482383Z,0,0,549,230,0
2026-08-17T01:26:17.5532643Z,0,0,549,230,0
2026-08-17T01:26:17.5582481Z,0,0,549,230,0
2026-08-17T01:26:17.5632667Z,0,0,549,230,0
2026-08-17T01:26:17.5684023Z,0,0,549,230,0
2026-08-17T01:26:17.5733224Z,0,0,549,230,0
2026-08-17T01:26:17.5782421Z,0,0,549,230,0
2026-08-17T01:26:17.5838273Z,0,0,549,230,0
2026-08-17T01:26:17.5882313Z,0,0,549,230,0
2026-08-17T01:26:17.5937417Z,0,0,549,230,0
2026-08-17T01:26:17.5983023Z,0,0,549,230,0
2026-08-17T01:26:17.6031012Z,0,0,549,230,0
2026-08-17T01:26:17.6085236Z,0,0,549,230,0
2026-08-17T01:26:17.6132838Z,0,0,549,230,0
2026-08-17T01:26:17.6180545Z,0,0,549,230,0
2026-08-17T01:26:17.6233935Z,0,0,549,230,0
2026-08-17T01:26:17.6282306Z,0,0,549,230,0
2026-08-17T01:26:17.6332908Z,0,0,549,230,0
2026-08-17T01:26:17.6379381Z,0,0,549,230,0
2026-08-17T01:26:17.6432866Z,0,0,549,230,0
2026-08-17T01:26:17.6481393Z,0,0,549,230,0
2026-08-17T01:26:17.6534142Z,0,0,549,230,0
2026-08-17T01:26:17.6581039Z,0,0,549,230,0
2026-08-17T01:26:17.6631271Z,0,0,549,230,0
2026-08-17T01:26:17.6684335Z,0,0,549,230,0
2026-08-17T01:26:17.6730074Z,0,0,549,230,0
2026-08-17T01:26:17.6783225Z,0,0,549,230,0
2026-08-17T01:26:17.6832608Z,0,0,549,230,0
2026-08-17T01:26:17.6883758Z,0,0,549,230,0
2026-08-17T01:26:17.6930341Z,0,0,549,230,0
2026-08-17T01:26:17.6983994Z,0,0,549,230,0
2026-08-17T01:26:17.7030062Z,0,0,549,230,0
2026-08-17T01:26:17.7082223Z,0,0,549,230,0
2026-08-17T01:26:17.7131731Z,0,0,549,230,0
2026-08-17T01:26:17.7180953Z,0,0,549,230,0
2026-08-17T01:26:17.7233468Z,0,0,549,230,0
2026-08-17T01:26:17.7285904Z,0,0,549,230,0
2026-08-17T01:26:17.7330063Z,0,0,549,230,0
2026-08-17T01:26:17.73822Z,0,0,549,230,0
2026-08-17T01:26:17.7437095Z,0,0,549,230,0
2026-08-17T01:26:17.7484814Z,0,0,549,230,0
2026-08-17T01:26:17.7530423Z,0,0,549,230,0
2026-08-17T01:26:17.7582671Z,0,0,549,230,0
2026-08-17T01:26:17.7632689Z,0,0,549,230,0
2026-08-17T01:26:17.7680584Z,0,0,549,230,0
2026-08-17T01:26:17.7733734Z,0,0,549,230,0
2026-08-17T01:26:17.7786898Z,0,0,549,230,0
2026-08-17T01:26:17.7833812Z,0,0,549,230,0
2026-08-17T01:26:17.789056Z,0,0,549,230,0
2026-08-17T01:26:17.793466Z,0,0,549,230,0
2026-08-17T01:26:17.7982323Z,0,0,549,230,0
2026-08-17T01:26:17.8031919Z,0,0,549,230,0
2026-08-17T01:26:17.8082285Z,0,0,549,230,0
2026-08-17T01:26:17.813282Z,0,0,549,230,0
2026-08-17T01:26:17.8182778Z,0,0,549,230,0
2026-08-17T01:26:17.8231702Z,0,0,549,230,0
2026-08-17T01:26:17.8284998Z,0,0,549,230,0
2026-08-17T01:26:17.8331972Z,0,0,549,230,0
2026-08-17T01:26:17.8380141Z,0,0,549,230,0
2026-08-17T01:26:17.8435291Z,0,0,549,230,0
2026-08-17T01:26:17.8482531Z,0,0,549,230,0
2026-08-17T01:26:17.8534246Z,0,0,549,230,0
2026-08-17T01:26:17.8582271Z,0,0,549,230,0
2026-08-17T01:26:17.8635507Z,0,0,549,230,0
2026-08-17T01:26:17.8680458Z,0,0,549,230,0
2026-08-17T01:26:17.8730542Z,0,0,549,230,0
2026-08-17T01:26:17.877988Z,0,0,549,230,0
2026-08-17T01:26:17.883337Z,0,0,549,230,0
2026-08-17T01:26:17.8880831Z,0,0,549,230,0
2026-08-17T01:26:17.8931424Z,0,0,549,230,0
2026-08-17T01:26:17.8984717Z,0,0,549,230,0
2026-08-17T01:26:17.9034304Z,0,0,549,230,0
2026-08-17T01:26:17.9086293Z,0,0,549,230,0
2026-08-17T01:26:17.9135628Z,0,0,549,230,0
2026-08-17T01:26:17.9183363Z,0,0,549,230,0
2026-08-17T01:26:17.9233855Z,0,0,549,230,0
2026-08-17T01:26:17.9281788Z,0,0,549,230,0
2026-08-17T01:26:17.933166Z,0,0,549,230,0
2026-08-17T01:26:17.9379719Z,0,0,549,230,0
2026-08-17T01:26:17.9432584Z,0,0,549,230,0
2026-08-17T01:26:17.948606Z,0,0,549,230,0
2026-08-17T01:26:17.9531032Z,0,0,549,230,0
2026-08-17T01:26:17.9581726Z,0,0,549,230,0
2026-08-17T01:26:17.9633997Z,0,0,549,230,0
2026-08-17T01:26:17.9681955Z,0,0,549,230,0
2026-08-17T01:26:17.9730629Z,0,0,549,230,0
2026-08-17T01:26:17.978163Z,0,0,549,230,0
2026-08-17T01:26:17.9830808Z,0,0,549,230,0
2026-08-17T01:26:17.9884873Z,0,0,549,230,0
2026-08-17T01:26:17.993409Z,0,0,549,230,0
2026-08-17T01:26:17.998571Z,0,0,549,230,0
2026-08-17T01:26:18.0033973Z,0,0,549,230,0
2026-08-17T01:26:18.0086832Z,0,0,549,230,0
2026-08-17T01:26:18.0131202Z,0,0,549,230,0
2026-08-17T01:26:18.0184174Z,0,0,549,230,0
2026-08-17T01:26:18.0230246Z,0,0,549,230,0
2026-08-17T01:26:18.0287402Z,0,0,549,230,0
2026-08-17T01:26:18.0332162Z,0,0,549,230,0
2026-08-17T01:26:18.0380196Z,0,0,549,230,0
2026-08-17T01:26:18.0434971Z,0,0,549,230,0
2026-08-17T01:26:18.0482934Z,0,0,549,230,0
2026-08-17T01:26:18.0534092Z,0,0,549,230,0
2026-08-17T01:26:18.0581557Z,0,0,549,230,0
2026-08-17T01:26:18.0630273Z,0,0,549,230,0
2026-08-17T01:26:18.0680642Z,0,0,549,230,0
2026-08-17T01:26:18.0729656Z,0,0,549,230,0
2026-08-17T01:26:18.0780487Z,0,0,549,230,0
2026-08-17T01:26:18.0831007Z,0,0,549,230,0
2026-08-17T01:26:18.0886967Z,0,0,549,230,0
2026-08-17T01:26:18.0932632Z,0,0,549,230,0
2026-08-17T01:26:18.0980916Z,0,0,549,230,0
2026-08-17T01:26:18.1030485Z,0,0,549,230,0
2026-08-17T01:26:18.1081449Z,0,0,549,230,0
2026-08-17T01:26:18.1130054Z,0,0,549,230,0
2026-08-17T01:26:18.118096Z,0,0,549,230,0
2026-08-17T01:26:18.1230254Z,0,0,549,230,0
2026-08-17T01:26:18.1287894Z,0,0,549,230,0
2026-08-17T01:26:18.1332339Z,0,0,549,230,0
2026-08-17T01:26:18.1387584Z,0,0,549,230,0
2026-08-17T01:26:18.1433654Z,0,0,549,230,0
2026-08-17T01:26:18.1486293Z,0,0,549,230,0
2026-08-17T01:26:18.1530748Z,0,0,549,230,0
2026-08-17T01:26:18.1582396Z,0,0,549,230,0
2026-08-17T01:26:18.1632207Z,0,0,549,230,0
2026-08-17T01:26:18.1682598Z,0,0,549,230,0
2026-08-17T01:26:18.1730839Z,0,0,549,230,0
2026-08-17T01:26:18.1782061Z,0,0,549,230,0
2026-08-17T01:26:18.1833536Z,0,0,549,230,0
2026-08-17T01:26:18.1882801Z,0,0,549,230,0
2026-08-17T01:26:18.193696Z,0,0,549,230,0
2026-08-17T01:26:18.1984346Z,0,0,549,230,0
2026-08-17T01:26:18.2038671Z,0,0,549,230,0
2026-08-17T01:26:18.2081435Z,0,0,549,230,0
2026-08-17T01:26:18.2137087Z,0,0,549,230,0
2026-08-17T01:26:18.2180959Z,0,0,549,230,0
2026-08-17T01:26:18.2234867Z,0,0,549,230,0
2026-08-17T01:26:18.2282552Z,0,0,549,230,0
2026-08-17T01:26:18.2334324Z,0,0,549,230,0
2026-08-17T01:26:18.2381262Z,0,0,549,230,0
2026-08-17T01:26:18.2431971Z,0,0,549,230,0
2026-08-17T01:26:18.2484913Z,0,0,549,230,0
2026-08-17T01:26:18.2530278Z,0,0,549,230,0
2026-08-17T01:26:18.258273Z,0,0,549,230,0
2026-08-17T01:26:18.2632515Z,0,0,549,230,0
2026-08-17T01:26:18.2685252Z,0,0,549,230,0
2026-08-17T01:26:18.2734424Z,0,0,549,230,0
2026-08-17T01:26:18.2784644Z,0,0,549,230,0
2026-08-17T01:26:18.2830663Z,0,0,549,230,0
2026-08-17T01:26:18.2885218Z,0,0,549,230,0
2026-08-17T01:26:18.2931961Z,0,0,549,230,0
2026-08-17T01:26:18.2981303Z,0,0,549,230,0
2026-08-17T01:26:18.3032237Z,0,0,549,230,0
2026-08-17T01:26:18.3080361Z,0,0,549,230,0
2026-08-17T01:26:18.3130364Z,0,0,549,230,0
2026-08-17T01:26:18.3181333Z,0,0,549,230,0
2026-08-17T01:26:18.3232754Z,0,0,549,230,0
2026-08-17T01:26:18.3286667Z,0,0,549,230,0
2026-08-17T01:26:18.3331062Z,0,0,549,230,0
2026-08-17T01:26:18.3380769Z,0,0,549,230,0
2026-08-17T01:26:18.3433851Z,0,0,549,230,0
2026-08-17T01:26:18.3486309Z,0,0,549,230,0
2026-08-17T01:26:18.3532323Z,0,0,549,230,0
2026-08-17T01:26:18.3586127Z,0,0,549,230,0
2026-08-17T01:26:18.3632553Z,0,0,549,230,0
2026-08-17T01:26:18.3681364Z,0,0,549,230,0
2026-08-17T01:26:18.3731171Z,0,0,549,230,0
2026-08-17T01:26:18.378489Z,0,0,549,230,0
2026-08-17T01:26:18.3831977Z,0,0,549,230,0
2026-08-17T01:26:18.3884518Z,0,0,549,230,0
2026-08-17T01:26:18.3933489Z,0,0,549,230,0
2026-08-17T01:26:18.3983168Z,0,0,549,230,0
2026-08-17T01:26:18.4032978Z,0,0,549,230,0
2026-08-17T01:26:18.4085285Z,0,0,549,230,0
2026-08-17T01:26:18.4134098Z,0,0,549,230,0
2026-08-17T01:26:18.4182752Z,0,0,549,230,0
2026-08-17T01:26:18.423485Z,0,0,549,230,0
2026-08-17T01:26:18.4282789Z,0,0,549,230,0
2026-08-17T01:26:18.4336814Z,0,0,549,230,0
2026-08-17T01:26:18.4380377Z,0,0,549,230,0
2026-08-17T01:26:18.4435803Z,0,0,549,230,0
2026-08-17T01:26:18.448275Z,0,0,549,230,0
2026-08-17T01:26:18.4531026Z,0,0,549,230,0
2026-08-17T01:26:18.4583149Z,0,0,549,230,0
2026-08-17T01:26:18.4633327Z,0,0,549,230,0
2026-08-17T01:26:18.468022Z,0,0,549,230,0
2026-08-17T01:26:18.4734682Z,0,0,549,230,0
2026-08-17T01:26:18.4784226Z,0,0,549,230,0
2026-08-17T01:26:18.4835992Z,0,0,549,230,0
2026-08-17T01:26:18.4883581Z,0,0,549,230,0
2026-08-17T01:26:18.4935911Z,0,0,549,230,0
2026-08-17T01:26:18.4982822Z,0,0,549,230,0
2026-08-17T01:26:18.5034145Z,0,0,549,230,0
2026-08-17T01:26:18.5083207Z,0,0,549,230,0
2026-08-17T01:26:18.513103Z,0,0,549,230,0
2026-08-17T01:26:18.5183027Z,0,0,549,230,0
2026-08-17T01:26:18.523662Z,0,0,549,230,0
2026-08-17T01:26:18.5285301Z,0,0,549,230,0
2026-08-17T01:26:18.5331668Z,0,0,549,230,0
2026-08-17T01:26:18.5383387Z,0,0,549,230,0
2026-08-17T01:26:18.5433432Z,0,0,549,230,0
2026-08-17T01:26:18.5481947Z,0,0,549,230,0
2026-08-17T01:26:18.5530104Z,0,0,549,230,0
2026-08-17T01:26:18.5585851Z,0,0,549,230,0
2026-08-17T01:26:18.5631541Z,0,0,549,230,0
2026-08-17T01:26:18.5683678Z,0,0,549,230,0
2026-08-17T01:26:18.5734045Z,0,0,549,230,0
2026-08-17T01:26:18.5782023Z,0,0,549,230,0
2026-08-17T01:26:18.583404Z,0,0,549,230,0
2026-08-17T01:26:18.5880398Z,0,0,549,230,0
2026-08-17T01:26:18.5929659Z,0,0,549,230,0
2026-08-17T01:26:18.5983345Z,0,0,549,230,0
2026-08-17T01:26:18.6033003Z,0,0,549,230,0
2026-08-17T01:26:18.6080372Z,0,0,549,230,0
2026-08-17T01:26:18.6133231Z,0,0,549,230,0
2026-08-17T01:26:18.6180368Z,0,0,549,230,0
2026-08-17T01:26:18.6230126Z,0,0,549,230,0
2026-08-17T01:26:18.6281152Z,0,0,549,230,0
2026-08-17T01:26:18.6330923Z,0,0,549,230,0
2026-08-17T01:26:18.6381656Z,0,0,549,230,0
2026-08-17T01:26:18.6432019Z,0,0,549,230,0
2026-08-17T01:26:18.6484647Z,0,0,549,230,0
2026-08-17T01:26:18.6533797Z,0,0,549,230,0
2026-08-17T01:26:18.658199Z,0,0,549,230,0
2026-08-17T01:26:18.6630709Z,0,0,549,230,0
2026-08-17T01:26:18.6681373Z,0,0,549,230,0
2026-08-17T01:26:18.6729609Z,0,0,549,230,0
2026-08-17T01:26:18.678805Z,0,0,549,230,0
2026-08-17T01:26:18.6834368Z,0,0,549,230,0
2026-08-17T01:26:18.6881616Z,0,0,549,230,0
2026-08-17T01:26:18.6936705Z,0,0,549,230,0
2026-08-17T01:26:18.6985147Z,0,0,549,230,0
2026-08-17T01:26:18.7035558Z,0,0,549,230,0
2026-08-17T01:26:18.7083422Z,0,0,549,230,0
2026-08-17T01:26:18.713031Z,0,0,549,230,0
2026-08-17T01:26:18.7182881Z,0,0,549,230,0
2026-08-17T01:26:18.7236759Z,0,0,549,230,0
2026-08-17T01:26:18.7284939Z,0,0,549,230,0
2026-08-17T01:26:18.7333762Z,0,0,549,230,0
2026-08-17T01:26:18.7381579Z,0,0,549,230,0
2026-08-17T01:26:18.7432911Z,0,0,549,230,0
2026-08-17T01:26:18.7481218Z,0,0,549,230,0
2026-08-17T01:26:18.7530099Z,0,0,549,230,0
2026-08-17T01:26:18.7584813Z,0,0,549,230,0
2026-08-17T01:26:18.7633253Z,0,0,549,230,0
2026-08-17T01:26:18.7686454Z,0,0,549,230,0
2026-08-17T01:26:18.7730888Z,0,0,549,230,0
2026-08-17T01:26:18.7779885Z,0,0,549,230,0
2026-08-17T01:26:18.7833484Z,0,0,549,230,0
2026-08-17T01:26:18.7880712Z,0,0,549,230,0
2026-08-17T01:26:18.7930674Z,0,0,549,230,0
2026-08-17T01:26:18.7981271Z,0,0,549,230,0
2026-08-17T01:26:18.8032011Z,0,0,549,230,0
2026-08-17T01:26:18.8083892Z,0,0,549,230,0
2026-08-17T01:26:18.8132945Z,0,0,549,230,0
2026-08-17T01:26:18.8183392Z,0,0,549,230,0
2026-08-17T01:26:18.823222Z,0,0,549,230,0
2026-08-17T01:26:18.8279559Z,0,0,549,230,0
2026-08-17T01:26:18.8332739Z,0,0,549,230,0
2026-08-17T01:26:18.8384609Z,0,0,549,230,0
2026-08-17T01:26:18.8433689Z,0,0,549,230,0
2026-08-17T01:26:18.8480625Z,0,0,549,230,0
2026-08-17T01:26:18.8542302Z,0,0,549,230,0
2026-08-17T01:26:18.8579401Z,0,0,549,230,0
2026-08-17T01:26:18.8634363Z,0,0,549,230,0
2026-08-17T01:26:18.8682668Z,0,0,549,230,0
2026-08-17T01:26:18.8732099Z,0,0,549,230,0
2026-08-17T01:26:18.8784104Z,0,0,549,230,0
2026-08-17T01:26:18.8832769Z,0,0,549,230,0
2026-08-17T01:26:18.8882748Z,0,0,549,230,0
2026-08-17T01:26:18.8933111Z,0,0,549,230,0
2026-08-17T01:26:18.8986213Z,0,0,549,230,0
2026-08-17T01:26:18.9030804Z,0,0,549,230,0
2026-08-17T01:26:18.9087027Z,0,0,549,230,0
2026-08-17T01:26:18.913596Z,0,0,549,230,0
2026-08-17T01:26:18.9183028Z,0,0,549,230,0
2026-08-17T01:26:18.9235231Z,0,0,549,230,0
2026-08-17T01:26:18.9282624Z,0,0,549,230,0
2026-08-17T01:26:18.9331506Z,0,0,549,230,0
2026-08-17T01:26:18.9384691Z,0,0,549,230,0
2026-08-17T01:26:18.943329Z,0,0,549,230,0
2026-08-17T01:26:18.9485147Z,0,0,549,230,0
2026-08-17T01:26:18.9529724Z,0,0,549,230,0
2026-08-17T01:26:18.9580707Z,0,0,549,230,0
2026-08-17T01:26:18.9631783Z,0,0,549,230,0
2026-08-17T01:26:18.968487Z,0,0,549,230,0
2026-08-17T01:26:18.9731222Z,0,0,549,230,0
2026-08-17T01:26:18.9783121Z,0,0,549,230,0
2026-08-17T01:26:18.983408Z,0,0,549,230,0
2026-08-17T01:26:18.9881097Z,0,0,549,230,0
2026-08-17T01:26:18.9932Z,0,0,549,230,0
2026-08-17T01:26:18.9984846Z,0,0,549,230,0
2026-08-17T01:26:19.0034526Z,0,0,549,230,0
2026-08-17T01:26:19.0083512Z,0,0,549,230,0
2026-08-17T01:26:19.0136341Z,0,0,549,230,0
2026-08-17T01:26:19.0182321Z,0,0,549,230,0
2026-08-17T01:26:19.0236509Z,0,0,549,230,0
2026-08-17T01:26:19.0283923Z,0,0,549,230,0
2026-08-17T01:26:19.0334668Z,0,0,549,230,0
2026-08-17T01:26:19.0381179Z,0,0,549,230,0
2026-08-17T01:26:19.0430043Z,0,0,549,230,0
2026-08-17T01:26:19.0484359Z,0,0,549,230,0
2026-08-17T01:26:19.0534498Z,0,0,549,230,0
2026-08-17T01:26:19.0581467Z,0,0,549,230,0
2026-08-17T01:26:19.0629972Z,0,0,549,230,0
2026-08-17T01:26:19.0680787Z,0,0,549,230,0
2026-08-17T01:26:19.0734095Z,0,0,549,230,0
2026-08-17T01:26:19.0780752Z,0,0,549,230,0
2026-08-17T01:26:19.0833464Z,0,0,549,230,0
2026-08-17T01:26:19.0880207Z,0,0,549,230,0
2026-08-17T01:26:19.0933635Z,0,0,549,230,0
2026-08-17T01:26:19.0980542Z,0,0,549,230,0
2026-08-17T01:26:19.1034029Z,0,0,549,230,0
2026-08-17T01:26:19.108033Z,0,0,549,230,0
2026-08-17T01:26:19.1133657Z,0,0,549,230,0
2026-08-17T01:26:19.1184052Z,0,0,549,230,0
2026-08-17T01:26:19.1233759Z,0,0,549,230,0
2026-08-17T01:26:19.1280655Z,0,0,549,230,0
2026-08-17T01:26:19.1333557Z,0,0,549,230,0
2026-08-17T01:26:19.1380874Z,0,0,549,230,0
2026-08-17T01:26:19.1430241Z,0,0,549,230,0
2026-08-17T01:26:19.1481744Z,0,0,549,230,0
2026-08-17T01:26:19.153448Z,0,0,549,230,0
2026-08-17T01:26:19.1582423Z,0,0,549,230,0
2026-08-17T01:26:19.1631231Z,0,0,549,230,0
2026-08-17T01:26:19.1683693Z,0,0,549,230,0
2026-08-17T01:26:19.1732278Z,0,0,549,230,0
2026-08-17T01:26:19.1787602Z,0,0,549,230,0
2026-08-17T01:26:19.1833398Z,0,0,549,230,0
2026-08-17T01:26:19.1880752Z,0,0,549,230,0
2026-08-17T01:26:19.1934606Z,0,0,549,230,0
2026-08-17T01:26:19.1981707Z,0,0,549,230,0
2026-08-17T01:26:19.2031901Z,0,0,549,230,0
2026-08-17T01:26:19.2084156Z,0,0,549,230,0
2026-08-17T01:26:19.2132768Z,0,0,549,230,0
2026-08-17T01:26:19.2180864Z,0,0,549,230,0
2026-08-17T01:26:19.2233539Z,0,0,549,230,0
2026-08-17T01:26:19.2280541Z,0,0,549,230,0
2026-08-17T01:26:19.2335607Z,0,0,549,230,0
2026-08-17T01:26:19.2384191Z,0,0,549,230,0
2026-08-17T01:26:19.2433153Z,0,0,549,230,0
2026-08-17T01:26:19.248337Z,0,0,549,230,0
2026-08-17T01:26:19.2533466Z,0,0,549,230,0
2026-08-17T01:26:19.258661Z,0,0,549,230,0
2026-08-17T01:26:19.2630626Z,0,0,549,230,0
2026-08-17T01:26:19.2681333Z,0,0,549,230,0
2026-08-17T01:26:19.2734491Z,0,0,549,230,0
2026-08-17T01:26:19.2781561Z,0,0,549,230,0
2026-08-17T01:26:19.2832214Z,0,0,549,230,0
2026-08-17T01:26:19.2883639Z,0,0,549,230,0
2026-08-17T01:26:19.2932138Z,0,0,549,230,0
2026-08-17T01:26:19.2984351Z,0,0,549,230,0
2026-08-17T01:26:19.3030263Z,0,0,549,230,0
2026-08-17T01:26:19.3083666Z,0,0,549,230,0
2026-08-17T01:26:19.3130895Z,0,0,549,230,0
2026-08-17T01:26:19.3180784Z,0,0,549,230,0
2026-08-17T01:26:19.3232233Z,0,0,549,230,0
2026-08-17T01:26:19.3280613Z,0,0,549,230,0
2026-08-17T01:26:19.3329585Z,0,0,549,230,0
2026-08-17T01:26:19.3381552Z,0,0,549,230,0
2026-08-17T01:26:19.3430803Z,0,0,549,230,0
2026-08-17T01:26:19.3483147Z,0,0,549,230,0
2026-08-17T01:26:19.3534977Z,0,0,549,230,0
2026-08-17T01:26:19.3582776Z,0,0,549,230,0
2026-08-17T01:26:19.3631934Z,0,0,549,230,0
2026-08-17T01:26:19.3685634Z,0,0,549,230,0
2026-08-17T01:26:19.3730317Z,0,0,549,230,0
2026-08-17T01:26:19.3782908Z,0,0,549,230,0
2026-08-17T01:26:19.3831885Z,0,0,549,230,0
2026-08-17T01:26:19.3880227Z,0,0,549,230,0
2026-08-17T01:26:19.3937074Z,0,0,549,230,0
2026-08-17T01:26:19.3985368Z,0,0,549,230,0
2026-08-17T01:26:19.403506Z,0,0,549,230,0
2026-08-17T01:26:19.4083575Z,0,0,549,230,0
2026-08-17T01:26:19.4131735Z,0,0,549,230,0
2026-08-17T01:26:19.4184927Z,0,0,549,230,0
2026-08-17T01:26:19.4233755Z,0,0,549,230,0
2026-08-17T01:26:19.4283089Z,0,0,549,230,0
2026-08-17T01:26:19.4334393Z,0,0,549,230,0
2026-08-17T01:26:19.4382181Z,0,0,549,230,0
2026-08-17T01:26:19.4431602Z,0,0,549,230,0
2026-08-17T01:26:19.4483208Z,0,0,549,230,0
2026-08-17T01:26:19.4531282Z,0,0,549,230,0
2026-08-17T01:26:19.4583934Z,0,0,549,230,0
2026-08-17T01:26:19.4633218Z,0,0,549,230,0
2026-08-17T01:26:19.4680348Z,0,0,549,230,0
2026-08-17T01:26:19.473431Z,0,0,549,230,0
2026-08-17T01:26:19.4787541Z,0,0,549,230,0
2026-08-17T01:26:19.4832689Z,0,0,549,230,0
2026-08-17T01:26:19.4880697Z,0,0,549,230,0
2026-08-17T01:26:19.493065Z,0,0,549,230,0
2026-08-17T01:26:19.4980241Z,0,0,549,230,0
2026-08-17T01:26:19.5033315Z,0,0,549,230,0
2026-08-17T01:26:19.5080232Z,0,0,549,230,0
2026-08-17T01:26:19.5133588Z,0,0,549,230,0
2026-08-17T01:26:19.5180905Z,0,0,549,230,0
2026-08-17T01:26:19.5232707Z,0,0,549,230,0
2026-08-17T01:26:19.5280563Z,0,0,549,230,0
2026-08-17T01:26:19.5334282Z,0,0,549,230,0
2026-08-17T01:26:19.5381263Z,0,0,549,230,0
2026-08-17T01:26:19.5432332Z,0,0,549,230,0
2026-08-17T01:26:19.5481907Z,0,0,549,230,0
2026-08-17T01:26:19.5531581Z,0,0,549,230,0
2026-08-17T01:26:19.558472Z,0,0,549,230,0
2026-08-17T01:26:19.5633459Z,0,0,549,230,0
2026-08-17T01:26:19.5681085Z,0,0,549,230,0
2026-08-17T01:26:19.5732655Z,0,0,549,230,0
2026-08-17T01:26:19.5783609Z,0,0,549,230,0
2026-08-17T01:26:19.583266Z,0,0,549,230,0
2026-08-17T01:26:19.5880429Z,0,0,549,230,0
2026-08-17T01:26:19.5934098Z,0,0,549,230,0
2026-08-17T01:26:19.5981666Z,0,0,549,230,0
2026-08-17T01:26:19.6033629Z,0,0,549,230,0
2026-08-17T01:26:19.6082442Z,0,0,549,230,0
2026-08-17T01:26:19.6132875Z,0,0,549,230,0
2026-08-17T01:26:19.6180941Z,0,0,549,230,0
2026-08-17T01:26:19.6234595Z,0,0,549,230,0
2026-08-17T01:26:19.6282647Z,0,0,549,230,0
2026-08-17T01:26:19.6336752Z,0,0,549,230,0
2026-08-17T01:26:19.6379629Z,0,0,549,230,0
2026-08-17T01:26:19.6430249Z,0,0,549,230,0
2026-08-17T01:26:19.6486071Z,0,0,549,230,0
2026-08-17T01:26:19.6529979Z,0,0,549,230,0
2026-08-17T01:26:19.6582422Z,0,0,549,230,0
2026-08-17T01:26:19.6630841Z,0,0,549,230,0
2026-08-17T01:26:19.6684172Z,0,0,549,230,0
2026-08-17T01:26:19.6734405Z,0,0,549,230,0
2026-08-17T01:26:19.6784303Z,0,0,549,230,0
2026-08-17T01:26:19.6829997Z,0,0,549,230,0
2026-08-17T01:26:19.6880364Z,0,0,549,230,0
2026-08-17T01:26:19.693381Z,0,0,549,230,0
2026-08-17T01:26:19.6981235Z,0,0,549,230,0
2026-08-17T01:26:19.7031377Z,0,0,549,230,0
2026-08-17T01:26:19.7085849Z,0,0,549,230,0
2026-08-17T01:26:19.7132545Z,0,0,549,230,0
2026-08-17T01:26:19.7180416Z,0,0,549,230,0
2026-08-17T01:26:19.7231594Z,0,0,549,230,0
2026-08-17T01:26:19.7284937Z,0,0,549,230,0
2026-08-17T01:26:19.7333251Z,0,0,549,230,0
2026-08-17T01:26:19.7381305Z,0,0,549,230,0
2026-08-17T01:26:19.7430926Z,0,0,549,230,0
2026-08-17T01:26:19.7480842Z,0,0,549,230,0
2026-08-17T01:26:19.7534046Z,0,0,549,230,0
2026-08-17T01:26:19.7581517Z,0,0,549,230,0
2026-08-17T01:26:19.7632592Z,0,0,549,230,0
2026-08-17T01:26:19.7681432Z,0,0,549,230,0
2026-08-17T01:26:19.7732347Z,0,0,549,230,0
2026-08-17T01:26:19.778018Z,0,0,549,230,0
2026-08-17T01:26:19.7833312Z,0,0,549,230,0
2026-08-17T01:26:19.7884839Z,0,0,549,230,0
2026-08-17T01:26:19.7934237Z,0,0,549,230,0
2026-08-17T01:26:19.7980475Z,0,0,549,230,0
2026-08-17T01:26:19.8033298Z,0,0,549,230,0
2026-08-17T01:26:19.807961Z,0,0,549,230,0
2026-08-17T01:26:19.8133178Z,0,0,549,230,0
2026-08-17T01:26:19.8181705Z,0,0,549,230,0
2026-08-17T01:26:19.8233453Z,0,0,549,230,0
2026-08-17T01:26:19.8279848Z,0,0,549,230,0
2026-08-17T01:26:19.8333732Z,0,0,549,230,0
2026-08-17T01:26:19.838134Z,0,0,549,230,0
2026-08-17T01:26:19.8429607Z,0,0,549,230,0
2026-08-17T01:26:19.848498Z,0,0,549,230,0
2026-08-17T01:26:19.8530784Z,0,0,549,230,0
2026-08-17T01:26:19.8584264Z,0,0,549,230,0
2026-08-17T01:26:19.8633638Z,0,0,549,230,0
2026-08-17T01:26:19.8685446Z,0,0,549,230,0
2026-08-17T01:26:19.8732923Z,0,0,549,230,0
2026-08-17T01:26:19.8780908Z,0,0,549,230,0
2026-08-17T01:26:19.8831742Z,0,0,549,230,0
2026-08-17T01:26:19.8880491Z,0,0,549,230,0
2026-08-17T01:26:19.893276Z,0,0,549,230,0
2026-08-17T01:26:19.898219Z,0,0,549,230,0
2026-08-17T01:26:19.9033139Z,0,0,549,230,0
2026-08-17T01:26:19.9081195Z,0,0,549,230,0
2026-08-17T01:26:19.9130244Z,0,0,549,230,0
2026-08-17T01:26:19.9185967Z,0,0,549,230,0
2026-08-17T01:26:19.9235743Z,0,0,549,230,0
2026-08-17T01:26:19.9283326Z,0,0,549,230,0
2026-08-17T01:26:19.9333012Z,0,0,549,230,0
2026-08-17T01:26:19.9382536Z,0,0,549,230,0
2026-08-17T01:26:19.9431895Z,0,0,549,230,0
2026-08-17T01:26:19.9484849Z,0,0,549,230,0
2026-08-17T01:26:19.9533627Z,0,0,549,230,0
2026-08-17T01:26:19.9583064Z,0,0,549,230,0
2026-08-17T01:26:19.9633506Z,0,0,549,230,0
2026-08-17T01:26:19.9681761Z,0,0,549,230,0
2026-08-17T01:26:19.9730457Z,0,0,549,230,0
2026-08-17T01:26:19.9781058Z,0,0,549,230,0
2026-08-17T01:26:19.9832881Z,0,0,549,230,0
2026-08-17T01:26:19.9880396Z,0,0,549,230,0
2026-08-17T01:26:19.993315Z,0,0,549,230,0
2026-08-17T01:26:19.9980922Z,0,0,549,230,0
2026-08-17T01:26:20.0032046Z,0,0,549,230,0
2026-08-17T01:26:20.008311Z,0,0,549,230,0
2026-08-17T01:26:20.0130609Z,0,0,549,230,0
2026-08-17T01:26:20.0181678Z,0,0,549,230,0
2026-08-17T01:26:20.0232806Z,0,0,549,230,0
2026-08-17T01:26:20.0280632Z,0,0,549,230,0
2026-08-17T01:26:20.0330857Z,0,0,549,230,0
2026-08-17T01:26:20.037915Z,0,0,549,230,0
2026-08-17T01:26:20.0431786Z,0,0,549,230,0
2026-08-17T01:26:20.0479915Z,0,0,549,230,0
2026-08-17T01:26:20.0532683Z,0,0,549,230,0
2026-08-17T01:26:20.0579639Z,0,0,549,230,0
2026-08-17T01:26:20.0632936Z,0,0,549,230,0
2026-08-17T01:26:20.0685132Z,0,0,549,230,0
2026-08-17T01:26:20.0732826Z,0,0,549,230,0
2026-08-17T01:26:20.0779721Z,0,0,549,230,0
2026-08-17T01:26:20.0833142Z,0,0,549,230,0
2026-08-17T01:26:20.0880346Z,0,0,549,230,0
2026-08-17T01:26:20.0930465Z,0,0,549,230,0
2026-08-17T01:26:20.0979801Z,0,0,549,230,0
2026-08-17T01:26:20.1032298Z,0,0,549,230,0
2026-08-17T01:26:20.1086458Z,0,0,549,230,0
2026-08-17T01:26:20.1131825Z,0,0,549,230,0
2026-08-17T01:26:20.1182557Z,0,0,549,230,0
2026-08-17T01:26:20.122922Z,0,0,549,230,0
2026-08-17T01:26:20.1281439Z,0,0,549,230,0
2026-08-17T01:26:20.1331342Z,0,0,549,230,0
2026-08-17T01:26:20.1379372Z,0,0,549,230,0
2026-08-17T01:26:20.1429713Z,0,0,549,230,0
2026-08-17T01:26:20.1480851Z,0,0,549,230,0
2026-08-17T01:26:20.1529287Z,0,0,549,230,0
2026-08-17T01:26:20.1580612Z,0,0,549,230,0
2026-08-17T01:26:20.1632959Z,0,0,549,230,0
2026-08-17T01:26:20.1685036Z,0,0,549,230,0
2026-08-17T01:26:20.1733954Z,0,0,549,230,0
2026-08-17T01:26:20.1780538Z,0,0,549,230,0
2026-08-17T01:26:20.1835149Z,0,0,549,230,0
2026-08-17T01:26:20.1882979Z,0,0,549,230,0
2026-08-17T01:26:20.1931592Z,0,0,549,230,0
2026-08-17T01:26:20.1982062Z,0,0,549,230,0
2026-08-17T01:26:20.2033536Z,0,0,549,230,0
2026-08-17T01:26:20.2081371Z,0,0,549,230,0
2026-08-17T01:26:20.2131186Z,0,0,549,230,0
2026-08-17T01:26:20.2181451Z,0,0,549,230,0
2026-08-17T01:26:20.2230763Z,0,0,549,230,0
2026-08-17T01:26:20.2280285Z,0,0,549,230,0
2026-08-17T01:26:20.2332472Z,0,0,549,230,0
2026-08-17T01:26:20.2384357Z,0,0,549,230,0
2026-08-17T01:26:20.2430677Z,0,0,549,230,0
2026-08-17T01:26:20.2481334Z,0,0,549,230,0
2026-08-17T01:26:20.2534083Z,0,0,549,230,0
2026-08-17T01:26:20.2582272Z,0,0,549,230,0
2026-08-17T01:26:20.2632005Z,0,0,549,230,0
2026-08-17T01:26:20.2679476Z,0,0,549,230,0
2026-08-17T01:26:20.2733814Z,0,0,549,230,0
2026-08-17T01:26:20.2781674Z,0,0,549,230,0
2026-08-17T01:26:20.2831372Z,0,0,549,230,0
2026-08-17T01:26:20.2882107Z,0,0,549,230,0
2026-08-17T01:26:20.2931641Z,0,0,549,230,0
2026-08-17T01:26:20.2979663Z,0,0,549,230,0
2026-08-17T01:26:20.3033628Z,0,0,549,230,0
2026-08-17T01:26:20.3085579Z,0,0,549,230,0
2026-08-17T01:26:20.3133976Z,0,0,549,230,0
2026-08-17T01:26:20.3181085Z,0,0,549,230,0
2026-08-17T01:26:20.3233245Z,0,0,549,230,0
2026-08-17T01:26:20.3281126Z,0,0,549,230,0
2026-08-17T01:26:20.3330863Z,0,0,549,230,0
2026-08-17T01:26:20.3381274Z,0,0,549,230,0
2026-08-17T01:26:20.3434709Z,0,0,549,230,0
2026-08-17T01:26:20.3481832Z,0,0,549,230,0
2026-08-17T01:26:20.3534111Z,0,0,549,230,0
2026-08-17T01:26:20.3582493Z,0,0,549,230,0
2026-08-17T01:26:20.3631981Z,0,0,549,230,0
2026-08-17T01:26:20.3684551Z,0,0,549,230,0
2026-08-17T01:26:20.3730401Z,0,0,549,230,0
2026-08-17T01:26:20.3784898Z,0,0,549,230,0
2026-08-17T01:26:20.3833263Z,0,0,549,230,0
2026-08-17T01:26:20.3880952Z,0,0,549,230,0
2026-08-17T01:26:20.3931154Z,0,0,549,230,0
2026-08-17T01:26:20.398353Z,0,0,549,230,0
2026-08-17T01:26:20.4033107Z,0,0,549,230,0
2026-08-17T01:26:20.4080631Z,0,0,549,230,0
2026-08-17T01:26:20.4133831Z,0,0,549,230,0
2026-08-17T01:26:20.4180946Z,0,0,549,230,0
2026-08-17T01:26:20.4234449Z,0,0,549,230,0
2026-08-17T01:26:20.428136Z,0,0,549,230,0
2026-08-17T01:26:20.4337341Z,0,0,549,230,0
2026-08-17T01:26:20.43847Z,0,0,549,230,0
2026-08-17T01:26:20.4434473Z,0,0,549,230,0
2026-08-17T01:26:20.4484026Z,0,0,549,230,0
2026-08-17T01:26:20.4533679Z,0,0,549,230,0
2026-08-17T01:26:20.4585455Z,0,0,549,230,0
2026-08-17T01:26:20.4635642Z,0,0,549,230,0
2026-08-17T01:26:20.4681786Z,0,0,549,230,0
2026-08-17T01:26:20.4734295Z,0,0,549,230,0
2026-08-17T01:26:20.4782819Z,0,0,549,230,0
2026-08-17T01:26:20.4832325Z,0,0,549,230,0
2026-08-17T01:26:20.4881119Z,0,0,549,230,0
2026-08-17T01:26:20.4929462Z,0,0,549,230,0
2026-08-17T01:26:20.4984219Z,0,0,549,230,0
2026-08-17T01:26:20.5031091Z,0,0,549,230,0
2026-08-17T01:26:20.5080119Z,0,0,549,230,0
2026-08-17T01:26:20.5130551Z,0,0,549,230,0
2026-08-17T01:26:20.5182385Z,0,0,549,230,0
2026-08-17T01:26:20.523228Z,0,0,549,230,0
2026-08-17T01:26:20.5283504Z,0,0,549,230,0
2026-08-17T01:26:20.5333791Z,0,0,549,230,0
2026-08-17T01:26:20.5381695Z,0,0,549,230,0
2026-08-17T01:26:20.5435119Z,0,0,549,230,0
2026-08-17T01:26:20.5482576Z,0,0,549,230,0
2026-08-17T01:26:20.553092Z,0,0,549,230,0
2026-08-17T01:26:20.5586048Z,0,0,549,230,0
2026-08-17T01:26:20.5630276Z,0,0,549,230,0
2026-08-17T01:26:20.568102Z,0,0,549,230,0
2026-08-17T01:26:20.5734981Z,0,0,549,230,0
2026-08-17T01:26:20.5783118Z,0,0,549,230,0
2026-08-17T01:26:20.5831671Z,0,0,549,230,0
2026-08-17T01:26:20.5886127Z,0,0,549,230,0
2026-08-17T01:26:20.5930533Z,0,0,549,230,0
2026-08-17T01:26:20.5984002Z,0,0,549,230,0
2026-08-17T01:26:20.6034521Z,0,0,549,230,0
2026-08-17T01:26:20.6081991Z,0,0,549,230,0
2026-08-17T01:26:20.6133195Z,0,0,549,230,0
2026-08-17T01:26:20.6182043Z,0,0,549,230,0
2026-08-17T01:26:20.6232432Z,0,0,549,230,0
2026-08-17T01:26:20.6279561Z,0,0,549,230,0
2026-08-17T01:26:20.6334276Z,0,0,549,230,0
2026-08-17T01:26:20.6381488Z,0,0,549,230,0
2026-08-17T01:26:20.6431323Z,0,0,549,230,0
2026-08-17T01:26:20.6482094Z,0,0,549,230,0
2026-08-17T01:26:20.6531333Z,0,0,549,230,0
2026-08-17T01:26:20.658652Z,0,0,549,230,0
2026-08-17T01:26:20.6632161Z,0,0,549,230,0
2026-08-17T01:26:20.6684761Z,0,0,549,230,0
2026-08-17T01:26:20.673316Z,0,0,549,230,0
2026-08-17T01:26:20.6780175Z,0,0,549,230,0
2026-08-17T01:26:20.6832705Z,0,0,549,230,0
2026-08-17T01:26:20.6879463Z,0,0,549,230,0
2026-08-17T01:26:20.6933826Z,0,0,549,230,0
2026-08-17T01:26:20.698556Z,0,0,549,230,0
2026-08-17T01:26:20.703381Z,0,0,549,230,0
2026-08-17T01:26:20.7080645Z,0,0,549,230,0
2026-08-17T01:26:20.7131481Z,0,0,549,230,0
2026-08-17T01:26:20.7180989Z,0,0,549,230,0
2026-08-17T01:26:20.7230976Z,0,0,549,230,0
2026-08-17T01:26:20.7284416Z,0,0,549,230,0
2026-08-17T01:26:20.7330579Z,0,0,549,230,0
2026-08-17T01:26:20.737962Z,0,0,549,230,0
2026-08-17T01:26:20.7433265Z,0,0,549,230,0
2026-08-17T01:26:20.7480669Z,0,0,549,230,0
2026-08-17T01:26:20.7531429Z,0,0,549,230,0
2026-08-17T01:26:20.7579284Z,0,0,549,230,0
2026-08-17T01:26:20.7632536Z,0,0,549,230,0
2026-08-17T01:26:20.7680293Z,0,0,549,230,0
2026-08-17T01:26:20.7734627Z,0,0,549,230,0
2026-08-17T01:26:20.7781685Z,0,0,549,230,0
2026-08-17T01:26:20.7832943Z,0,0,549,230,0
2026-08-17T01:26:20.7885396Z,0,0,549,230,0
2026-08-17T01:26:20.7933712Z,0,0,549,230,0
2026-08-17T01:26:20.7981844Z,0,0,549,230,0
2026-08-17T01:26:20.8032918Z,0,0,549,230,0
2026-08-17T01:26:20.8080466Z,0,0,549,230,0
2026-08-17T01:26:20.8134479Z,0,0,549,230,0
2026-08-17T01:26:20.8183554Z,0,0,549,230,0
2026-08-17T01:26:20.8231493Z,0,0,549,230,0
2026-08-17T01:26:20.8282838Z,0,0,549,230,0
2026-08-17T01:26:20.8334212Z,0,0,549,230,0
2026-08-17T01:26:20.8380523Z,0,0,549,230,0
2026-08-17T01:26:20.8429741Z,0,0,549,230,0
2026-08-17T01:26:20.8480169Z,0,0,549,230,0
2026-08-17T01:26:20.8533353Z,0,0,549,230,0
2026-08-17T01:26:20.8580916Z,0,0,549,230,0
2026-08-17T01:26:20.8632118Z,0,0,549,230,0
2026-08-17T01:26:20.8679616Z,0,0,549,230,0
2026-08-17T01:26:20.8732244Z,0,0,549,230,0
2026-08-17T01:26:20.8779582Z,0,0,549,230,0
2026-08-17T01:26:20.883204Z,0,0,549,230,0
2026-08-17T01:26:20.8883302Z,0,0,549,230,0
2026-08-17T01:26:20.893337Z,0,0,549,230,0
2026-08-17T01:26:20.8979696Z,0,0,549,230,0
2026-08-17T01:26:20.9033744Z,0,0,549,230,0
2026-08-17T01:26:20.9080665Z,0,0,549,230,0
2026-08-17T01:26:20.9133122Z,0,0,549,230,0
2026-08-17T01:26:20.9179698Z,0,0,549,230,0
2026-08-17T01:26:20.9230228Z,0,0,549,230,0
2026-08-17T01:26:20.9281511Z,0,0,549,230,0
2026-08-17T01:26:20.9330762Z,0,0,549,230,0
2026-08-17T01:26:20.9381973Z,0,0,549,230,0
2026-08-17T01:26:20.9429582Z,0,0,549,230,0
2026-08-17T01:26:20.9481589Z,0,0,549,230,0
2026-08-17T01:26:20.953237Z,0,0,549,230,0
2026-08-17T01:26:20.9581544Z,0,0,549,230,0
2026-08-17T01:26:20.9632506Z,0,0,549,230,0
2026-08-17T01:26:20.9680563Z,0,0,549,230,0
2026-08-17T01:26:20.9733975Z,0,0,549,230,0
2026-08-17T01:26:20.9781752Z,0,0,549,230,0
2026-08-17T01:26:20.9831131Z,0,0,549,230,0
2026-08-17T01:26:20.9883573Z,0,0,549,230,0
2026-08-17T01:26:20.9934578Z,0,0,549,230,0
2026-08-17T01:26:20.9981793Z,0,0,549,230,0
2026-08-17T01:26:21.0069831Z,0,0,549,230,0
2026-08-17T01:26:21.0082597Z,0,0,549,230,0
2026-08-17T01:26:21.0131221Z,0,0,549,230,0
2026-08-17T01:26:21.0183782Z,0,0,549,230,0
2026-08-17T01:26:21.0233544Z,0,0,549,230,0
2026-08-17T01:26:21.0281041Z,0,0,549,230,0
2026-08-17T01:26:21.0329782Z,0,0,549,230,0
2026-08-17T01:26:21.0380556Z,0,0,549,230,0
2026-08-17T01:26:21.0434582Z,0,0,549,230,0
2026-08-17T01:26:21.0484143Z,0,0,549,230,0
2026-08-17T01:26:21.0531857Z,0,0,549,230,0
2026-08-17T01:26:21.0582411Z,0,0,549,230,0
2026-08-17T01:26:21.0633784Z,0,0,549,230,0
2026-08-17T01:26:21.0683159Z,0,0,549,230,0
2026-08-17T01:26:21.0731846Z,0,0,549,230,0
2026-08-17T01:26:21.0785046Z,0,0,549,230,0
2026-08-17T01:26:21.0834458Z,0,0,549,230,0
2026-08-17T01:26:21.0881473Z,0,0,549,230,0
2026-08-17T01:26:21.0936945Z,0,0,549,230,0
2026-08-17T01:26:21.0984876Z,0,0,549,230,0
2026-08-17T01:26:21.1033429Z,0,0,549,230,0
2026-08-17T01:26:21.1086517Z,0,0,549,230,0
2026-08-17T01:26:21.1131783Z,0,0,549,230,0
2026-08-17T01:26:21.1184686Z,0,0,549,230,0
2026-08-17T01:26:21.12332Z,0,0,549,230,0
2026-08-17T01:26:21.1280679Z,0,0,549,230,0
2026-08-17T01:26:21.1331786Z,0,0,549,230,0
2026-08-17T01:26:21.1381171Z,0,0,549,230,0
2026-08-17T01:26:21.1431076Z,0,0,549,230,0
2026-08-17T01:26:21.1479763Z,0,0,549,230,0
2026-08-17T01:26:21.1534424Z,0,0,549,230,0
2026-08-17T01:26:21.1583295Z,0,0,549,230,0
2026-08-17T01:26:21.1632168Z,0,0,549,230,0
2026-08-17T01:26:21.1680041Z,0,0,549,230,0
2026-08-17T01:26:21.1729895Z,0,0,549,230,0
2026-08-17T01:26:21.1785122Z,0,0,549,230,0
2026-08-17T01:26:21.1834709Z,0,0,549,230,0
2026-08-17T01:26:21.1883487Z,0,0,549,230,0
2026-08-17T01:26:21.1934354Z,0,0,549,230,0
2026-08-17T01:26:21.1981707Z,0,0,549,230,0
2026-08-17T01:26:21.2030392Z,0,0,549,230,0
2026-08-17T01:26:21.2087783Z,0,0,549,230,0
2026-08-17T01:26:21.213247Z,0,0,549,230,0
2026-08-17T01:26:21.2180999Z,0,0,549,230,0
2026-08-17T01:26:21.2232473Z,0,0,549,230,0
2026-08-17T01:26:21.2279945Z,0,0,549,230,0
2026-08-17T01:26:21.2334455Z,0,0,549,230,0
2026-08-17T01:26:21.2381952Z,0,0,549,230,0
2026-08-17T01:26:21.2430619Z,0,0,549,230,0
2026-08-17T01:26:21.248243Z,0,0,549,230,0
2026-08-17T01:26:21.2531378Z,0,0,549,230,0
2026-08-17T01:26:21.2584978Z,0,0,549,230,0
2026-08-17T01:26:21.2631028Z,0,0,549,230,0
2026-08-17T01:26:21.2680526Z,0,0,549,230,0
2026-08-17T01:26:21.2729852Z,0,0,549,230,0
2026-08-17T01:26:21.2781907Z,0,0,549,230,0
2026-08-17T01:26:21.2831009Z,0,0,549,230,0
2026-08-17T01:26:21.2880075Z,0,0,549,230,0
2026-08-17T01:26:21.2934007Z,0,0,549,230,0
2026-08-17T01:26:21.2981939Z,0,0,549,230,0
2026-08-17T01:26:21.3036542Z,0,0,549,230,0
2026-08-17T01:26:21.3078785Z,0,0,549,230,0
2026-08-17T01:26:21.3132746Z,0,0,549,230,0
2026-08-17T01:26:21.3183402Z,0,0,549,230,0
2026-08-17T01:26:21.3231314Z,0,0,549,230,0
2026-08-17T01:26:21.3282249Z,0,0,549,230,0
2026-08-17T01:26:21.3332208Z,0,0,549,230,0
2026-08-17T01:26:21.3385242Z,0,0,549,230,0
2026-08-17T01:26:21.3434937Z,0,0,549,230,0
2026-08-17T01:26:21.3482154Z,0,0,549,230,0
2026-08-17T01:26:21.353228Z,0,0,549,230,0
2026-08-17T01:26:21.3580278Z,0,0,549,230,0
2026-08-17T01:26:21.3634515Z,0,0,549,230,0
2026-08-17T01:26:21.3684909Z,0,0,549,230,0
2026-08-17T01:26:21.3734473Z,0,0,549,230,0
2026-08-17T01:26:21.3783832Z,0,0,549,230,0
2026-08-17T01:26:21.3836528Z,0,0,549,230,0
2026-08-17T01:26:21.3883305Z,0,0,549,230,0
2026-08-17T01:26:21.392944Z,0,0,549,230,0
2026-08-17T01:26:21.3984268Z,0,0,549,230,0
2026-08-17T01:26:21.4032783Z,0,0,549,230,0
2026-08-17T01:26:21.4082502Z,0,0,549,230,0
2026-08-17T01:26:21.41344Z,0,0,549,230,0
2026-08-17T01:26:21.4182613Z,0,0,549,230,0
2026-08-17T01:26:21.4233683Z,0,0,549,230,0
2026-08-17T01:26:21.4282218Z,0,0,549,230,0
2026-08-17T01:26:21.4332239Z,0,0,549,230,0
2026-08-17T01:26:21.4381454Z,0,0,549,230,0
2026-08-17T01:26:21.4430618Z,0,0,549,230,0
2026-08-17T01:26:21.4485527Z,0,0,549,230,0
2026-08-17T01:26:21.4533126Z,0,0,549,230,0
2026-08-17T01:26:21.4580121Z,0,0,549,230,0
2026-08-17T01:26:21.4633013Z,0,0,549,230,0
2026-08-17T01:26:21.4680208Z,0,0,549,230,0
2026-08-17T01:26:21.4730665Z,0,0,549,230,0
2026-08-17T01:26:21.4781472Z,0,0,549,230,0
2026-08-17T01:26:21.4830395Z,0,0,549,230,0
2026-08-17T01:26:21.4881445Z,0,0,549,230,0
2026-08-17T01:26:21.4930604Z,0,0,549,230,0
2026-08-17T01:26:21.4983707Z,0,0,549,230,0
2026-08-17T01:26:21.5033568Z,0,0,549,230,0
2026-08-17T01:26:21.5081179Z,0,0,549,230,0
2026-08-17T01:26:21.5131321Z,0,0,549,230,0
2026-08-17T01:26:21.5185033Z,0,0,549,230,0
2026-08-17T01:26:21.5229451Z,0,0,549,230,0
2026-08-17T01:26:21.5284262Z,0,0,549,230,0
2026-08-17T01:26:21.5334158Z,0,0,549,230,0
2026-08-17T01:26:21.5381013Z,0,0,549,230,0
2026-08-17T01:26:21.5430389Z,0,0,549,230,0
2026-08-17T01:26:21.5481246Z,0,0,549,230,0
2026-08-17T01:26:21.5534787Z,0,0,549,230,0
2026-08-17T01:26:21.5582384Z,0,0,549,230,0
2026-08-17T01:26:21.5635904Z,0,0,549,230,0
2026-08-17T01:26:21.5684501Z,0,0,549,230,0
2026-08-17T01:26:21.5733624Z,0,0,549,230,0
2026-08-17T01:26:21.578229Z,0,0,549,230,0
2026-08-17T01:26:21.5832421Z,0,0,549,230,0
2026-08-17T01:26:21.58798Z,0,0,549,230,0
2026-08-17T01:26:21.5933599Z,0,0,549,230,0
2026-08-17T01:26:21.5982305Z,0,0,549,230,0
2026-08-17T01:26:21.6030904Z,0,0,549,230,0
2026-08-17T01:26:21.6083602Z,0,0,549,230,0
2026-08-17T01:26:21.613515Z,0,0,549,230,0
2026-08-17T01:26:21.6183835Z,0,0,549,230,0
2026-08-17T01:26:21.6230627Z,0,0,549,230,0
2026-08-17T01:26:21.6286399Z,0,0,549,230,0
2026-08-17T01:26:21.633265Z,0,0,549,230,0
2026-08-17T01:26:21.6379859Z,0,0,549,230,0
2026-08-17T01:26:21.6432593Z,0,0,549,230,0
2026-08-17T01:26:21.6485417Z,0,0,549,230,0
2026-08-17T01:26:21.6535915Z,0,0,549,230,0
2026-08-17T01:26:21.6583739Z,0,0,549,230,0
2026-08-17T01:26:21.6632259Z,0,0,549,230,0
2026-08-17T01:26:21.6684037Z,0,0,549,230,0
2026-08-17T01:26:21.6736929Z,0,0,549,230,0
2026-08-17T01:26:21.6783325Z,0,0,549,230,0
2026-08-17T01:26:21.6836427Z,0,0,549,230,0
2026-08-17T01:26:21.6883256Z,0,0,549,230,0
2026-08-17T01:26:21.6931725Z,0,0,549,230,0
2026-08-17T01:26:21.6980574Z,0,0,549,230,0
2026-08-17T01:26:21.7034721Z,0,0,549,230,0
2026-08-17T01:26:21.7080954Z,0,0,549,230,0
2026-08-17T01:26:21.7130042Z,0,0,549,230,0
2026-08-17T01:26:21.7180628Z,0,0,549,230,0
2026-08-17T01:26:21.7229939Z,0,0,549,230,0
2026-08-17T01:26:21.7279958Z,0,0,549,230,0
2026-08-17T01:26:21.733532Z,0,0,549,230,0
2026-08-17T01:26:21.7382543Z,0,0,549,230,0
2026-08-17T01:26:21.7430548Z,0,0,549,230,0
2026-08-17T01:26:21.7482939Z,0,0,549,230,0
2026-08-17T01:26:21.7531751Z,0,0,549,230,0
2026-08-17T01:26:21.7583788Z,0,0,549,230,0
2026-08-17T01:26:21.763133Z,0,0,549,230,0
2026-08-17T01:26:21.7683418Z,0,0,549,230,0
2026-08-17T01:26:21.7736177Z,0,0,549,230,0
2026-08-17T01:26:21.7782771Z,0,0,549,230,0
2026-08-17T01:26:21.7832625Z,0,0,549,230,0
2026-08-17T01:26:21.7882214Z,0,0,549,230,0
2026-08-17T01:26:21.7936465Z,0,0,549,230,0
2026-08-17T01:26:21.7984104Z,0,0,549,230,0
2026-08-17T01:26:21.8032893Z,0,0,549,230,0
2026-08-17T01:26:21.8084769Z,0,0,549,230,0
2026-08-17T01:26:21.8137174Z,0,0,549,230,0
2026-08-17T01:26:21.818436Z,0,0,549,230,0
2026-08-17T01:26:21.8233911Z,0,0,549,230,0
2026-08-17T01:26:21.8282805Z,0,0,549,230,0
2026-08-17T01:26:21.8331887Z,0,0,549,230,0
2026-08-17T01:26:21.8379556Z,0,0,549,230,0
2026-08-17T01:26:21.8432704Z,0,0,549,230,0
2026-08-17T01:26:21.8479634Z,0,0,549,230,0
2026-08-17T01:26:21.8532137Z,0,0,549,230,0
2026-08-17T01:26:21.8579887Z,0,0,549,230,0
2026-08-17T01:26:21.8633608Z,0,0,549,230,0
2026-08-17T01:26:21.8683182Z,0,0,549,230,0
2026-08-17T01:26:21.8730551Z,0,0,549,230,0
2026-08-17T01:26:21.8781164Z,0,0,549,230,0
2026-08-17T01:26:21.8830896Z,0,0,549,230,0
2026-08-17T01:26:21.8884108Z,0,0,549,230,0
2026-08-17T01:26:21.893323Z,0,0,549,230,0
2026-08-17T01:26:21.8981596Z,0,0,549,230,0
2026-08-17T01:26:21.9030046Z,0,0,549,230,0
2026-08-17T01:26:21.9079949Z,0,0,549,230,0
2026-08-17T01:26:21.9134006Z,0,0,549,230,0
2026-08-17T01:26:21.9181526Z,0,0,549,230,0
2026-08-17T01:26:21.9232552Z,0,0,549,230,0
2026-08-17T01:26:21.9280595Z,0,0,549,230,0
2026-08-17T01:26:21.933328Z,0,0,549,230,0
2026-08-17T01:26:21.9380379Z,0,0,549,230,0
2026-08-17T01:26:21.9432927Z,0,0,549,230,0
2026-08-17T01:26:21.9479333Z,0,0,549,230,0
2026-08-17T01:26:21.9532378Z,0,0,549,230,0
2026-08-17T01:26:21.9580896Z,0,0,549,230,0
2026-08-17T01:26:21.9633862Z,0,0,549,230,0
2026-08-17T01:26:21.9681768Z,0,0,549,230,0
2026-08-17T01:26:21.9734816Z,0,0,549,230,0
2026-08-17T01:26:21.9781519Z,0,0,549,230,0
2026-08-17T01:26:21.9834203Z,0,0,549,230,0
2026-08-17T01:26:21.9881715Z,0,0,549,230,0
2026-08-17T01:26:21.9931568Z,0,0,549,230,0
2026-08-17T01:26:21.9983831Z,0,0,549,230,0
2026-08-17T01:26:22.0033653Z,0,0,549,230,0
2026-08-17T01:26:22.0085088Z,0,0,549,230,0
2026-08-17T01:26:22.0131764Z,0,0,549,230,0
2026-08-17T01:26:22.0184292Z,0,0,549,230,0
2026-08-17T01:26:22.0232081Z,0,0,549,230,0
2026-08-17T01:26:22.0284002Z,0,0,549,230,0
2026-08-17T01:26:22.0333825Z,0,0,549,230,0
2026-08-17T01:26:22.0383146Z,0,0,549,230,0
2026-08-17T01:26:22.04321Z,0,0,549,230,0
2026-08-17T01:26:22.0484115Z,0,0,549,230,0
2026-08-17T01:26:22.0532589Z,0,0,549,230,0
2026-08-17T01:26:22.0579763Z,0,0,549,230,0
2026-08-17T01:26:22.0633023Z,0,0,549,230,0
2026-08-17T01:26:22.0680148Z,0,0,549,230,0
2026-08-17T01:26:22.0733417Z,0,0,549,230,0
2026-08-17T01:26:22.0782751Z,0,0,549,230,0
2026-08-17T01:26:22.0831109Z,0,0,549,230,0
2026-08-17T01:26:22.0883405Z,0,0,549,230,0
2026-08-17T01:26:22.09306Z,0,0,549,230,0
2026-08-17T01:26:22.0983657Z,0,0,549,230,0
2026-08-17T01:26:22.1033184Z,0,0,549,230,0
2026-08-17T01:26:22.1082612Z,0,0,549,230,0
2026-08-17T01:26:22.1130275Z,0,0,549,230,0
2026-08-17T01:26:22.1180596Z,0,0,549,230,0
2026-08-17T01:26:22.123345Z,0,0,549,230,0
2026-08-17T01:26:22.1279446Z,0,0,549,230,0
2026-08-17T01:26:22.1332838Z,0,0,549,230,0
2026-08-17T01:26:22.1384967Z,0,0,549,230,0
2026-08-17T01:26:22.1432851Z,0,0,549,230,0
2026-08-17T01:26:22.148226Z,0,0,549,230,0
2026-08-17T01:26:22.1531112Z,0,0,549,230,0
2026-08-17T01:26:22.1581786Z,0,0,549,230,0
2026-08-17T01:26:22.1636733Z,0,0,549,230,0
2026-08-17T01:26:22.1683985Z,0,0,549,230,0
2026-08-17T01:26:22.1730914Z,0,0,549,230,0
2026-08-17T01:26:22.1781963Z,0,0,549,230,0
2026-08-17T01:26:22.1831395Z,0,0,549,230,0
2026-08-17T01:26:22.1880712Z,0,0,549,230,0
2026-08-17T01:26:22.1933113Z,0,0,549,230,0
2026-08-17T01:26:22.198124Z,0,0,549,230,0
2026-08-17T01:26:22.2034211Z,0,0,549,230,0
2026-08-17T01:26:22.2082316Z,0,0,549,230,0
2026-08-17T01:26:22.213325Z,0,0,549,230,0
2026-08-17T01:26:22.2180515Z,0,0,549,230,0
2026-08-17T01:26:22.2230415Z,0,0,549,230,0
2026-08-17T01:26:22.227988Z,0,0,549,230,0
2026-08-17T01:26:22.2334327Z,0,0,549,230,0
2026-08-17T01:26:22.2383385Z,0,0,549,230,0
2026-08-17T01:26:22.2433189Z,0,0,549,230,0
2026-08-17T01:26:22.248219Z,0,0,549,230,0
2026-08-17T01:26:22.2534831Z,0,0,549,230,0
2026-08-17T01:26:22.2583613Z,0,0,549,230,0
2026-08-17T01:26:22.2629672Z,0,0,549,230,0
2026-08-17T01:26:22.2680158Z,0,0,549,230,0
2026-08-17T01:26:22.2733291Z,0,0,549,230,0
2026-08-17T01:26:22.2783151Z,0,0,549,230,0
2026-08-17T01:26:22.283497Z,0,0,549,230,0
2026-08-17T01:26:22.288158Z,0,0,549,230,0
2026-08-17T01:26:22.2932865Z,0,0,549,230,0
2026-08-17T01:26:22.2982424Z,0,0,549,230,0
2026-08-17T01:26:22.3033217Z,0,0,549,230,0
2026-08-17T01:26:22.3081871Z,0,0,549,230,0
2026-08-17T01:26:22.3134634Z,0,0,549,230,0
2026-08-17T01:26:22.3182002Z,0,0,549,230,0
2026-08-17T01:26:22.3232256Z,0,0,549,230,0
2026-08-17T01:26:22.3284642Z,0,0,549,230,0
2026-08-17T01:26:22.333493Z,0,0,549,230,0
2026-08-17T01:26:22.3382637Z,0,0,549,230,0
2026-08-17T01:26:22.3433382Z,0,0,549,230,0
2026-08-17T01:26:22.3486157Z,0,0,549,230,0
2026-08-17T01:26:22.3534941Z,0,0,549,230,0
2026-08-17T01:26:22.3582984Z,0,0,549,230,0
2026-08-17T01:26:22.363119Z,0,0,549,230,0
2026-08-17T01:26:22.3683017Z,0,0,549,230,0
2026-08-17T01:26:22.3730304Z,0,0,549,230,0
2026-08-17T01:26:22.3780081Z,0,0,549,230,0
2026-08-17T01:26:22.3834222Z,0,0,549,230,0
2026-08-17T01:26:22.3883005Z,0,0,549,230,0
2026-08-17T01:26:22.3932319Z,0,0,549,230,0
2026-08-17T01:26:22.3980226Z,0,0,549,230,0
2026-08-17T01:26:22.4031609Z,0,0,549,230,0
2026-08-17T01:26:22.4080141Z,0,0,549,230,0
2026-08-17T01:26:22.4131161Z,0,0,549,230,0
2026-08-17T01:26:22.4180377Z,0,0,549,230,0
2026-08-17T01:26:22.4229743Z,0,0,549,230,0
2026-08-17T01:26:22.4280241Z,0,0,549,230,0
2026-08-17T01:26:22.4332656Z,0,0,549,230,0
2026-08-17T01:26:22.4383988Z,0,0,549,230,0
2026-08-17T01:26:22.442924Z,0,0,549,230,0
2026-08-17T01:26:22.4483584Z,0,0,549,230,0
2026-08-17T01:26:22.4533156Z,0,0,549,230,0
2026-08-17T01:26:22.458192Z,0,0,549,230,0
2026-08-17T01:26:22.4630909Z,0,0,549,230,0
2026-08-17T01:26:22.4684713Z,0,0,549,230,0
2026-08-17T01:26:22.4730126Z,0,0,549,230,0
2026-08-17T01:26:22.4781137Z,0,0,549,230,0
2026-08-17T01:26:22.4830849Z,0,0,549,230,0
2026-08-17T01:26:22.488157Z,0,0,549,230,0
2026-08-17T01:26:22.493212Z,0,0,549,230,0
2026-08-17T01:26:22.4982183Z,0,0,549,230,0
2026-08-17T01:26:22.5035023Z,0,0,549,230,0
2026-08-17T01:26:22.5080045Z,0,0,549,230,0
2026-08-17T01:26:22.5129643Z,0,0,549,230,0
2026-08-17T01:26:22.5180638Z,0,0,549,230,0
2026-08-17T01:26:22.5231703Z,0,0,549,230,0
2026-08-17T01:26:22.528042Z,0,0,549,230,0
2026-08-17T01:26:22.5331278Z,0,0,549,230,0
2026-08-17T01:26:22.5379291Z,0,0,549,230,0
2026-08-17T01:26:22.5434398Z,0,0,549,230,0
2026-08-17T01:26:22.5482353Z,0,0,549,230,0
2026-08-17T01:26:22.5530835Z,0,0,549,230,0
2026-08-17T01:26:22.5580325Z,0,0,549,230,0
2026-08-17T01:26:22.5630176Z,0,0,549,230,0
2026-08-17T01:26:22.5683927Z,0,0,549,230,0
2026-08-17T01:26:22.5730612Z,0,0,549,230,0
2026-08-17T01:26:22.5785228Z,0,0,549,230,0
2026-08-17T01:26:22.5833693Z,0,0,549,230,0
2026-08-17T01:26:22.5882374Z,0,0,549,230,0
2026-08-17T01:26:22.5930298Z,0,0,549,230,0
2026-08-17T01:26:22.5981132Z,0,0,549,230,0
2026-08-17T01:26:22.6031148Z,0,0,549,230,0
2026-08-17T01:26:22.608443Z,0,0,549,230,0
2026-08-17T01:26:22.6133732Z,0,0,549,230,0
2026-08-17T01:26:22.6181389Z,0,0,549,230,0
2026-08-17T01:26:22.6235714Z,0,0,549,230,0
2026-08-17T01:26:22.6282934Z,0,0,549,230,0
2026-08-17T01:26:22.6331261Z,0,0,549,230,0
2026-08-17T01:26:22.6383334Z,0,0,549,230,0
2026-08-17T01:26:22.6429617Z,0,0,549,230,0
2026-08-17T01:26:22.6483037Z,0,0,549,230,0
2026-08-17T01:26:22.6533333Z,0,0,549,230,0
2026-08-17T01:26:22.658031Z,0,0,549,230,0
2026-08-17T01:26:22.6630647Z,0,0,549,230,0
2026-08-17T01:26:22.6681331Z,0,0,549,230,0
2026-08-17T01:26:22.6730977Z,0,0,549,230,0
2026-08-17T01:26:22.6782688Z,0,0,549,230,0
2026-08-17T01:26:22.6833246Z,0,0,549,230,0
2026-08-17T01:26:22.6881107Z,0,0,549,230,0
2026-08-17T01:26:22.6931283Z,0,0,549,230,0
2026-08-17T01:26:22.6981187Z,0,0,549,230,0
2026-08-17T01:26:22.7033502Z,0,0,549,230,0
2026-08-17T01:26:22.7080591Z,0,0,549,230,0
2026-08-17T01:26:22.7133793Z,0,0,549,230,0
2026-08-17T01:26:22.7181751Z,0,0,549,230,0
2026-08-17T01:26:22.72328Z,0,0,549,230,0
2026-08-17T01:26:22.7279529Z,0,0,549,230,0
2026-08-17T01:26:22.7330204Z,0,0,549,230,0
2026-08-17T01:26:22.7381545Z,0,0,549,230,0
2026-08-17T01:26:22.7430825Z,0,0,549,230,0
2026-08-17T01:26:22.7482856Z,0,0,549,230,0
2026-08-17T01:26:22.7531097Z,0,0,549,230,0
2026-08-17T01:26:22.7583283Z,0,0,549,230,0
2026-08-17T01:26:22.7634386Z,0,0,549,230,0
2026-08-17T01:26:22.7681442Z,0,0,549,230,0
2026-08-17T01:26:22.7734901Z,0,0,549,230,0
2026-08-17T01:26:22.7784234Z,0,0,549,230,0
2026-08-17T01:26:22.7833686Z,0,0,549,230,0
2026-08-17T01:26:22.7881839Z,0,0,549,230,0
2026-08-17T01:26:22.7931418Z,0,0,549,230,0
2026-08-17T01:26:22.7983438Z,0,0,549,230,0
2026-08-17T01:26:22.803163Z,0,0,549,230,0
2026-08-17T01:26:22.8080556Z,0,0,549,230,0
2026-08-17T01:26:22.8134575Z,0,0,549,230,0
2026-08-17T01:26:22.8181209Z,0,0,549,230,0
2026-08-17T01:26:22.82315Z,0,0,549,230,0
2026-08-17T01:26:22.8280144Z,0,0,549,230,0
2026-08-17T01:26:22.8334578Z,0,0,549,230,0
2026-08-17T01:26:22.8380152Z,0,0,549,230,0
2026-08-17T01:26:22.8434032Z,0,0,549,230,0
2026-08-17T01:26:22.8482561Z,0,0,549,230,0
2026-08-17T01:26:22.8533027Z,0,0,549,230,0
2026-08-17T01:26:22.858041Z,0,0,549,230,0
2026-08-17T01:26:22.8644534Z,0,0,549,230,0
2026-08-17T01:26:22.8685092Z,0,0,549,230,0
2026-08-17T01:26:22.8730933Z,0,0,549,230,0
2026-08-17T01:26:22.877974Z,0,0,549,230,0
2026-08-17T01:26:22.882946Z,0,0,549,230,0
2026-08-17T01:26:22.8883273Z,0,0,549,230,0
2026-08-17T01:26:22.8934235Z,0,0,549,230,0
2026-08-17T01:26:22.8980971Z,0,0,549,230,0
2026-08-17T01:26:22.9034387Z,0,0,549,230,0
2026-08-17T01:26:22.9081959Z,0,0,549,230,0
2026-08-17T01:26:22.9132041Z,0,0,549,230,0
2026-08-17T01:26:22.9179395Z,0,0,549,230,0
2026-08-17T01:26:22.9233068Z,0,0,549,230,0
2026-08-17T01:26:22.9281125Z,0,0,549,230,0
2026-08-17T01:26:22.9329846Z,0,0,549,230,0
2026-08-17T01:26:22.9385317Z,0,0,549,230,0
2026-08-17T01:26:22.9430591Z,0,0,549,230,0
2026-08-17T01:26:22.9483689Z,0,0,549,230,0
2026-08-17T01:26:22.9532317Z,0,0,549,230,0
2026-08-17T01:26:22.9584331Z,0,0,549,230,0
2026-08-17T01:26:22.9634059Z,0,0,549,230,0
2026-08-17T01:26:22.9683075Z,0,0,549,230,0
2026-08-17T01:26:22.9730314Z,0,0,549,230,0
2026-08-17T01:26:22.9779615Z,0,0,549,230,0
2026-08-17T01:26:22.9832388Z,0,0,549,230,0
2026-08-17T01:26:22.9880184Z,0,0,549,230,0
2026-08-17T01:26:22.9929758Z,0,0,549,230,0
2026-08-17T01:26:22.9980343Z,0,0,549,230,0
2026-08-17T01:26:23.0030947Z,0,0,549,230,0
2026-08-17T01:26:23.0081938Z,0,0,549,230,0
2026-08-17T01:26:23.0132065Z,0,0,549,230,0
2026-08-17T01:26:23.018036Z,0,0,549,230,0
2026-08-17T01:26:23.0233893Z,0,0,549,230,0
2026-08-17T01:26:23.0280526Z,0,0,549,230,0
2026-08-17T01:26:23.0332581Z,0,0,549,230,0
2026-08-17T01:26:23.0379453Z,0,0,549,230,0
2026-08-17T01:26:23.0434008Z,0,0,549,230,0
2026-08-17T01:26:23.0482316Z,0,0,549,230,0
2026-08-17T01:26:23.0531847Z,0,0,549,230,0
2026-08-17T01:26:23.0585435Z,0,0,549,230,0
2026-08-17T01:26:23.0629815Z,0,0,549,230,0
2026-08-17T01:26:23.0683605Z,0,0,549,230,0
2026-08-17T01:26:23.0734653Z,0,0,549,230,0
2026-08-17T01:26:23.0781777Z,0,0,549,230,0
2026-08-17T01:26:23.0833052Z,0,0,549,230,0
2026-08-17T01:26:23.088101Z,0,0,549,230,0
2026-08-17T01:26:23.0929146Z,0,0,549,230,0
2026-08-17T01:26:23.0981283Z,0,0,549,230,0
2026-08-17T01:26:23.1032665Z,0,0,549,230,0
2026-08-17T01:26:23.108079Z,0,0,549,230,0
2026-08-17T01:26:23.1129439Z,0,0,549,230,0
2026-08-17T01:26:23.118325Z,0,0,549,230,0
2026-08-17T01:26:23.1232288Z,0,0,549,230,0
2026-08-17T01:26:23.1281861Z,0,0,549,230,0
2026-08-17T01:26:23.133278Z,0,0,549,230,0
2026-08-17T01:26:23.1380814Z,0,0,549,230,0
2026-08-17T01:26:23.1431479Z,0,0,549,230,0
2026-08-17T01:26:23.1480376Z,0,0,549,230,0
2026-08-17T01:26:23.1531188Z,0,0,549,230,0
2026-08-17T01:26:23.1580072Z,0,0,549,230,0
2026-08-17T01:26:23.1631524Z,0,0,549,230,0
2026-08-17T01:26:23.1684006Z,0,0,549,230,0
2026-08-17T01:26:23.1733735Z,0,0,549,230,0
2026-08-17T01:26:23.1780988Z,0,0,549,230,0
2026-08-17T01:26:23.1830843Z,0,0,549,230,0
2026-08-17T01:26:23.1880504Z,0,0,549,230,0
2026-08-17T01:26:23.19367Z,0,0,549,230,0
2026-08-17T01:26:23.1984122Z,0,0,549,230,0
2026-08-17T01:26:23.2033662Z,0,0,549,230,0
2026-08-17T01:26:23.2082129Z,0,0,549,230,0
2026-08-17T01:26:23.2132887Z,0,0,549,230,0
2026-08-17T01:26:23.2181997Z,0,0,549,230,0
2026-08-17T01:26:23.2231052Z,0,0,549,230,0
2026-08-17T01:26:23.2285259Z,0,0,549,230,0
2026-08-17T01:26:23.2330986Z,0,0,549,230,0
2026-08-17T01:26:23.2383153Z,0,0,549,230,0
2026-08-17T01:26:23.2430037Z,0,0,549,230,0
2026-08-17T01:26:23.2482749Z,0,0,549,230,0
2026-08-17T01:26:23.2533002Z,0,0,549,230,0
2026-08-17T01:26:23.2581398Z,0,0,549,230,0
2026-08-17T01:26:23.26355Z,0,0,549,230,0
2026-08-17T01:26:23.2684175Z,0,0,549,230,0
2026-08-17T01:26:23.2731081Z,0,0,549,230,0
2026-08-17T01:26:23.2786273Z,0,0,549,230,0
2026-08-17T01:26:23.2830964Z,0,0,549,230,0
2026-08-17T01:26:23.2883154Z,0,0,549,230,0
2026-08-17T01:26:23.2935416Z,0,0,549,230,0
2026-08-17T01:26:23.2980983Z,0,0,549,230,0
2026-08-17T01:26:23.3033971Z,0,0,549,230,0
2026-08-17T01:26:23.3082426Z,0,0,549,230,0
2026-08-17T01:26:23.3133106Z,0,0,549,230,0
2026-08-17T01:26:23.3181447Z,0,0,549,230,0
2026-08-17T01:26:23.3232122Z,0,0,549,230,0
2026-08-17T01:26:23.3282156Z,0,0,549,230,0
2026-08-17T01:26:23.3333327Z,0,0,549,230,0
2026-08-17T01:26:23.3385969Z,0,0,549,230,0
2026-08-17T01:26:23.3431821Z,0,0,549,230,0
2026-08-17T01:26:23.3479897Z,0,0,549,230,0
2026-08-17T01:26:23.3533188Z,0,0,549,230,0
2026-08-17T01:26:23.3581851Z,0,0,549,230,0
2026-08-17T01:26:23.363279Z,0,0,549,230,0
2026-08-17T01:26:23.3681364Z,0,0,549,230,0
2026-08-17T01:26:23.3732462Z,0,0,549,230,0
2026-08-17T01:26:23.3780981Z,0,0,549,230,0
2026-08-17T01:26:23.3830315Z,0,0,549,230,0
2026-08-17T01:26:23.3880973Z,0,0,549,230,0
2026-08-17T01:26:23.3931233Z,0,0,549,230,0
2026-08-17T01:26:23.3979979Z,0,0,549,230,0
2026-08-17T01:26:23.4029796Z,0,0,549,230,0
2026-08-17T01:26:23.4085731Z,0,0,549,230,0
2026-08-17T01:26:23.4129764Z,0,0,549,230,0
2026-08-17T01:26:23.4183874Z,0,0,549,230,0
2026-08-17T01:26:23.4230891Z,0,0,549,230,0
2026-08-17T01:26:23.4282997Z,0,0,549,230,0
2026-08-17T01:26:23.4332077Z,0,0,549,230,0
2026-08-17T01:26:23.438085Z,0,0,549,230,0
2026-08-17T01:26:23.4430592Z,0,0,549,230,0
2026-08-17T01:26:23.4483883Z,0,0,549,230,0
2026-08-17T01:26:23.4531813Z,0,0,549,230,0
2026-08-17T01:26:23.4584358Z,0,0,549,230,0
2026-08-17T01:26:23.4629778Z,0,0,549,230,0
2026-08-17T01:26:23.4683225Z,0,0,549,230,0
2026-08-17T01:26:23.4733537Z,0,0,549,230,0
2026-08-17T01:26:23.4781702Z,0,0,549,230,0
2026-08-17T01:26:23.4829522Z,0,0,549,230,0
2026-08-17T01:26:23.4880526Z,0,0,549,230,0
2026-08-17T01:26:23.4934143Z,0,0,549,230,0
2026-08-17T01:26:23.4982356Z,0,0,549,230,0
2026-08-17T01:26:23.5033991Z,0,0,549,230,0
2026-08-17T01:26:23.5082377Z,0,0,549,230,0
2026-08-17T01:26:23.5137368Z,0,0,549,230,0
2026-08-17T01:26:23.5184712Z,0,0,549,230,0
2026-08-17T01:26:23.5234039Z,0,0,549,230,0
2026-08-17T01:26:23.5286615Z,0,0,549,230,0
2026-08-17T01:26:23.5330974Z,0,0,549,230,0
2026-08-17T01:26:23.5379427Z,0,0,549,230,0
2026-08-17T01:26:23.5429555Z,0,0,549,230,0
2026-08-17T01:26:23.5483478Z,0,0,549,230,0
2026-08-17T01:26:23.5532522Z,0,0,549,230,0
2026-08-17T01:26:23.5581017Z,0,0,549,230,0
2026-08-17T01:26:23.5630237Z,0,0,549,230,0
2026-08-17T01:26:23.5684375Z,0,0,549,230,0
2026-08-17T01:26:23.5731022Z,0,0,549,230,0
2026-08-17T01:26:23.5780011Z,0,0,549,230,0
2026-08-17T01:26:23.5836258Z,0,0,549,230,0
2026-08-17T01:26:23.588365Z,0,0,549,230,0
2026-08-17T01:26:23.5930585Z,0,0,549,230,0
2026-08-17T01:26:23.5984643Z,0,0,549,230,0
2026-08-17T01:26:23.6034507Z,0,0,549,230,0
2026-08-17T01:26:23.6082143Z,0,0,549,230,0
2026-08-17T01:26:23.6131584Z,0,0,549,230,0
2026-08-17T01:26:23.6181145Z,0,0,549,230,0
2026-08-17T01:26:23.6232904Z,0,0,549,230,0
2026-08-17T01:26:23.6280878Z,0,0,549,230,0
2026-08-17T01:26:23.6334223Z,0,0,549,230,0
2026-08-17T01:26:23.6381588Z,0,0,549,230,0
2026-08-17T01:26:23.643095Z,0,0,549,230,0
2026-08-17T01:26:23.6484217Z,0,0,549,230,0
2026-08-17T01:26:23.6533434Z,0,0,549,230,0
2026-08-17T01:26:23.6581593Z,0,0,549,230,0
2026-08-17T01:26:23.6633756Z,0,0,549,230,0
2026-08-17T01:26:23.6681335Z,0,0,549,230,0
2026-08-17T01:26:23.6730402Z,0,0,549,230,0
2026-08-17T01:26:23.6784483Z,0,0,549,230,0
2026-08-17T01:26:23.6833432Z,0,0,549,230,0
2026-08-17T01:26:23.6880504Z,0,0,549,230,0
2026-08-17T01:26:23.6930664Z,0,0,549,230,0
2026-08-17T01:26:23.6981331Z,0,0,549,230,0
2026-08-17T01:26:23.7031031Z,0,0,549,230,0
2026-08-17T01:26:23.7080709Z,0,0,549,230,0
2026-08-17T01:26:23.7131606Z,0,0,549,230,0
2026-08-17T01:26:23.7182315Z,0,0,549,230,0
2026-08-17T01:26:23.7230763Z,0,0,549,230,0
2026-08-17T01:26:23.7280296Z,0,0,549,230,0
2026-08-17T01:26:23.7332675Z,0,0,549,230,0
2026-08-17T01:26:23.7379978Z,0,0,549,230,0
2026-08-17T01:26:23.7429575Z,0,0,549,230,0
2026-08-17T01:26:23.7481669Z,0,0,549,230,0
2026-08-17T01:26:23.7534344Z,0,0,549,230,0
2026-08-17T01:26:23.7582725Z,0,0,549,230,0
2026-08-17T01:26:23.763048Z,0,0,549,230,0
2026-08-17T01:26:23.7684397Z,0,0,549,230,0
2026-08-17T01:26:23.7731488Z,0,0,549,230,0
2026-08-17T01:26:23.7780039Z,0,0,549,230,0
2026-08-17T01:26:23.7833054Z,0,0,549,230,0
2026-08-17T01:26:23.7881678Z,0,0,549,230,0
2026-08-17T01:26:23.7932825Z,0,0,549,230,0
2026-08-17T01:26:23.7986004Z,0,0,549,230,0
2026-08-17T01:26:23.802951Z,0,0,549,230,0
2026-08-17T01:26:23.808348Z,0,0,549,230,0
2026-08-17T01:26:23.8130185Z,0,0,549,230,0
2026-08-17T01:26:23.8183193Z,0,0,549,230,0
2026-08-17T01:26:23.8233401Z,0,0,549,230,0
2026-08-17T01:26:23.8282078Z,0,0,549,230,0
2026-08-17T01:26:23.8331128Z,0,0,549,230,0
2026-08-17T01:26:23.8381846Z,0,0,549,230,0
2026-08-17T01:26:23.8433377Z,0,0,549,230,0
2026-08-17T01:26:23.8514026Z,0,0,549,230,0
2026-08-17T01:26:23.8539484Z,0,0,549,230,0
2026-08-17T01:26:23.8580775Z,0,0,549,230,0
2026-08-17T01:26:23.8632258Z,0,0,549,230,0
2026-08-17T01:26:23.8681778Z,0,0,549,230,0
2026-08-17T01:26:23.8733291Z,0,0,549,230,0
2026-08-17T01:26:23.8780703Z,0,0,549,230,0
2026-08-17T01:26:23.8832376Z,0,0,549,230,0
2026-08-17T01:26:23.888226Z,0,0,549,230,0
2026-08-17T01:26:23.8933025Z,0,0,549,230,0
2026-08-17T01:26:23.8980561Z,0,0,549,230,0
2026-08-17T01:26:23.9032984Z,0,0,549,230,0
2026-08-17T01:26:23.9081936Z,0,0,549,230,0
2026-08-17T01:26:23.9133171Z,0,0,549,230,0
2026-08-17T01:26:23.9182446Z,0,0,549,230,0
2026-08-17T01:26:23.9235186Z,0,0,549,230,0
2026-08-17T01:26:23.9282263Z,0,0,549,230,0
2026-08-17T01:26:23.9332688Z,0,0,549,230,0
2026-08-17T01:26:23.9382365Z,0,0,549,230,0
2026-08-17T01:26:23.9433134Z,0,0,549,230,0
2026-08-17T01:26:23.9480114Z,0,0,549,230,0
2026-08-17T01:26:23.9533848Z,0,0,549,230,0
2026-08-17T01:26:23.958245Z,0,0,549,230,0
2026-08-17T01:26:23.9632205Z,0,0,549,230,0
2026-08-17T01:26:23.9684862Z,0,0,549,230,0
2026-08-17T01:26:23.9730639Z,0,0,549,230,0
2026-08-17T01:26:23.9779513Z,0,0,549,230,0
2026-08-17T01:26:23.9829326Z,0,0,549,230,0
2026-08-17T01:26:23.9880298Z,0,0,549,230,0
2026-08-17T01:26:23.9933541Z,0,0,549,230,0
2026-08-17T01:26:23.9980966Z,0,0,549,230,0
2026-08-17T01:26:24.0031529Z,0,0,549,230,0
2026-08-17T01:26:24.0084251Z,0,0,549,230,0
2026-08-17T01:26:24.0133464Z,0,0,549,230,0
2026-08-17T01:26:24.0182268Z,0,0,549,230,0
2026-08-17T01:26:24.0232845Z,0,0,549,230,0
2026-08-17T01:26:24.0282657Z,0,0,549,230,0
2026-08-17T01:26:24.0333763Z,0,0,549,230,0
2026-08-17T01:26:24.0382904Z,0,0,549,230,0
2026-08-17T01:26:24.043332Z,0,0,549,230,0
2026-08-17T01:26:24.0481825Z,0,0,549,230,0
2026-08-17T01:26:24.0533241Z,0,0,549,230,0
2026-08-17T01:26:24.0585645Z,0,0,549,230,0
2026-08-17T01:26:24.0632198Z,0,0,549,230,0
2026-08-17T01:26:24.0680659Z,0,0,549,230,0
2026-08-17T01:26:24.0734923Z,0,0,549,230,0
2026-08-17T01:26:24.0782118Z,0,0,549,230,0
2026-08-17T01:26:24.0832601Z,0,0,549,230,0
2026-08-17T01:26:24.0885258Z,0,0,549,230,0
2026-08-17T01:26:24.0934053Z,0,0,549,230,0
2026-08-17T01:26:24.0982994Z,0,0,549,230,0
2026-08-17T01:26:24.1034118Z,0,0,549,230,0
2026-08-17T01:26:24.1082308Z,0,0,549,230,0
2026-08-17T01:26:24.1129625Z,0,0,549,230,0
2026-08-17T01:26:24.1182128Z,0,0,549,230,0
2026-08-17T01:26:24.1233505Z,0,0,549,230,0
2026-08-17T01:26:24.1280726Z,0,0,549,230,0
2026-08-17T01:26:24.133626Z,0,0,549,230,0
2026-08-17T01:26:24.1383663Z,0,0,549,230,0
2026-08-17T01:26:24.143203Z,0,0,549,230,0
2026-08-17T01:26:24.148648Z,0,0,549,230,0
2026-08-17T01:26:24.1531693Z,0,0,549,230,0
2026-08-17T01:26:24.1583566Z,0,0,549,230,0
2026-08-17T01:26:24.163426Z,0,0,549,230,0
2026-08-17T01:26:24.168171Z,0,0,549,230,0
2026-08-17T01:26:24.1733891Z,0,0,549,230,0
2026-08-17T01:26:24.1779376Z,0,0,549,230,0
2026-08-17T01:26:24.1830164Z,0,0,549,230,0
2026-08-17T01:26:24.1881146Z,0,0,549,230,0
2026-08-17T01:26:24.1930908Z,0,0,549,230,0
2026-08-17T01:26:24.1984132Z,0,0,549,230,0
2026-08-17T01:26:24.2033928Z,0,0,549,230,0
2026-08-17T01:26:24.2082354Z,0,0,549,230,0
2026-08-17T01:26:24.2134507Z,0,0,549,230,0
2026-08-17T01:26:24.2183494Z,0,0,549,230,0
2026-08-17T01:26:24.2243201Z,0,0,549,230,0
2026-08-17T01:26:24.2283509Z,0,0,549,230,0
2026-08-17T01:26:24.2332569Z,0,0,549,230,0
2026-08-17T01:26:24.2379874Z,0,0,549,230,0
2026-08-17T01:26:24.2434348Z,0,0,549,230,0
2026-08-17T01:26:24.2483821Z,0,0,549,230,0
2026-08-17T01:26:24.2534463Z,0,0,549,230,0
2026-08-17T01:26:24.2583123Z,0,0,549,230,0
2026-08-17T01:26:24.2634894Z,0,0,549,230,0
2026-08-17T01:26:24.2681434Z,0,0,549,230,0
2026-08-17T01:26:24.273117Z,0,0,549,230,0
2026-08-17T01:26:24.2783226Z,0,0,549,230,0
2026-08-17T01:26:24.2835078Z,0,0,549,230,0
2026-08-17T01:26:24.2882957Z,0,0,549,230,0
2026-08-17T01:26:24.2933328Z,0,0,549,230,0
2026-08-17T01:26:24.2981784Z,0,0,549,230,0
2026-08-17T01:26:24.3030044Z,0,0,549,230,0
2026-08-17T01:26:24.3080819Z,0,0,549,230,0
2026-08-17T01:26:24.3130407Z,0,0,549,230,0
2026-08-17T01:26:24.3181295Z,0,0,549,230,0
2026-08-17T01:26:24.3231288Z,0,0,549,230,0
2026-08-17T01:26:24.3279513Z,0,0,549,230,0
2026-08-17T01:26:24.3334308Z,0,0,549,230,0
2026-08-17T01:26:24.338184Z,0,0,549,230,0
2026-08-17T01:26:24.3430953Z,0,0,549,230,0
2026-08-17T01:26:24.348501Z,0,0,549,230,0
2026-08-17T01:26:24.3530671Z,0,0,549,230,0
2026-08-17T01:26:24.3579983Z,0,0,549,230,0
2026-08-17T01:26:24.3634279Z,0,0,549,230,0
2026-08-17T01:26:24.3682398Z,0,0,549,230,0
2026-08-17T01:26:24.3731503Z,0,0,549,230,0
2026-08-17T01:26:24.3779365Z,0,0,549,230,0
2026-08-17T01:26:24.3830712Z,0,0,549,230,0
2026-08-17T01:26:24.3879332Z,0,0,549,230,0
2026-08-17T01:26:24.393304Z,0,0,549,230,0
2026-08-17T01:26:24.3980836Z,0,0,549,230,0
2026-08-17T01:26:24.4030974Z,0,0,549,230,0
2026-08-17T01:26:24.4079278Z,0,0,549,230,0
2026-08-17T01:26:24.4132711Z,0,0,549,230,0
2026-08-17T01:26:24.4180452Z,0,0,549,230,0
2026-08-17T01:26:24.4234463Z,0,0,549,230,0
2026-08-17T01:26:24.4283109Z,0,0,549,230,0
2026-08-17T01:26:24.433424Z,0,0,549,230,0
2026-08-17T01:26:24.4384855Z,0,0,549,230,0
2026-08-17T01:26:24.4433956Z,0,0,549,230,0
2026-08-17T01:26:24.4482624Z,0,0,549,230,0
2026-08-17T01:26:24.4530298Z,0,0,549,230,0
2026-08-17T01:26:24.4583948Z,0,0,549,230,0
2026-08-17T01:26:24.4633737Z,0,0,549,230,0
2026-08-17T01:26:24.4682592Z,0,0,549,230,0
2026-08-17T01:26:24.473384Z,0,0,549,230,0
2026-08-17T01:26:24.4781974Z,0,0,549,230,0
2026-08-17T01:26:24.4831572Z,0,0,549,230,0
2026-08-17T01:26:24.4880337Z,0,0,549,230,0
2026-08-17T01:26:24.4930144Z,0,0,549,230,0
2026-08-17T01:26:24.498226Z,0,0,549,230,0
2026-08-17T01:26:24.5032375Z,0,0,549,230,0
2026-08-17T01:26:24.5079606Z,0,0,549,230,0
2026-08-17T01:26:24.5130607Z,0,0,549,230,0
2026-08-17T01:26:24.5184351Z,0,0,549,230,0
2026-08-17T01:26:24.5230416Z,0,0,549,230,0
2026-08-17T01:26:24.5283761Z,0,0,549,230,0
2026-08-17T01:26:24.5333975Z,0,0,549,230,0
2026-08-17T01:26:24.5382484Z,0,0,549,230,0
2026-08-17T01:26:24.5432035Z,0,0,549,230,0
2026-08-17T01:26:24.5480695Z,0,0,549,230,0
2026-08-17T01:26:24.5535459Z,0,0,549,230,0
2026-08-17T01:26:24.5582485Z,0,0,549,230,0
2026-08-17T01:26:24.5632777Z,0,0,549,230,0
2026-08-17T01:26:24.5685202Z,0,0,549,230,0
2026-08-17T01:26:24.5733971Z,0,0,549,230,0
2026-08-17T01:26:24.5782697Z,0,0,549,230,0
2026-08-17T01:26:24.5832108Z,0,0,549,230,0
2026-08-17T01:26:24.5880703Z,0,0,549,230,0
2026-08-17T01:26:24.5932354Z,0,0,549,230,0
2026-08-17T01:26:24.5984473Z,0,0,549,230,0
2026-08-17T01:26:24.6030638Z,0,0,549,230,0
2026-08-17T01:26:24.6081461Z,0,0,549,230,0
2026-08-17T01:26:24.6135051Z,0,0,549,230,0
2026-08-17T01:26:24.6182851Z,0,0,549,230,0
2026-08-17T01:26:24.6232627Z,0,0,549,230,0
2026-08-17T01:26:24.6284856Z,0,0,549,230,0
2026-08-17T01:26:24.6333885Z,0,0,549,230,0
2026-08-17T01:26:24.6382524Z,0,0,549,230,0
2026-08-17T01:26:24.6431648Z,0,0,549,230,0
2026-08-17T01:26:24.6480414Z,0,0,549,230,0
2026-08-17T01:26:24.6534958Z,0,0,549,230,0
2026-08-17T01:26:24.6586738Z,0,0,549,230,0
2026-08-17T01:26:24.6630306Z,0,0,549,230,0
2026-08-17T01:26:24.6683572Z,0,0,549,230,0
2026-08-17T01:26:24.6734037Z,0,0,549,230,0
2026-08-17T01:26:24.6781795Z,0,0,549,230,0
2026-08-17T01:26:24.6834888Z,0,0,549,230,0
2026-08-17T01:26:24.6882187Z,0,0,549,230,0
2026-08-17T01:26:24.6931114Z,0,0,549,230,0
2026-08-17T01:26:24.6980007Z,0,0,549,230,0
2026-08-17T01:26:24.7033551Z,0,0,549,230,0
2026-08-17T01:26:24.7083135Z,0,0,549,230,0
2026-08-17T01:26:24.7129652Z,0,0,549,230,0
2026-08-17T01:26:24.7182783Z,0,0,549,230,0
2026-08-17T01:26:24.7231556Z,0,0,549,230,0
2026-08-17T01:26:24.7279627Z,0,0,549,230,0
2026-08-17T01:26:24.7333984Z,0,0,549,230,0
2026-08-17T01:26:24.7382358Z,0,0,549,230,0
2026-08-17T01:26:24.7430398Z,0,0,549,230,0
2026-08-17T01:26:24.7481679Z,0,0,549,230,0
2026-08-17T01:26:24.7532337Z,0,0,549,230,0
2026-08-17T01:26:24.7580694Z,0,0,549,230,0
2026-08-17T01:26:24.763409Z,0,0,549,230,0
2026-08-17T01:26:24.7682241Z,0,0,549,230,0
2026-08-17T01:26:24.7732712Z,0,0,549,230,0
2026-08-17T01:26:24.7785155Z,0,0,549,230,0
2026-08-17T01:26:24.7831813Z,0,0,549,230,0
2026-08-17T01:26:24.7880301Z,0,0,549,230,0
2026-08-17T01:26:24.7931543Z,0,0,549,230,0
2026-08-17T01:26:24.7983779Z,0,0,549,230,0
2026-08-17T01:26:24.8033572Z,0,0,549,230,0
2026-08-17T01:26:24.8082342Z,0,0,549,230,0
2026-08-17T01:26:24.8132911Z,0,0,549,230,0
2026-08-17T01:26:24.8180914Z,0,0,549,230,0
2026-08-17T01:26:24.8231059Z,0,0,549,230,0
2026-08-17T01:26:24.8281945Z,0,0,549,230,0
2026-08-17T01:26:24.8332901Z,0,0,549,230,0
2026-08-17T01:26:24.838103Z,0,0,549,230,0
2026-08-17T01:26:24.8429351Z,0,0,549,230,0
2026-08-17T01:26:24.8483461Z,0,0,549,230,0
2026-08-17T01:26:24.8533805Z,0,0,549,230,0
2026-08-17T01:26:24.8582268Z,0,0,549,230,0
2026-08-17T01:26:24.863216Z,0,0,549,230,0
2026-08-17T01:26:24.8684224Z,0,0,549,230,0
2026-08-17T01:26:24.8730925Z,0,0,549,230,0
2026-08-17T01:26:24.8784183Z,0,0,549,230,0
2026-08-17T01:26:24.8830701Z,0,0,549,230,0
2026-08-17T01:26:24.8882852Z,0,0,549,230,0
2026-08-17T01:26:24.8932895Z,0,0,549,230,0
2026-08-17T01:26:24.8979762Z,0,0,549,230,0
2026-08-17T01:26:24.9030493Z,0,0,549,230,0
2026-08-17T01:26:24.9083236Z,0,0,549,230,0
2026-08-17T01:26:24.9132438Z,0,0,549,230,0
2026-08-17T01:26:24.9182039Z,0,0,549,230,0
2026-08-17T01:26:24.9230815Z,0,0,549,230,0
2026-08-17T01:26:24.9282118Z,0,0,549,230,0
2026-08-17T01:26:24.9330926Z,0,0,549,230,0
2026-08-17T01:26:24.9383762Z,0,0,549,230,0
2026-08-17T01:26:24.9430106Z,0,0,549,230,0
2026-08-17T01:26:24.948389Z,0,0,549,230,0
2026-08-17T01:26:24.9536184Z,0,0,549,230,0
2026-08-17T01:26:24.9583154Z,0,0,549,230,0
2026-08-17T01:26:24.9633823Z,0,0,549,230,0
2026-08-17T01:26:24.968113Z,0,0,549,230,0
2026-08-17T01:26:24.9737875Z,0,0,549,230,0
2026-08-17T01:26:24.9779943Z,0,0,549,230,0
2026-08-17T01:26:24.9830567Z,0,0,549,230,0
2026-08-17T01:26:24.9882581Z,0,0,549,230,0
2026-08-17T01:26:24.9931977Z,0,0,549,230,0
2026-08-17T01:26:24.9980121Z,0,0,549,230,0
2026-08-17T01:26:25.0034291Z,0,0,549,230,0
2026-08-17T01:26:25.0084459Z,0,0,549,230,0
2026-08-17T01:26:25.0130135Z,0,0,549,230,0
2026-08-17T01:26:25.0184094Z,0,0,549,230,0
2026-08-17T01:26:25.0237126Z,0,0,549,230,0
2026-08-17T01:26:25.0283896Z,0,0,549,230,0
2026-08-17T01:26:25.0334136Z,0,0,549,230,0
2026-08-17T01:26:25.0382336Z,0,0,549,230,0
2026-08-17T01:26:25.043261Z,0,0,549,230,0
2026-08-17T01:26:25.0479575Z,0,0,549,230,0
2026-08-17T01:26:25.0530298Z,0,0,549,230,0
2026-08-17T01:26:25.0583765Z,0,0,549,230,0
2026-08-17T01:26:25.0630331Z,0,0,549,230,0
2026-08-17T01:26:25.0684079Z,0,0,549,230,0
2026-08-17T01:26:25.0734155Z,0,0,549,230,0
2026-08-17T01:26:25.0782383Z,0,0,549,230,0
2026-08-17T01:26:25.0833693Z,0,0,549,230,0
2026-08-17T01:26:25.0881747Z,0,0,549,230,0
2026-08-17T01:26:25.0933377Z,0,0,549,230,0
2026-08-17T01:26:25.09825Z,0,0,549,230,0
2026-08-17T01:26:25.1033213Z,0,0,549,230,0
2026-08-17T01:26:25.108055Z,0,0,549,230,0
2026-08-17T01:26:25.1134112Z,0,0,549,230,0
2026-08-17T01:26:25.1182235Z,0,0,549,230,0
2026-08-17T01:26:25.1232996Z,0,0,549,230,0
2026-08-17T01:26:25.1280101Z,0,0,549,230,0
2026-08-17T01:26:25.1328522Z,0,0,549,230,0
2026-08-17T01:26:25.1380656Z,0,0,549,230,0
2026-08-17T01:26:25.1433398Z,0,0,549,230,0
2026-08-17T01:26:25.1480157Z,0,0,549,230,0
2026-08-17T01:26:25.1532942Z,0,0,549,230,0
2026-08-17T01:26:25.1580644Z,0,0,549,230,0
2026-08-17T01:26:25.1633226Z,0,0,549,230,0
2026-08-17T01:26:25.1680593Z,0,0,549,230,0
2026-08-17T01:26:25.1729247Z,0,0,549,230,0
2026-08-17T01:26:25.1781236Z,0,0,549,230,0
2026-08-17T01:26:25.1835686Z,0,0,549,230,0
2026-08-17T01:26:25.1885227Z,0,0,549,230,0
2026-08-17T01:26:25.1930659Z,0,0,549,230,0
2026-08-17T01:26:25.1984801Z,0,0,549,230,0
2026-08-17T01:26:25.2033686Z,0,0,549,230,0
2026-08-17T01:26:25.2082134Z,0,0,549,230,0
2026-08-17T01:26:25.2133779Z,0,0,549,230,0
2026-08-17T01:26:25.2180744Z,0,0,549,230,0
2026-08-17T01:26:25.2232502Z,0,0,549,230,0
2026-08-17T01:26:25.228576Z,0,0,549,230,0
2026-08-17T01:26:25.2329337Z,0,0,549,230,0
2026-08-17T01:26:25.2382363Z,0,0,549,230,0
2026-08-17T01:26:25.2431809Z,0,0,549,230,0
2026-08-17T01:26:25.2484638Z,0,0,549,230,0
2026-08-17T01:26:25.2531724Z,0,0,549,230,0
2026-08-17T01:26:25.2580115Z,0,0,549,230,0
2026-08-17T01:26:25.2629961Z,0,0,549,230,0
2026-08-17T01:26:25.2681765Z,0,0,549,230,0
2026-08-17T01:26:25.2732845Z,0,0,549,230,0
2026-08-17T01:26:25.2779805Z,0,0,549,230,0
2026-08-17T01:26:25.2833069Z,0,0,549,230,0
2026-08-17T01:26:25.2880996Z,0,0,549,230,0
2026-08-17T01:26:25.2929824Z,0,0,549,230,0
2026-08-17T01:26:25.2980372Z,0,0,549,230,0
2026-08-17T01:26:25.3034524Z,0,0,549,230,0
2026-08-17T01:26:25.3082565Z,0,0,549,230,0
2026-08-17T01:26:25.3131012Z,0,0,549,230,0
2026-08-17T01:26:25.3181052Z,0,0,549,230,0
2026-08-17T01:26:25.3234133Z,0,0,549,230,0
2026-08-17T01:26:25.3283261Z,0,0,549,230,0
2026-08-17T01:26:25.3329577Z,0,0,549,230,0
2026-08-17T01:26:25.3381118Z,0,0,549,230,0
2026-08-17T01:26:25.3430428Z,0,0,549,230,0
2026-08-17T01:26:25.348138Z,0,0,549,230,0
2026-08-17T01:26:25.3529955Z,0,0,549,230,0
2026-08-17T01:26:25.3579329Z,0,0,549,230,0
2026-08-17T01:26:25.3632652Z,0,0,549,230,0
2026-08-17T01:26:25.3680685Z,0,0,549,230,0
2026-08-17T01:26:25.3732905Z,0,0,549,230,0
2026-08-17T01:26:25.3781419Z,0,0,549,230,0
2026-08-17T01:26:25.3829846Z,0,0,549,230,0
2026-08-17T01:26:25.3883478Z,0,0,549,230,0
2026-08-17T01:26:25.3934897Z,0,0,549,230,0
2026-08-17T01:26:25.3983685Z,0,0,549,230,0
2026-08-17T01:26:25.4034322Z,0,0,549,230,0
2026-08-17T01:26:25.4081852Z,0,0,549,230,0
2026-08-17T01:26:25.4131424Z,0,0,549,230,0
2026-08-17T01:26:25.4190845Z,0,0,549,230,0
2026-08-17T01:26:25.4232954Z,0,0,549,230,0
2026-08-17T01:26:25.4280753Z,0,0,549,230,0
2026-08-17T01:26:25.4331039Z,0,0,549,230,0
2026-08-17T01:26:25.4384945Z,0,0,549,230,0
2026-08-17T01:26:25.4434971Z,0,0,549,230,0
2026-08-17T01:26:25.4481916Z,0,0,549,230,0
2026-08-17T01:26:25.4531425Z,0,0,549,230,0
2026-08-17T01:26:25.4581714Z,0,0,549,230,0
2026-08-17T01:26:25.4633069Z,0,0,549,230,0
2026-08-17T01:26:25.4680163Z,0,0,549,230,0
2026-08-17T01:26:25.4732892Z,0,0,549,230,0
2026-08-17T01:26:25.4781722Z,0,0,549,230,0
2026-08-17T01:26:25.4834698Z,0,0,549,230,0
2026-08-17T01:26:25.4884076Z,0,0,549,230,0
2026-08-17T01:26:25.4931302Z,0,0,549,230,0
2026-08-17T01:26:25.4982138Z,0,0,549,230,0
2026-08-17T01:26:25.5033253Z,0,0,549,230,0
2026-08-17T01:26:25.5082238Z,0,0,549,230,0
2026-08-17T01:26:25.5131495Z,0,0,549,230,0
2026-08-17T01:26:25.5180282Z,0,0,549,230,0
2026-08-17T01:26:25.523032Z,0,0,549,230,0
2026-08-17T01:26:25.5283641Z,0,0,549,230,0
2026-08-17T01:26:25.5330169Z,0,0,549,230,0
2026-08-17T01:26:25.5380827Z,0,0,549,230,0
2026-08-17T01:26:25.5434971Z,0,0,549,230,0
2026-08-17T01:26:25.5482101Z,0,0,549,230,0
2026-08-17T01:26:25.5533847Z,0,0,549,230,0
2026-08-17T01:26:25.5581756Z,0,0,549,230,0
2026-08-17T01:26:25.5631168Z,0,0,549,230,0
2026-08-17T01:26:25.5685936Z,0,0,549,230,0
2026-08-17T01:26:25.5731257Z,0,0,549,230,0
2026-08-17T01:26:25.5779927Z,0,0,549,230,0
2026-08-17T01:26:25.583249Z,0,0,549,230,0
2026-08-17T01:26:25.5880683Z,0,0,549,230,0
2026-08-17T01:26:25.5933716Z,0,0,549,230,0
2026-08-17T01:26:25.5983672Z,0,0,549,230,0
2026-08-17T01:26:25.6033386Z,0,0,549,230,0
2026-08-17T01:26:25.608215Z,0,0,549,230,0
2026-08-17T01:26:25.6131489Z,0,0,549,230,0
2026-08-17T01:26:25.618031Z,0,0,549,230,0
2026-08-17T01:26:25.6230758Z,0,0,549,230,0
2026-08-17T01:26:25.6283434Z,0,0,549,230,0
2026-08-17T01:26:25.6333506Z,0,0,549,230,0
2026-08-17T01:26:25.6380242Z,0,0,549,230,0
2026-08-17T01:26:25.6434813Z,0,0,549,230,0
2026-08-17T01:26:25.6481838Z,0,0,549,230,0
2026-08-17T01:26:25.6532087Z,0,0,549,230,0
2026-08-17T01:26:25.6583966Z,0,0,549,230,0
2026-08-17T01:26:25.6633855Z,0,0,549,230,0
2026-08-17T01:26:25.6680914Z,0,0,549,230,0
2026-08-17T01:26:25.6731474Z,0,0,549,230,0
2026-08-17T01:26:25.6781366Z,0,0,549,230,0
2026-08-17T01:26:25.6831265Z,0,0,549,230,0
2026-08-17T01:26:25.6885509Z,0,0,549,230,0
2026-08-17T01:26:25.6934223Z,0,0,549,230,0
2026-08-17T01:26:25.69839Z,0,0,549,230,0
2026-08-17T01:26:25.7032698Z,0,0,549,230,0
2026-08-17T01:26:25.7081726Z,0,0,549,230,0
2026-08-17T01:26:25.7131962Z,0,0,549,230,0
2026-08-17T01:26:25.7183133Z,0,0,549,230,0
2026-08-17T01:26:25.7233028Z,0,0,549,230,0
2026-08-17T01:26:25.7281527Z,0,0,549,230,0
2026-08-17T01:26:25.733005Z,0,0,549,230,0
2026-08-17T01:26:25.7384832Z,0,0,549,230,0
2026-08-17T01:26:25.7433365Z,0,0,549,230,0
2026-08-17T01:26:25.7482658Z,0,0,549,230,0
2026-08-17T01:26:25.7533496Z,0,0,549,230,0
2026-08-17T01:26:25.7580483Z,0,0,549,230,0
2026-08-17T01:26:25.7633748Z,0,0,549,230,0
2026-08-17T01:26:25.7682616Z,0,0,549,230,0
2026-08-17T01:26:25.7732497Z,0,0,549,230,0
2026-08-17T01:26:25.7781123Z,0,0,549,230,0
2026-08-17T01:26:25.7831134Z,0,0,549,230,0
2026-08-17T01:26:25.7880599Z,0,0,549,230,0
2026-08-17T01:26:25.7934197Z,0,0,549,230,0
2026-08-17T01:26:25.798286Z,0,0,549,230,0
2026-08-17T01:26:25.8033551Z,0,0,549,230,0
2026-08-17T01:26:25.808085Z,0,0,549,230,0
2026-08-17T01:26:25.8134501Z,0,0,549,230,0
2026-08-17T01:26:25.8182848Z,0,0,549,230,0
2026-08-17T01:26:25.8232598Z,0,0,549,230,0
2026-08-17T01:26:25.8283845Z,0,0,549,230,0
2026-08-17T01:26:25.83294Z,0,0,549,230,0
2026-08-17T01:26:25.83813Z,0,0,549,230,0
2026-08-17T01:26:25.8432728Z,0,0,549,230,0
2026-08-17T01:26:25.8483954Z,0,0,549,230,0
2026-08-17T01:26:25.8532498Z,0,0,549,230,0
2026-08-17T01:26:25.8581272Z,0,0,549,230,0
2026-08-17T01:26:25.8632093Z,0,0,549,230,0
2026-08-17T01:26:25.8684007Z,0,0,549,230,0
2026-08-17T01:26:25.8731856Z,0,0,549,230,0
2026-08-17T01:26:25.8784357Z,0,0,549,230,0
2026-08-17T01:26:25.8835487Z,0,0,549,230,0
2026-08-17T01:26:25.8883101Z,0,0,549,230,0
2026-08-17T01:26:25.8931076Z,0,0,549,230,0
2026-08-17T01:26:25.8981988Z,0,0,549,230,0
2026-08-17T01:26:25.9032084Z,0,0,549,230,0
2026-08-17T01:26:25.9081263Z,0,0,549,230,0
2026-08-17T01:26:25.9133064Z,0,0,549,230,0
2026-08-17T01:26:25.9180281Z,0,0,549,230,0
2026-08-17T01:26:25.9229497Z,0,0,549,230,0
2026-08-17T01:26:25.9282091Z,0,0,549,230,0
2026-08-17T01:26:25.9331649Z,0,0,549,230,0
2026-08-17T01:26:25.9386044Z,0,0,549,230,0
2026-08-17T01:26:25.9432607Z,0,0,549,230,0
2026-08-17T01:26:25.9479506Z,0,0,549,230,0
2026-08-17T01:26:25.9534003Z,0,0,549,230,0
2026-08-17T01:26:25.9582671Z,0,0,549,230,0
2026-08-17T01:26:25.963413Z,0,0,549,230,0
2026-08-17T01:26:25.9683905Z,0,0,549,230,0
2026-08-17T01:26:25.9730553Z,0,0,549,230,0
2026-08-17T01:26:25.9780615Z,0,0,549,230,0
2026-08-17T01:26:25.9834521Z,0,0,549,230,0
2026-08-17T01:26:25.9883158Z,0,0,549,230,0
2026-08-17T01:26:25.9933424Z,0,0,549,230,0
2026-08-17T01:26:25.9982287Z,0,0,549,230,0
2026-08-17T01:26:26.0032462Z,0,0,549,230,0
2026-08-17T01:26:26.0080026Z,0,0,549,230,0
2026-08-17T01:26:26.0134139Z,0,0,549,230,0
2026-08-17T01:26:26.0181269Z,0,0,549,230,0
2026-08-17T01:26:26.0232481Z,0,0,549,230,0
2026-08-17T01:26:26.0281117Z,0,0,549,230,0
2026-08-17T01:26:26.033516Z,0,0,549,230,0
2026-08-17T01:26:26.03841Z,0,0,549,230,0
2026-08-17T01:26:26.0431553Z,0,0,549,230,0
2026-08-17T01:26:26.0479839Z,0,0,549,230,0
2026-08-17T01:26:26.0534067Z,0,0,549,230,0
2026-08-17T01:26:26.0581569Z,0,0,549,230,0
2026-08-17T01:26:26.0633718Z,0,0,549,230,0
2026-08-17T01:26:26.0686069Z,0,0,549,230,0
2026-08-17T01:26:26.0732273Z,0,0,549,230,0
2026-08-17T01:26:26.0781848Z,0,0,549,230,0
2026-08-17T01:26:26.0835733Z,0,0,549,230,0
2026-08-17T01:26:26.0882867Z,0,0,549,230,0
2026-08-17T01:26:26.0933873Z,0,0,549,230,0
2026-08-17T01:26:26.0981508Z,0,0,549,230,0
2026-08-17T01:26:26.103043Z,0,0,549,230,0
2026-08-17T01:26:26.1081352Z,0,0,549,230,0
2026-08-17T01:26:26.1132206Z,0,0,549,230,0
2026-08-17T01:26:26.1181965Z,0,0,549,230,0
2026-08-17T01:26:26.1233263Z,0,0,549,230,0
2026-08-17T01:26:26.1285954Z,0,0,549,230,0
2026-08-17T01:26:26.1330516Z,0,0,549,230,0
2026-08-17T01:26:26.1381178Z,0,0,549,230,0
2026-08-17T01:26:26.1435221Z,0,0,549,230,0
2026-08-17T01:26:26.1482831Z,0,0,549,230,0
2026-08-17T01:26:26.1533736Z,0,0,549,230,0
2026-08-17T01:26:26.1581707Z,0,0,549,230,0
2026-08-17T01:26:26.1631037Z,0,0,549,230,0
2026-08-17T01:26:26.168391Z,0,0,549,230,0
2026-08-17T01:26:26.1735325Z,0,0,549,230,0
2026-08-17T01:26:26.178334Z,0,0,549,230,0
2026-08-17T01:26:26.1831914Z,0,0,549,230,0
2026-08-17T01:26:26.1881379Z,0,0,549,230,0
2026-08-17T01:26:26.1930889Z,0,0,549,230,0
2026-08-17T01:26:26.1980491Z,0,0,549,230,0
2026-08-17T01:26:26.2030558Z,0,0,549,230,0
2026-08-17T01:26:26.2084866Z,0,0,549,230,0
2026-08-17T01:26:26.2129928Z,0,0,549,230,0
2026-08-17T01:26:26.2183342Z,0,0,549,230,0
2026-08-17T01:26:26.2229603Z,0,0,549,230,0
2026-08-17T01:26:26.2281274Z,0,0,549,230,0
2026-08-17T01:26:26.233238Z,0,0,549,230,0
2026-08-17T01:26:26.2380374Z,0,0,549,230,0
2026-08-17T01:26:26.2431259Z,0,0,549,230,0
2026-08-17T01:26:26.2484315Z,0,0,549,230,0
2026-08-17T01:26:26.2530356Z,0,0,549,230,0
2026-08-17T01:26:26.257945Z,0,0,549,230,0
2026-08-17T01:26:26.2630088Z,0,0,549,230,0
2026-08-17T01:26:26.2680726Z,0,0,549,230,0
2026-08-17T01:26:26.2731181Z,0,0,549,230,0
2026-08-17T01:26:26.2781771Z,0,0,549,230,0
2026-08-17T01:26:26.283048Z,0,0,549,230,0
2026-08-17T01:26:26.2881443Z,0,0,549,230,0
2026-08-17T01:26:26.2931969Z,0,0,549,230,0
2026-08-17T01:26:26.2980351Z,0,0,549,230,0
2026-08-17T01:26:26.302978Z,0,0,549,230,0
2026-08-17T01:26:26.3081637Z,0,0,549,230,0
2026-08-17T01:26:26.3130474Z,0,0,549,230,0
2026-08-17T01:26:26.3180859Z,0,0,549,230,0
2026-08-17T01:26:26.3234173Z,0,0,549,230,0
2026-08-17T01:26:26.3280939Z,0,0,549,230,0
2026-08-17T01:26:26.3330795Z,0,0,549,230,0
2026-08-17T01:26:26.3384893Z,0,0,549,230,0
2026-08-17T01:26:26.3434483Z,0,0,549,230,0
2026-08-17T01:26:26.3483422Z,0,0,549,230,0
2026-08-17T01:26:26.353436Z,0,0,549,230,0
2026-08-17T01:26:26.3582257Z,0,0,549,230,0
2026-08-17T01:26:26.363231Z,0,0,549,230,0
2026-08-17T01:26:26.3685092Z,0,0,549,230,0
2026-08-17T01:26:26.3733864Z,0,0,549,230,0
2026-08-17T01:26:26.3781016Z,0,0,549,230,0
2026-08-17T01:26:26.3832392Z,0,0,549,230,0
2026-08-17T01:26:26.388188Z,0,0,549,230,0
2026-08-17T01:26:26.3933046Z,0,0,549,230,0
2026-08-17T01:26:26.3980708Z,0,0,549,230,0
2026-08-17T01:26:26.4033818Z,0,0,549,230,0
2026-08-17T01:26:26.4082035Z,0,0,549,230,0
2026-08-17T01:26:26.4131556Z,0,0,549,230,0
2026-08-17T01:26:26.4183875Z,0,0,549,230,0
2026-08-17T01:26:26.4231271Z,0,0,549,230,0
2026-08-17T01:26:26.4280352Z,0,0,549,230,0
2026-08-17T01:26:26.4332311Z,0,0,549,230,0
2026-08-17T01:26:26.4384995Z,0,0,549,230,0
2026-08-17T01:26:26.4433267Z,0,0,549,230,0
2026-08-17T01:26:26.4482162Z,0,0,549,230,0
2026-08-17T01:26:26.4533106Z,0,0,549,230,0
2026-08-17T01:26:26.4580704Z,0,0,549,230,0
2026-08-17T01:26:26.4633963Z,0,0,549,230,0
2026-08-17T01:26:26.4681306Z,0,0,549,230,0
2026-08-17T01:26:26.4732701Z,0,0,549,230,0
2026-08-17T01:26:26.4781806Z,0,0,549,230,0
2026-08-17T01:26:26.4832011Z,0,0,549,230,0
2026-08-17T01:26:26.4884332Z,0,0,549,230,0
2026-08-17T01:26:26.4931203Z,0,0,549,230,0
2026-08-17T01:26:26.4981109Z,0,0,549,230,0
2026-08-17T01:26:26.5032255Z,0,0,549,230,0
2026-08-17T01:26:26.5081432Z,0,0,549,230,0
2026-08-17T01:26:26.5133413Z,0,0,549,230,0
2026-08-17T01:26:26.51822Z,0,0,549,230,0
2026-08-17T01:26:26.5230271Z,0,0,549,230,0
2026-08-17T01:26:26.5281107Z,0,0,549,230,0
2026-08-17T01:26:26.5332202Z,0,0,549,230,0
2026-08-17T01:26:26.5381716Z,0,0,549,230,0
2026-08-17T01:26:26.5433826Z,0,0,549,230,0
2026-08-17T01:26:26.548314Z,0,0,549,230,0
2026-08-17T01:26:26.5533615Z,0,0,549,230,0
2026-08-17T01:26:26.5581904Z,0,0,549,230,0
2026-08-17T01:26:26.5632879Z,0,0,549,230,0
2026-08-17T01:26:26.5680668Z,0,0,549,230,0
2026-08-17T01:26:26.5732111Z,0,0,549,230,0
2026-08-17T01:26:26.577948Z,0,0,549,230,0
2026-08-17T01:26:26.5833339Z,0,0,549,230,0
2026-08-17T01:26:26.58825Z,0,0,549,230,0
2026-08-17T01:26:26.5931168Z,0,0,549,230,0
2026-08-17T01:26:26.5979914Z,0,0,549,230,0
2026-08-17T01:26:26.6033033Z,0,0,549,230,0
2026-08-17T01:26:26.6080052Z,0,0,549,230,0
2026-08-17T01:26:26.6129861Z,0,0,549,230,0
2026-08-17T01:26:26.6180782Z,0,0,549,230,0
2026-08-17T01:26:26.6236053Z,0,0,549,230,0
2026-08-17T01:26:26.6284015Z,0,0,549,230,0
2026-08-17T01:26:26.6331177Z,0,0,549,230,0
2026-08-17T01:26:26.6380949Z,0,0,549,230,0
2026-08-17T01:26:26.6430588Z,0,0,549,230,0
2026-08-17T01:26:26.6485032Z,0,0,549,230,0
2026-08-17T01:26:26.6532739Z,0,0,549,230,0
2026-08-17T01:26:26.6580019Z,0,0,549,230,0
2026-08-17T01:26:26.6634363Z,0,0,549,230,0
2026-08-17T01:26:26.6684391Z,0,0,549,230,0
2026-08-17T01:26:26.6734171Z,0,0,549,230,0
2026-08-17T01:26:26.6783039Z,0,0,549,230,0
2026-08-17T01:26:26.6834422Z,0,0,549,230,0
2026-08-17T01:26:26.6882099Z,0,0,549,230,0
2026-08-17T01:26:26.6930913Z,0,0,549,230,0
2026-08-17T01:26:26.6981227Z,0,0,549,230,0
2026-08-17T01:26:26.7033846Z,0,0,549,230,0
2026-08-17T01:26:26.7083756Z,0,0,549,230,0
2026-08-17T01:26:26.7134049Z,0,0,549,230,0
2026-08-17T01:26:26.7181504Z,0,0,549,230,0
2026-08-17T01:26:26.7232545Z,0,0,549,230,0
2026-08-17T01:26:26.7281376Z,0,0,549,230,0
2026-08-17T01:26:26.7332342Z,0,0,549,230,0
2026-08-17T01:26:26.7381598Z,0,0,549,230,0
2026-08-17T01:26:26.7433587Z,0,0,549,230,0
2026-08-17T01:26:26.7481465Z,0,0,549,230,0
2026-08-17T01:26:26.7533288Z,0,0,549,230,0
2026-08-17T01:26:26.7581791Z,0,0,549,230,0
2026-08-17T01:26:26.7633431Z,0,0,549,230,0
2026-08-17T01:26:26.7682628Z,0,0,549,230,0
2026-08-17T01:26:26.7732294Z,0,0,549,230,0
2026-08-17T01:26:26.7783413Z,0,0,549,230,0
2026-08-17T01:26:26.7830457Z,0,0,549,230,0
2026-08-17T01:26:26.7884179Z,0,0,549,230,0
2026-08-17T01:26:26.7934785Z,0,0,549,230,0
2026-08-17T01:26:26.798333Z,0,0,549,230,0
2026-08-17T01:26:26.8032844Z,0,0,549,230,0
2026-08-17T01:26:26.8080726Z,0,0,549,230,0
2026-08-17T01:26:26.8132136Z,0,0,549,230,0
2026-08-17T01:26:26.8184532Z,0,0,549,230,0
2026-08-17T01:26:26.82339Z,0,0,549,230,0
2026-08-17T01:26:26.828238Z,0,0,549,230,0
2026-08-17T01:26:26.8330152Z,0,0,549,230,0
2026-08-17T01:26:26.8383947Z,0,0,549,230,0
2026-08-17T01:26:26.8430327Z,0,0,549,230,0
2026-08-17T01:26:26.8479559Z,0,0,549,230,0
2026-08-17T01:26:26.8533294Z,0,0,549,230,0
2026-08-17T01:26:26.858093Z,0,0,549,230,0
2026-08-17T01:26:26.8631126Z,0,0,549,230,0
2026-08-17T01:26:26.867995Z,0,0,549,230,0
2026-08-17T01:26:26.8731845Z,0,0,549,230,0
2026-08-17T01:26:26.8784151Z,0,0,549,230,0
2026-08-17T01:26:26.8829505Z,0,0,549,230,0
2026-08-17T01:26:26.8880673Z,0,0,549,230,0
2026-08-17T01:26:26.8930195Z,0,0,549,230,0
2026-08-17T01:26:26.8981186Z,0,0,549,230,0
2026-08-17T01:26:26.9030602Z,0,0,549,230,0
2026-08-17T01:26:26.9080105Z,0,0,549,230,0
2026-08-17T01:26:26.9131617Z,0,0,549,230,0
2026-08-17T01:26:26.9179496Z,0,0,549,230,0
2026-08-17T01:26:26.9232352Z,0,0,549,230,0
2026-08-17T01:26:26.9284483Z,0,0,549,230,0
2026-08-17T01:26:26.9332075Z,0,0,549,230,0
2026-08-17T01:26:26.9380623Z,0,0,549,230,0
2026-08-17T01:26:26.9430238Z,0,0,549,230,0
2026-08-17T01:26:26.9481037Z,0,0,549,230,0
2026-08-17T01:26:26.9532287Z,0,0,549,230,0
2026-08-17T01:26:26.9581322Z,0,0,549,230,0
2026-08-17T01:26:26.963049Z,0,0,549,230,0
2026-08-17T01:26:26.9684424Z,0,0,549,230,0
2026-08-17T01:26:26.9733131Z,0,0,549,230,0
2026-08-17T01:26:26.9784021Z,0,0,549,230,0
2026-08-17T01:26:26.9830106Z,0,0,549,230,0
2026-08-17T01:26:26.9881885Z,0,0,549,230,0
2026-08-17T01:26:26.9930618Z,0,0,549,230,0
2026-08-17T01:26:26.998372Z,0,0,549,230,0
2026-08-17T01:26:27.0031511Z,0,0,549,230,0
2026-08-17T01:26:27.0082323Z,0,0,549,230,0
2026-08-17T01:26:27.0132035Z,0,0,549,230,0
2026-08-17T01:26:27.0180737Z,0,0,549,230,0
2026-08-17T01:26:27.0233175Z,0,0,549,230,0
2026-08-17T01:26:27.0281506Z,0,0,549,230,0
2026-08-17T01:26:27.0333015Z,0,0,549,230,0
2026-08-17T01:26:27.0382178Z,0,0,549,230,0
2026-08-17T01:26:27.0433731Z,0,0,549,230,0
2026-08-17T01:26:27.0482668Z,0,0,549,230,0
2026-08-17T01:26:27.0532635Z,0,0,549,230,0
2026-08-17T01:26:27.0583785Z,0,0,549,230,0
2026-08-17T01:26:27.0633365Z,0,0,549,230,0
2026-08-17T01:26:27.0680301Z,0,0,549,230,0
2026-08-17T01:26:27.0731434Z,0,0,549,230,0
2026-08-17T01:26:27.0781361Z,0,0,549,230,0
2026-08-17T01:26:27.0832214Z,0,0,549,230,0
2026-08-17T01:26:27.0884884Z,0,0,549,230,0
2026-08-17T01:26:27.0934027Z,0,0,549,230,0
2026-08-17T01:26:27.0982547Z,0,0,549,230,0
2026-08-17T01:26:27.1030877Z,0,0,549,230,0
2026-08-17T01:26:27.1082052Z,0,0,549,230,0
2026-08-17T01:26:27.1131255Z,0,0,549,230,0
2026-08-17T01:26:27.1179906Z,0,0,549,230,0
2026-08-17T01:26:27.1233438Z,0,0,549,230,0
2026-08-17T01:26:27.1282512Z,0,0,549,230,0
2026-08-17T01:26:27.1333847Z,0,0,549,230,0
2026-08-17T01:26:27.1380393Z,0,0,549,230,0
2026-08-17T01:26:27.1430642Z,0,0,549,230,0
2026-08-17T01:26:27.1483373Z,0,0,549,230,0
2026-08-17T01:26:27.1531962Z,0,0,549,230,0
2026-08-17T01:26:27.1584268Z,0,0,549,230,0
2026-08-17T01:26:27.1633449Z,0,0,549,230,0
2026-08-17T01:26:27.1686782Z,0,0,549,230,0
2026-08-17T01:26:27.1731175Z,0,0,549,230,0
2026-08-17T01:26:27.178406Z,0,0,549,230,0
2026-08-17T01:26:27.1831871Z,0,0,549,230,0
2026-08-17T01:26:27.1880155Z,0,0,549,230,0
2026-08-17T01:26:27.1934237Z,0,0,549,230,0
2026-08-17T01:26:27.198259Z,0,0,549,230,0
2026-08-17T01:26:27.2031931Z,0,0,549,230,0
2026-08-17T01:26:27.2084776Z,0,0,549,230,0
2026-08-17T01:26:27.2129704Z,0,0,549,230,0
2026-08-17T01:26:27.2181894Z,0,0,549,230,0
2026-08-17T01:26:27.2231392Z,0,0,549,230,0
2026-08-17T01:26:27.228148Z,0,0,549,230,0
2026-08-17T01:26:27.2332143Z,0,0,549,230,0
2026-08-17T01:26:27.2380516Z,0,0,549,230,0
2026-08-17T01:26:27.2430158Z,0,0,549,230,0
2026-08-17T01:26:27.2481887Z,0,0,549,230,0
2026-08-17T01:26:27.2534218Z,0,0,549,230,0
2026-08-17T01:26:27.2583677Z,0,0,549,230,0
2026-08-17T01:26:27.2631741Z,0,0,549,230,0
2026-08-17T01:26:27.2685645Z,0,0,549,230,0
2026-08-17T01:26:27.2730209Z,0,0,549,230,0
2026-08-17T01:26:27.2779673Z,0,0,549,230,0
2026-08-17T01:26:27.2833017Z,0,0,549,230,0
2026-08-17T01:26:27.2880126Z,0,0,549,230,0
2026-08-17T01:26:27.2931628Z,0,0,549,230,0
2026-08-17T01:26:27.2985574Z,0,0,549,230,0
2026-08-17T01:26:27.3032524Z,0,0,549,230,0
2026-08-17T01:26:27.3080175Z,0,0,549,230,0
2026-08-17T01:26:27.3131675Z,0,0,549,230,0
2026-08-17T01:26:27.3180927Z,0,0,549,230,0
2026-08-17T01:26:27.3233688Z,0,0,549,230,0
2026-08-17T01:26:27.3283549Z,0,0,549,230,0
2026-08-17T01:26:27.3333351Z,0,0,549,230,0
2026-08-17T01:26:27.3381046Z,0,0,549,230,0
2026-08-17T01:26:27.3434525Z,0,0,549,230,0
2026-08-17T01:26:27.3481975Z,0,0,549,230,0
2026-08-17T01:26:27.3531077Z,0,0,549,230,0
2026-08-17T01:26:27.3583445Z,0,0,549,230,0
2026-08-17T01:26:27.3633411Z,0,0,549,230,0
2026-08-17T01:26:27.3683737Z,0,0,549,230,0
2026-08-17T01:26:27.3731574Z,0,0,549,230,0
2026-08-17T01:26:27.3784002Z,0,0,549,230,0
2026-08-17T01:26:27.3838697Z,0,0,549,230,0
2026-08-17T01:26:27.3881046Z,0,0,549,230,0
2026-08-17T01:26:27.3932716Z,0,0,549,230,0
2026-08-17T01:26:27.3981556Z,0,0,549,230,0
2026-08-17T01:26:27.4035437Z,0,0,549,230,0
2026-08-17T01:26:27.4082278Z,0,0,549,230,0
2026-08-17T01:26:27.4138441Z,0,0,549,230,0
2026-08-17T01:26:27.4180554Z,0,0,549,230,0
2026-08-17T01:26:27.4229691Z,0,0,549,230,0
2026-08-17T01:26:27.4280631Z,0,0,549,230,0
2026-08-17T01:26:27.4331309Z,0,0,549,230,0
2026-08-17T01:26:27.4379231Z,0,0,549,230,0
2026-08-17T01:26:27.4429989Z,0,0,549,230,0
2026-08-17T01:26:27.4483553Z,0,0,549,230,0
2026-08-17T01:26:27.4532746Z,0,0,549,230,0
2026-08-17T01:26:27.4580771Z,0,0,549,230,0
2026-08-17T01:26:27.463077Z,0,0,549,230,0
2026-08-17T01:26:27.4682832Z,0,0,549,230,0
2026-08-17T01:26:27.4731438Z,0,0,549,230,0
2026-08-17T01:26:27.4782034Z,0,0,549,230,0
2026-08-17T01:26:27.4831318Z,0,0,549,230,0
2026-08-17T01:26:27.4879614Z,0,0,549,230,0
2026-08-17T01:26:27.493386Z,0,0,549,230,0
2026-08-17T01:26:27.4982674Z,0,0,549,230,0
2026-08-17T01:26:27.503246Z,0,0,549,230,0
2026-08-17T01:26:27.5081406Z,0,0,549,230,0
2026-08-17T01:26:27.513163Z,0,0,549,230,0
2026-08-17T01:26:27.5180096Z,0,0,549,230,0
2026-08-17T01:26:27.5234177Z,0,0,549,230,0
2026-08-17T01:26:27.5282363Z,0,0,549,230,0
2026-08-17T01:26:27.5331157Z,0,0,549,230,0
2026-08-17T01:26:27.5385276Z,0,0,549,230,0
2026-08-17T01:26:27.5430112Z,0,0,549,230,0
2026-08-17T01:26:27.5480184Z,0,0,549,230,0
2026-08-17T01:26:27.5532805Z,0,0,549,230,0
2026-08-17T01:26:27.5582456Z,0,0,549,230,0
2026-08-17T01:26:27.5633616Z,0,0,549,230,0
2026-08-17T01:26:27.5683091Z,0,0,549,230,0
2026-08-17T01:26:27.5732078Z,0,0,549,230,0
2026-08-17T01:26:27.5781389Z,0,0,549,230,0
2026-08-17T01:26:27.5835431Z,0,0,549,230,0
2026-08-17T01:26:27.5881027Z,0,0,549,230,0
2026-08-17T01:26:27.5931635Z,0,0,549,230,0
2026-08-17T01:26:27.5984298Z,0,0,549,230,0
2026-08-17T01:26:27.6031356Z,0,0,549,230,0
2026-08-17T01:26:27.6079934Z,0,0,549,230,0
2026-08-17T01:26:27.6134841Z,0,0,549,230,0
2026-08-17T01:26:27.6184076Z,0,0,549,230,0
2026-08-17T01:26:27.6231913Z,0,0,549,230,0
2026-08-17T01:26:27.6282619Z,0,0,549,230,0
2026-08-17T01:26:27.6332884Z,0,0,549,230,0
2026-08-17T01:26:27.6381229Z,0,0,549,230,0
2026-08-17T01:26:27.6434898Z,0,0,549,230,0
2026-08-17T01:26:27.6482165Z,0,0,549,230,0
2026-08-17T01:26:27.6532233Z,0,0,549,230,0
2026-08-17T01:26:27.6581087Z,0,0,549,230,0
2026-08-17T01:26:27.6632253Z,0,0,549,230,0
2026-08-17T01:26:27.6681034Z,0,0,549,230,0
2026-08-17T01:26:27.6731935Z,0,0,549,230,0
2026-08-17T01:26:27.6780578Z,0,0,549,230,0
2026-08-17T01:26:27.6833373Z,0,0,549,230,0
2026-08-17T01:26:27.6880968Z,0,0,549,230,0
2026-08-17T01:26:27.6931035Z,0,0,549,230,0
2026-08-17T01:26:27.6980469Z,0,0,549,230,0
2026-08-17T01:26:27.703254Z,0,0,549,230,0
2026-08-17T01:26:27.7081364Z,0,0,549,230,0
2026-08-17T01:26:27.7130516Z,0,0,549,230,0
2026-08-17T01:26:27.7183248Z,0,0,549,230,0
2026-08-17T01:26:27.7235189Z,0,0,549,230,0
2026-08-17T01:26:27.728209Z,0,0,549,230,0
2026-08-17T01:26:27.7331128Z,0,0,549,230,0
2026-08-17T01:26:27.7379858Z,0,0,549,230,0
2026-08-17T01:26:27.7430926Z,0,0,549,230,0
2026-08-17T01:26:27.7484604Z,0,0,549,230,0
2026-08-17T01:26:27.7531537Z,0,0,549,230,0
2026-08-17T01:26:27.758463Z,0,0,549,230,0
2026-08-17T01:26:27.7634791Z,0,0,549,230,0
2026-08-17T01:26:27.7682412Z,0,0,549,230,0
2026-08-17T01:26:27.7733058Z,0,0,549,230,0
2026-08-17T01:26:27.7782059Z,0,0,549,230,0
2026-08-17T01:26:27.7831619Z,0,0,549,230,0
2026-08-17T01:26:27.7881399Z,0,0,549,230,0
2026-08-17T01:26:27.7933267Z,0,0,549,230,0
2026-08-17T01:26:27.7983128Z,0,0,549,230,0
2026-08-17T01:26:27.8033776Z,0,0,549,230,0
2026-08-17T01:26:27.8081767Z,0,0,549,230,0
2026-08-17T01:26:27.8130746Z,0,0,549,230,0
2026-08-17T01:26:27.818084Z,0,0,549,230,0
2026-08-17T01:26:27.8234826Z,0,0,549,230,0
2026-08-17T01:26:27.8282138Z,0,0,549,230,0
2026-08-17T01:26:27.8331081Z,0,0,549,230,0
2026-08-17T01:26:27.8385581Z,0,0,549,230,0
2026-08-17T01:26:27.8433678Z,0,0,549,230,0
2026-08-17T01:26:27.8481927Z,0,0,549,230,0
2026-08-17T01:26:27.8531804Z,0,0,549,230,0
2026-08-17T01:26:27.8584474Z,0,0,549,230,0
2026-08-17T01:26:27.8630599Z,0,0,549,230,0
2026-08-17T01:26:27.8679524Z,0,0,549,230,0
2026-08-17T01:26:27.8733329Z,0,0,549,230,0
2026-08-17T01:26:27.8782003Z,0,0,549,230,0
2026-08-17T01:26:27.8833112Z,0,0,549,230,0
2026-08-17T01:26:27.8881914Z,0,0,549,230,0
2026-08-17T01:26:27.8931763Z,0,0,549,230,0
2026-08-17T01:26:27.8980691Z,0,0,549,230,0
2026-08-17T01:26:27.9029435Z,0,0,549,230,0
2026-08-17T01:26:27.9083545Z,0,0,549,230,0
2026-08-17T01:26:27.9132079Z,0,0,549,230,0
2026-08-17T01:26:27.9180492Z,0,0,549,230,0
2026-08-17T01:26:27.9231046Z,0,0,549,230,0
2026-08-17T01:26:27.9280383Z,0,0,549,230,0
2026-08-17T01:26:27.9334313Z,0,0,549,230,0
2026-08-17T01:26:27.9383232Z,0,0,549,230,0
2026-08-17T01:26:27.9433197Z,0,0,549,230,0
2026-08-17T01:26:27.9482607Z,0,0,549,230,0
2026-08-17T01:26:27.9533694Z,0,0,549,230,0
2026-08-17T01:26:27.9583497Z,0,0,549,230,0
2026-08-17T01:26:27.9632538Z,0,0,549,230,0
2026-08-17T01:26:27.968186Z,0,0,549,230,0
2026-08-17T01:26:27.9731717Z,0,0,549,230,0
2026-08-17T01:26:27.9784835Z,0,0,549,230,0
2026-08-17T01:26:27.9835609Z,0,0,549,230,0
2026-08-17T01:26:27.988328Z,0,0,549,230,0
2026-08-17T01:26:27.9931466Z,0,0,549,230,0
2026-08-17T01:26:27.9980167Z,0,0,549,230,0
2026-08-17T01:26:28.0035622Z,0,0,549,230,0
2026-08-17T01:26:28.0083215Z,0,0,549,230,0
2026-08-17T01:26:28.0130059Z,0,0,549,230,0
2026-08-17T01:26:28.0183258Z,0,0,549,230,0
2026-08-17T01:26:28.0237014Z,0,0,549,230,0
2026-08-17T01:26:28.028362Z,0,0,549,230,0
2026-08-17T01:26:28.0332872Z,0,0,549,230,0
2026-08-17T01:26:28.0380996Z,0,0,549,230,0
2026-08-17T01:26:28.0430372Z,0,0,549,230,0
2026-08-17T01:26:28.048382Z,0,0,549,230,0
2026-08-17T01:26:28.05318Z,0,0,549,230,0
2026-08-17T01:26:28.0580054Z,0,0,549,230,0
2026-08-17T01:26:28.0634066Z,0,0,549,230,0
2026-08-17T01:26:28.0683287Z,0,0,549,230,0
2026-08-17T01:26:28.0729585Z,0,0,549,230,0
2026-08-17T01:26:28.0784377Z,0,0,549,230,0
2026-08-17T01:26:28.0834951Z,0,0,549,230,0
2026-08-17T01:26:28.0883626Z,0,0,549,230,0
2026-08-17T01:26:28.0932906Z,0,0,549,230,0
2026-08-17T01:26:28.0982526Z,0,0,549,230,0
2026-08-17T01:26:28.1033503Z,0,0,549,230,0
2026-08-17T01:26:28.1080892Z,0,0,549,230,0
2026-08-17T01:26:28.1131532Z,0,0,549,230,0
2026-08-17T01:26:28.1182063Z,0,0,549,230,0
2026-08-17T01:26:28.1233626Z,0,0,549,230,0
2026-08-17T01:26:28.1282197Z,0,0,549,230,0
2026-08-17T01:26:28.1332959Z,0,0,549,230,0
2026-08-17T01:26:28.1380885Z,0,0,549,230,0
2026-08-17T01:26:28.1430578Z,0,0,549,230,0
2026-08-17T01:26:28.1484201Z,0,0,549,230,0
2026-08-17T01:26:28.1532904Z,0,0,549,230,0
2026-08-17T01:26:28.1580613Z,0,0,549,230,0
2026-08-17T01:26:28.1630042Z,0,0,549,230,0
2026-08-17T01:26:28.1680634Z,0,0,549,230,0
2026-08-17T01:26:28.1732758Z,0,0,549,230,0
2026-08-17T01:26:28.1779477Z,0,0,549,230,0
2026-08-17T01:26:28.1833079Z,0,0,549,230,0
2026-08-17T01:26:28.1882136Z,0,0,549,230,0
2026-08-17T01:26:28.1934381Z,0,0,549,230,0
2026-08-17T01:26:28.1981178Z,0,0,549,230,0
2026-08-17T01:26:28.2031309Z,0,0,549,230,0
2026-08-17T01:26:28.207949Z,0,0,549,230,0
2026-08-17T01:26:28.2133455Z,0,0,549,230,0
2026-08-17T01:26:28.2181956Z,0,0,549,230,0
2026-08-17T01:26:28.2231616Z,0,0,549,230,0
2026-08-17T01:26:28.2284512Z,0,0,549,230,0
2026-08-17T01:26:28.2329822Z,0,0,549,230,0
2026-08-17T01:26:28.2379373Z,0,0,549,230,0
2026-08-17T01:26:28.2434188Z,0,0,549,230,0
2026-08-17T01:26:28.2480855Z,0,0,549,230,0
2026-08-17T01:26:28.2534324Z,0,0,549,230,0
2026-08-17T01:26:28.2581744Z,0,0,549,230,0
2026-08-17T01:26:28.2630742Z,0,0,549,230,0
2026-08-17T01:26:28.2684314Z,0,0,549,230,0
2026-08-17T01:26:28.2734866Z,0,0,549,230,0
2026-08-17T01:26:28.2782634Z,0,0,549,230,0
2026-08-17T01:26:28.283277Z,0,0,549,230,0
2026-08-17T01:26:28.2881845Z,0,0,549,230,0
2026-08-17T01:26:28.2931115Z,0,0,549,230,0
2026-08-17T01:26:28.298176Z,0,0,549,230,0
2026-08-17T01:26:28.3034629Z,0,0,549,230,0
2026-08-17T01:26:28.308235Z,0,0,549,230,0
2026-08-17T01:26:28.3132815Z,0,0,549,230,0
2026-08-17T01:26:28.3180214Z,0,0,549,230,0
2026-08-17T01:26:28.3230932Z,0,0,549,230,0
2026-08-17T01:26:28.3282537Z,0,0,549,230,0
2026-08-17T01:26:28.3330765Z,0,0,549,230,0
2026-08-17T01:26:28.3379273Z,0,0,549,230,0
2026-08-17T01:26:28.3431179Z,0,0,549,230,0
2026-08-17T01:26:28.3479876Z,0,0,549,230,0
2026-08-17T01:26:28.3530916Z,0,0,549,230,0
2026-08-17T01:26:28.3581657Z,0,0,549,230,0
2026-08-17T01:26:28.3636187Z,0,0,549,230,0
2026-08-17T01:26:28.368335Z,0,0,549,230,0
2026-08-17T01:26:28.3730602Z,0,0,549,230,0
2026-08-17T01:26:28.378415Z,0,0,549,230,0
2026-08-17T01:26:28.3829776Z,0,0,549,230,0
2026-08-17T01:26:28.3880397Z,0,0,549,230,0
2026-08-17T01:26:28.3930045Z,0,0,549,230,0
2026-08-17T01:26:28.3980662Z,0,0,549,230,0
2026-08-17T01:26:28.4030245Z,0,0,549,230,0
2026-08-17T01:26:28.4080879Z,0,0,549,230,0
2026-08-17T01:26:28.4134196Z,0,0,549,230,0
2026-08-17T01:26:28.4182844Z,0,0,549,230,0
2026-08-17T01:26:28.4234218Z,0,0,549,230,0
2026-08-17T01:26:28.4282424Z,0,0,549,230,0
2026-08-17T01:26:28.4332727Z,0,0,549,230,0
2026-08-17T01:26:28.4379481Z,0,0,549,230,0
2026-08-17T01:26:28.4434336Z,0,0,549,230,0
2026-08-17T01:26:28.4481415Z,0,0,549,230,0
2026-08-17T01:26:28.4531555Z,0,0,549,230,0
2026-08-17T01:26:28.4583672Z,0,0,549,230,0
2026-08-17T01:26:28.4631842Z,0,0,549,230,0
2026-08-17T01:26:28.4684751Z,0,0,549,230,0
2026-08-17T01:26:28.4732953Z,0,0,549,230,0
2026-08-17T01:26:28.4780858Z,0,0,549,230,0
2026-08-17T01:26:28.4831793Z,0,0,549,230,0
2026-08-17T01:26:28.4880128Z,0,0,549,230,0
2026-08-17T01:26:28.4931186Z,0,0,549,230,0
2026-08-17T01:26:28.4981632Z,0,0,549,230,0
2026-08-17T01:26:28.5030574Z,0,0,549,230,0
2026-08-17T01:26:28.5083716Z,0,0,549,230,0
2026-08-17T01:26:28.5134261Z,0,0,549,230,0
2026-08-17T01:26:28.5182598Z,0,0,549,230,0
2026-08-17T01:26:28.5232483Z,0,0,549,230,0
2026-08-17T01:26:28.5282041Z,0,0,549,230,0
2026-08-17T01:26:28.5330369Z,0,0,549,230,0
2026-08-17T01:26:28.5381Z,0,0,549,230,0
2026-08-17T01:26:28.5434444Z,0,0,549,230,0
2026-08-17T01:26:28.548328Z,0,0,549,230,0
2026-08-17T01:26:28.5532416Z,0,0,549,230,0
2026-08-17T01:26:28.558095Z,0,0,549,230,0
2026-08-17T01:26:28.5630316Z,0,0,549,230,0
2026-08-17T01:26:28.5681333Z,0,0,549,230,0
2026-08-17T01:26:28.5731653Z,0,0,549,230,0
2026-08-17T01:26:28.5780289Z,0,0,549,230,0
2026-08-17T01:26:28.5831993Z,0,0,549,230,0
2026-08-17T01:26:28.5880549Z,0,0,549,230,0
2026-08-17T01:26:28.5931428Z,0,0,549,230,0
2026-08-17T01:26:28.5980259Z,0,0,549,230,0
2026-08-17T01:26:28.6031336Z,0,0,549,230,0
2026-08-17T01:26:28.6079339Z,0,0,549,230,0
2026-08-17T01:26:28.6133929Z,0,0,549,230,0
2026-08-17T01:26:28.6183076Z,0,0,549,230,0
2026-08-17T01:26:28.6232061Z,0,0,549,230,0
2026-08-17T01:26:28.6280203Z,0,0,549,230,0
2026-08-17T01:26:28.6334724Z,0,0,549,230,0
2026-08-17T01:26:28.6383425Z,0,0,549,230,0
2026-08-17T01:26:28.6430271Z,0,0,549,230,0
2026-08-17T01:26:28.6485538Z,0,0,549,230,0
2026-08-17T01:26:28.6530947Z,0,0,549,230,0
2026-08-17T01:26:28.6583836Z,0,0,549,230,0
2026-08-17T01:26:28.6632872Z,0,0,549,230,0
2026-08-17T01:26:28.6681929Z,0,0,549,230,0
2026-08-17T01:26:28.6734276Z,0,0,549,230,0
2026-08-17T01:26:28.6781316Z,0,0,549,230,0
2026-08-17T01:26:28.6832667Z,0,0,549,230,0
2026-08-17T01:26:28.6881512Z,0,0,549,230,0
2026-08-17T01:26:28.6934753Z,0,0,549,230,0
2026-08-17T01:26:28.6981186Z,0,0,549,230,0
2026-08-17T01:26:28.7030208Z,0,0,549,230,0
2026-08-17T01:26:28.7080868Z,0,0,549,230,0
2026-08-17T01:26:28.7129611Z,0,0,549,230,0
2026-08-17T01:26:28.7180239Z,0,0,549,230,0
2026-08-17T01:26:28.7234142Z,0,0,549,230,0
2026-08-17T01:26:28.7281319Z,0,0,549,230,0
2026-08-17T01:26:28.733149Z,0,0,549,230,0
2026-08-17T01:26:28.7383484Z,0,0,549,230,0
2026-08-17T01:26:28.743379Z,0,0,549,230,0
2026-08-17T01:26:28.7483115Z,0,0,549,230,0
2026-08-17T01:26:28.7532433Z,0,0,549,230,0
2026-08-17T01:26:28.7580993Z,0,0,549,230,0
2026-08-17T01:26:28.7632921Z,0,0,549,230,0
2026-08-17T01:26:28.7680122Z,0,0,549,230,0
2026-08-17T01:26:28.773454Z,0,0,549,230,0
2026-08-17T01:26:28.7783102Z,0,0,549,230,0
2026-08-17T01:26:28.783236Z,0,0,549,230,0
2026-08-17T01:26:28.7887467Z,0,0,549,230,0
2026-08-17T01:26:28.7932463Z,0,0,549,230,0
2026-08-17T01:26:28.7979376Z,0,0,549,230,0
2026-08-17T01:26:28.8033348Z,0,0,549,230,0
2026-08-17T01:26:28.8081764Z,0,0,549,230,0
2026-08-17T01:26:28.8130557Z,0,0,549,230,0
2026-08-17T01:26:28.8180608Z,0,0,549,230,0
2026-08-17T01:26:28.8232177Z,0,0,549,230,0
2026-08-17T01:26:28.8279062Z,0,0,549,230,0
2026-08-17T01:26:28.8330619Z,0,0,549,230,0
2026-08-17T01:26:28.8382649Z,0,0,549,230,0
2026-08-17T01:26:28.8431399Z,0,0,549,230,0
2026-08-17T01:26:28.8484727Z,0,0,549,230,0
2026-08-17T01:26:28.8533218Z,0,0,549,230,0
2026-08-17T01:26:28.858343Z,0,0,549,230,0
2026-08-17T01:26:28.8633804Z,0,0,549,230,0
2026-08-17T01:26:28.8681141Z,0,0,549,230,0
2026-08-17T01:26:28.8732072Z,0,0,549,230,0
2026-08-17T01:26:28.8779721Z,0,0,549,230,0
2026-08-17T01:26:28.8831522Z,0,0,549,230,0
2026-08-17T01:26:28.8880683Z,0,0,549,230,0
2026-08-17T01:26:28.8929168Z,0,0,549,230,0
2026-08-17T01:26:28.8984672Z,0,0,549,230,0
2026-08-17T01:26:28.903058Z,0,0,549,230,0
2026-08-17T01:26:28.9081271Z,0,0,549,230,0
2026-08-17T01:26:28.913095Z,0,0,549,230,0
2026-08-17T01:26:28.9183457Z,0,0,549,230,0
2026-08-17T01:26:28.9233932Z,0,0,549,230,0
2026-08-17T01:26:28.9280945Z,0,0,549,230,0
2026-08-17T01:26:28.9331263Z,0,0,549,230,0
2026-08-17T01:26:28.9379803Z,0,0,549,230,0
2026-08-17T01:26:28.9434923Z,0,0,549,230,0
2026-08-17T01:26:28.9484289Z,0,0,549,230,0
2026-08-17T01:26:28.9530321Z,0,0,549,230,0
2026-08-17T01:26:28.9584434Z,0,0,549,230,0
2026-08-17T01:26:28.9634791Z,0,0,549,230,0
2026-08-17T01:26:28.9683673Z,0,0,549,230,0
2026-08-17T01:26:28.9731356Z,0,0,549,230,0
2026-08-17T01:26:28.9781385Z,0,0,549,230,0
2026-08-17T01:26:28.9832065Z,0,0,549,230,0
2026-08-17T01:26:28.9880288Z,0,0,549,230,0
2026-08-17T01:26:28.9930834Z,0,0,549,230,0
2026-08-17T01:26:28.998137Z,0,0,549,230,0
2026-08-17T01:26:29.0034575Z,0,0,549,230,0
2026-08-17T01:26:29.0084226Z,0,0,549,230,0
2026-08-17T01:26:29.0134115Z,0,0,549,230,0
2026-08-17T01:26:29.0182141Z,0,0,549,230,0
2026-08-17T01:26:29.0232596Z,0,0,549,230,0
2026-08-17T01:26:29.0281171Z,0,0,549,230,0
2026-08-17T01:26:29.0330112Z,0,0,549,230,0
2026-08-17T01:26:29.0383984Z,0,0,549,230,0
2026-08-17T01:26:29.0433968Z,0,0,549,230,0
2026-08-17T01:26:29.0483612Z,0,0,549,230,0
2026-08-17T01:26:29.0532497Z,0,0,549,230,0
2026-08-17T01:26:29.0581362Z,0,0,549,230,0
2026-08-17T01:26:29.0630275Z,0,0,549,230,0
2026-08-17T01:26:29.0686398Z,0,0,549,230,0
2026-08-17T01:26:29.0729738Z,0,0,549,230,0
2026-08-17T01:26:29.0783069Z,0,0,549,230,0
2026-08-17T01:26:29.0834828Z,0,0,549,230,0
2026-08-17T01:26:29.0882393Z,0,0,549,230,0
2026-08-17T01:26:29.0931968Z,0,0,549,230,0
2026-08-17T01:26:29.0979822Z,0,0,549,230,0
2026-08-17T01:26:29.1031959Z,0,0,549,230,0
2026-08-17T01:26:29.1083715Z,0,0,549,230,0
2026-08-17T01:26:29.1133876Z,0,0,549,230,0
2026-08-17T01:26:29.1180939Z,0,0,549,230,0
2026-08-17T01:26:29.1230886Z,0,0,549,230,0
2026-08-17T01:26:29.1282911Z,0,0,549,230,0
2026-08-17T01:26:29.1332818Z,0,0,549,230,0
2026-08-17T01:26:29.1379485Z,0,0,549,230,0
2026-08-17T01:26:29.1429106Z,0,0,549,230,0
2026-08-17T01:26:29.1481083Z,0,0,549,230,0
2026-08-17T01:26:29.1532127Z,0,0,549,230,0
2026-08-17T01:26:29.1584121Z,0,0,549,230,0
2026-08-17T01:26:29.1633524Z,0,0,549,230,0
2026-08-17T01:26:29.1680253Z,0,0,549,230,0
2026-08-17T01:26:29.173093Z,0,0,549,230,0
2026-08-17T01:26:29.178159Z,0,0,549,230,0
2026-08-17T01:26:29.1834451Z,0,0,549,230,0
2026-08-17T01:26:29.1882546Z,0,0,549,230,0
2026-08-17T01:26:29.19313Z,0,0,549,230,0
2026-08-17T01:26:29.1984082Z,0,0,549,230,0
2026-08-17T01:26:29.2035434Z,0,0,549,230,0
2026-08-17T01:26:29.2082095Z,0,0,549,230,0
2026-08-17T01:26:29.213098Z,0,0,549,230,0
2026-08-17T01:26:29.2181539Z,0,0,549,230,0
2026-08-17T01:26:29.2234055Z,0,0,549,230,0
2026-08-17T01:26:29.2283404Z,0,0,549,230,0
2026-08-17T01:26:29.2334183Z,0,0,549,230,0
2026-08-17T01:26:29.2381209Z,0,0,549,230,0
2026-08-17T01:26:29.2431342Z,0,0,549,230,0
2026-08-17T01:26:29.2481373Z,0,0,549,230,0
2026-08-17T01:26:29.2531991Z,0,0,549,230,0
2026-08-17T01:26:29.2584896Z,0,0,549,230,0
2026-08-17T01:26:29.2630467Z,0,0,549,230,0
2026-08-17T01:26:29.267971Z,0,0,549,230,0
2026-08-17T01:26:29.2733078Z,0,0,549,230,0
2026-08-17T01:26:29.2779493Z,0,0,549,230,0
2026-08-17T01:26:29.2834192Z,0,0,549,230,0
2026-08-17T01:26:29.288174Z,0,0,549,230,0
2026-08-17T01:26:29.2933472Z,0,0,549,230,0
2026-08-17T01:26:29.2980882Z,0,0,549,230,0
2026-08-17T01:26:29.3031601Z,0,0,549,230,0
2026-08-17T01:26:29.3081233Z,0,0,549,230,0
2026-08-17T01:26:29.3131473Z,0,0,549,230,0
2026-08-17T01:26:29.3182408Z,0,0,549,230,0
2026-08-17T01:26:29.323525Z,0,0,549,230,0
2026-08-17T01:26:29.3283056Z,0,0,549,230,0
2026-08-17T01:26:29.3334829Z,0,0,549,230,0
2026-08-17T01:26:29.3382109Z,0,0,549,230,0
2026-08-17T01:26:29.3432835Z,0,0,549,230,0
2026-08-17T01:26:29.3481748Z,0,0,549,230,0
2026-08-17T01:26:29.3529673Z,0,0,549,230,0
2026-08-17T01:26:29.358018Z,0,0,549,230,0
2026-08-17T01:26:29.3639841Z,0,0,549,230,0
2026-08-17T01:26:29.3681613Z,0,0,549,230,0
2026-08-17T01:26:29.3731716Z,0,0,549,230,0
2026-08-17T01:26:29.3779922Z,0,0,549,230,0
2026-08-17T01:26:29.383464Z,0,0,549,230,0
2026-08-17T01:26:29.388272Z,0,0,549,230,0
2026-08-17T01:26:29.3932748Z,0,0,549,230,0
2026-08-17T01:26:29.3985533Z,0,0,549,230,0
2026-08-17T01:26:29.4029407Z,0,0,549,230,0
2026-08-17T01:26:29.4080643Z,0,0,549,230,0
2026-08-17T01:26:29.4135243Z,0,0,549,230,0
2026-08-17T01:26:29.4180719Z,0,0,549,230,0
2026-08-17T01:26:29.4229679Z,0,0,549,230,0
2026-08-17T01:26:29.4284372Z,0,0,549,230,0
2026-08-17T01:26:29.4329149Z,0,0,549,230,0
2026-08-17T01:26:29.4381378Z,0,0,549,230,0
2026-08-17T01:26:29.4432831Z,0,0,549,230,0
2026-08-17T01:26:29.4481729Z,0,0,549,230,0
2026-08-17T01:26:29.4531799Z,0,0,549,230,0
2026-08-17T01:26:29.4584752Z,0,0,549,230,0
2026-08-17T01:26:29.4629115Z,0,0,549,230,0
2026-08-17T01:26:29.4680955Z,0,0,549,230,0
2026-08-17T01:26:29.4732186Z,0,0,549,230,0
2026-08-17T01:26:29.4780135Z,0,0,549,230,0
2026-08-17T01:26:29.4829298Z,0,0,549,230,0
2026-08-17T01:26:29.4881473Z,0,0,549,230,0
2026-08-17T01:26:29.4932049Z,0,0,549,230,0
2026-08-17T01:26:29.4980593Z,0,0,549,230,0
2026-08-17T01:26:29.50318Z,0,0,549,230,0
2026-08-17T01:26:29.5079935Z,0,0,549,230,0
2026-08-17T01:26:29.5130755Z,0,0,549,230,0
2026-08-17T01:26:29.518133Z,0,0,549,230,0
2026-08-17T01:26:29.5233435Z,0,0,549,230,0
2026-08-17T01:26:29.5281816Z,0,0,549,230,0
2026-08-17T01:26:29.5330546Z,0,0,549,230,0
2026-08-17T01:26:29.5384255Z,0,0,549,230,0
2026-08-17T01:26:29.5433649Z,0,0,549,230,0
2026-08-17T01:26:29.5481295Z,0,0,549,230,0
2026-08-17T01:26:29.5531209Z,0,0,549,230,0
2026-08-17T01:26:29.5582891Z,0,0,549,230,0
2026-08-17T01:26:29.5634174Z,0,0,549,230,0
2026-08-17T01:26:29.5682628Z,0,0,549,230,0
2026-08-17T01:26:29.5731813Z,0,0,549,230,0
2026-08-17T01:26:29.5780976Z,0,0,549,230,0
2026-08-17T01:26:29.5829794Z,0,0,549,230,0
2026-08-17T01:26:29.5883552Z,0,0,549,230,0
2026-08-17T01:26:29.5932262Z,0,0,549,230,0
2026-08-17T01:26:29.5984667Z,0,0,549,230,0
2026-08-17T01:26:29.6034157Z,0,0,549,230,0
2026-08-17T01:26:29.6082763Z,0,0,549,230,0
2026-08-17T01:26:29.6130385Z,0,0,549,230,0
2026-08-17T01:26:29.6183886Z,0,0,549,230,0
2026-08-17T01:26:29.6234317Z,0,0,549,230,0
2026-08-17T01:26:29.6283346Z,0,0,549,230,0
2026-08-17T01:26:29.6331929Z,0,0,549,230,0
2026-08-17T01:26:29.638476Z,0,0,549,230,0
2026-08-17T01:26:29.6430949Z,0,0,549,230,0
2026-08-17T01:26:29.6481687Z,0,0,549,230,0
2026-08-17T01:26:29.6530738Z,0,0,549,230,0
2026-08-17T01:26:29.6579807Z,0,0,549,230,0
2026-08-17T01:26:29.6637746Z,0,0,549,230,0
2026-08-17T01:26:29.6680325Z,0,0,549,230,0
2026-08-17T01:26:29.6734842Z,0,0,549,230,0
2026-08-17T01:26:29.6781968Z,0,0,549,230,0
2026-08-17T01:26:29.6836676Z,0,0,549,230,0
2026-08-17T01:26:29.6883934Z,0,0,549,230,0
2026-08-17T01:26:29.6931012Z,0,0,549,230,0
2026-08-17T01:26:29.6979802Z,0,0,549,230,0
2026-08-17T01:26:29.7033869Z,0,0,549,230,0
2026-08-17T01:26:29.7083183Z,0,0,549,230,0
2026-08-17T01:26:29.7132955Z,0,0,549,230,0
2026-08-17T01:26:29.7181687Z,0,0,549,230,0
2026-08-17T01:26:29.7232713Z,0,0,549,230,0
2026-08-17T01:26:29.7282741Z,0,0,549,230,0
2026-08-17T01:26:29.7329508Z,0,0,549,230,0
2026-08-17T01:26:29.7384052Z,0,0,549,230,0
2026-08-17T01:26:29.7434244Z,0,0,549,230,0
2026-08-17T01:26:29.7481299Z,0,0,549,230,0
2026-08-17T01:26:29.753373Z,0,0,549,230,0
2026-08-17T01:26:29.758126Z,0,0,549,230,0
2026-08-17T01:26:29.7630791Z,0,0,549,230,0
2026-08-17T01:26:29.7679888Z,0,0,549,230,0
2026-08-17T01:26:29.7734447Z,0,0,549,230,0
2026-08-17T01:26:29.7782942Z,0,0,549,230,0
2026-08-17T01:26:29.7836729Z,0,0,549,230,0
2026-08-17T01:26:29.7883489Z,0,0,549,230,0
2026-08-17T01:26:29.7934146Z,0,0,549,230,0
2026-08-17T01:26:29.7982306Z,0,0,549,230,0
2026-08-17T01:26:29.8033061Z,0,0,549,230,0
2026-08-17T01:26:29.8083817Z,0,0,549,230,0
2026-08-17T01:26:29.8130047Z,0,0,549,230,0
2026-08-17T01:26:29.8180602Z,0,0,549,230,0
2026-08-17T01:26:29.8230669Z,0,0,549,230,0
2026-08-17T01:26:29.8281656Z,0,0,549,230,0
2026-08-17T01:26:29.8331813Z,0,0,549,230,0
2026-08-17T01:26:29.837991Z,0,0,549,230,0
2026-08-17T01:26:29.8432479Z,0,0,549,230,0
2026-08-17T01:26:29.8480158Z,0,0,549,230,0
2026-08-17T01:26:29.8532882Z,0,0,549,230,0
2026-08-17T01:26:29.8580689Z,0,0,549,230,0
2026-08-17T01:26:29.8632152Z,0,0,549,230,0
2026-08-17T01:26:29.8681075Z,0,0,549,230,0
2026-08-17T01:26:29.8730109Z,0,0,549,230,0
2026-08-17T01:26:29.878069Z,0,0,549,230,0
2026-08-17T01:26:29.8835434Z,0,0,549,230,0
2026-08-17T01:26:29.8882925Z,0,0,549,230,0
2026-08-17T01:26:29.8933349Z,0,0,549,230,0
2026-08-17T01:26:29.8981736Z,0,0,549,230,0
2026-08-17T01:26:29.9033422Z,0,0,549,230,0
2026-08-17T01:26:29.9080562Z,0,0,549,230,0
2026-08-17T01:26:29.9134394Z,0,0,549,230,0
2026-08-17T01:26:29.918283Z,0,0,549,230,0
2026-08-17T01:26:29.9231937Z,0,0,549,230,0
2026-08-17T01:26:29.9280252Z,0,0,549,230,0
2026-08-17T01:26:29.9334278Z,0,0,549,230,0
2026-08-17T01:26:29.9385025Z,0,0,549,230,0
2026-08-17T01:26:29.9430334Z,0,0,549,230,0
2026-08-17T01:26:29.9481095Z,0,0,549,230,0
2026-08-17T01:26:29.9533045Z,0,0,549,230,0
2026-08-17T01:26:29.9582368Z,0,0,549,230,0
2026-08-17T01:26:29.9633474Z,0,0,549,230,0
2026-08-17T01:26:29.9680391Z,0,0,549,230,0
2026-08-17T01:26:29.9733557Z,0,0,549,230,0
2026-08-17T01:26:29.9782667Z,0,0,549,230,0
2026-08-17T01:26:29.9832754Z,0,0,549,230,0
2026-08-17T01:26:29.9882828Z,0,0,549,230,0
2026-08-17T01:26:29.9932106Z,0,0,549,230,0
2026-08-17T01:26:29.9984376Z,0,0,549,230,0
2026-08-17T01:26:30.0034569Z,0,0,549,230,0
2026-08-17T01:26:30.0083531Z,0,0,549,230,0
2026-08-17T01:26:30.0133792Z,0,0,549,230,0
2026-08-17T01:26:30.0179666Z,0,0,549,230,0
2026-08-17T01:26:30.0231794Z,0,0,549,230,0
2026-08-17T01:26:30.0284309Z,0,0,549,230,0
2026-08-17T01:26:30.0331472Z,0,0,549,230,0
2026-08-17T01:26:30.0381867Z,0,0,549,230,0
2026-08-17T01:26:30.0431181Z,0,0,549,230,0
2026-08-17T01:26:30.0479312Z,0,0,549,230,0
2026-08-17T01:26:30.0530217Z,0,0,549,230,0
2026-08-17T01:26:30.0583371Z,0,0,549,230,0
2026-08-17T01:26:30.0634011Z,0,0,549,230,0
2026-08-17T01:26:30.0682416Z,0,0,549,230,0
2026-08-17T01:26:30.0733649Z,0,0,549,230,0
2026-08-17T01:26:30.0781404Z,0,0,549,230,0
2026-08-17T01:26:30.0831881Z,0,0,549,230,0
2026-08-17T01:26:30.0883963Z,0,0,549,230,0
2026-08-17T01:26:30.0929808Z,0,0,549,230,0
2026-08-17T01:26:30.0984696Z,0,0,549,230,0
2026-08-17T01:26:30.1033434Z,0,0,549,230,0
2026-08-17T01:26:30.108149Z,0,0,549,230,0
2026-08-17T01:26:30.1133513Z,0,0,549,230,0
2026-08-17T01:26:30.1182093Z,0,0,549,230,0
2026-08-17T01:26:30.1234442Z,0,0,549,230,0
2026-08-17T01:26:30.1285312Z,0,0,549,230,0
2026-08-17T01:26:30.1331061Z,0,0,549,230,0
2026-08-17T01:26:30.1380758Z,0,0,549,230,0
2026-08-17T01:26:30.1431289Z,0,0,549,230,0
2026-08-17T01:26:30.1480119Z,0,0,549,230,0
2026-08-17T01:26:30.1533866Z,0,0,549,230,0
2026-08-17T01:26:30.1582456Z,0,0,549,230,0
2026-08-17T01:26:30.162981Z,0,0,549,230,0
2026-08-17T01:26:30.1685115Z,0,0,549,230,0
2026-08-17T01:26:30.1731129Z,0,0,549,230,0
2026-08-17T01:26:30.1780282Z,0,0,549,230,0
2026-08-17T01:26:30.1830948Z,0,0,549,230,0
2026-08-17T01:26:30.188404Z,0,0,549,230,0
2026-08-17T01:26:30.193415Z,0,0,549,230,0
2026-08-17T01:26:30.1982579Z,0,0,549,230,0
2026-08-17T01:26:30.2032248Z,0,0,549,230,0
2026-08-17T01:26:30.2080436Z,0,0,549,230,0
2026-08-17T01:26:30.2129239Z,0,0,549,230,0
2026-08-17T01:26:30.2181004Z,0,0,549,230,0
2026-08-17T01:26:30.2230322Z,0,0,549,230,0
2026-08-17T01:26:30.2283426Z,0,0,549,230,0
2026-08-17T01:26:30.2334414Z,0,0,549,230,0
2026-08-17T01:26:30.2381829Z,0,0,549,230,0
2026-08-17T01:26:30.2432954Z,0,0,549,230,0
2026-08-17T01:26:30.2482516Z,0,0,549,230,0
2026-08-17T01:26:30.2532495Z,0,0,549,230,0
2026-08-17T01:26:30.2580673Z,0,0,549,230,0
2026-08-17T01:26:30.2631395Z,0,0,549,230,0
2026-08-17T01:26:30.2683906Z,0,0,549,230,0
2026-08-17T01:26:30.2731042Z,0,0,549,230,0
2026-08-17T01:26:30.2780432Z,0,0,549,230,0
2026-08-17T01:26:30.2835727Z,0,0,549,230,0
2026-08-17T01:26:30.288335Z,0,0,549,230,0
2026-08-17T01:26:30.2930732Z,0,0,549,230,0
2026-08-17T01:26:30.2985341Z,0,0,549,230,0
2026-08-17T01:26:30.3031807Z,0,0,549,230,0
2026-08-17T01:26:30.3079625Z,0,0,549,230,0
2026-08-17T01:26:30.3133965Z,0,0,549,230,0
2026-08-17T01:26:30.3183291Z,0,0,549,230,0
2026-08-17T01:26:30.3234538Z,0,0,549,230,0
2026-08-17T01:26:30.3282254Z,0,0,549,230,0
2026-08-17T01:26:30.3332369Z,0,0,549,230,0
2026-08-17T01:26:30.3380842Z,0,0,549,230,0
2026-08-17T01:26:30.3431939Z,0,0,549,230,0
2026-08-17T01:26:30.3480609Z,0,0,549,230,0
2026-08-17T01:26:30.3531173Z,0,0,549,230,0
2026-08-17T01:26:30.3582516Z,0,0,549,230,0
2026-08-17T01:26:30.3633645Z,0,0,549,230,0
2026-08-17T01:26:30.3683201Z,0,0,549,230,0
2026-08-17T01:26:30.3730377Z,0,0,549,230,0
2026-08-17T01:26:30.3782482Z,0,0,549,230,0
2026-08-17T01:26:30.3831921Z,0,0,549,230,0
2026-08-17T01:26:30.3881335Z,0,0,549,230,0
2026-08-17T01:26:30.3930649Z,0,0,549,230,0
2026-08-17T01:26:30.3980032Z,0,0,549,230,0
2026-08-17T01:26:30.4034915Z,0,0,549,230,0
2026-08-17T01:26:30.4083832Z,0,0,549,230,0
2026-08-17T01:26:30.4133715Z,0,0,549,230,0
2026-08-17T01:26:30.4181813Z,0,0,549,230,0
2026-08-17T01:26:30.4230111Z,0,0,549,230,0
2026-08-17T01:26:30.4280924Z,0,0,549,230,0
2026-08-17T01:26:30.4330112Z,0,0,549,230,0
2026-08-17T01:26:30.4382171Z,0,0,549,230,0
2026-08-17T01:26:30.4430252Z,0,0,549,230,0
2026-08-17T01:26:30.4481113Z,0,0,549,230,0
2026-08-17T01:26:30.4530569Z,0,0,549,230,0
2026-08-17T01:26:30.4580209Z,0,0,549,230,0
2026-08-17T01:26:30.4631297Z,0,0,549,230,0
2026-08-17T01:26:30.4680771Z,0,0,549,230,0
2026-08-17T01:26:30.4732821Z,0,0,549,230,0
2026-08-17T01:26:30.4781938Z,0,0,549,230,0
2026-08-17T01:26:30.4833096Z,0,0,549,230,0
2026-08-17T01:26:30.4881528Z,0,0,549,230,0
2026-08-17T01:26:30.4931238Z,0,0,549,230,0
2026-08-17T01:26:30.4982185Z,0,0,549,230,0
2026-08-17T01:26:30.5031762Z,0,0,549,230,0
2026-08-17T01:26:30.5084762Z,0,0,549,230,0
2026-08-17T01:26:30.5136628Z,0,0,549,230,0
2026-08-17T01:26:30.5184153Z,0,0,549,230,0
2026-08-17T01:26:30.5234104Z,0,0,549,230,0
2026-08-17T01:26:30.5282926Z,0,0,549,230,0
2026-08-17T01:26:30.5331374Z,0,0,549,230,0
2026-08-17T01:26:30.5380804Z,0,0,549,230,0
2026-08-17T01:26:30.5433905Z,0,0,549,230,0
2026-08-17T01:26:30.5483357Z,0,0,549,230,0
2026-08-17T01:26:30.5531248Z,0,0,549,230,0
2026-08-17T01:26:30.5579875Z,0,0,549,230,0
2026-08-17T01:26:30.5632915Z,0,0,549,230,0
2026-08-17T01:26:30.5685088Z,0,0,549,230,0
2026-08-17T01:26:30.5733749Z,0,0,549,230,0
2026-08-17T01:26:30.5782031Z,0,0,549,230,0
2026-08-17T01:26:30.5831697Z,0,0,549,230,0
2026-08-17T01:26:30.5879921Z,0,0,549,230,0
2026-08-17T01:26:30.5930417Z,0,0,549,230,0
2026-08-17T01:26:30.5983397Z,0,0,549,230,0
2026-08-17T01:26:30.6033016Z,0,0,549,230,0
2026-08-17T01:26:30.6079933Z,0,0,549,230,0
2026-08-17T01:26:30.6133314Z,0,0,549,230,0
2026-08-17T01:26:30.6180492Z,0,0,549,230,0
2026-08-17T01:26:30.6230765Z,0,0,549,230,0
2026-08-17T01:26:30.6284163Z,0,0,549,230,0
2026-08-17T01:26:30.6329005Z,0,0,549,230,0
2026-08-17T01:26:30.6384821Z,0,0,549,230,0
2026-08-17T01:26:30.6433492Z,0,0,549,230,0
2026-08-17T01:26:30.6482164Z,0,0,549,230,0
2026-08-17T01:26:30.6537019Z,0,0,549,230,0
2026-08-17T01:26:30.6584141Z,0,0,549,230,0
2026-08-17T01:26:30.6630354Z,0,0,549,230,0
2026-08-17T01:26:30.6681365Z,0,0,549,230,0
2026-08-17T01:26:30.673245Z,0,0,549,230,0
2026-08-17T01:26:30.6779295Z,0,0,549,230,0
2026-08-17T01:26:30.6831199Z,0,0,549,230,0
2026-08-17T01:26:30.688088Z,0,0,549,230,0
2026-08-17T01:26:30.6930821Z,0,0,549,230,0
2026-08-17T01:26:30.6981507Z,0,0,549,230,0
2026-08-17T01:26:30.7031355Z,0,0,549,230,0
2026-08-17T01:26:30.7079715Z,0,0,549,230,0
2026-08-17T01:26:30.7130183Z,0,0,549,230,0
2026-08-17T01:26:30.7183041Z,0,0,549,230,0
2026-08-17T01:26:30.7233061Z,0,0,549,230,0
2026-08-17T01:26:30.7280879Z,0,0,549,230,0
2026-08-17T01:26:30.7330305Z,0,0,549,230,0
2026-08-17T01:26:30.738083Z,0,0,549,230,0
2026-08-17T01:26:30.7433363Z,0,0,549,230,0
2026-08-17T01:26:30.7480072Z,0,0,549,230,0
2026-08-17T01:26:30.7529414Z,0,0,549,230,0
2026-08-17T01:26:30.7580142Z,0,0,549,230,0
2026-08-17T01:26:30.7629337Z,0,0,549,230,0
2026-08-17T01:26:30.7681508Z,0,0,549,230,0
2026-08-17T01:26:30.7731113Z,0,0,549,230,0
2026-08-17T01:26:30.7783418Z,0,0,549,230,0
2026-08-17T01:26:30.7833621Z,0,0,549,230,0
2026-08-17T01:26:30.7880903Z,0,0,549,230,0
2026-08-17T01:26:30.7935524Z,0,0,549,230,0
2026-08-17T01:26:30.7982454Z,0,0,549,230,0
2026-08-17T01:26:30.8032529Z,0,0,549,230,0
2026-08-17T01:26:30.8084385Z,0,0,549,230,0
2026-08-17T01:26:30.8132839Z,0,0,549,230,0
2026-08-17T01:26:30.8180599Z,0,0,549,230,0
2026-08-17T01:26:30.8234493Z,0,0,549,230,0
2026-08-17T01:26:30.8281747Z,0,0,549,230,0
2026-08-17T01:26:30.8333296Z,0,0,549,230,0
2026-08-17T01:26:30.8380555Z,0,0,549,230,0
2026-08-17T01:26:30.8431785Z,0,0,549,230,0
2026-08-17T01:26:30.8483881Z,0,0,549,230,0
2026-08-17T01:26:30.8534023Z,0,0,549,230,0
2026-08-17T01:26:30.8582419Z,0,0,549,230,0
2026-08-17T01:26:30.8631927Z,0,0,549,230,0
2026-08-17T01:26:30.8684297Z,0,0,549,230,0
2026-08-17T01:26:30.8730371Z,0,0,549,230,0
2026-08-17T01:26:30.8781741Z,0,0,549,230,0
2026-08-17T01:26:30.8830736Z,0,0,549,230,0
2026-08-17T01:26:30.8884318Z,0,0,549,230,0
2026-08-17T01:26:30.8933129Z,0,0,549,230,0
2026-08-17T01:26:30.8981649Z,0,0,549,230,0
2026-08-17T01:26:30.9034913Z,0,0,549,230,0
2026-08-17T01:26:30.9080544Z,0,0,549,230,0
2026-08-17T01:26:30.9133718Z,0,0,549,230,0
2026-08-17T01:26:30.9181878Z,0,0,549,230,0
2026-08-17T01:26:30.9232216Z,0,0,549,230,0
2026-08-17T01:26:30.9285184Z,0,0,549,230,0
2026-08-17T01:26:30.9330315Z,0,0,549,230,0
2026-08-17T01:26:30.9384132Z,0,0,549,230,0
2026-08-17T01:26:30.9433936Z,0,0,549,230,0
2026-08-17T01:26:30.9481439Z,0,0,549,230,0
2026-08-17T01:26:30.9530562Z,0,0,549,230,0
2026-08-17T01:26:30.9582055Z,0,0,549,230,0
2026-08-17T01:26:30.963202Z,0,0,549,230,0
2026-08-17T01:26:30.9681124Z,0,0,549,230,0
2026-08-17T01:26:30.9730021Z,0,0,549,230,0
2026-08-17T01:26:30.978398Z,0,0,549,230,0
2026-08-17T01:26:30.9829983Z,0,0,549,230,0
2026-08-17T01:26:30.9881184Z,0,0,549,230,0
2026-08-17T01:26:30.9930202Z,0,0,549,230,0
2026-08-17T01:26:30.9984226Z,0,0,549,230,0
2026-08-17T01:26:31.0029932Z,0,0,549,230,0
2026-08-17T01:26:31.0080988Z,0,0,549,230,0
2026-08-17T01:26:31.0131856Z,0,0,549,230,0
2026-08-17T01:26:31.018461Z,0,0,549,230,0
2026-08-17T01:26:31.0234141Z,0,0,549,230,0
2026-08-17T01:26:31.0284026Z,0,0,549,230,0
2026-08-17T01:26:31.0331222Z,0,0,549,230,0
2026-08-17T01:26:31.0380253Z,0,0,549,230,0
2026-08-17T01:26:31.0430906Z,0,0,549,230,0
2026-08-17T01:26:31.0484156Z,0,0,549,230,0
2026-08-17T01:26:31.0533145Z,0,0,549,230,0
2026-08-17T01:26:31.0582448Z,0,0,549,230,0
2026-08-17T01:26:31.063108Z,0,0,549,230,0
2026-08-17T01:26:31.0681676Z,0,0,549,230,0
2026-08-17T01:26:31.0731211Z,0,0,549,230,0
2026-08-17T01:26:31.0779952Z,0,0,549,230,0
2026-08-17T01:26:31.0830552Z,0,0,549,230,0
2026-08-17T01:26:31.0883703Z,0,0,549,230,0
2026-08-17T01:26:31.0931441Z,0,0,549,230,0
2026-08-17T01:26:31.0982108Z,0,0,549,230,0
2026-08-17T01:26:31.1033299Z,0,0,549,230,0
2026-08-17T01:26:31.1080277Z,0,0,549,230,0
2026-08-17T01:26:31.1130975Z,0,0,549,230,0
2026-08-17T01:26:31.1182186Z,0,0,549,230,0
2026-08-17T01:26:31.12364Z,0,0,549,230,0
2026-08-17T01:26:31.1283436Z,0,0,549,230,0
2026-08-17T01:26:31.13299Z,0,0,549,230,0
2026-08-17T01:26:31.1383538Z,0,0,549,230,0
2026-08-17T01:26:31.1431902Z,0,0,549,230,0
2026-08-17T01:26:31.1480506Z,0,0,549,230,0
2026-08-17T01:26:31.1531013Z,0,0,549,230,0
2026-08-17T01:26:31.1581131Z,0,0,549,230,0
2026-08-17T01:26:31.1631116Z,0,0,549,230,0
2026-08-17T01:26:31.1680265Z,0,0,549,230,0
2026-08-17T01:26:31.1738956Z,0,0,549,230,0
2026-08-17T01:26:31.1781296Z,0,0,549,230,0
2026-08-17T01:26:31.1832597Z,0,0,549,230,0
2026-08-17T01:26:31.1884454Z,0,0,549,230,0
2026-08-17T01:26:31.1932314Z,0,0,549,230,0
2026-08-17T01:26:31.198127Z,0,0,549,230,0
2026-08-17T01:26:31.2033177Z,0,0,549,230,0
2026-08-17T01:26:31.2081748Z,0,0,549,230,0
2026-08-17T01:26:31.2131571Z,0,0,549,230,0
2026-08-17T01:26:31.2183545Z,0,0,549,230,0
2026-08-17T01:26:31.2233774Z,0,0,549,230,0
2026-08-17T01:26:31.2280703Z,0,0,549,230,0
2026-08-17T01:26:31.2331718Z,0,0,549,230,0
2026-08-17T01:26:31.2381515Z,0,0,549,230,0
2026-08-17T01:26:31.2433025Z,0,0,549,230,0
2026-08-17T01:26:31.2481552Z,0,0,549,230,0
2026-08-17T01:26:31.2530955Z,0,0,549,230,0
2026-08-17T01:26:31.2583138Z,0,0,549,230,0
2026-08-17T01:26:31.2633238Z,0,0,549,230,0
2026-08-17T01:26:31.2682766Z,0,0,549,230,0
2026-08-17T01:26:31.2732499Z,0,0,549,230,0
2026-08-17T01:26:31.2780906Z,0,0,549,230,0
2026-08-17T01:26:31.2829216Z,0,0,549,230,0
2026-08-17T01:26:31.2881843Z,0,0,549,230,0
2026-08-17T01:26:31.2934512Z,0,0,549,230,0
2026-08-17T01:26:31.2981494Z,0,0,549,230,0
2026-08-17T01:26:31.3030658Z,0,0,549,230,0
2026-08-17T01:26:31.3083012Z,0,0,549,230,0
2026-08-17T01:26:31.3130792Z,0,0,549,230,0
2026-08-17T01:26:31.3182519Z,0,0,549,230,0
2026-08-17T01:26:31.3234071Z,0,0,549,230,0
2026-08-17T01:26:31.3282799Z,0,0,549,230,0
2026-08-17T01:26:31.3334249Z,0,0,549,230,0
2026-08-17T01:26:31.3382978Z,0,0,549,230,0
2026-08-17T01:26:31.3431864Z,0,0,549,230,0
2026-08-17T01:26:31.3481664Z,0,0,549,230,0
2026-08-17T01:26:31.3534437Z,0,0,549,230,0
2026-08-17T01:26:31.3582682Z,0,0,549,230,0
2026-08-17T01:26:31.3633982Z,0,0,549,230,0
2026-08-17T01:26:31.3683584Z,0,0,549,230,0
2026-08-17T01:26:31.3734088Z,0,0,549,230,0
2026-08-17T01:26:31.3782516Z,0,0,549,230,0
2026-08-17T01:26:31.3830098Z,0,0,549,230,0
2026-08-17T01:26:31.388126Z,0,0,549,230,0
2026-08-17T01:26:31.3932208Z,0,0,549,230,0
2026-08-17T01:26:31.3980813Z,0,0,549,230,0
2026-08-17T01:26:31.4033768Z,0,0,549,230,0
2026-08-17T01:26:31.4081069Z,0,0,549,230,0
2026-08-17T01:26:31.4132337Z,0,0,549,230,0
2026-08-17T01:26:31.4181754Z,0,0,549,230,0
2026-08-17T01:26:31.4232364Z,0,0,549,230,0
2026-08-17T01:26:31.4280042Z,0,0,549,230,0
2026-08-17T01:26:31.4330991Z,0,0,549,230,0
2026-08-17T01:26:31.4383269Z,0,0,549,230,0
2026-08-17T01:26:31.4433523Z,0,0,549,230,0
2026-08-17T01:26:31.4480802Z,0,0,549,230,0
2026-08-17T01:26:31.4535666Z,0,0,549,230,0
2026-08-17T01:26:31.4582908Z,0,0,549,230,0
2026-08-17T01:26:31.462954Z,0,0,549,230,0
2026-08-17T01:26:31.4680286Z,0,0,549,230,0
2026-08-17T01:26:31.4731693Z,0,0,549,230,0
2026-08-17T01:26:31.478393Z,0,0,549,230,0
2026-08-17T01:26:31.4832127Z,0,0,549,230,0
2026-08-17T01:26:31.4880138Z,0,0,549,230,0
2026-08-17T01:26:31.4935535Z,0,0,549,230,0
2026-08-17T01:26:31.4982896Z,0,0,549,230,0
2026-08-17T01:26:31.502997Z,0,0,549,230,0
2026-08-17T01:26:31.5080496Z,0,0,549,230,0
2026-08-17T01:26:31.5133771Z,0,0,549,230,0
2026-08-17T01:26:31.5181428Z,0,0,549,230,0
2026-08-17T01:26:31.5233218Z,0,0,549,230,0
2026-08-17T01:26:31.5282947Z,0,0,549,230,0
2026-08-17T01:26:31.5332325Z,0,0,549,230,0
2026-08-17T01:26:31.5379773Z,0,0,549,230,0
2026-08-17T01:26:31.543526Z,0,0,549,230,0
2026-08-17T01:26:31.5479549Z,0,0,549,230,0
2026-08-17T01:26:31.5530077Z,0,0,549,230,0
2026-08-17T01:26:31.5583438Z,0,0,549,230,0
2026-08-17T01:26:31.5634725Z,0,0,549,230,0
2026-08-17T01:26:31.5680257Z,0,0,549,230,0
2026-08-17T01:26:31.573013Z,0,0,549,230,0
2026-08-17T01:26:31.5784134Z,0,0,549,230,0
2026-08-17T01:26:31.5833157Z,0,0,549,230,0
2026-08-17T01:26:31.5882457Z,0,0,549,230,0
2026-08-17T01:26:31.592997Z,0,0,549,230,0
2026-08-17T01:26:31.5980884Z,0,0,549,230,0
2026-08-17T01:26:31.603507Z,0,0,549,230,0
2026-08-17T01:26:31.608199Z,0,0,549,230,0
2026-08-17T01:26:31.613242Z,0,0,549,230,0
2026-08-17T01:26:31.6184621Z,0,0,549,230,0
2026-08-17T01:26:31.6230705Z,0,0,549,230,0
2026-08-17T01:26:31.6284Z,0,0,549,230,0
2026-08-17T01:26:31.6334387Z,0,0,549,230,0
2026-08-17T01:26:31.6381456Z,0,0,549,230,0
2026-08-17T01:26:31.6430616Z,0,0,549,230,0
2026-08-17T01:26:31.6481026Z,0,0,549,230,0
2026-08-17T01:26:31.6529449Z,0,0,549,230,0
2026-08-17T01:26:31.6579783Z,0,0,549,230,0
2026-08-17T01:26:31.6629878Z,0,0,549,230,0
2026-08-17T01:26:31.6680323Z,0,0,549,230,0
2026-08-17T01:26:31.6733541Z,0,0,549,230,0
2026-08-17T01:26:31.6780957Z,0,0,549,230,0
2026-08-17T01:26:31.6835104Z,0,0,549,230,0
2026-08-17T01:26:31.6883038Z,0,0,549,230,0
2026-08-17T01:26:31.693449Z,0,0,549,230,0
2026-08-17T01:26:31.6981812Z,0,0,549,230,0
2026-08-17T01:26:31.7030954Z,0,0,549,230,0
2026-08-17T01:26:31.7083176Z,0,0,549,230,0
2026-08-17T01:26:31.7134743Z,0,0,549,230,0
2026-08-17T01:26:31.7182052Z,0,0,549,230,0
2026-08-17T01:26:31.7232466Z,0,0,549,230,0
2026-08-17T01:26:31.7282327Z,0,0,549,230,0
2026-08-17T01:26:31.7331998Z,0,0,549,230,0
2026-08-17T01:26:31.7380097Z,0,0,549,230,0
2026-08-17T01:26:31.7429927Z,0,0,549,230,0
2026-08-17T01:26:31.7480904Z,0,0,549,230,0
2026-08-17T01:26:31.7534773Z,0,0,549,230,0
2026-08-17T01:26:31.7582065Z,0,0,549,230,0
2026-08-17T01:26:31.7632892Z,0,0,549,230,0
2026-08-17T01:26:31.7685341Z,0,0,549,230,0
2026-08-17T01:26:31.7733195Z,0,0,549,230,0
2026-08-17T01:26:31.7781218Z,0,0,549,230,0
2026-08-17T01:26:31.7833293Z,0,0,549,230,0
2026-08-17T01:26:31.7883985Z,0,0,549,230,0
2026-08-17T01:26:31.7929922Z,0,0,549,230,0
2026-08-17T01:26:31.7984083Z,0,0,549,230,0
2026-08-17T01:26:31.8029638Z,0,0,549,230,0
2026-08-17T01:26:31.8082167Z,0,0,549,230,0
2026-08-17T01:26:31.8132881Z,0,0,549,230,0
2026-08-17T01:26:31.8180686Z,0,0,549,230,0
2026-08-17T01:26:31.8232583Z,0,0,549,230,0
2026-08-17T01:26:31.8282994Z,0,0,549,230,0
2026-08-17T01:26:31.8333684Z,0,0,549,230,0
2026-08-17T01:26:31.8385912Z,0,0,549,230,0
2026-08-17T01:26:31.8430848Z,0,0,549,230,0
2026-08-17T01:26:31.8481421Z,0,0,549,230,0
2026-08-17T01:26:31.8530518Z,0,0,549,230,0
2026-08-17T01:26:31.8580668Z,0,0,549,230,0
2026-08-17T01:26:31.8633396Z,0,0,549,230,0
2026-08-17T01:26:31.8682413Z,0,0,549,230,0
2026-08-17T01:26:31.8732426Z,0,0,549,230,0
2026-08-17T01:26:31.8782605Z,0,0,549,230,0
2026-08-17T01:26:31.8830035Z,0,0,549,230,0
2026-08-17T01:26:31.8883852Z,0,0,549,230,0
2026-08-17T01:26:31.893367Z,0,0,549,230,0
2026-08-17T01:26:31.8981266Z,0,0,549,230,0
2026-08-17T01:26:31.9031673Z,0,0,549,230,0
2026-08-17T01:26:31.9084186Z,0,0,549,230,0
2026-08-17T01:26:31.9131827Z,0,0,549,230,0
2026-08-17T01:26:31.9181771Z,0,0,549,230,0
2026-08-17T01:26:31.9231938Z,0,0,549,230,0
2026-08-17T01:26:31.9279634Z,0,0,549,230,0
2026-08-17T01:26:31.933491Z,0,0,549,230,0
2026-08-17T01:26:31.9381928Z,0,0,549,230,0
2026-08-17T01:26:31.9429726Z,0,0,549,230,0
2026-08-17T01:26:31.9483983Z,0,0,549,230,0
2026-08-17T01:26:31.9532681Z,0,0,549,230,0
2026-08-17T01:26:31.9581779Z,0,0,549,230,0
2026-08-17T01:26:31.9634511Z,0,0,549,230,0
2026-08-17T01:26:31.968562Z,0,0,549,230,0
2026-08-17T01:26:31.973203Z,0,0,549,230,0
2026-08-17T01:26:31.9782458Z,0,0,549,230,0
2026-08-17T01:26:31.9833598Z,0,0,549,230,0
2026-08-17T01:26:31.9883064Z,0,0,549,230,0
2026-08-17T01:26:31.993376Z,0,0,549,230,0
2026-08-17T01:26:31.9983041Z,0,0,549,230,0
2026-08-17T01:26:32.0030982Z,0,0,549,230,0
2026-08-17T01:26:32.0080244Z,0,0,549,230,0
2026-08-17T01:26:32.0131367Z,0,0,549,230,0
2026-08-17T01:26:32.0180243Z,0,0,549,230,0
2026-08-17T01:26:32.0234117Z,0,0,549,230,0
2026-08-17T01:26:32.0284349Z,0,0,549,230,0
2026-08-17T01:26:32.033423Z,0,0,549,230,0
2026-08-17T01:26:32.0380731Z,0,0,549,230,0
2026-08-17T01:26:32.0430676Z,0,0,549,230,0
2026-08-17T01:26:32.0481688Z,0,0,549,230,0
2026-08-17T01:26:32.0532271Z,0,0,549,230,0
2026-08-17T01:26:32.058067Z,0,0,549,230,0
2026-08-17T01:26:32.0632307Z,0,0,549,230,0
2026-08-17T01:26:32.0682286Z,0,0,549,230,0
2026-08-17T01:26:32.0734126Z,0,0,549,230,0
2026-08-17T01:26:32.0782757Z,0,0,549,230,0
2026-08-17T01:26:32.0832982Z,0,0,549,230,0
2026-08-17T01:26:32.0881831Z,0,0,549,230,0
2026-08-17T01:26:32.093061Z,0,0,549,230,0
2026-08-17T01:26:32.0981222Z,0,0,549,230,0
2026-08-17T01:26:32.1030407Z,0,0,549,230,0
2026-08-17T01:26:32.108122Z,0,0,549,230,0
2026-08-17T01:26:32.1129887Z,0,0,549,230,0
2026-08-17T01:26:32.1184523Z,0,0,549,230,0
2026-08-17T01:26:32.1233403Z,0,0,549,230,0
2026-08-17T01:26:32.1282792Z,0,0,549,230,0
2026-08-17T01:26:32.1331194Z,0,0,549,230,0
2026-08-17T01:26:32.1383755Z,0,0,549,230,0
2026-08-17T01:26:32.1433648Z,0,0,549,230,0
2026-08-17T01:26:32.1482452Z,0,0,549,230,0
2026-08-17T01:26:32.1533301Z,0,0,549,230,0
2026-08-17T01:26:32.1582282Z,0,0,549,230,0
2026-08-17T01:26:32.1631448Z,0,0,549,230,0
2026-08-17T01:26:32.1683102Z,0,0,549,230,0
2026-08-17T01:26:32.1732651Z,0,0,549,230,0
2026-08-17T01:26:32.1783006Z,0,0,549,230,0
2026-08-17T01:26:32.1836253Z,0,0,549,230,0
2026-08-17T01:26:32.1883631Z,0,0,549,230,0
2026-08-17T01:26:32.1932227Z,0,0,549,230,0
2026-08-17T01:26:32.1984491Z,0,0,549,230,0
2026-08-17T01:26:32.2032743Z,0,0,549,230,0
2026-08-17T01:26:32.2080906Z,0,0,549,230,0
2026-08-17T01:26:32.2131889Z,0,0,549,230,0
2026-08-17T01:26:32.2184235Z,0,0,549,230,0
2026-08-17T01:26:32.2231811Z,0,0,549,230,0
2026-08-17T01:26:32.2282123Z,0,0,549,230,0
2026-08-17T01:26:32.2333775Z,0,0,549,230,0
2026-08-17T01:26:32.2383176Z,0,0,549,230,0
2026-08-17T01:26:32.2433782Z,0,0,549,230,0
2026-08-17T01:26:32.248354Z,0,0,549,230,0
2026-08-17T01:26:32.2532799Z,0,0,549,230,0
2026-08-17T01:26:32.2582531Z,0,0,549,230,0
2026-08-17T01:26:32.2632799Z,0,0,549,230,0
2026-08-17T01:26:32.2680416Z,0,0,549,230,0
2026-08-17T01:26:32.2735321Z,0,0,549,230,0
2026-08-17T01:26:32.2783032Z,0,0,549,230,0
2026-08-17T01:26:32.2833518Z,0,0,549,230,0
2026-08-17T01:26:32.2882808Z,0,0,549,230,0
2026-08-17T01:26:32.2932495Z,0,0,549,230,0
2026-08-17T01:26:32.2979648Z,0,0,549,230,0
2026-08-17T01:26:32.3030455Z,0,0,549,230,0
2026-08-17T01:26:32.3084319Z,0,0,549,230,0
2026-08-17T01:26:32.3129531Z,0,0,549,230,0
2026-08-17T01:26:32.3182482Z,0,0,549,230,0
2026-08-17T01:26:32.3234489Z,0,0,549,230,0
2026-08-17T01:26:32.3283012Z,0,0,549,230,0
2026-08-17T01:26:32.3329448Z,0,0,549,230,0
2026-08-17T01:26:32.3383157Z,0,0,549,230,0
2026-08-17T01:26:32.3433703Z,0,0,549,230,0
2026-08-17T01:26:32.3482627Z,0,0,549,230,0
2026-08-17T01:26:32.3531733Z,0,0,549,230,0
2026-08-17T01:26:32.3581642Z,0,0,549,230,0
2026-08-17T01:26:32.3634046Z,0,0,549,230,0
2026-08-17T01:26:32.3680687Z,0,0,549,230,0
2026-08-17T01:26:32.3730668Z,0,0,549,230,0
2026-08-17T01:26:32.3784151Z,0,0,549,230,0
2026-08-17T01:26:32.3833562Z,0,0,549,230,0
2026-08-17T01:26:32.3882465Z,0,0,549,230,0
2026-08-17T01:26:32.3933697Z,0,0,549,230,0
2026-08-17T01:26:32.3983097Z,0,0,549,230,0
2026-08-17T01:26:32.4034489Z,0,0,549,230,0
2026-08-17T01:26:32.4081458Z,0,0,549,230,0
2026-08-17T01:26:32.4129908Z,0,0,549,230,0
2026-08-17T01:26:32.4185615Z,0,0,549,230,0
2026-08-17T01:26:32.4229685Z,0,0,549,230,0
2026-08-17T01:26:32.4283403Z,0,0,549,230,0
2026-08-17T01:26:32.4333184Z,0,0,549,230,0
2026-08-17T01:26:32.4381641Z,0,0,549,230,0
2026-08-17T01:26:32.4432819Z,0,0,549,230,0
2026-08-17T01:26:32.4479592Z,0,0,549,230,0
2026-08-17T01:26:32.4533963Z,0,0,549,230,0
2026-08-17T01:26:32.4581148Z,0,0,549,230,0
2026-08-17T01:26:32.4632614Z,0,0,549,230,0
2026-08-17T01:26:32.4682365Z,0,0,549,230,0
2026-08-17T01:26:32.4732741Z,0,0,549,230,0
2026-08-17T01:26:32.4779837Z,0,0,549,230,0
2026-08-17T01:26:32.4831358Z,0,0,549,230,0
2026-08-17T01:26:32.4883244Z,0,0,549,230,0
2026-08-17T01:26:32.4934354Z,0,0,549,230,0
2026-08-17T01:26:32.498328Z,0,0,549,230,0
2026-08-17T01:26:32.5034166Z,0,0,549,230,0
2026-08-17T01:26:32.5083837Z,0,0,549,230,0
2026-08-17T01:26:32.5130656Z,0,0,549,230,0
2026-08-17T01:26:32.5182089Z,0,0,549,230,0
2026-08-17T01:26:32.5232604Z,0,0,549,230,0
2026-08-17T01:26:32.5281429Z,0,0,549,230,0
2026-08-17T01:26:32.5333645Z,0,0,549,230,0
2026-08-17T01:26:32.5381839Z,0,0,549,230,0
2026-08-17T01:26:32.5432844Z,0,0,549,230,0
2026-08-17T01:26:32.5481467Z,0,0,549,230,0
2026-08-17T01:26:32.5530575Z,0,0,549,230,0
2026-08-17T01:26:32.5580994Z,0,0,549,230,0
2026-08-17T01:26:32.5631731Z,0,0,549,230,0
2026-08-17T01:26:32.5682569Z,0,0,549,230,0
2026-08-17T01:26:32.5733359Z,0,0,549,230,0
2026-08-17T01:26:32.5781623Z,0,0,549,230,0
2026-08-17T01:26:32.583278Z,0,0,549,230,0
2026-08-17T01:26:32.588013Z,0,0,549,230,0
2026-08-17T01:26:32.5930899Z,0,0,549,230,0
2026-08-17T01:26:32.5980986Z,0,0,549,230,0
2026-08-17T01:26:32.6031722Z,0,0,549,230,0
2026-08-17T01:26:32.6084924Z,0,0,549,230,0
2026-08-17T01:26:32.6133901Z,0,0,549,230,0
2026-08-17T01:26:32.6182804Z,0,0,549,230,0
2026-08-17T01:26:32.6229681Z,0,0,549,230,0
2026-08-17T01:26:32.6281688Z,0,0,549,230,0
2026-08-17T01:26:32.6332309Z,0,0,549,230,0
2026-08-17T01:26:32.6384265Z,0,0,549,230,0
2026-08-17T01:26:32.6434312Z,0,0,549,230,0
2026-08-17T01:26:32.6482808Z,0,0,549,230,0
2026-08-17T01:26:32.6531315Z,0,0,549,230,0
2026-08-17T01:26:32.658394Z,0,0,549,230,0
2026-08-17T01:26:32.6630046Z,0,0,549,230,0
2026-08-17T01:26:32.6680558Z,0,0,549,230,0
2026-08-17T01:26:32.6734436Z,0,0,549,230,0
2026-08-17T01:26:32.6781539Z,0,0,549,230,0
2026-08-17T01:26:32.6834854Z,0,0,549,230,0
2026-08-17T01:26:32.6884009Z,0,0,549,230,0
2026-08-17T01:26:32.6934454Z,0,0,549,230,0
2026-08-17T01:26:32.69816Z,0,0,549,230,0
2026-08-17T01:26:32.7033334Z,0,0,549,230,0
2026-08-17T01:26:32.7081833Z,0,0,549,230,0
2026-08-17T01:26:32.7132172Z,0,0,549,230,0
2026-08-17T01:26:32.7179705Z,0,0,549,230,0
2026-08-17T01:26:32.7230071Z,0,0,549,230,0
2026-08-17T01:26:32.7282784Z,0,0,549,230,0
2026-08-17T01:26:32.7332785Z,0,0,549,230,0
2026-08-17T01:26:32.7380999Z,0,0,549,230,0
2026-08-17T01:26:32.7433133Z,0,0,549,230,0
2026-08-17T01:26:32.7482433Z,0,0,549,230,0
2026-08-17T01:26:32.7529998Z,0,0,549,230,0
2026-08-17T01:26:32.7583219Z,0,0,549,230,0
2026-08-17T01:26:32.7629724Z,0,0,549,230,0
2026-08-17T01:26:32.7683636Z,0,0,549,230,0
2026-08-17T01:26:32.7730021Z,0,0,549,230,0
2026-08-17T01:26:32.7784141Z,0,0,549,230,0
2026-08-17T01:26:32.7831013Z,0,0,549,230,0
2026-08-17T01:26:32.7881308Z,0,0,549,230,0
2026-08-17T01:26:32.7931725Z,0,0,549,230,0
2026-08-17T01:26:32.7984033Z,0,0,549,230,0
2026-08-17T01:26:32.8032624Z,0,0,549,230,0
2026-08-17T01:26:32.808027Z,0,0,549,230,0
2026-08-17T01:26:32.8131208Z,0,0,549,230,0
2026-08-17T01:26:32.8184661Z,0,0,549,230,0
2026-08-17T01:26:32.8234601Z,0,0,549,230,0
2026-08-17T01:26:32.8282785Z,0,0,549,230,0
2026-08-17T01:26:32.8333406Z,0,0,549,230,0
2026-08-17T01:26:32.8382341Z,0,0,549,230,0
2026-08-17T01:26:32.843435Z,0,0,549,230,0
2026-08-17T01:26:32.8481748Z,0,0,549,230,0
2026-08-17T01:26:32.8532631Z,0,0,549,230,0
2026-08-17T01:26:32.8585753Z,0,0,549,230,0
2026-08-17T01:26:32.8634209Z,0,0,549,230,0
2026-08-17T01:26:32.8682741Z,0,0,549,230,0
2026-08-17T01:26:32.873286Z,0,0,549,230,0
2026-08-17T01:26:32.8780343Z,0,0,549,230,0
2026-08-17T01:26:32.8833334Z,0,0,549,230,0
2026-08-17T01:26:32.8880844Z,0,0,549,230,0
2026-08-17T01:26:32.893013Z,0,0,549,230,0
2026-08-17T01:26:32.8983737Z,0,0,549,230,0
2026-08-17T01:26:32.9030273Z,0,0,549,230,0
2026-08-17T01:26:32.9082241Z,0,0,549,230,0
2026-08-17T01:26:32.9132839Z,0,0,549,230,0
2026-08-17T01:26:32.9181903Z,0,0,549,230,0
2026-08-17T01:26:32.9234786Z,0,0,549,230,0
2026-08-17T01:26:32.9282199Z,0,0,549,230,0
2026-08-17T01:26:32.9331205Z,0,0,549,230,0
2026-08-17T01:26:32.9379803Z,0,0,549,230,0
2026-08-17T01:26:32.9432769Z,0,0,549,230,0
2026-08-17T01:26:32.9480411Z,0,0,549,230,0
2026-08-17T01:26:32.9533144Z,0,0,549,230,0
2026-08-17T01:26:32.9582603Z,0,0,549,230,0
2026-08-17T01:26:32.963088Z,0,0,549,230,0
2026-08-17T01:26:32.9684341Z,0,0,549,230,0
2026-08-17T01:26:32.9729507Z,0,0,549,230,0
2026-08-17T01:26:32.9780437Z,0,0,549,230,0
2026-08-17T01:26:32.9831901Z,0,0,549,230,0
2026-08-17T01:26:32.9882637Z,0,0,549,230,0
2026-08-17T01:26:32.9933839Z,0,0,549,230,0
2026-08-17T01:26:32.9981554Z,0,0,549,230,0
2026-08-17T01:26:33.0029961Z,0,0,549,230,0
2026-08-17T01:26:33.0080829Z,0,0,549,230,0
2026-08-17T01:26:33.0136299Z,0,0,549,230,0
2026-08-17T01:26:33.0183976Z,0,0,549,230,0
2026-08-17T01:26:33.0231353Z,0,0,549,230,0
2026-08-17T01:26:33.0287495Z,0,0,549,230,0
2026-08-17T01:26:33.0333551Z,0,0,549,230,0
2026-08-17T01:26:33.0382755Z,0,0,549,230,0
2026-08-17T01:26:33.0429523Z,0,0,549,230,0
2026-08-17T01:26:33.0481111Z,0,0,549,230,0
2026-08-17T01:26:33.0531889Z,0,0,549,230,0
2026-08-17T01:26:33.0581386Z,0,0,549,230,0
2026-08-17T01:26:33.0633778Z,0,0,549,230,0
2026-08-17T01:26:33.0680875Z,0,0,549,230,0
2026-08-17T01:26:33.0731552Z,0,0,549,230,0
2026-08-17T01:26:33.078237Z,0,0,549,230,0
2026-08-17T01:26:33.0833401Z,0,0,549,230,0
2026-08-17T01:26:33.0881573Z,0,0,549,230,0
2026-08-17T01:26:33.0932018Z,0,0,549,230,0
2026-08-17T01:26:33.0981295Z,0,0,549,230,0
2026-08-17T01:26:33.1032278Z,0,0,549,230,0
2026-08-17T01:26:33.1081086Z,0,0,549,230,0
2026-08-17T01:26:33.1132208Z,0,0,549,230,0
2026-08-17T01:26:33.1181485Z,0,0,549,230,0
2026-08-17T01:26:33.123111Z,0,0,549,230,0
2026-08-17T01:26:33.1283072Z,0,0,549,230,0
2026-08-17T01:26:33.1334421Z,0,0,549,230,0
2026-08-17T01:26:33.1382195Z,0,0,549,230,0
2026-08-17T01:26:33.1434837Z,0,0,549,230,0
2026-08-17T01:26:33.1482882Z,0,0,549,230,0
2026-08-17T01:26:33.1530981Z,0,0,549,230,0
2026-08-17T01:26:33.1581898Z,0,0,549,230,0
2026-08-17T01:26:33.1633429Z,0,0,549,230,0
2026-08-17T01:26:33.168094Z,0,0,549,230,0
2026-08-17T01:26:33.1730696Z,0,0,549,230,0
2026-08-17T01:26:33.1780057Z,0,0,549,230,0
2026-08-17T01:26:33.1830216Z,0,0,549,230,0
2026-08-17T01:26:33.1882262Z,0,0,549,230,0
2026-08-17T01:26:33.1931249Z,0,0,549,230,0
2026-08-17T01:26:33.1982382Z,0,0,549,230,0
2026-08-17T01:26:33.2033844Z,0,0,549,230,0
2026-08-17T01:26:33.2086375Z,0,0,549,230,0
2026-08-17T01:26:33.2131221Z,0,0,549,230,0
2026-08-17T01:26:33.2180174Z,0,0,549,230,0
2026-08-17T01:26:33.2233145Z,0,0,549,230,0
2026-08-17T01:26:33.2282228Z,0,0,549,230,0
2026-08-17T01:26:33.2332761Z,0,0,549,230,0
2026-08-17T01:26:33.238111Z,0,0,549,230,0
2026-08-17T01:26:33.2432468Z,0,0,549,230,0
2026-08-17T01:26:33.248379Z,0,0,549,230,0
2026-08-17T01:26:33.2533576Z,0,0,549,230,0
2026-08-17T01:26:33.2583249Z,0,0,549,230,0
2026-08-17T01:26:33.2635742Z,0,0,549,230,0
2026-08-17T01:26:33.2682824Z,0,0,549,230,0
2026-08-17T01:26:33.2736993Z,0,0,549,230,0
2026-08-17T01:26:33.2784086Z,0,0,549,230,0
2026-08-17T01:26:33.283208Z,0,0,549,230,0
2026-08-17T01:26:33.2885367Z,0,0,549,230,0
2026-08-17T01:26:33.2930436Z,0,0,549,230,0
2026-08-17T01:26:33.2981002Z,0,0,549,230,0
2026-08-17T01:26:33.3031064Z,0,0,549,230,0
2026-08-17T01:26:33.308421Z,0,0,549,230,0
2026-08-17T01:26:33.3134095Z,0,0,549,230,0
2026-08-17T01:26:33.3180887Z,0,0,549,230,0
2026-08-17T01:26:33.3237466Z,0,0,549,230,0
2026-08-17T01:26:33.3282018Z,0,0,549,230,0
2026-08-17T01:26:33.33327Z,0,0,549,230,0
2026-08-17T01:26:33.3382326Z,0,0,549,230,0
2026-08-17T01:26:33.3430616Z,0,0,549,230,0
2026-08-17T01:26:33.3482335Z,0,0,549,230,0
2026-08-17T01:26:33.3533203Z,0,0,549,230,0
2026-08-17T01:26:33.3585577Z,0,0,549,230,0
2026-08-17T01:26:33.3634748Z,0,0,549,230,0
2026-08-17T01:26:33.3680291Z,0,0,549,230,0
2026-08-17T01:26:33.3735331Z,0,0,549,230,0
2026-08-17T01:26:33.37842Z,0,0,549,230,0
2026-08-17T01:26:33.3832094Z,0,0,549,230,0
2026-08-17T01:26:33.3881238Z,0,0,549,230,0
2026-08-17T01:26:33.3930486Z,0,0,549,230,0
2026-08-17T01:26:33.3980758Z,0,0,549,230,0
2026-08-17T01:26:33.4030689Z,0,0,549,230,0
2026-08-17T01:26:33.4082671Z,0,0,549,230,0
2026-08-17T01:26:33.4130188Z,0,0,549,230,0
2026-08-17T01:26:33.4182211Z,0,0,549,230,0
2026-08-17T01:26:33.4230884Z,0,0,549,230,0
2026-08-17T01:26:33.4281633Z,0,0,549,230,0
2026-08-17T01:26:33.4334036Z,0,0,549,230,0
2026-08-17T01:26:33.4380006Z,0,0,549,230,0
2026-08-17T01:26:33.4429712Z,0,0,549,230,0
2026-08-17T01:26:33.4481934Z,0,0,549,230,0
2026-08-17T01:26:33.4530443Z,0,0,549,230,0
2026-08-17T01:26:33.4583485Z,0,0,549,230,0
2026-08-17T01:26:33.4630731Z,0,0,549,230,0
2026-08-17T01:26:33.4684148Z,0,0,549,230,0
2026-08-17T01:26:33.4730923Z,0,0,549,230,0
2026-08-17T01:26:33.4780598Z,0,0,549,230,0
2026-08-17T01:26:33.482844Z,0,0,549,230,0
2026-08-17T01:26:33.4879845Z,0,0,549,230,0
2026-08-17T01:26:33.4931898Z,0,0,549,230,0
2026-08-17T01:26:33.4980548Z,0,0,549,230,0
2026-08-17T01:26:33.503664Z,0,0,549,230,0
2026-08-17T01:26:33.5084502Z,0,0,549,230,0
2026-08-17T01:26:33.5131416Z,0,0,549,230,0
2026-08-17T01:26:33.5186188Z,0,0,549,230,0
2026-08-17T01:26:33.5231336Z,0,0,549,230,0
2026-08-17T01:26:33.5281616Z,0,0,549,230,0
2026-08-17T01:26:33.5334145Z,0,0,549,230,0
2026-08-17T01:26:33.5383422Z,0,0,549,230,0
2026-08-17T01:26:33.5434471Z,0,0,549,230,0
2026-08-17T01:26:33.5484668Z,0,0,549,230,0
2026-08-17T01:26:33.552989Z,0,0,549,230,0
2026-08-17T01:26:33.5580908Z,0,0,549,230,0
2026-08-17T01:26:33.5633788Z,0,0,549,230,0
2026-08-17T01:26:33.5681356Z,0,0,549,230,0
2026-08-17T01:26:33.5733003Z,0,0,549,230,0
2026-08-17T01:26:33.5783481Z,0,0,549,230,0
2026-08-17T01:26:33.5833475Z,0,0,549,230,0
2026-08-17T01:26:33.5881062Z,0,0,549,230,0
2026-08-17T01:26:33.5934089Z,0,0,549,230,0
2026-08-17T01:26:33.5983628Z,0,0,549,230,0
2026-08-17T01:26:33.6030276Z,0,0,549,230,0
2026-08-17T01:26:33.6084879Z,0,0,549,230,0
2026-08-17T01:26:33.6132848Z,0,0,549,230,0
2026-08-17T01:26:33.6180245Z,0,0,549,230,0
2026-08-17T01:26:33.6230321Z,0,0,549,230,0
2026-08-17T01:26:33.6284022Z,0,0,549,230,0
2026-08-17T01:26:33.6330497Z,0,0,549,230,0
2026-08-17T01:26:33.6379646Z,0,0,549,230,0
2026-08-17T01:26:33.6434444Z,0,0,549,230,0
2026-08-17T01:26:33.6483987Z,0,0,549,230,0
2026-08-17T01:26:33.6529683Z,0,0,549,230,0
2026-08-17T01:26:33.6581383Z,0,0,549,230,0
2026-08-17T01:26:33.6630341Z,0,0,549,230,0
2026-08-17T01:26:33.6680711Z,0,0,549,230,0
2026-08-17T01:26:33.6732375Z,0,0,549,230,0
2026-08-17T01:26:33.6783694Z,0,0,549,230,0
2026-08-17T01:26:33.6833257Z,0,0,549,230,0
2026-08-17T01:26:33.6881369Z,0,0,549,230,0
2026-08-17T01:26:33.6935305Z,0,0,549,230,0
2026-08-17T01:26:33.6983583Z,0,0,549,230,0
2026-08-17T01:26:33.7033051Z,0,0,549,230,0
2026-08-17T01:26:33.7082536Z,0,0,549,230,0
2026-08-17T01:26:33.7132047Z,0,0,549,230,0
2026-08-17T01:26:33.7184255Z,0,0,549,230,0
2026-08-17T01:26:33.7233978Z,0,0,549,230,0
2026-08-17T01:26:33.7282729Z,0,0,549,230,0
2026-08-17T01:26:33.7333136Z,0,0,549,230,0
2026-08-17T01:26:33.7380468Z,0,0,549,230,0
2026-08-17T01:26:33.743584Z,0,0,549,230,0
2026-08-17T01:26:33.7484896Z,0,0,549,230,0
2026-08-17T01:26:33.7534121Z,0,0,549,230,0
2026-08-17T01:26:33.7582073Z,0,0,549,230,0
2026-08-17T01:26:33.7632605Z,0,0,549,230,0
2026-08-17T01:26:33.7680609Z,0,0,549,230,0
2026-08-17T01:26:33.7730458Z,0,0,549,230,0
2026-08-17T01:26:33.7780015Z,0,0,549,230,0
2026-08-17T01:26:33.7834707Z,0,0,549,230,0
2026-08-17T01:26:33.7884459Z,0,0,549,230,0
2026-08-17T01:26:33.7931861Z,0,0,549,230,0
2026-08-17T01:26:33.7980865Z,0,0,549,230,0
2026-08-17T01:26:33.8030364Z,0,0,549,230,0
2026-08-17T01:26:33.8084425Z,0,0,549,230,0
2026-08-17T01:26:33.8132753Z,0,0,549,230,0
2026-08-17T01:26:33.818527Z,0,0,549,230,0
2026-08-17T01:26:33.8230998Z,0,0,549,230,0
2026-08-17T01:26:33.8283436Z,0,0,549,230,0
2026-08-17T01:26:33.8332268Z,0,0,549,230,0
2026-08-17T01:26:33.837992Z,0,0,549,230,0
2026-08-17T01:26:33.8434063Z,0,0,549,230,0
2026-08-17T01:26:33.8481613Z,0,0,549,230,0
2026-08-17T01:26:33.8532734Z,0,0,549,230,0
2026-08-17T01:26:33.8579452Z,0,0,549,230,0
2026-08-17T01:26:33.8633427Z,0,0,549,230,0
2026-08-17T01:26:33.8680131Z,0,0,549,230,0
2026-08-17T01:26:33.8733665Z,0,0,549,230,0
2026-08-17T01:26:33.8781319Z,0,0,549,230,0
2026-08-17T01:26:33.8832677Z,0,0,549,230,0
2026-08-17T01:26:33.8880014Z,0,0,549,230,0
2026-08-17T01:26:33.8930136Z,0,0,549,230,0
2026-08-17T01:26:33.8983726Z,0,0,549,230,0
2026-08-17T01:26:33.903785Z,0,0,549,230,0
2026-08-17T01:26:33.9080101Z,0,0,549,230,0
2026-08-17T01:26:33.9130734Z,0,0,549,230,0
2026-08-17T01:26:33.918279Z,0,0,549,230,0
2026-08-17T01:26:33.9232523Z,0,0,549,230,0
2026-08-17T01:26:33.9280199Z,0,0,549,230,0
2026-08-17T01:26:33.9335316Z,0,0,549,230,0
2026-08-17T01:26:33.9382313Z,0,0,549,230,0
2026-08-17T01:26:33.9432997Z,0,0,549,230,0
2026-08-17T01:26:33.9483129Z,0,0,549,230,0
2026-08-17T01:26:33.9530731Z,0,0,549,230,0
2026-08-17T01:26:33.9584497Z,0,0,549,230,0
2026-08-17T01:26:33.9634674Z,0,0,549,230,0
2026-08-17T01:26:33.9680532Z,0,0,549,230,0
2026-08-17T01:26:33.9735034Z,0,0,549,230,0
2026-08-17T01:26:33.9782226Z,0,0,549,230,0
2026-08-17T01:26:33.9831049Z,0,0,549,230,0
2026-08-17T01:26:33.9884438Z,0,0,549,230,0
2026-08-17T01:26:33.9933512Z,0,0,549,230,0
2026-08-17T01:26:33.9981216Z,0,0,549,230,0
2026-08-17T01:26:34.0031513Z,0,0,549,230,0
2026-08-17T01:26:34.0084736Z,0,0,549,230,0
2026-08-17T01:26:34.0133839Z,0,0,549,230,0
2026-08-17T01:26:34.0181061Z,0,0,549,230,0
2026-08-17T01:26:34.023113Z,0,0,549,230,0
2026-08-17T01:26:34.0281853Z,0,0,549,230,0
2026-08-17T01:26:34.0331811Z,0,0,549,230,0
2026-08-17T01:26:34.0382106Z,0,0,549,230,0
2026-08-17T01:26:34.0433834Z,0,0,549,230,0
2026-08-17T01:26:34.0480993Z,0,0,549,230,0
2026-08-17T01:26:34.0531359Z,0,0,549,230,0
2026-08-17T01:26:34.0581259Z,0,0,549,230,0
2026-08-17T01:26:34.0631546Z,0,0,549,230,0
2026-08-17T01:26:34.0681048Z,0,0,549,230,0
2026-08-17T01:26:34.0733397Z,0,0,549,230,0
2026-08-17T01:26:34.078511Z,0,0,549,230,0
2026-08-17T01:26:34.0830811Z,0,0,549,230,0
2026-08-17T01:26:34.0883302Z,0,0,549,230,0
2026-08-17T01:26:34.093298Z,0,0,549,230,0
2026-08-17T01:26:34.098256Z,0,0,549,230,0
2026-08-17T01:26:34.1029702Z,0,0,549,230,0
2026-08-17T01:26:34.1080767Z,0,0,549,230,0
2026-08-17T01:26:34.1131815Z,0,0,549,230,0
2026-08-17T01:26:34.1180322Z,0,0,549,230,0
2026-08-17T01:26:34.123447Z,0,0,549,230,0
2026-08-17T01:26:34.1282603Z,0,0,549,230,0
2026-08-17T01:26:34.1331037Z,0,0,549,230,0
2026-08-17T01:26:34.137947Z,0,0,549,230,0
2026-08-17T01:26:34.14308Z,0,0,549,230,0
2026-08-17T01:26:34.1479604Z,0,0,549,230,0
2026-08-17T01:26:34.1533129Z,0,0,549,230,0
2026-08-17T01:26:34.1582481Z,0,0,549,230,0
2026-08-17T01:26:34.1634139Z,0,0,549,230,0
2026-08-17T01:26:34.1681449Z,0,0,549,230,0
2026-08-17T01:26:34.1735223Z,0,0,549,230,0
2026-08-17T01:26:34.1783352Z,0,0,549,230,0
2026-08-17T01:26:34.1834342Z,0,0,549,230,0
2026-08-17T01:26:34.1882878Z,0,0,549,230,0
2026-08-17T01:26:34.1929777Z,0,0,549,230,0
2026-08-17T01:26:34.198054Z,0,0,549,230,0
2026-08-17T01:26:34.2030323Z,0,0,549,230,0
2026-08-17T01:26:34.2084736Z,0,0,549,230,0
2026-08-17T01:26:34.2132798Z,0,0,549,230,0
2026-08-17T01:26:34.2181743Z,0,0,549,230,0
2026-08-17T01:26:34.2231107Z,0,0,549,230,0
2026-08-17T01:26:34.2281035Z,0,0,549,230,0
2026-08-17T01:26:34.2330587Z,0,0,549,230,0
2026-08-17T01:26:34.2383753Z,0,0,549,230,0
2026-08-17T01:26:34.2432821Z,0,0,549,230,0
2026-08-17T01:26:34.248106Z,0,0,549,230,0
2026-08-17T01:26:34.2529602Z,0,0,549,230,0
2026-08-17T01:26:34.2579939Z,0,0,549,230,0
2026-08-17T01:26:34.2632967Z,0,0,549,230,0
2026-08-17T01:26:34.2684963Z,0,0,549,230,0
2026-08-17T01:26:34.2734348Z,0,0,549,230,0
2026-08-17T01:26:34.2782852Z,0,0,549,230,0
2026-08-17T01:26:34.2831114Z,0,0,549,230,0
2026-08-17T01:26:34.2880302Z,0,0,549,230,0
2026-08-17T01:26:34.2933323Z,0,0,549,230,0
2026-08-17T01:26:34.2982855Z,0,0,549,230,0
2026-08-17T01:26:34.3032441Z,0,0,549,230,0
2026-08-17T01:26:34.3085054Z,0,0,549,230,0
2026-08-17T01:26:34.3134402Z,0,0,549,230,0
2026-08-17T01:26:34.3181039Z,0,0,549,230,0
2026-08-17T01:26:34.3231393Z,0,0,549,230,0
2026-08-17T01:26:34.3280071Z,0,0,549,230,0
2026-08-17T01:26:34.3331697Z,0,0,549,230,0
2026-08-17T01:26:34.338397Z,0,0,549,230,0
2026-08-17T01:26:34.3431311Z,0,0,549,230,0
2026-08-17T01:26:34.3480337Z,0,0,549,230,0
2026-08-17T01:26:34.3535878Z,0,0,549,230,0
2026-08-17T01:26:34.3583101Z,0,0,549,230,0
2026-08-17T01:26:34.3629595Z,0,0,549,230,0
2026-08-17T01:26:34.3681335Z,0,0,549,230,0
2026-08-17T01:26:34.373058Z,0,0,549,230,0
2026-08-17T01:26:34.3783134Z,0,0,549,230,0
2026-08-17T01:26:34.3831315Z,0,0,549,230,0
2026-08-17T01:26:34.3880754Z,0,0,549,230,0
2026-08-17T01:26:34.39313Z,0,0,549,230,0
2026-08-17T01:26:34.3980715Z,0,0,549,230,0
2026-08-17T01:26:34.402995Z,0,0,549,230,0
2026-08-17T01:26:34.4084357Z,0,0,549,230,0
2026-08-17T01:26:34.4129457Z,0,0,549,230,0
2026-08-17T01:26:34.4179998Z,0,0,549,230,0
2026-08-17T01:26:34.4233666Z,0,0,549,230,0
2026-08-17T01:26:34.4283065Z,0,0,549,230,0
2026-08-17T01:26:34.4329495Z,0,0,549,230,0
2026-08-17T01:26:34.4381138Z,0,0,549,230,0
2026-08-17T01:26:34.4432731Z,0,0,549,230,0
2026-08-17T01:26:34.4481836Z,0,0,549,230,0
2026-08-17T01:26:34.4532198Z,0,0,549,230,0
2026-08-17T01:26:34.4581131Z,0,0,549,230,0
2026-08-17T01:26:34.4632598Z,0,0,549,230,0
2026-08-17T01:26:34.4681379Z,0,0,549,230,0
2026-08-17T01:26:34.4731292Z,0,0,549,230,0
2026-08-17T01:26:34.4779237Z,0,0,549,230,0
2026-08-17T01:26:34.4832348Z,0,0,549,230,0
2026-08-17T01:26:34.48842Z,0,0,549,230,0
2026-08-17T01:26:34.4930286Z,0,0,549,230,0
2026-08-17T01:26:34.4979845Z,0,0,549,230,0
2026-08-17T01:26:34.5032938Z,0,0,549,230,0
2026-08-17T01:26:34.508158Z,0,0,549,230,0
2026-08-17T01:26:34.513105Z,0,0,549,230,0
2026-08-17T01:26:34.5185106Z,0,0,549,230,0
2026-08-17T01:26:34.5232561Z,0,0,549,230,0
2026-08-17T01:26:34.5279667Z,0,0,549,230,0
2026-08-17T01:26:34.5330928Z,0,0,549,230,0
2026-08-17T01:26:34.5379745Z,0,0,549,230,0
2026-08-17T01:26:34.543314Z,0,0,549,230,0
2026-08-17T01:26:34.5480087Z,0,0,549,230,0
2026-08-17T01:26:34.553431Z,0,0,549,230,0
2026-08-17T01:26:34.558224Z,0,0,549,230,0
2026-08-17T01:26:34.5631113Z,0,0,549,230,0
2026-08-17T01:26:34.5680727Z,0,0,549,230,0
2026-08-17T01:26:34.5732107Z,0,0,549,230,0
2026-08-17T01:26:34.5780421Z,0,0,549,230,0
2026-08-17T01:26:34.5833195Z,0,0,549,230,0
2026-08-17T01:26:34.5881735Z,0,0,549,230,0
2026-08-17T01:26:34.5931061Z,0,0,549,230,0
2026-08-17T01:26:34.5984512Z,0,0,549,230,0
2026-08-17T01:26:34.6031956Z,0,0,549,230,0
2026-08-17T01:26:34.6081284Z,0,0,549,230,0
2026-08-17T01:26:34.6132727Z,0,0,549,230,0
2026-08-17T01:26:34.618584Z,0,0,549,230,0
2026-08-17T01:26:34.6230342Z,0,0,549,230,0
2026-08-17T01:26:34.6281343Z,0,0,549,230,0
2026-08-17T01:26:34.6336232Z,0,0,549,230,0
2026-08-17T01:26:34.6383935Z,0,0,549,230,0
2026-08-17T01:26:34.6430472Z,0,0,549,230,0
2026-08-17T01:26:34.6482464Z,0,0,549,230,0
2026-08-17T01:26:34.6532691Z,0,0,549,230,0
2026-08-17T01:26:34.6579916Z,0,0,549,230,0
2026-08-17T01:26:34.6630732Z,0,0,549,230,0
2026-08-17T01:26:34.6679834Z,0,0,549,230,0
2026-08-17T01:26:34.6730598Z,0,0,549,230,0
2026-08-17T01:26:34.6780489Z,0,0,549,230,0
2026-08-17T01:26:34.6830218Z,0,0,549,230,0
2026-08-17T01:26:34.6883344Z,0,0,549,230,0
2026-08-17T01:26:34.6932887Z,0,0,549,230,0
2026-08-17T01:26:34.6982235Z,0,0,549,230,0
2026-08-17T01:26:34.7031158Z,0,0,549,230,0
2026-08-17T01:26:34.7081537Z,0,0,549,230,0
2026-08-17T01:26:34.7133883Z,0,0,549,230,0
2026-08-17T01:26:34.7180682Z,0,0,549,230,0
2026-08-17T01:26:34.7234747Z,0,0,549,230,0
2026-08-17T01:26:34.7283884Z,0,0,549,230,0
2026-08-17T01:26:34.7330814Z,0,0,549,230,0
2026-08-17T01:26:34.7379559Z,0,0,549,230,0
2026-08-17T01:26:34.7433346Z,0,0,549,230,0
2026-08-17T01:26:34.7481952Z,0,0,549,230,0
2026-08-17T01:26:34.7533247Z,0,0,549,230,0
2026-08-17T01:26:34.7580659Z,0,0,549,230,0
2026-08-17T01:26:34.7630517Z,0,0,549,230,0
2026-08-17T01:26:34.7684161Z,0,0,549,230,0
2026-08-17T01:26:34.7734291Z,0,0,549,230,0
2026-08-17T01:26:34.7783116Z,0,0,549,230,0
2026-08-17T01:26:34.783357Z,0,0,549,230,0
2026-08-17T01:26:34.7882438Z,0,0,549,230,0
2026-08-17T01:26:34.7932563Z,0,0,549,230,0
2026-08-17T01:26:34.7985354Z,0,0,549,230,0
2026-08-17T01:26:34.8034855Z,0,0,549,230,0
2026-08-17T01:26:34.8082828Z,0,0,549,230,0
2026-08-17T01:26:34.813029Z,0,0,549,230,0
2026-08-17T01:26:34.8181106Z,0,0,549,230,0
2026-08-17T01:26:34.8231742Z,0,0,549,230,0
2026-08-17T01:26:34.8284971Z,0,0,549,230,0
2026-08-17T01:26:34.8329807Z,0,0,549,230,0
2026-08-17T01:26:34.8382403Z,0,0,549,230,0
2026-08-17T01:26:34.843428Z,0,0,549,230,0
2026-08-17T01:26:34.8481365Z,0,0,549,230,0
2026-08-17T01:26:34.8533199Z,0,0,549,230,0
2026-08-17T01:26:34.8579911Z,0,0,549,230,0
2026-08-17T01:26:34.8634047Z,0,0,549,230,0
2026-08-17T01:26:34.8683481Z,0,0,549,230,0
2026-08-17T01:26:34.8730265Z,0,0,549,230,0
2026-08-17T01:26:34.8782963Z,0,0,549,230,0
2026-08-17T01:26:34.8829993Z,0,0,549,230,0
2026-08-17T01:26:34.8884288Z,0,0,549,230,0
2026-08-17T01:26:34.8931564Z,0,0,549,230,0
2026-08-17T01:26:34.8979998Z,0,0,549,230,0
2026-08-17T01:26:34.9033988Z,0,0,549,230,0
2026-08-17T01:26:34.9083998Z,0,0,549,230,0
2026-08-17T01:26:34.9130716Z,0,0,549,230,0
2026-08-17T01:26:34.9181229Z,0,0,549,230,0
2026-08-17T01:26:34.9231849Z,0,0,549,230,0
2026-08-17T01:26:34.9282796Z,0,0,549,230,0
2026-08-17T01:26:34.9332295Z,0,0,549,230,0
2026-08-17T01:26:34.9382423Z,0,0,549,230,0
2026-08-17T01:26:34.9433824Z,0,0,549,230,0
2026-08-17T01:26:34.9482074Z,0,0,549,230,0
2026-08-17T01:26:34.953172Z,0,0,549,230,0
2026-08-17T01:26:34.9584653Z,0,0,549,230,0
2026-08-17T01:26:34.9633568Z,0,0,549,230,0
2026-08-17T01:26:34.9681222Z,0,0,549,230,0
2026-08-17T01:26:34.9730225Z,0,0,549,230,0
2026-08-17T01:26:34.9784406Z,0,0,549,230,0
2026-08-17T01:26:34.9829782Z,0,0,549,230,0
2026-08-17T01:26:34.9883188Z,0,0,549,230,0
2026-08-17T01:26:34.993294Z,0,0,549,230,0
2026-08-17T01:26:34.9981697Z,0,0,549,230,0
2026-08-17T01:26:35.0033349Z,0,0,549,230,0
2026-08-17T01:26:35.0082407Z,0,0,549,230,0
2026-08-17T01:26:35.0133802Z,0,0,549,230,0
2026-08-17T01:26:35.0181701Z,0,0,549,230,0
2026-08-17T01:26:35.023243Z,0,0,549,230,0
2026-08-17T01:26:35.028238Z,0,0,549,230,0
2026-08-17T01:26:35.0334315Z,0,0,549,230,0
2026-08-17T01:26:35.038193Z,0,0,549,230,0
2026-08-17T01:26:35.0430769Z,0,0,549,230,0
2026-08-17T01:26:35.0486282Z,0,0,549,230,0
2026-08-17T01:26:35.0531727Z,0,0,549,230,0
2026-08-17T01:26:35.0584003Z,0,0,549,230,0
2026-08-17T01:26:35.0631202Z,0,0,549,230,0
2026-08-17T01:26:35.068487Z,0,0,549,230,0
2026-08-17T01:26:35.0733497Z,0,0,549,230,0
2026-08-17T01:26:35.0782552Z,0,0,549,230,0
2026-08-17T01:26:35.0833348Z,0,0,549,230,0
2026-08-17T01:26:35.0880652Z,0,0,549,230,0
2026-08-17T01:26:35.0932433Z,0,0,549,230,0
2026-08-17T01:26:35.0983449Z,0,0,549,230,0
2026-08-17T01:26:35.1034185Z,0,0,549,230,0
2026-08-17T01:26:35.1083989Z,0,0,549,230,0
2026-08-17T01:26:35.1131337Z,0,0,549,230,0
2026-08-17T01:26:35.1180295Z,0,0,549,230,0
2026-08-17T01:26:35.1230405Z,0,0,549,230,0
2026-08-17T01:26:35.1279943Z,0,0,549,230,0
2026-08-17T01:26:35.1329622Z,0,0,549,230,0
2026-08-17T01:26:35.1383657Z,0,0,549,230,0
2026-08-17T01:26:35.1430641Z,0,0,549,230,0
2026-08-17T01:26:35.1480951Z,0,0,549,230,0
2026-08-17T01:26:35.1530294Z,0,0,549,230,0
2026-08-17T01:26:35.1580237Z,0,0,549,230,0
2026-08-17T01:26:35.1633897Z,0,0,549,230,0
2026-08-17T01:26:35.1681539Z,0,0,549,230,0
2026-08-17T01:26:35.1733406Z,0,0,549,230,0
2026-08-17T01:26:35.1781125Z,0,0,549,230,0
2026-08-17T01:26:35.1830603Z,0,0,549,230,0
2026-08-17T01:26:35.1879983Z,0,0,549,230,0
2026-08-17T01:26:35.1933265Z,0,0,549,230,0
2026-08-17T01:26:35.1982331Z,0,0,549,230,0
2026-08-17T01:26:35.2032059Z,0,0,549,230,0
2026-08-17T01:26:35.2080695Z,0,0,549,230,0
2026-08-17T01:26:35.2135262Z,0,0,549,230,0
2026-08-17T01:26:35.2182352Z,0,0,549,230,0
2026-08-17T01:26:35.22303Z,0,0,549,230,0
2026-08-17T01:26:35.2286185Z,0,0,549,230,0
2026-08-17T01:26:35.2330223Z,0,0,549,230,0
2026-08-17T01:26:35.2383937Z,0,0,549,230,0
2026-08-17T01:26:35.2434517Z,0,0,549,230,0
2026-08-17T01:26:35.2483192Z,0,0,549,230,0
2026-08-17T01:26:35.2532599Z,0,0,549,230,0
2026-08-17T01:26:35.258184Z,0,0,549,230,0
2026-08-17T01:26:35.2631675Z,0,0,549,230,0
2026-08-17T01:26:35.2684518Z,0,0,549,230,0
2026-08-17T01:26:35.2730179Z,0,0,549,230,0
2026-08-17T01:26:35.2783975Z,0,0,549,230,0
2026-08-17T01:26:35.2831268Z,0,0,549,230,0
2026-08-17T01:26:35.2879548Z,0,0,549,230,0
2026-08-17T01:26:35.2933253Z,0,0,549,230,0
2026-08-17T01:26:35.2984296Z,0,0,549,230,0
2026-08-17T01:26:35.3030441Z,0,0,549,230,0
2026-08-17T01:26:35.3080328Z,0,0,549,230,0
2026-08-17T01:26:35.3134732Z,0,0,549,230,0
2026-08-17T01:26:35.3183506Z,0,0,549,230,0
2026-08-17T01:26:35.3230731Z,0,0,549,230,0
2026-08-17T01:26:35.3282437Z,0,0,549,230,0
2026-08-17T01:26:35.333271Z,0,0,549,230,0
2026-08-17T01:26:35.3385599Z,0,0,549,230,0
2026-08-17T01:26:35.3430949Z,0,0,549,230,0
2026-08-17T01:26:35.3483715Z,0,0,549,230,0
2026-08-17T01:26:35.3533132Z,0,0,549,230,0
2026-08-17T01:26:35.3583104Z,0,0,549,230,0
2026-08-17T01:26:35.3633026Z,0,0,549,230,0
2026-08-17T01:26:35.3679941Z,0,0,549,230,0
2026-08-17T01:26:35.3730352Z,0,0,549,230,0
2026-08-17T01:26:35.3781407Z,0,0,549,230,0
2026-08-17T01:26:35.3831077Z,0,0,549,230,0
2026-08-17T01:26:35.3879985Z,0,0,549,230,0
2026-08-17T01:26:35.3934987Z,0,0,549,230,0
2026-08-17T01:26:35.3981792Z,0,0,549,230,0
2026-08-17T01:26:35.4031607Z,0,0,549,230,0
2026-08-17T01:26:35.4084366Z,0,0,549,230,0
2026-08-17T01:26:35.4130142Z,0,0,549,230,0
2026-08-17T01:26:35.4180708Z,0,0,549,230,0
2026-08-17T01:26:35.4235266Z,0,0,549,230,0
2026-08-17T01:26:35.4284137Z,0,0,549,230,0
2026-08-17T01:26:35.4333882Z,0,0,549,230,0
2026-08-17T01:26:35.4383583Z,0,0,549,230,0
2026-08-17T01:26:35.4431768Z,0,0,549,230,0
2026-08-17T01:26:35.4481186Z,0,0,549,230,0
2026-08-17T01:26:35.453192Z,0,0,549,230,0
2026-08-17T01:26:35.4580412Z,0,0,549,230,0
2026-08-17T01:26:35.4630476Z,0,0,549,230,0
2026-08-17T01:26:35.4685288Z,0,0,549,230,0
2026-08-17T01:26:35.4734372Z,0,0,549,230,0
2026-08-17T01:26:35.4782044Z,0,0,549,230,0
2026-08-17T01:26:35.4834382Z,0,0,549,230,0
2026-08-17T01:26:35.4882203Z,0,0,549,230,0
2026-08-17T01:26:35.4932217Z,0,0,549,230,0
2026-08-17T01:26:35.4984794Z,0,0,549,230,0
2026-08-17T01:26:35.5033974Z,0,0,549,230,0
2026-08-17T01:26:35.5083182Z,0,0,549,230,0
2026-08-17T01:26:35.5133066Z,0,0,549,230,0
2026-08-17T01:26:35.5180239Z,0,0,549,230,0
2026-08-17T01:26:35.5234397Z,0,0,549,230,0
2026-08-17T01:26:35.5282974Z,0,0,549,230,0
2026-08-17T01:26:35.5330035Z,0,0,549,230,0
2026-08-17T01:26:35.5380903Z,0,0,549,230,0
2026-08-17T01:26:35.5433678Z,0,0,549,230,0
2026-08-17T01:26:35.5484264Z,0,0,549,230,0
2026-08-17T01:26:35.5529913Z,0,0,549,230,0
2026-08-17T01:26:35.5583185Z,0,0,549,230,0
2026-08-17T01:26:35.5633483Z,0,0,549,230,0
2026-08-17T01:26:35.568023Z,0,0,549,230,0
2026-08-17T01:26:35.5729801Z,0,0,549,230,0
2026-08-17T01:26:35.5782472Z,0,0,549,230,0
2026-08-17T01:26:35.5829913Z,0,0,549,230,0
2026-08-17T01:26:35.5880978Z,0,0,549,230,0
2026-08-17T01:26:35.5934877Z,0,0,549,230,0
2026-08-17T01:26:35.5982889Z,0,0,549,230,0
2026-08-17T01:26:35.6032578Z,0,0,549,230,0
2026-08-17T01:26:35.608177Z,0,0,549,230,0
2026-08-17T01:26:35.6130421Z,0,0,549,230,0
2026-08-17T01:26:35.6181221Z,0,0,549,230,0
2026-08-17T01:26:35.623427Z,0,0,549,230,0
2026-08-17T01:26:35.6280293Z,0,0,549,230,0
2026-08-17T01:26:35.6333692Z,0,0,549,230,0
2026-08-17T01:26:35.6383286Z,0,0,549,230,0
2026-08-17T01:26:35.643418Z,0,0,549,230,0
2026-08-17T01:26:35.6483656Z,0,0,549,230,0
2026-08-17T01:26:35.6539786Z,0,0,549,230,0
2026-08-17T01:26:35.6582626Z,0,0,549,230,0
2026-08-17T01:26:35.663343Z,0,0,549,230,0
2026-08-17T01:26:35.6680536Z,0,0,549,230,0
2026-08-17T01:26:35.6733793Z,0,0,549,230,0
2026-08-17T01:26:35.6782613Z,0,0,549,230,0
2026-08-17T01:26:35.6833712Z,0,0,549,230,0
2026-08-17T01:26:35.6882237Z,0,0,549,230,0
2026-08-17T01:26:35.6932848Z,0,0,549,230,0
2026-08-17T01:26:35.698094Z,0,0,549,230,0
2026-08-17T01:26:35.7034083Z,0,0,549,230,0
2026-08-17T01:26:35.7083475Z,0,0,549,230,0
2026-08-17T01:26:35.7132964Z,0,0,549,230,0
2026-08-17T01:26:35.7180194Z,0,0,549,230,0
2026-08-17T01:26:35.7230563Z,0,0,549,230,0
2026-08-17T01:26:35.728226Z,0,0,549,230,0
2026-08-17T01:26:35.7332446Z,0,0,549,230,0
2026-08-17T01:26:35.7379724Z,0,0,549,230,0
2026-08-17T01:26:35.743293Z,0,0,549,230,0
2026-08-17T01:26:35.7481415Z,0,0,549,230,0
2026-08-17T01:26:35.7530524Z,0,0,549,230,0
2026-08-17T01:26:35.7580123Z,0,0,549,230,0
2026-08-17T01:26:35.7633764Z,0,0,549,230,0
2026-08-17T01:26:35.7681163Z,0,0,549,230,0
2026-08-17T01:26:35.773167Z,0,0,549,230,0
2026-08-17T01:26:35.778327Z,0,0,549,230,0
2026-08-17T01:26:35.7838519Z,0,0,549,230,0
2026-08-17T01:26:35.7880651Z,0,0,549,230,0
2026-08-17T01:26:35.7930051Z,0,0,549,230,0
2026-08-17T01:26:35.7982744Z,0,0,549,230,0
2026-08-17T01:26:35.8033196Z,0,0,549,230,0
2026-08-17T01:26:35.8083345Z,0,0,549,230,0
2026-08-17T01:26:35.8134278Z,0,0,549,230,0
2026-08-17T01:26:35.8181474Z,0,0,549,230,0
2026-08-17T01:26:35.8232259Z,0,0,549,230,0
2026-08-17T01:26:35.8282085Z,0,0,549,230,0
2026-08-17T01:26:35.8332629Z,0,0,549,230,0
2026-08-17T01:26:35.8381655Z,0,0,549,230,0
2026-08-17T01:26:35.8435942Z,0,0,549,230,0
2026-08-17T01:26:35.8483498Z,0,0,549,230,0
2026-08-17T01:26:35.8532734Z,0,0,549,230,0
2026-08-17T01:26:35.8582558Z,0,0,549,230,0
2026-08-17T01:26:35.8629999Z,0,0,549,230,0
2026-08-17T01:26:35.8684169Z,0,0,549,230,0
2026-08-17T01:26:35.8734206Z,0,0,549,230,0
2026-08-17T01:26:35.8783123Z,0,0,549,230,0
2026-08-17T01:26:35.8834106Z,0,0,549,230,0
2026-08-17T01:26:35.8883016Z,0,0,549,230,0
2026-08-17T01:26:35.893267Z,0,0,549,230,0
2026-08-17T01:26:35.8984821Z,0,0,549,230,0
2026-08-17T01:26:35.9032537Z,0,0,549,230,0
2026-08-17T01:26:35.9080965Z,0,0,549,230,0
2026-08-17T01:26:35.9132422Z,0,0,549,230,0
2026-08-17T01:26:35.9179289Z,0,0,549,230,0
2026-08-17T01:26:35.9232249Z,0,0,549,230,0
2026-08-17T01:26:35.9284912Z,0,0,549,230,0
2026-08-17T01:26:35.9330001Z,0,0,549,230,0
2026-08-17T01:26:35.9384231Z,0,0,549,230,0
2026-08-17T01:26:35.9435019Z,0,0,549,230,0
2026-08-17T01:26:35.9480029Z,0,0,549,230,0
2026-08-17T01:26:35.9533963Z,0,0,549,230,0
2026-08-17T01:26:35.9582433Z,0,0,549,230,0
2026-08-17T01:26:35.9632567Z,0,0,549,230,0
2026-08-17T01:26:35.9684971Z,0,0,549,230,0
2026-08-17T01:26:35.9731196Z,0,0,549,230,0
2026-08-17T01:26:35.978371Z,0,0,549,230,0
2026-08-17T01:26:35.9833407Z,0,0,549,230,0
2026-08-17T01:26:35.9880272Z,0,0,549,230,0
2026-08-17T01:26:35.9930408Z,0,0,549,230,0
2026-08-17T01:26:35.998139Z,0,0,549,230,0
2026-08-17T01:26:36.0034968Z,0,0,549,230,0
2026-08-17T01:26:36.0080377Z,0,0,549,230,0
2026-08-17T01:26:36.0133385Z,0,0,549,230,0
2026-08-17T01:26:36.0180107Z,0,0,549,230,0
2026-08-17T01:26:36.0233668Z,0,0,549,230,0
2026-08-17T01:26:36.0281282Z,0,0,549,230,0
2026-08-17T01:26:36.0338145Z,0,0,549,230,0
2026-08-17T01:26:36.0380322Z,0,0,549,230,0
2026-08-17T01:26:36.0435615Z,0,0,549,230,0
2026-08-17T01:26:36.0483868Z,0,0,549,230,0
2026-08-17T01:26:36.0532289Z,0,0,549,230,0
2026-08-17T01:26:36.058486Z,0,0,549,230,0
2026-08-17T01:26:36.063081Z,0,0,549,230,0
2026-08-17T01:26:36.0681546Z,0,0,549,230,0
2026-08-17T01:26:36.0734538Z,0,0,549,230,0
2026-08-17T01:26:36.0783887Z,0,0,549,230,0
2026-08-17T01:26:36.0833198Z,0,0,549,230,0
2026-08-17T01:26:36.0880625Z,0,0,549,230,0
2026-08-17T01:26:36.0933465Z,0,0,549,230,0
2026-08-17T01:26:36.098029Z,0,0,549,230,0
2026-08-17T01:26:36.1033545Z,0,0,549,230,0
2026-08-17T01:26:36.108058Z,0,0,549,230,0
2026-08-17T01:26:36.1131016Z,0,0,549,230,0
2026-08-17T01:26:36.1185427Z,0,0,549,230,0
2026-08-17T01:26:36.123106Z,0,0,549,230,0
2026-08-17T01:26:36.1283133Z,0,0,549,230,0
2026-08-17T01:26:36.1333143Z,0,0,549,230,0
2026-08-17T01:26:36.1380642Z,0,0,549,230,0
2026-08-17T01:26:36.1433042Z,0,0,549,230,0
2026-08-17T01:26:36.1481579Z,0,0,549,230,0
2026-08-17T01:26:36.153109Z,0,0,549,230,0
2026-08-17T01:26:36.15823Z,0,0,549,230,0
2026-08-17T01:26:36.1635038Z,0,0,549,230,0
2026-08-17T01:26:36.1681359Z,0,0,549,230,0
2026-08-17T01:26:36.1734432Z,0,0,549,230,0
2026-08-17T01:26:36.1781091Z,0,0,549,230,0
2026-08-17T01:26:36.1834435Z,0,0,549,230,0
2026-08-17T01:26:36.1882962Z,0,0,549,230,0
2026-08-17T01:26:36.1934356Z,0,0,549,230,0
2026-08-17T01:26:36.1981429Z,0,0,549,230,0
2026-08-17T01:26:36.2030078Z,0,0,549,230,0
2026-08-17T01:26:36.2082725Z,0,0,549,230,0
2026-08-17T01:26:36.2132603Z,0,0,549,230,0
2026-08-17T01:26:36.2181146Z,0,0,549,230,0
2026-08-17T01:26:36.2234961Z,0,0,549,230,0
2026-08-17T01:26:36.2284005Z,0,0,549,230,0
2026-08-17T01:26:36.2329933Z,0,0,549,230,0
2026-08-17T01:26:36.2383963Z,0,0,549,230,0
2026-08-17T01:26:36.2431035Z,0,0,549,230,0
2026-08-17T01:26:36.248533Z,0,0,549,230,0
2026-08-17T01:26:36.2530252Z,0,0,549,230,0
2026-08-17T01:26:36.2581034Z,0,0,549,230,0
2026-08-17T01:26:36.2630342Z,0,0,549,230,0
2026-08-17T01:26:36.2680059Z,0,0,549,230,0
2026-08-17T01:26:36.2733103Z,0,0,549,230,0
2026-08-17T01:26:36.2786697Z,0,0,549,230,0
2026-08-17T01:26:36.2834472Z,0,0,549,230,0
2026-08-17T01:26:36.2881177Z,0,0,549,230,0
2026-08-17T01:26:36.2934166Z,0,0,549,230,0
2026-08-17T01:26:36.2981573Z,0,0,549,230,0
2026-08-17T01:26:36.3029947Z,0,0,549,230,0
2026-08-17T01:26:36.3080729Z,0,0,549,230,0
2026-08-17T01:26:36.3134296Z,0,0,549,230,0
2026-08-17T01:26:36.3182302Z,0,0,549,230,0
2026-08-17T01:26:36.3231876Z,0,0,549,230,0
2026-08-17T01:26:36.3284982Z,0,0,549,230,0
2026-08-17T01:26:36.3330369Z,0,0,549,230,0
2026-08-17T01:26:36.3384511Z,0,0,549,230,0
2026-08-17T01:26:36.3433004Z,0,0,549,230,0
2026-08-17T01:26:36.3481262Z,0,0,549,230,0
2026-08-17T01:26:36.3531627Z,0,0,549,230,0
2026-08-17T01:26:36.3583987Z,0,0,549,230,0
2026-08-17T01:26:36.3632238Z,0,0,549,230,0
2026-08-17T01:26:36.3684459Z,0,0,549,230,0
2026-08-17T01:26:36.3731759Z,0,0,549,230,0
2026-08-17T01:26:36.3783844Z,0,0,549,230,0
2026-08-17T01:26:36.383455Z,0,0,549,230,0
2026-08-17T01:26:36.3883407Z,0,0,549,230,0
2026-08-17T01:26:36.3937065Z,0,0,549,230,0
2026-08-17T01:26:36.3985443Z,0,0,549,230,0
2026-08-17T01:26:36.4031935Z,0,0,549,230,0
2026-08-17T01:26:36.4083809Z,0,0,549,230,0
2026-08-17T01:26:36.4130796Z,0,0,549,230,0
2026-08-17T01:26:36.4184838Z,0,0,549,230,0
2026-08-17T01:26:36.423329Z,0,0,549,230,0
2026-08-17T01:26:36.4280908Z,0,0,549,230,0
2026-08-17T01:26:36.4335554Z,0,0,549,230,0
2026-08-17T01:26:36.4381936Z,0,0,549,230,0
2026-08-17T01:26:36.443639Z,0,0,549,230,0
2026-08-17T01:26:36.4484059Z,0,0,549,230,0
2026-08-17T01:26:36.453332Z,0,0,549,230,0
2026-08-17T01:26:36.4586005Z,0,0,549,230,0
2026-08-17T01:26:36.4634594Z,0,0,549,230,0
2026-08-17T01:26:36.4684157Z,0,0,549,230,0
2026-08-17T01:26:36.4735562Z,0,0,549,230,0
2026-08-17T01:26:36.4786053Z,0,0,549,230,0
2026-08-17T01:26:36.4832975Z,0,0,549,230,0
2026-08-17T01:26:36.4880207Z,0,0,549,230,0
2026-08-17T01:26:36.4933039Z,0,0,549,230,0
2026-08-17T01:26:36.4980321Z,0,0,549,230,0
2026-08-17T01:26:36.5032692Z,0,0,549,230,0
2026-08-17T01:26:36.5079264Z,0,0,549,230,0
2026-08-17T01:26:36.5132594Z,0,0,549,230,0
2026-08-17T01:26:36.518018Z,0,0,549,230,0
2026-08-17T01:26:36.5237082Z,0,0,549,230,0
2026-08-17T01:26:36.528494Z,0,0,549,230,0
2026-08-17T01:26:36.5329958Z,0,0,549,230,0
2026-08-17T01:26:36.5385944Z,0,0,549,230,0
2026-08-17T01:26:36.5434579Z,0,0,549,230,0
2026-08-17T01:26:36.5482878Z,0,0,549,230,0
2026-08-17T01:26:36.55328Z,0,0,549,230,0
2026-08-17T01:26:36.5580079Z,0,0,549,230,0
2026-08-17T01:26:36.563485Z,0,0,549,230,0
2026-08-17T01:26:36.5681515Z,0,0,549,230,0
2026-08-17T01:26:36.5730739Z,0,0,549,230,0
2026-08-17T01:26:36.5781599Z,0,0,549,230,0
2026-08-17T01:26:36.5829869Z,0,0,549,230,0
2026-08-17T01:26:36.588353Z,0,0,549,230,0
2026-08-17T01:26:36.5930777Z,0,0,549,230,0
2026-08-17T01:26:36.5984724Z,0,0,549,230,0
2026-08-17T01:26:36.6034469Z,0,0,549,230,0
2026-08-17T01:26:36.6081933Z,0,0,549,230,0
2026-08-17T01:26:36.6133445Z,0,0,549,230,0
2026-08-17T01:26:36.6180008Z,0,0,549,230,0
2026-08-17T01:26:36.6233871Z,0,0,549,230,0
2026-08-17T01:26:36.628231Z,0,0,549,230,0
2026-08-17T01:26:36.6331161Z,0,0,549,230,0
2026-08-17T01:26:36.6388848Z,0,0,549,230,0
2026-08-17T01:26:36.6431028Z,0,0,549,230,0
2026-08-17T01:26:36.6479907Z,0,0,549,230,0
2026-08-17T01:26:36.6529994Z,0,0,549,230,0
2026-08-17T01:26:36.6580996Z,0,0,549,230,0
2026-08-17T01:26:36.6633323Z,0,0,549,230,0
2026-08-17T01:26:36.6684911Z,0,0,549,230,0
2026-08-17T01:26:36.6731128Z,0,0,549,230,0
2026-08-17T01:26:36.6783361Z,0,0,549,230,0
2026-08-17T01:26:36.6833022Z,0,0,549,230,0
2026-08-17T01:26:36.6880578Z,0,0,549,230,0
2026-08-17T01:26:36.692973Z,0,0,549,230,0
2026-08-17T01:26:36.698589Z,0,0,549,230,0
2026-08-17T01:26:36.7034778Z,0,0,549,230,0
2026-08-17T01:26:36.7080129Z,0,0,549,230,0
2026-08-17T01:26:36.7134159Z,0,0,549,230,0
2026-08-17T01:26:36.7181608Z,0,0,549,230,0
2026-08-17T01:26:36.7231654Z,0,0,549,230,0
2026-08-17T01:26:36.7282417Z,0,0,549,230,0
2026-08-17T01:26:36.7334437Z,0,0,549,230,0
2026-08-17T01:26:36.7382264Z,0,0,549,230,0
2026-08-17T01:26:36.7434523Z,0,0,549,230,0
2026-08-17T01:26:36.7480556Z,0,0,549,230,0
2026-08-17T01:26:36.7533651Z,0,0,549,230,0
2026-08-17T01:26:36.758133Z,0,0,549,230,0
2026-08-17T01:26:36.7631166Z,0,0,549,230,0
2026-08-17T01:26:36.7681722Z,0,0,549,230,0
2026-08-17T01:26:36.773212Z,0,0,549,230,0
2026-08-17T01:26:36.7785715Z,0,0,549,230,0
2026-08-17T01:26:36.7830571Z,0,0,549,230,0
2026-08-17T01:26:36.7882865Z,0,0,549,230,0
2026-08-17T01:26:36.7933392Z,0,0,549,230,0
2026-08-17T01:26:36.7981321Z,0,0,549,230,0
2026-08-17T01:26:36.8030238Z,0,0,549,230,0
2026-08-17T01:26:36.8085786Z,0,0,549,230,0
2026-08-17T01:26:36.813395Z,0,0,549,230,0
2026-08-17T01:26:36.8183436Z,0,0,549,230,0
2026-08-17T01:26:36.8233755Z,0,0,549,230,0
2026-08-17T01:26:36.8284045Z,0,0,549,230,0
2026-08-17T01:26:36.8332636Z,0,0,549,230,0
2026-08-17T01:26:36.8379861Z,0,0,549,230,0
2026-08-17T01:26:36.8433657Z,0,0,549,230,0
2026-08-17T01:26:36.848213Z,0,0,549,230,0
2026-08-17T01:26:36.8531903Z,0,0,549,230,0
2026-08-17T01:26:36.8581763Z,0,0,549,230,0
2026-08-17T01:26:36.8632051Z,0,0,549,230,0
2026-08-17T01:26:36.8684397Z,0,0,549,230,0
2026-08-17T01:26:36.8734441Z,0,0,549,230,0
2026-08-17T01:26:36.8782247Z,0,0,549,230,0
2026-08-17T01:26:36.8833671Z,0,0,549,230,0
2026-08-17T01:26:36.8886102Z,0,0,549,230,0
2026-08-17T01:26:36.8933555Z,0,0,549,230,0
2026-08-17T01:26:36.8985953Z,0,0,549,230,0
2026-08-17T01:26:36.9033966Z,0,0,549,230,0
2026-08-17T01:26:36.9082321Z,0,0,549,230,0
2026-08-17T01:26:36.9132909Z,0,0,549,230,0
2026-08-17T01:26:36.9181683Z,0,0,549,230,0
2026-08-17T01:26:36.923495Z,0,0,549,230,0
2026-08-17T01:26:36.9282008Z,0,0,549,230,0
2026-08-17T01:26:36.9331841Z,0,0,549,230,0
2026-08-17T01:26:36.9384082Z,0,0,549,230,0
2026-08-17T01:26:36.9431463Z,0,0,549,230,0
2026-08-17T01:26:36.9483745Z,0,0,549,230,0
2026-08-17T01:26:36.9530397Z,0,0,549,230,0
2026-08-17T01:26:36.9581835Z,0,0,549,230,0
2026-08-17T01:26:36.963312Z,0,0,549,230,0
2026-08-17T01:26:36.9682677Z,0,0,549,230,0
2026-08-17T01:26:36.9734932Z,0,0,549,230,0
2026-08-17T01:26:36.9782572Z,0,0,549,230,0
2026-08-17T01:26:36.9833085Z,0,0,549,230,0
2026-08-17T01:26:36.9882506Z,0,0,549,230,0
2026-08-17T01:26:36.9934209Z,0,0,549,230,0
2026-08-17T01:26:36.9982131Z,0,0,549,230,0
2026-08-17T01:26:37.0032171Z,0,0,549,230,0
2026-08-17T01:26:37.0082269Z,0,0,549,230,0
2026-08-17T01:26:37.0131306Z,0,0,549,230,0
2026-08-17T01:26:37.0184005Z,0,0,549,230,0
2026-08-17T01:26:37.023438Z,0,0,549,230,0
2026-08-17T01:26:37.0282434Z,0,0,549,230,0
2026-08-17T01:26:37.0333126Z,0,0,549,230,0
2026-08-17T01:26:37.0382247Z,0,0,549,230,0
2026-08-17T01:26:37.0434336Z,0,0,549,230,0
2026-08-17T01:26:37.0481985Z,0,0,549,230,0
2026-08-17T01:26:37.0530886Z,0,0,549,230,0
2026-08-17T01:26:37.0582963Z,0,0,549,230,0
2026-08-17T01:26:37.0633081Z,0,0,549,230,0
2026-08-17T01:26:37.0680408Z,0,0,549,230,0
2026-08-17T01:26:37.0732016Z,0,0,549,230,0
2026-08-17T01:26:37.0780621Z,0,0,549,230,0
2026-08-17T01:26:37.0834693Z,0,0,549,230,0
2026-08-17T01:26:37.088456Z,0,0,549,230,0
2026-08-17T01:26:37.0937006Z,0,0,549,230,0
2026-08-17T01:26:37.0984641Z,0,0,549,230,0
2026-08-17T01:26:37.1034387Z,0,0,549,230,0
2026-08-17T01:26:37.1083822Z,0,0,549,230,0
2026-08-17T01:26:37.1133318Z,0,0,549,230,0
2026-08-17T01:26:37.1183325Z,0,0,549,230,0
2026-08-17T01:26:37.1234308Z,0,0,549,230,0
2026-08-17T01:26:37.1280896Z,0,0,549,230,0
2026-08-17T01:26:37.1334003Z,0,0,549,230,0
2026-08-17T01:26:37.1380462Z,0,0,549,230,0
2026-08-17T01:26:37.1432382Z,0,0,549,230,0
2026-08-17T01:26:37.1483767Z,0,0,549,230,0
2026-08-17T01:26:37.1534208Z,0,0,549,230,0
2026-08-17T01:26:37.1580688Z,0,0,549,230,0
2026-08-17T01:26:37.163365Z,0,0,549,230,0
2026-08-17T01:26:37.1682033Z,0,0,549,230,0
2026-08-17T01:26:37.1730914Z,0,0,549,230,0
2026-08-17T01:26:37.1782617Z,0,0,549,230,0
2026-08-17T01:26:37.1833382Z,0,0,549,230,0
2026-08-17T01:26:37.188095Z,0,0,549,230,0
2026-08-17T01:26:37.1934386Z,0,0,549,230,0
2026-08-17T01:26:37.1983484Z,0,0,549,230,0
2026-08-17T01:26:37.2033269Z,0,0,549,230,0
2026-08-17T01:26:37.2079835Z,0,0,549,230,0
2026-08-17T01:26:37.2130584Z,0,0,549,230,0
2026-08-17T01:26:37.2182602Z,0,0,549,230,0
2026-08-17T01:26:37.2232193Z,0,0,549,230,0
2026-08-17T01:26:37.2284567Z,0,0,549,230,0
2026-08-17T01:26:37.2336189Z,0,0,549,230,0
2026-08-17T01:26:37.2383646Z,0,0,549,230,0
2026-08-17T01:26:37.2431918Z,0,0,549,230,0
2026-08-17T01:26:37.2484894Z,0,0,549,230,0
2026-08-17T01:26:37.2533156Z,0,0,549,230,0
2026-08-17T01:26:37.2585665Z,0,0,549,230,0
2026-08-17T01:26:37.2634155Z,0,0,549,230,0
2026-08-17T01:26:37.2680112Z,0,0,549,230,0
2026-08-17T01:26:37.2733484Z,0,0,549,230,0
2026-08-17T01:26:37.2782337Z,0,0,549,230,0
2026-08-17T01:26:37.2832667Z,0,0,549,230,0
2026-08-17T01:26:37.2883492Z,0,0,549,230,0
2026-08-17T01:26:37.2933677Z,0,0,549,230,0
2026-08-17T01:26:37.2981378Z,0,0,549,230,0
2026-08-17T01:26:37.3030606Z,0,0,549,230,0
2026-08-17T01:26:37.3083508Z,0,0,549,230,0
2026-08-17T01:26:37.3131552Z,0,0,549,230,0
2026-08-17T01:26:37.3184911Z,0,0,549,230,0
2026-08-17T01:26:37.3231449Z,0,0,549,230,0
2026-08-17T01:26:37.328267Z,0,0,549,230,0
2026-08-17T01:26:37.3333999Z,0,0,549,230,0
2026-08-17T01:26:37.3384079Z,0,0,549,230,0
2026-08-17T01:26:37.3440831Z,0,0,549,230,0
2026-08-17T01:26:37.3483277Z,0,0,549,230,0
2026-08-17T01:26:37.353267Z,0,0,549,230,0
2026-08-17T01:26:37.3581561Z,0,0,549,230,0
2026-08-17T01:26:37.3631745Z,0,0,549,230,0
2026-08-17T01:26:37.3681852Z,0,0,549,230,0
2026-08-17T01:26:37.3734689Z,0,0,549,230,0
2026-08-17T01:26:37.3781476Z,0,0,549,230,0
2026-08-17T01:26:37.3832765Z,0,0,549,230,0
2026-08-17T01:26:37.3880797Z,0,0,549,230,0
2026-08-17T01:26:37.3934304Z,0,0,549,230,0
2026-08-17T01:26:37.3981617Z,0,0,549,230,0
2026-08-17T01:26:37.4032216Z,0,0,549,230,0
2026-08-17T01:26:37.4085656Z,0,0,549,230,0
2026-08-17T01:26:37.4133843Z,0,0,549,230,0
2026-08-17T01:26:37.4181675Z,0,0,549,230,0
2026-08-17T01:26:37.4232443Z,0,0,549,230,0
2026-08-17T01:26:37.4279681Z,0,0,549,230,0
2026-08-17T01:26:37.4331028Z,0,0,549,230,0
2026-08-17T01:26:37.4379392Z,0,0,549,230,0
2026-08-17T01:26:37.4433955Z,0,0,549,230,0
2026-08-17T01:26:37.4481885Z,0,0,549,230,0
2026-08-17T01:26:37.4530163Z,0,0,549,230,0
2026-08-17T01:26:37.4581105Z,0,0,549,230,0
2026-08-17T01:26:37.4631951Z,0,0,549,230,0
2026-08-17T01:26:37.4685284Z,0,0,549,230,0
2026-08-17T01:26:37.4730421Z,0,0,549,230,0
2026-08-17T01:26:37.4781315Z,0,0,549,230,0
2026-08-17T01:26:37.4829835Z,0,0,549,230,0
2026-08-17T01:26:37.488595Z,0,0,549,230,0
2026-08-17T01:26:37.4934984Z,0,0,549,230,0
2026-08-17T01:26:37.4981803Z,0,0,549,230,0
2026-08-17T01:26:37.5031202Z,0,0,549,230,0
2026-08-17T01:26:37.5084932Z,0,0,549,230,0
2026-08-17T01:26:37.5133964Z,0,0,549,230,0
2026-08-17T01:26:37.5181218Z,0,0,549,230,0
2026-08-17T01:26:37.5237484Z,0,0,549,230,0
2026-08-17T01:26:37.5285939Z,0,0,549,230,0
2026-08-17T01:26:37.5330712Z,0,0,549,230,0
2026-08-17T01:26:37.5386128Z,0,0,549,230,0
2026-08-17T01:26:37.5432437Z,0,0,549,230,0
2026-08-17T01:26:37.5484328Z,0,0,549,230,0
2026-08-17T01:26:37.5530799Z,0,0,549,230,0
2026-08-17T01:26:37.5584566Z,0,0,549,230,0
2026-08-17T01:26:37.5634575Z,0,0,549,230,0
2026-08-17T01:26:37.5681705Z,0,0,549,230,0
2026-08-17T01:26:37.573438Z,0,0,549,230,0
2026-08-17T01:26:37.5782545Z,0,0,549,230,0
2026-08-17T01:26:37.5832778Z,0,0,549,230,0
2026-08-17T01:26:37.5880501Z,0,0,549,230,0
2026-08-17T01:26:37.5934929Z,0,0,549,230,0
2026-08-17T01:26:37.5984674Z,0,0,549,230,0
2026-08-17T01:26:37.6030753Z,0,0,549,230,0
2026-08-17T01:26:37.6083149Z,0,0,549,230,0
2026-08-17T01:26:37.6133553Z,0,0,549,230,0
2026-08-17T01:26:37.6181924Z,0,0,549,230,0
2026-08-17T01:26:37.6231579Z,0,0,549,230,0
2026-08-17T01:26:37.6281734Z,0,0,549,230,0
2026-08-17T01:26:37.6334074Z,0,0,549,230,0
2026-08-17T01:26:37.6381436Z,0,0,549,230,0
2026-08-17T01:26:37.6437176Z,0,0,549,230,0
2026-08-17T01:26:37.6484398Z,0,0,549,230,0
2026-08-17T01:26:37.6531096Z,0,0,549,230,0
2026-08-17T01:26:37.6580746Z,0,0,549,230,0
2026-08-17T01:26:37.6630538Z,0,0,549,230,0
2026-08-17T01:26:37.6682994Z,0,0,549,230,0
2026-08-17T01:26:37.6733676Z,0,0,549,230,0
2026-08-17T01:26:37.6780652Z,0,0,549,230,0
2026-08-17T01:26:37.6835255Z,0,0,549,230,0
2026-08-17T01:26:37.6883102Z,0,0,549,230,0
2026-08-17T01:26:37.6935181Z,0,0,549,230,0
2026-08-17T01:26:37.6982626Z,0,0,549,230,0
2026-08-17T01:26:37.7034169Z,0,0,549,230,0
2026-08-17T01:26:37.7081696Z,0,0,549,230,0
2026-08-17T01:26:37.7132489Z,0,0,549,230,0
2026-08-17T01:26:37.7180966Z,0,0,549,230,0
2026-08-17T01:26:37.7233951Z,0,0,549,230,0
2026-08-17T01:26:37.7283949Z,0,0,549,230,0
2026-08-17T01:26:37.7333135Z,0,0,549,230,0
2026-08-17T01:26:37.7379946Z,0,0,549,230,0
2026-08-17T01:26:37.743347Z,0,0,549,230,0
2026-08-17T01:26:37.7479995Z,0,0,549,230,0
2026-08-17T01:26:37.7534108Z,0,0,549,230,0
2026-08-17T01:26:37.7586204Z,0,0,549,230,0
2026-08-17T01:26:37.7630498Z,0,0,549,230,0
2026-08-17T01:26:37.7682672Z,0,0,549,230,0
2026-08-17T01:26:37.7732164Z,0,0,549,230,0
2026-08-17T01:26:37.7782549Z,0,0,549,230,0
2026-08-17T01:26:37.783058Z,0,0,549,230,0
2026-08-17T01:26:37.7880842Z,0,0,549,230,0
2026-08-17T01:26:37.7930953Z,0,0,549,230,0
2026-08-17T01:26:37.7984058Z,0,0,549,230,0
2026-08-17T01:26:37.8033787Z,0,0,549,230,0
2026-08-17T01:26:37.8080755Z,0,0,549,230,0
2026-08-17T01:26:37.8131987Z,0,0,549,230,0
2026-08-17T01:26:37.8180478Z,0,0,549,230,0
2026-08-17T01:26:37.8233502Z,0,0,549,230,0
2026-08-17T01:26:37.8280253Z,0,0,549,230,0
2026-08-17T01:26:37.833445Z,0,0,549,230,0
2026-08-17T01:26:37.83831Z,0,0,549,230,0
2026-08-17T01:26:37.8432807Z,0,0,549,230,0
2026-08-17T01:26:37.8481294Z,0,0,549,230,0
2026-08-17T01:26:37.8530267Z,0,0,549,230,0
2026-08-17T01:26:37.8579649Z,0,0,549,230,0
2026-08-17T01:26:37.8633748Z,0,0,549,230,0
2026-08-17T01:26:37.8681129Z,0,0,549,230,0
2026-08-17T01:26:37.8731421Z,0,0,549,230,0
2026-08-17T01:26:37.8779234Z,0,0,549,230,0
2026-08-17T01:26:37.8832438Z,0,0,549,230,0
2026-08-17T01:26:37.8881769Z,0,0,549,230,0
2026-08-17T01:26:37.8934665Z,0,0,549,230,0
2026-08-17T01:26:37.8981481Z,0,0,549,230,0
2026-08-17T01:26:37.9029517Z,0,0,549,230,0
2026-08-17T01:26:37.9080105Z,0,0,549,230,0
2026-08-17T01:26:37.9133487Z,0,0,549,230,0
2026-08-17T01:26:37.9181481Z,0,0,549,230,0
2026-08-17T01:26:37.9234001Z,0,0,549,230,0
2026-08-17T01:26:37.9281969Z,0,0,549,230,0
2026-08-17T01:26:37.9332618Z,0,0,549,230,0
2026-08-17T01:26:37.9385144Z,0,0,549,230,0
2026-08-17T01:26:37.9433728Z,0,0,549,230,0
2026-08-17T01:26:37.9480658Z,0,0,549,230,0
2026-08-17T01:26:37.953346Z,0,0,549,230,0
2026-08-17T01:26:37.9580913Z,0,0,549,230,0
2026-08-17T01:26:37.9631394Z,0,0,549,230,0
2026-08-17T01:26:37.9680363Z,0,0,549,230,0
2026-08-17T01:26:37.9733706Z,0,0,549,230,0
2026-08-17T01:26:37.9786505Z,0,0,549,230,0
2026-08-17T01:26:37.983288Z,0,0,549,230,0
2026-08-17T01:26:37.9881075Z,0,0,549,230,0
2026-08-17T01:26:37.9933947Z,0,0,549,230,0
2026-08-17T01:26:37.9981968Z,0,0,549,230,0
2026-08-17T01:26:38.0030093Z,0,0,549,230,0
2026-08-17T01:26:38.0080469Z,0,0,549,230,0
2026-08-17T01:26:38.0132775Z,0,0,549,230,0
2026-08-17T01:26:38.0184335Z,0,0,549,230,0
2026-08-17T01:26:38.0234149Z,0,0,549,230,0
2026-08-17T01:26:38.0285124Z,0,0,549,230,0
2026-08-17T01:26:38.0335109Z,0,0,549,230,0
2026-08-17T01:26:38.0382046Z,0,0,549,230,0
2026-08-17T01:26:38.0438394Z,0,0,549,230,0
2026-08-17T01:26:38.0485037Z,0,0,549,230,0
2026-08-17T01:26:38.053418Z,0,0,549,230,0
2026-08-17T01:26:38.058773Z,0,0,549,230,0
2026-08-17T01:26:38.0631978Z,0,0,549,230,0
2026-08-17T01:26:38.0686326Z,0,0,549,230,0
2026-08-17T01:26:38.0730584Z,0,0,549,230,0
2026-08-17T01:26:38.0782802Z,0,0,549,230,0
2026-08-17T01:26:38.0833609Z,0,0,549,230,0
2026-08-17T01:26:38.0886394Z,0,0,549,230,0
2026-08-17T01:26:38.0931565Z,0,0,549,230,0
2026-08-17T01:26:38.0982831Z,0,0,549,230,0
2026-08-17T01:26:38.1032652Z,0,0,549,230,0
2026-08-17T01:26:38.1081573Z,0,0,549,230,0
2026-08-17T01:26:38.1130046Z,0,0,549,230,0
2026-08-17T01:26:38.1183532Z,0,0,549,230,0
2026-08-17T01:26:38.1234982Z,0,0,549,230,0
2026-08-17T01:26:38.1282753Z,0,0,549,230,0
2026-08-17T01:26:38.1338223Z,0,0,549,230,0
2026-08-17T01:26:38.1381106Z,0,0,549,230,0
2026-08-17T01:26:38.1430983Z,0,0,549,230,0
2026-08-17T01:26:38.1483354Z,0,0,549,230,0
2026-08-17T01:26:38.1531611Z,0,0,549,230,0
2026-08-17T01:26:38.1584175Z,0,0,549,230,0
2026-08-17T01:26:38.1632564Z,0,0,549,230,0
2026-08-17T01:26:38.1681227Z,0,0,549,230,0
2026-08-17T01:26:38.1731012Z,0,0,549,230,0
2026-08-17T01:26:38.1788443Z,0,0,549,230,0
2026-08-17T01:26:38.1834435Z,0,0,549,230,0
2026-08-17T01:26:38.1881324Z,0,0,549,230,0
2026-08-17T01:26:38.1930839Z,0,0,549,230,0
2026-08-17T01:26:38.1981462Z,0,0,549,230,0
2026-08-17T01:26:38.2031289Z,0,0,549,230,0
2026-08-17T01:26:38.2080862Z,0,0,549,230,0
2026-08-17T01:26:38.2129848Z,0,0,549,230,0
2026-08-17T01:26:38.2179814Z,0,0,549,230,0
2026-08-17T01:26:38.2232957Z,0,0,549,230,0
2026-08-17T01:26:38.2281725Z,0,0,549,230,0
2026-08-17T01:26:38.2333237Z,0,0,549,230,0
2026-08-17T01:26:38.2384431Z,0,0,549,230,0
2026-08-17T01:26:38.2432909Z,0,0,549,230,0
2026-08-17T01:26:38.2482969Z,0,0,549,230,0
2026-08-17T01:26:38.2533774Z,0,0,549,230,0
2026-08-17T01:26:38.2581586Z,0,0,549,230,0
2026-08-17T01:26:38.263113Z,0,0,549,230,0
2026-08-17T01:26:38.2684962Z,0,0,549,230,0
2026-08-17T01:26:38.2733352Z,0,0,549,230,0
2026-08-17T01:26:38.2780317Z,0,0,549,230,0
2026-08-17T01:26:38.2833506Z,0,0,549,230,0
2026-08-17T01:26:38.2881376Z,0,0,549,230,0
2026-08-17T01:26:38.2934114Z,0,0,549,230,0
2026-08-17T01:26:38.298619Z,0,0,549,230,0
2026-08-17T01:26:38.3033767Z,0,0,549,230,0
2026-08-17T01:26:38.3082739Z,0,0,549,230,0
2026-08-17T01:26:38.313736Z,0,0,549,230,0
2026-08-17T01:26:38.3180012Z,0,0,549,230,0
2026-08-17T01:26:38.3232147Z,0,0,549,230,0
2026-08-17T01:26:38.3280387Z,0,0,549,230,0
2026-08-17T01:26:38.3333247Z,0,0,549,230,0
2026-08-17T01:26:38.3383159Z,0,0,549,230,0
2026-08-17T01:26:38.3433201Z,0,0,549,230,0
2026-08-17T01:26:38.348211Z,0,0,549,230,0
2026-08-17T01:26:38.35328Z,0,0,549,230,0
2026-08-17T01:26:38.3583075Z,0,0,549,230,0
2026-08-17T01:26:38.3631238Z,0,0,549,230,0
2026-08-17T01:26:38.3682574Z,0,0,549,230,0
2026-08-17T01:26:38.3733115Z,0,0,549,230,0
2026-08-17T01:26:38.3787742Z,0,0,549,230,0
2026-08-17T01:26:38.3835829Z,0,0,549,230,0
2026-08-17T01:26:38.3884105Z,0,0,549,230,0
2026-08-17T01:26:38.393415Z,0,0,549,230,0
2026-08-17T01:26:38.3982152Z,0,0,549,230,0
2026-08-17T01:26:38.403589Z,0,0,549,230,0
2026-08-17T01:26:38.4083616Z,0,0,549,230,0
2026-08-17T01:26:38.4132743Z,0,0,549,230,0
2026-08-17T01:26:38.4184562Z,0,0,549,230,0
2026-08-17T01:26:38.4231811Z,0,0,549,230,0
2026-08-17T01:26:38.4281282Z,0,0,549,230,0
2026-08-17T01:26:38.4332081Z,0,0,549,230,0
2026-08-17T01:26:38.4384145Z,0,0,549,230,0
2026-08-17T01:26:38.4430839Z,0,0,549,230,0
2026-08-17T01:26:38.4479543Z,0,0,549,230,0
2026-08-17T01:26:38.4530569Z,0,0,549,230,0
2026-08-17T01:26:38.458504Z,0,0,549,230,0
2026-08-17T01:26:38.4634909Z,0,0,549,230,0
2026-08-17T01:26:38.4680841Z,0,0,549,230,0
2026-08-17T01:26:38.4731353Z,0,0,549,230,0
2026-08-17T01:26:38.4782778Z,0,0,549,230,0
2026-08-17T01:26:38.4830428Z,0,0,549,230,0
2026-08-17T01:26:38.4884764Z,0,0,549,230,0
2026-08-17T01:26:38.4934205Z,0,0,549,230,0
2026-08-17T01:26:38.4982479Z,0,0,549,230,0
2026-08-17T01:26:38.5033253Z,0,0,549,230,0
2026-08-17T01:26:38.508414Z,0,0,549,230,0
2026-08-17T01:26:38.5130543Z,0,0,549,230,0
2026-08-17T01:26:38.5184382Z,0,0,549,230,0
2026-08-17T01:26:38.5235261Z,0,0,549,230,0
2026-08-17T01:26:38.5284797Z,0,0,549,230,0
2026-08-17T01:26:38.5332083Z,0,0,549,230,0
2026-08-17T01:26:38.538421Z,0,0,549,230,0
2026-08-17T01:26:38.5429702Z,0,0,549,230,0
2026-08-17T01:26:38.548268Z,0,0,549,230,0
2026-08-17T01:26:38.5531268Z,0,0,549,230,0
2026-08-17T01:26:38.5583957Z,0,0,549,230,0
2026-08-17T01:26:38.5634527Z,0,0,549,230,0
2026-08-17T01:26:38.5686066Z,0,0,549,230,0
2026-08-17T01:26:38.5730032Z,0,0,549,230,0
2026-08-17T01:26:38.5785365Z,0,0,549,230,0
2026-08-17T01:26:38.583176Z,0,0,549,230,0
2026-08-17T01:26:38.588158Z,0,0,549,230,0
2026-08-17T01:26:38.5931236Z,0,0,549,230,0
2026-08-17T01:26:38.5983774Z,0,0,549,230,0
2026-08-17T01:26:38.603455Z,0,0,549,230,0
2026-08-17T01:26:38.6082405Z,0,0,549,230,0
2026-08-17T01:26:38.613192Z,0,0,549,230,0
2026-08-17T01:26:38.6183845Z,0,0,549,230,0
2026-08-17T01:26:38.6235576Z,0,0,549,230,0
2026-08-17T01:26:38.6282567Z,0,0,549,230,0
2026-08-17T01:26:38.6331496Z,0,0,549,230,0
2026-08-17T01:26:38.6387176Z,0,0,549,230,0
2026-08-17T01:26:38.6431491Z,0,0,549,230,0
2026-08-17T01:26:38.64834Z,0,0,549,230,0
2026-08-17T01:26:38.6535747Z,0,0,549,230,0
2026-08-17T01:26:38.6583862Z,0,0,549,230,0
2026-08-17T01:26:38.6632786Z,0,0,549,230,0
2026-08-17T01:26:38.6679942Z,0,0,549,230,0
2026-08-17T01:26:38.6733147Z,0,0,549,230,0
2026-08-17T01:26:38.6780803Z,0,0,549,230,0
2026-08-17T01:26:38.683544Z,0,0,549,230,0
2026-08-17T01:26:38.6882465Z,0,0,549,230,0
2026-08-17T01:26:38.693506Z,0,0,549,230,0
2026-08-17T01:26:38.6987546Z,0,0,549,230,0
2026-08-17T01:26:38.7030404Z,0,0,549,230,0
2026-08-17T01:26:38.7086109Z,0,0,549,230,0
2026-08-17T01:26:38.7134359Z,0,0,549,230,0
2026-08-17T01:26:38.7201778Z,0,0,549,230,0
2026-08-17T01:26:38.7235978Z,0,0,549,230,0
2026-08-17T01:26:38.7283636Z,0,0,549,230,0
2026-08-17T01:26:38.7333995Z,0,0,549,230,0
2026-08-17T01:26:38.7381377Z,0,0,549,230,0
2026-08-17T01:26:38.7433792Z,0,0,549,230,0
2026-08-17T01:26:38.7480777Z,0,0,549,230,0
2026-08-17T01:26:38.7531438Z,0,0,549,230,0
2026-08-17T01:26:38.7584281Z,0,0,549,230,0
2026-08-17T01:26:38.763598Z,0,0,549,230,0
2026-08-17T01:26:38.7682559Z,0,0,549,230,0
2026-08-17T01:26:38.7732079Z,0,0,549,230,0
2026-08-17T01:26:38.7779779Z,0,0,549,230,0
2026-08-17T01:26:38.7833372Z,0,0,549,230,0
2026-08-17T01:26:38.7880346Z,0,0,549,230,0
2026-08-17T01:26:38.7935157Z,0,0,549,230,0
2026-08-17T01:26:38.798152Z,0,0,549,230,0
2026-08-17T01:26:38.803105Z,0,0,549,230,0
2026-08-17T01:26:38.8083472Z,0,0,549,230,0
2026-08-17T01:26:38.8133233Z,0,0,549,230,0
2026-08-17T01:26:38.8181498Z,0,0,549,230,0
2026-08-17T01:26:38.8230567Z,0,0,549,230,0
2026-08-17T01:26:38.8280921Z,0,0,549,230,0
2026-08-17T01:26:38.8330566Z,0,0,549,230,0
2026-08-17T01:26:38.8380965Z,0,0,549,230,0
2026-08-17T01:26:38.8434004Z,0,0,549,230,0
2026-08-17T01:26:38.8483081Z,0,0,549,230,0
2026-08-17T01:26:38.8532698Z,0,0,549,230,0
2026-08-17T01:26:38.8579695Z,0,0,549,230,0
2026-08-17T01:26:38.8633232Z,0,0,549,230,0
2026-08-17T01:26:38.8681455Z,0,0,549,230,0
2026-08-17T01:26:38.8730068Z,0,0,549,230,0
2026-08-17T01:26:38.8780482Z,0,0,549,230,0
2026-08-17T01:26:38.8833562Z,0,0,549,230,0
2026-08-17T01:26:38.8882483Z,0,0,549,230,0
2026-08-17T01:26:38.8931628Z,0,0,549,230,0
2026-08-17T01:26:38.8983324Z,0,0,549,230,0
2026-08-17T01:26:38.9033182Z,0,0,549,230,0
2026-08-17T01:26:38.9081684Z,0,0,549,230,0
2026-08-17T01:26:38.9135004Z,0,0,549,230,0
2026-08-17T01:26:38.918799Z,0,0,549,230,0
2026-08-17T01:26:38.9230466Z,0,0,549,230,0
2026-08-17T01:26:38.9281864Z,0,0,549,230,0
2026-08-17T01:26:38.9331503Z,0,0,549,230,0
2026-08-17T01:26:38.9379843Z,0,0,549,230,0
2026-08-17T01:26:38.9433622Z,0,0,549,230,0
2026-08-17T01:26:38.948267Z,0,0,549,230,0
2026-08-17T01:26:38.9532986Z,0,0,549,230,0
2026-08-17T01:26:38.9581293Z,0,0,549,230,0
2026-08-17T01:26:38.9633804Z,0,0,549,230,0
2026-08-17T01:26:38.9683043Z,0,0,549,230,0
2026-08-17T01:26:38.9731741Z,0,0,549,230,0
2026-08-17T01:26:38.9780583Z,0,0,549,230,0
2026-08-17T01:26:38.983477Z,0,0,549,230,0
2026-08-17T01:26:38.9882072Z,0,0,549,230,0
2026-08-17T01:26:38.9932768Z,0,0,549,230,0
2026-08-17T01:26:38.9979904Z,0,0,549,230,0
2026-08-17T01:26:39.0030068Z,0,0,549,230,0
2026-08-17T01:26:39.0080497Z,0,0,549,230,0
2026-08-17T01:26:39.013405Z,0,0,549,230,0
2026-08-17T01:26:39.0180835Z,0,0,549,230,0
2026-08-17T01:26:39.0231737Z,0,0,549,230,0
2026-08-17T01:26:39.028395Z,0,0,549,230,0
2026-08-17T01:26:39.033098Z,0,0,549,230,0
2026-08-17T01:26:39.0381666Z,0,0,549,230,0
2026-08-17T01:26:39.0434978Z,0,0,549,230,0
2026-08-17T01:26:39.0482624Z,0,0,549,230,0
2026-08-17T01:26:39.0530931Z,0,0,549,230,0
2026-08-17T01:26:39.0581314Z,0,0,549,230,0
2026-08-17T01:26:39.0631699Z,0,0,549,230,0
2026-08-17T01:26:39.0681235Z,0,0,549,230,0
2026-08-17T01:26:39.0730571Z,0,0,549,230,0
2026-08-17T01:26:39.0779935Z,0,0,549,230,0
2026-08-17T01:26:39.0829636Z,0,0,549,230,0
2026-08-17T01:26:39.0883145Z,0,0,549,230,0
2026-08-17T01:26:39.0932646Z,0,0,549,230,0
2026-08-17T01:26:39.0980821Z,0,0,549,230,0
2026-08-17T01:26:39.1030587Z,0,0,549,230,0
2026-08-17T01:26:39.1081076Z,0,0,549,230,0
2026-08-17T01:26:39.1131494Z,0,0,549,230,0
2026-08-17T01:26:39.1183637Z,0,0,549,230,0
2026-08-17T01:26:39.123438Z,0,0,549,230,0
2026-08-17T01:26:39.1282555Z,0,0,549,230,0
2026-08-17T01:26:39.1330988Z,0,0,549,230,0
2026-08-17T01:26:39.1381564Z,0,0,549,230,0
2026-08-17T01:26:39.1432686Z,0,0,549,230,0
2026-08-17T01:26:39.148456Z,0,0,549,230,0
2026-08-17T01:26:39.1530601Z,0,0,549,230,0
2026-08-17T01:26:39.1584629Z,0,0,549,230,0
2026-08-17T01:26:39.1632915Z,0,0,549,230,0
2026-08-17T01:26:39.1680346Z,0,0,549,230,0
2026-08-17T01:26:39.1731094Z,0,0,549,230,0
2026-08-17T01:26:39.1779765Z,0,0,549,230,0
2026-08-17T01:26:39.1832541Z,0,0,549,230,0
2026-08-17T01:26:39.1880094Z,0,0,549,230,0
2026-08-17T01:26:39.1933404Z,0,0,549,230,0
2026-08-17T01:26:39.1985831Z,0,0,549,230,0
2026-08-17T01:26:39.2031291Z,0,0,549,230,0
2026-08-17T01:26:39.2083395Z,0,0,549,230,0
2026-08-17T01:26:39.2135347Z,0,0,549,230,0
2026-08-17T01:26:39.2182795Z,0,0,549,230,0
2026-08-17T01:26:39.2231306Z,0,0,549,230,0
2026-08-17T01:26:39.227987Z,0,0,549,230,0
2026-08-17T01:26:39.2331877Z,0,0,549,230,0
2026-08-17T01:26:39.2383729Z,0,0,549,230,0
2026-08-17T01:26:39.2430252Z,0,0,549,230,0
2026-08-17T01:26:39.2483748Z,0,0,549,230,0
2026-08-17T01:26:39.2530158Z,0,0,549,230,0
2026-08-17T01:26:39.2580711Z,0,0,549,230,0
2026-08-17T01:26:39.2634504Z,0,0,549,230,0
2026-08-17T01:26:39.2682279Z,0,0,549,230,0
2026-08-17T01:26:39.2732716Z,0,0,549,230,0
2026-08-17T01:26:39.2779868Z,0,0,549,230,0
2026-08-17T01:26:39.2833307Z,0,0,549,230,0
2026-08-17T01:26:39.2880242Z,0,0,549,230,0
2026-08-17T01:26:39.2929803Z,0,0,549,230,0
2026-08-17T01:26:39.2982511Z,0,0,549,230,0
2026-08-17T01:26:39.3032462Z,0,0,549,230,0
2026-08-17T01:26:39.3080508Z,0,0,549,230,0
2026-08-17T01:26:39.3133839Z,0,0,549,230,0
2026-08-17T01:26:39.3180929Z,0,0,549,230,0
2026-08-17T01:26:39.3230488Z,0,0,549,230,0
2026-08-17T01:26:39.3284129Z,0,0,549,230,0
2026-08-17T01:26:39.3333399Z,0,0,549,230,0
2026-08-17T01:26:39.3380627Z,0,0,549,230,0
2026-08-17T01:26:39.3430557Z,0,0,549,230,0
2026-08-17T01:26:39.3486299Z,0,0,549,230,0
2026-08-17T01:26:39.3530737Z,0,0,549,230,0
2026-08-17T01:26:39.3581202Z,0,0,549,230,0
2026-08-17T01:26:39.3629587Z,0,0,549,230,0
2026-08-17T01:26:39.3685087Z,0,0,549,230,0
2026-08-17T01:26:39.3734372Z,0,0,549,230,0
2026-08-17T01:26:39.3782607Z,0,0,549,230,0
2026-08-17T01:26:39.3832091Z,0,0,549,230,0
2026-08-17T01:26:39.3883799Z,0,0,549,230,0
2026-08-17T01:26:39.393315Z,0,0,549,230,0
2026-08-17T01:26:39.3985253Z,0,0,549,230,0
2026-08-17T01:26:39.4033882Z,0,0,549,230,0
2026-08-17T01:26:39.408091Z,0,0,549,230,0
2026-08-17T01:26:39.413006Z,0,0,549,230,0
2026-08-17T01:26:39.4183861Z,0,0,549,230,0
2026-08-17T01:26:39.423315Z,0,0,549,230,0
2026-08-17T01:26:39.4282604Z,0,0,549,230,0
2026-08-17T01:26:39.4332114Z,0,0,549,230,0
2026-08-17T01:26:39.4380307Z,0,0,549,230,0
2026-08-17T01:26:39.443246Z,0,0,549,230,0
2026-08-17T01:26:39.4481836Z,0,0,549,230,0
2026-08-17T01:26:39.453312Z,0,0,549,230,0
2026-08-17T01:26:39.4580592Z,0,0,549,230,0
2026-08-17T01:26:39.4634139Z,0,0,549,230,0
2026-08-17T01:26:39.4680924Z,0,0,549,230,0
2026-08-17T01:26:39.4734298Z,0,0,549,230,0
2026-08-17T01:26:39.478253Z,0,0,549,230,0
2026-08-17T01:26:39.4831368Z,0,0,549,230,0
2026-08-17T01:26:39.4884052Z,0,0,549,230,0
2026-08-17T01:26:39.4933602Z,0,0,549,230,0
2026-08-17T01:26:39.4981692Z,0,0,549,230,0
2026-08-17T01:26:39.5030155Z,0,0,549,230,0
2026-08-17T01:26:39.5081484Z,0,0,549,230,0
2026-08-17T01:26:39.5129913Z,0,0,549,230,0
2026-08-17T01:26:39.5180337Z,0,0,549,230,0
2026-08-17T01:26:39.5233924Z,0,0,549,230,0
2026-08-17T01:26:39.5282861Z,0,0,549,230,0
2026-08-17T01:26:39.5333124Z,0,0,549,230,0
2026-08-17T01:26:39.5382475Z,0,0,549,230,0
2026-08-17T01:26:39.5434901Z,0,0,549,230,0
2026-08-17T01:26:39.54822Z,0,0,549,230,0
2026-08-17T01:26:39.5531955Z,0,0,549,230,0
2026-08-17T01:26:39.5583446Z,0,0,549,230,0
2026-08-17T01:26:39.5633014Z,0,0,549,230,0
2026-08-17T01:26:39.5685096Z,0,0,549,230,0
2026-08-17T01:26:39.5733032Z,0,0,549,230,0
2026-08-17T01:26:39.5780742Z,0,0,549,230,0
2026-08-17T01:26:39.5833838Z,0,0,549,230,0
2026-08-17T01:26:39.5882148Z,0,0,549,230,0
2026-08-17T01:26:39.5932039Z,0,0,549,230,0
2026-08-17T01:26:39.5984202Z,0,0,549,230,0
2026-08-17T01:26:39.6033927Z,0,0,549,230,0
2026-08-17T01:26:39.6083924Z,0,0,549,230,0
2026-08-17T01:26:39.6133778Z,0,0,549,230,0
2026-08-17T01:26:39.6183803Z,0,0,549,230,0
2026-08-17T01:26:39.6230426Z,0,0,549,230,0
2026-08-17T01:26:39.6281277Z,0,0,549,230,0
2026-08-17T01:26:39.6331895Z,0,0,549,230,0
2026-08-17T01:26:39.6379609Z,0,0,549,230,0
2026-08-17T01:26:39.643454Z,0,0,549,230,0
2026-08-17T01:26:39.6482145Z,0,0,549,230,0
2026-08-17T01:26:39.6533402Z,0,0,549,230,0
2026-08-17T01:26:39.6581064Z,0,0,549,230,0
2026-08-17T01:26:39.6630825Z,0,0,549,230,0
2026-08-17T01:26:39.6679978Z,0,0,549,230,0
2026-08-17T01:26:39.6732814Z,0,0,549,230,0
2026-08-17T01:26:39.6780964Z,0,0,549,230,0
2026-08-17T01:26:39.6832254Z,0,0,549,230,0
2026-08-17T01:26:39.6881498Z,0,0,549,230,0
2026-08-17T01:26:39.693052Z,0,0,549,230,0
2026-08-17T01:26:39.6984942Z,0,0,549,230,0
2026-08-17T01:26:39.7030999Z,0,0,549,230,0
2026-08-17T01:26:39.7080681Z,0,0,549,230,0
2026-08-17T01:26:39.7139007Z,0,0,549,230,0
2026-08-17T01:26:39.7181386Z,0,0,549,230,0
2026-08-17T01:26:39.7234349Z,0,0,549,230,0
2026-08-17T01:26:39.728239Z,0,0,549,230,0
2026-08-17T01:26:39.7331009Z,0,0,549,230,0
2026-08-17T01:26:39.73873Z,0,0,549,230,0
2026-08-17T01:26:39.7432727Z,0,0,549,230,0
2026-08-17T01:26:39.7481158Z,0,0,549,230,0
2026-08-17T01:26:39.7531349Z,0,0,549,230,0
2026-08-17T01:26:39.7588794Z,0,0,549,230,0
2026-08-17T01:26:39.7632001Z,0,0,549,230,0
2026-08-17T01:26:39.7681375Z,0,0,549,230,0
2026-08-17T01:26:39.7732064Z,0,0,549,230,0
2026-08-17T01:26:39.7784037Z,0,0,549,230,0
2026-08-17T01:26:39.7832907Z,0,0,549,230,0
2026-08-17T01:26:39.7882545Z,0,0,549,230,0
2026-08-17T01:26:39.79338Z,0,0,549,230,0
2026-08-17T01:26:39.7980575Z,0,0,549,230,0
2026-08-17T01:26:39.8033273Z,0,0,549,230,0
2026-08-17T01:26:39.8079666Z,0,0,549,230,0
2026-08-17T01:26:39.8132363Z,0,0,549,230,0
2026-08-17T01:26:39.818381Z,0,0,549,230,0
