timestamp,sendQueueLen,fillChanLen,sentPacketNumber,gapFillReceived,fillChanDropped
2026-08-17T00:25:15.8426111Z,3,0,4,1,0
2026-08-17T00:25:15.8474601Z,9,0,4,3,0
2026-08-17T00:25:15.8524777Z,14,0,6,3,0
2026-08-17T00:25:15.8581668Z,25,0,9,7,0
2026-08-17T00:25:15.8629802Z,28,0,10,7,0
2026-08-17T00:25:15.8677377Z,33,0,13,7,0
2026-08-17T00:25:15.8726823Z,37,0,14,7,0
2026-08-17T00:25:15.8776491Z,44,0,15,8,0
2026-08-17T00:25:15.8824003Z,50,0,17,10,0
2026-08-17T00:25:15.8879157Z,54,0,19,10,0
2026-08-17T00:25:15.8927749Z,56,0,20,10,0
2026-08-17T00:25:15.8977052Z,58,0,20,11,0
2026-08-17T00:25:15.9024736Z,63,0,20,11,0
2026-08-17T00:25:15.907734Z,70,0,20,14,0
2026-08-17T00:25:15.9128131Z,71,0,23,14,0
2026-08-17T00:25:15.9178855Z,74,0,25,14,0
2026-08-17T00:25:15.9252321Z,80,0,27,14,0
2026-08-17T00:25:15.9277095Z,82,0,28,14,0
2026-08-17T00:25:15.9327609Z,87,0,29,17,0
2026-08-17T00:25:15.9378948Z,90,0,29,18,0
2026-08-17T00:25:15.9427783Z,93,0,31,18,0
2026-08-17T00:25:15.9477769Z,97,0,35,18,0
2026-08-17T00:25:15.9527344Z,102,0,35,20,0
2026-08-17T00:25:15.9580968Z,104,0,36,20,0
2026-08-17T00:25:15.9624384Z,105,0,41,20,0
2026-08-17T00:25:15.9678793Z,112,0,41,21,0
2026-08-17T00:25:15.9727095Z,121,0,41,25,0
2026-08-17T00:25:15.9774561Z,124,0,41,25,0
2026-08-17T00:25:15.9827165Z,128,0,41,25,0
2026-08-17T00:25:15.9880233Z,133,0,43,25,0
2026-08-17T00:25:15.9925605Z,138,0,45,25,0
2026-08-17T00:25:15.9976836Z,145,0,47,26,0
2026-08-17T00:25:16.0027896Z,150,0,47,27,0
2026-08-17T00:25:16.0079077Z,153,0,47,27,0
2026-08-17T00:25:16.0127236Z,156,0,47,27,0
2026-08-17T00:25:16.0178965Z,161,0,47,28,0
2026-08-17T00:25:16.0228981Z,165,0,47,29,0
2026-08-17T00:25:16.0281657Z,167,0,49,29,0
2026-08-17T00:25:16.0325976Z,172,0,50,30,0
2026-08-17T00:25:16.0374308Z,180,0,50,35,0
2026-08-17T00:25:16.0427447Z,184,0,51,36,0
2026-08-17T00:25:16.0477806Z,186,0,51,36,0
2026-08-17T00:25:16.0527177Z,187,0,57,36,0
2026-08-17T00:25:16.057483Z,192,0,58,37,0
2026-08-17T00:25:16.0627515Z,197,0,58,38,0
2026-08-17T00:25:16.0684175Z,204,0,58,39,0
2026-08-17T00:25:16.0727973Z,209,0,60,40,0
2026-08-17T00:25:16.0774624Z,215,0,60,43,0
2026-08-17T00:25:16.0829066Z,219,0,63,43,0
2026-08-17T00:25:16.0877518Z,225,0,63,44,0
2026-08-17T00:25:16.092699Z,230,0,63,45,0
2026-08-17T00:25:16.0979048Z,232,0,64,45,0
2026-08-17T00:25:16.1027525Z,238,0,66,45,0
2026-08-17T00:25:16.1076856Z,249,0,66,50,0
2026-08-17T00:25:16.1127442Z,255,0,67,53,0
2026-08-17T00:25:16.1188609Z,260,0,70,54,0
2026-08-17T00:25:16.1226018Z,262,0,73,55,0
2026-08-17T00:25:16.1287624Z,271,0,73,57,0
2026-08-17T00:25:16.1329302Z,274,0,73,57,0
2026-08-17T00:25:16.137673Z,276,0,74,57,0
2026-08-17T00:25:16.1426717Z,280,0,76,57,0
2026-08-17T00:25:16.147725Z,284,0,76,57,0
2026-08-17T00:25:16.1531335Z,288,0,76,58,0
2026-08-17T00:25:16.1580029Z,288,0,78,58,0
2026-08-17T00:25:16.1627693Z,293,0,78,61,0
2026-08-17T00:25:16.1676461Z,301,0,78,65,0
2026-08-17T00:25:16.1727327Z,302,0,79,65,0
2026-08-17T00:25:16.1775119Z,303,0,80,65,0
2026-08-17T00:25:16.1825379Z,300,0,83,65,0
2026-08-17T00:25:16.1879429Z,299,0,85,66,0
2026-08-17T00:25:16.1923819Z,299,0,87,68,0
2026-08-17T00:25:16.197911Z,295,0,91,68,0
2026-08-17T00:25:16.2025899Z,292,0,94,68,0
2026-08-17T00:25:16.2075221Z,289,0,97,68,0
2026-08-17T00:25:16.2127344Z,287,0,99,68,0
2026-08-17T00:25:16.2179883Z,292,0,99,73,0
2026-08-17T00:25:16.2227689Z,295,0,99,76,0
2026-08-17T00:25:16.2279632Z,298,0,99,79,0
2026-08-17T00:25:16.2333194Z,298,0,99,79,0
2026-08-17T00:25:16.2374264Z,298,0,99,79,0
2026-08-17T00:25:16.2428003Z,298,0,99,79,0
2026-08-17T00:25:16.2479188Z,298,0,99,79,0
2026-08-17T00:25:16.2524209Z,298,0,99,79,0
2026-08-17T00:25:16.2578175Z,297,0,100,79,0
2026-08-17T00:25:16.2623882Z,295,0,102,79,0
2026-08-17T00:25:16.2674008Z,290,0,107,79,0
2026-08-17T00:25:16.2726608Z,285,0,114,81,0
2026-08-17T00:25:16.2774475Z,282,0,117,81,0
2026-08-17T00:25:16.2824576Z,283,0,117,82,0
2026-08-17T00:25:16.2877183Z,284,0,117,83,0
2026-08-17T00:25:16.2925535Z,284,0,117,83,0
2026-08-17T00:25:16.2979781Z,284,0,117,83,0
2026-08-17T00:25:16.3023874Z,282,0,119,83,0
2026-08-17T00:25:16.3076335Z,279,0,122,83,0
2026-08-17T00:25:16.3128777Z,278,0,123,83,0
2026-08-17T00:25:16.3179882Z,278,0,123,83,0
2026-08-17T00:25:16.3231254Z,278,0,123,83,0
2026-08-17T00:25:16.3278829Z,275,0,126,83,0
2026-08-17T00:25:16.3325336Z,272,0,129,83,0
2026-08-17T00:25:16.3378587Z,268,0,133,83,0
2026-08-17T00:25:16.3427844Z,264,0,137,83,0
2026-08-17T00:25:16.3474639Z,266,0,138,86,0
2026-08-17T00:25:16.3527428Z,264,0,141,87,0
2026-08-17T00:25:16.3576682Z,268,0,141,91,0
2026-08-17T00:25:16.3628693Z,274,0,141,97,0
2026-08-17T00:25:16.3677589Z,274,0,141,97,0
2026-08-17T00:25:16.3727219Z,274,0,141,97,0
2026-08-17T00:25:16.3774784Z,272,0,143,97,0
2026-08-17T00:25:16.3827668Z,267,0,148,97,0
2026-08-17T00:25:16.3877255Z,262,0,153,97,0
2026-08-17T00:25:16.3928807Z,257,0,158,97,0
2026-08-17T00:25:16.3976272Z,252,0,163,98,0
2026-08-17T00:25:16.4029495Z,254,0,163,99,0
2026-08-17T00:25:16.4080867Z,256,0,163,101,0
2026-08-17T00:25:16.4128589Z,259,0,163,104,0
2026-08-17T00:25:16.4179289Z,258,0,164,104,0
2026-08-17T00:25:16.4226712Z,254,0,168,104,0
2026-08-17T00:25:16.4278722Z,255,0,168,105,0
2026-08-17T00:25:16.4328416Z,252,0,171,105,0
2026-08-17T00:25:16.4375386Z,255,0,171,108,0
2026-08-17T00:25:16.4427614Z,253,0,173,108,0
2026-08-17T00:25:16.4475516Z,250,0,176,108,0
2026-08-17T00:25:16.4526654Z,247,0,179,108,0
2026-08-17T00:25:16.4583181Z,245,0,182,109,0
2026-08-17T00:25:16.4627165Z,243,0,184,109,0
2026-08-17T00:25:16.4675596Z,240,0,187,109,0
2026-08-17T00:25:16.4724027Z,237,0,190,109,0
2026-08-17T00:25:16.4775882Z,235,0,192,109,0
2026-08-17T00:25:16.4826545Z,235,0,192,109,0
2026-08-17T00:25:16.4880496Z,236,0,192,110,0
2026-08-17T00:25:16.4923875Z,240,0,192,114,0
2026-08-17T00:25:16.4974077Z,241,0,192,115,0
2026-08-17T00:25:16.5024711Z,241,0,192,115,0
2026-08-17T00:25:16.5076164Z,245,0,192,119,0
2026-08-17T00:25:16.5126226Z,246,0,192,121,0
2026-08-17T00:25:16.5178265Z,253,0,192,127,0
2026-08-17T00:25:16.523287Z,253,0,192,127,0
2026-08-17T00:25:16.5279378Z,253,0,192,127,0
2026-08-17T00:25:16.5328657Z,250,0,195,127,0
2026-08-17T00:25:16.5375991Z,246,0,199,127,0
2026-08-17T00:25:16.5427586Z,234,0,211,127,0
2026-08-17T00:25:16.5474917Z,234,0,211,127,0
2026-08-17T00:25:16.552605Z,234,0,211,127,0
2026-08-17T00:25:16.5575344Z,231,0,215,128,0
2026-08-17T00:25:16.5627594Z,230,0,216,128,0
2026-08-17T00:25:16.5676667Z,229,0,217,128,0
2026-08-17T00:25:16.5728799Z,226,0,220,128,0
2026-08-17T00:25:16.5778715Z,223,0,223,128,0
2026-08-17T00:25:16.5828096Z,220,0,226,128,0
2026-08-17T00:25:16.5877445Z,215,0,231,128,0
2026-08-17T00:25:16.5925822Z,209,0,237,128,0
2026-08-17T00:25:16.5979124Z,206,0,240,128,0
2026-08-17T00:25:16.6029027Z,210,0,240,132,0
2026-08-17T00:25:16.6074185Z,214,0,240,136,0
2026-08-17T00:25:16.6128146Z,217,0,240,139,0
2026-08-17T00:25:16.6177298Z,221,0,240,143,0
2026-08-17T00:25:16.6228793Z,222,0,240,144,0
2026-08-17T00:25:16.6278686Z,226,0,240,149,0
2026-08-17T00:25:16.6335485Z,232,0,240,154,0
2026-08-17T00:25:16.6375767Z,232,0,240,154,0
2026-08-17T00:25:16.6426367Z,231,0,241,154,0
2026-08-17T00:25:16.6475494Z,227,0,245,154,0
2026-08-17T00:25:16.6526701Z,224,0,248,154,0
2026-08-17T00:25:16.6576139Z,224,0,248,154,0
2026-08-17T00:25:16.6627839Z,224,0,248,154,0
2026-08-17T00:25:16.6674737Z,220,0,252,154,0
2026-08-17T00:25:16.6725561Z,215,0,257,154,0
2026-08-17T00:25:16.6773952Z,210,0,263,155,0
2026-08-17T00:25:16.6825424Z,213,0,263,158,0
2026-08-17T00:25:16.6876123Z,215,0,263,160,0
2026-08-17T00:25:16.6924674Z,215,0,263,160,0
2026-08-17T00:25:16.6975034Z,214,0,264,160,0
2026-08-17T00:25:16.7025649Z,214,0,265,161,0
2026-08-17T00:25:16.7078191Z,212,0,267,161,0
2026-08-17T00:25:16.7128227Z,210,0,269,161,0
2026-08-17T00:25:16.717418Z,210,0,269,161,0
2026-08-17T00:25:16.72289Z,210,0,269,161,0
2026-08-17T00:25:16.727451Z,210,0,269,161,0
2026-08-17T00:25:16.7328209Z,207,0,272,161,0
2026-08-17T00:25:16.737442Z,201,0,278,161,0
2026-08-17T00:25:16.7426606Z,197,0,282,161,0
2026-08-17T00:25:16.7477965Z,193,0,287,162,0
2026-08-17T00:25:16.7528118Z,190,0,290,162,0
2026-08-17T00:25:16.7576875Z,185,0,295,162,0
2026-08-17T00:25:16.7627753Z,184,0,296,162,0
2026-08-17T00:25:16.7680214Z,187,0,296,165,0
2026-08-17T00:25:16.7731462Z,189,0,296,167,0
2026-08-17T00:25:16.7775307Z,189,0,296,167,0
2026-08-17T00:25:16.7829871Z,189,0,296,167,0
2026-08-17T00:25:16.7874714Z,189,0,296,167,0
2026-08-17T00:25:16.7924498Z,189,0,296,167,0
2026-08-17T00:25:16.7978026Z,189,0,296,167,0
2026-08-17T00:25:16.8029541Z,189,0,296,167,0
2026-08-17T00:25:16.8075127Z,188,0,297,167,0
2026-08-17T00:25:16.8125941Z,186,0,299,167,0
2026-08-17T00:25:16.8178305Z,182,0,303,167,0
2026-08-17T00:25:16.8227147Z,180,0,305,167,0
2026-08-17T00:25:16.8277655Z,176,0,309,167,0
2026-08-17T00:25:16.8326381Z,174,0,311,167,0
2026-08-17T00:25:16.8376381Z,175,0,312,169,0
2026-08-17T00:25:16.8426654Z,177,0,313,172,0
2026-08-17T00:25:16.8477071Z,178,0,313,173,0
2026-08-17T00:25:16.8528839Z,178,0,313,173,0
2026-08-17T00:25:16.8573779Z,177,0,314,173,0
2026-08-17T00:25:16.8628836Z,174,0,317,173,0
2026-08-17T00:25:16.867878Z,173,0,318,173,0
2026-08-17T00:25:16.8728512Z,168,0,323,173,0
2026-08-17T00:25:16.878164Z,166,0,325,173,0
2026-08-17T00:25:16.8831018Z,163,0,328,173,0
2026-08-17T00:25:16.8877844Z,162,0,329,173,0
2026-08-17T00:25:16.8923862Z,162,0,329,173,0
2026-08-17T00:25:16.8984154Z,162,0,329,173,0
2026-08-17T00:25:16.9024861Z,162,0,329,173,0
2026-08-17T00:25:16.9078171Z,162,0,329,173,0
2026-08-17T00:25:16.9125385Z,161,0,330,173,0
2026-08-17T00:25:16.9175992Z,158,0,333,173,0
2026-08-17T00:25:16.9227569Z,155,0,336,173,0
2026-08-17T00:25:16.9278801Z,153,0,338,173,0
2026-08-17T00:25:16.9329091Z,153,0,338,173,0
2026-08-17T00:25:16.9382978Z,153,0,338,173,0
2026-08-17T00:25:16.9430836Z,153,0,338,173,0
2026-08-17T00:25:16.9482133Z,153,0,338,173,0
2026-08-17T00:25:16.9534068Z,153,0,338,173,0
2026-08-17T00:25:16.9573917Z,151,0,340,173,0
2026-08-17T00:25:16.9625091Z,145,0,346,173,0
2026-08-17T00:25:16.9677392Z,142,0,349,173,0
2026-08-17T00:25:16.9725025Z,141,0,351,174,0
2026-08-17T00:25:16.9775481Z,139,0,353,174,0
2026-08-17T00:25:16.9826859Z,140,0,353,175,0
2026-08-17T00:25:16.9875889Z,140,0,353,175,0
2026-08-17T00:25:16.9929607Z,140,0,353,175,0
2026-08-17T00:25:16.9983039Z,140,0,353,175,0
2026-08-17T00:25:17.0026817Z,139,0,354,175,0
2026-08-17T00:25:17.0077177Z,136,0,357,175,0
2026-08-17T00:25:17.0125139Z,133,0,360,175,0
2026-08-17T00:25:17.0174148Z,133,0,360,175,0
2026-08-17T00:25:17.0226628Z,133,0,360,175,0
2026-08-17T00:25:17.0273967Z,129,0,364,175,0
2026-08-17T00:25:17.032907Z,127,0,366,175,0
2026-08-17T00:25:17.0376113Z,126,0,367,175,0
2026-08-17T00:25:17.0424024Z,123,0,370,175,0
2026-08-17T00:25:17.04744Z,120,0,373,175,0
2026-08-17T00:25:17.05269Z,120,0,373,175,0
2026-08-17T00:25:17.0575298Z,119,0,374,175,0
2026-08-17T00:25:17.0625536Z,118,0,375,175,0
2026-08-17T00:25:17.0675966Z,116,0,377,175,0
2026-08-17T00:25:17.0728061Z,112,0,381,175,0
2026-08-17T00:25:17.0776543Z,108,0,385,175,0
2026-08-17T00:25:17.0825062Z,106,0,388,176,0
2026-08-17T00:25:17.087505Z,106,0,388,176,0
2026-08-17T00:25:17.092758Z,106,0,388,176,0
2026-08-17T00:25:17.0978999Z,106,0,388,176,0
2026-08-17T00:25:17.1027406Z,105,0,389,176,0
2026-08-17T00:25:17.107861Z,100,0,394,176,0
2026-08-17T00:25:17.112927Z,100,0,394,176,0
2026-08-17T00:25:17.1175029Z,95,0,399,176,0
2026-08-17T00:25:17.1227311Z,93,0,401,176,0
2026-08-17T00:25:17.1278234Z,93,0,401,176,0
2026-08-17T00:25:17.1328298Z,90,0,404,176,0
2026-08-17T00:25:17.1374795Z,87,0,407,176,0
2026-08-17T00:25:17.1424674Z,83,0,411,176,0
2026-08-17T00:25:17.1475927Z,80,0,414,176,0
2026-08-17T00:25:17.1526326Z,80,0,414,176,0
2026-08-17T00:25:17.1576475Z,80,0,414,176,0
2026-08-17T00:25:17.1625722Z,80,0,414,176,0
2026-08-17T00:25:17.1679125Z,80,0,414,176,0
2026-08-17T00:25:17.1725799Z,80,0,414,176,0
2026-08-17T00:25:17.1778144Z,77,0,417,176,0
2026-08-17T00:25:17.1823794Z,72,0,422,176,0
2026-08-17T00:25:17.1874215Z,71,0,423,176,0
2026-08-17T00:25:17.1924005Z,71,0,423,176,0
2026-08-17T00:25:17.197908Z,71,0,423,176,0
2026-08-17T00:25:17.2030081Z,67,0,427,176,0
2026-08-17T00:25:17.2077229Z,63,0,431,176,0
2026-08-17T00:25:17.2124302Z,57,0,437,176,0
2026-08-17T00:25:17.2174888Z,57,0,437,176,0
2026-08-17T00:25:17.2229168Z,57,0,437,176,0
2026-08-17T00:25:17.2278813Z,57,0,437,176,0
2026-08-17T00:25:17.2327958Z,57,0,437,176,0
2026-08-17T00:25:17.2373862Z,56,0,438,176,0
2026-08-17T00:25:17.2423989Z,53,0,441,176,0
2026-08-17T00:25:17.2477455Z,51,0,443,176,0
2026-08-17T00:25:17.2525876Z,47,0,447,176,0
2026-08-17T00:25:17.2576629Z,47,0,447,176,0
2026-08-17T00:25:17.2629571Z,47,0,447,176,0
2026-08-17T00:25:17.267564Z,47,0,447,176,0
2026-08-17T00:25:17.272643Z,43,0,451,176,0
2026-08-17T00:25:17.2774171Z,38,0,456,176,0
2026-08-17T00:25:17.2828334Z,34,0,460,176,0
2026-08-17T00:25:17.2875126Z,34,0,460,176,0
2026-08-17T00:25:17.2929627Z,34,0,460,176,0
2026-08-17T00:25:17.2974183Z,33,0,461,176,0
2026-08-17T00:25:17.3023944Z,29,0,465,176,0
2026-08-17T00:25:17.3077628Z,26,0,468,176,0
2026-08-17T00:25:17.3136708Z,24,0,470,176,0
2026-08-17T00:25:17.3177886Z,21,0,473,176,0
2026-08-17T00:25:17.3226026Z,16,0,478,176,0
2026-08-17T00:25:17.3275676Z,9,0,485,176,0
2026-08-17T00:25:17.3326204Z,0,0,494,176,0
2026-08-17T00:25:17.3374965Z,0,0,494,176,0
2026-08-17T00:25:17.3434236Z,0,0,495,176,0
2026-08-17T00:25:17.3478163Z,0,0,495,176,0
2026-08-17T00:25:17.3529876Z,0,0,495,176,0
2026-08-17T00:25:17.3576546Z,0,0,495,176,0
2026-08-17T00:25:17.3630224Z,0,0,495,176,0
2026-08-17T00:25:17.3677153Z,0,0,495,176,0
2026-08-17T00:25:17.3729143Z,0,0,495,176,0
2026-08-17T00:25:17.3778924Z,0,0,495,176,0
2026-08-17T00:25:17.3829569Z,0,0,495,176,0
2026-08-17T00:25:17.3876345Z,0,0,495,176,0
2026-08-17T00:25:17.3928763Z,0,0,495,176,0
2026-08-17T00:25:17.3977825Z,0,0,495,176,0
2026-08-17T00:25:17.4025882Z,0,0,495,176,0
2026-08-17T00:25:17.4079284Z,0,0,495,176,0
2026-08-17T00:25:17.4127778Z,0,0,495,176,0
2026-08-17T00:25:17.4175502Z,0,0,495,176,0
2026-08-17T00:25:17.4226928Z,0,0,495,176,0
2026-08-17T00:25:17.4275173Z,0,0,495,176,0
2026-08-17T00:25:17.4325178Z,0,0,495,176,0
2026-08-17T00:25:17.4382981Z,0,0,495,176,0
2026-08-17T00:25:17.4426471Z,0,0,495,176,0
2026-08-17T00:25:17.4479349Z,0,0,495,176,0
2026-08-17T00:25:17.4530152Z,0,0,495,176,0
2026-08-17T00:25:17.4583909Z,0,0,495,176,0
2026-08-17T00:25:17.4627309Z,0,0,495,176,0
2026-08-17T00:25:17.4678309Z,0,0,495,176,0
2026-08-17T00:25:17.4729677Z,0,0,495,176,0
2026-08-17T00:25:17.4777164Z,0,0,495,176,0
2026-08-17T00:25:17.4827831Z,0,0,495,176,0
2026-08-17T00:25:17.4879159Z,0,0,495,176,0
2026-08-17T00:25:17.4927574Z,0,0,495,176,0
2026-08-17T00:25:17.497828Z,0,0,495,176,0
2026-08-17T00:25:17.5025305Z,0,0,495,176,0
2026-08-17T00:25:17.5076523Z,0,0,495,176,0
2026-08-17T00:25:17.5128236Z,0,0,495,176,0
2026-08-17T00:25:17.5178474Z,0,0,495,176,0
2026-08-17T00:25:17.5227277Z,0,0,495,176,0
2026-08-17T00:25:17.5279443Z,0,0,495,176,0
2026-08-17T00:25:17.5327791Z,0,0,495,176,0
2026-08-17T00:25:17.5379253Z,0,0,495,176,0
2026-08-17T00:25:17.5425588Z,0,0,495,176,0
2026-08-17T00:25:17.5479963Z,0,0,495,176,0
2026-08-17T00:25:17.5527315Z,0,0,495,176,0
2026-08-17T00:25:17.5579444Z,0,0,495,176,0
2026-08-17T00:25:17.5632123Z,0,0,495,176,0
2026-08-17T00:25:17.5678271Z,0,0,495,176,0
2026-08-17T00:25:17.5730018Z,0,0,495,176,0
2026-08-17T00:25:17.5776936Z,0,0,495,176,0
2026-08-17T00:25:17.5828952Z,0,0,495,176,0
2026-08-17T00:25:17.5878611Z,0,0,495,176,0
2026-08-17T00:25:17.5931754Z,0,0,495,176,0
2026-08-17T00:25:17.5985024Z,0,0,495,176,0
2026-08-17T00:25:17.602714Z,0,0,495,176,0
2026-08-17T00:25:17.6078786Z,0,0,495,176,0
2026-08-17T00:25:17.6132733Z,0,0,495,176,0
2026-08-17T00:25:17.6178966Z,0,0,495,176,0
2026-08-17T00:25:17.6230986Z,0,0,495,176,0
2026-08-17T00:25:17.6278379Z,0,0,495,176,0
2026-08-17T00:25:17.633155Z,0,0,495,176,0
2026-08-17T00:25:17.637784Z,0,0,495,176,0
2026-08-17T00:25:17.6432442Z,0,0,495,176,0
2026-08-17T00:25:17.6476832Z,0,0,495,176,0
2026-08-17T00:25:17.6528612Z,0,0,495,176,0
2026-08-17T00:25:17.6575396Z,0,0,495,176,0
2026-08-17T00:25:17.6632807Z,0,0,495,176,0
2026-08-17T00:25:17.6679388Z,0,0,495,176,0
2026-08-17T00:25:17.6726675Z,0,0,495,176,0
2026-08-17T00:25:17.6777317Z,0,0,495,176,0
2026-08-17T00:25:17.6829266Z,0,0,495,176,0
2026-08-17T00:25:17.6879792Z,0,0,495,176,0
2026-08-17T00:25:17.6931074Z,0,0,495,176,0
2026-08-17T00:25:17.6980519Z,0,0,495,176,0
2026-08-17T00:25:17.7028167Z,0,0,495,176,0
2026-08-17T00:25:17.7079687Z,0,0,495,176,0
2026-08-17T00:25:17.7128332Z,0,0,495,176,0
2026-08-17T00:25:17.7175258Z,0,0,495,176,0
2026-08-17T00:25:17.7232678Z,0,0,495,176,0
2026-08-17T00:25:17.72793Z,0,0,495,176,0
2026-08-17T00:25:17.7328747Z,0,0,495,176,0
2026-08-17T00:25:17.7375849Z,0,0,495,176,0
2026-08-17T00:25:17.742707Z,0,0,495,176,0
2026-08-17T00:25:17.747956Z,0,0,495,176,0
2026-08-17T00:25:17.7527308Z,0,0,495,176,0
2026-08-17T00:25:17.7580509Z,0,0,495,176,0
2026-08-17T00:25:17.7628579Z,0,0,495,176,0
2026-08-17T00:25:17.7680021Z,0,0,495,176,0
2026-08-17T00:25:17.7727192Z,0,0,495,176,0
2026-08-17T00:25:17.7776859Z,0,0,495,176,0
2026-08-17T00:25:17.7829068Z,0,0,495,176,0
2026-08-17T00:25:17.7879632Z,0,0,495,176,0
2026-08-17T00:25:17.7932237Z,0,0,495,176,0
2026-08-17T00:25:17.7977646Z,0,0,495,176,0
2026-08-17T00:25:17.8029708Z,0,0,495,176,0
2026-08-17T00:25:17.8077376Z,0,0,495,176,0
2026-08-17T00:25:17.8132283Z,0,0,495,176,0
2026-08-17T00:25:17.8178733Z,0,0,495,176,0
2026-08-17T00:25:17.8231281Z,0,0,495,176,0
2026-08-17T00:25:17.8279376Z,0,0,495,176,0
2026-08-17T00:25:17.8327478Z,0,0,495,176,0
2026-08-17T00:25:17.8379632Z,0,0,495,176,0
2026-08-17T00:25:17.8430006Z,0,0,495,176,0
2026-08-17T00:25:17.8480448Z,0,0,495,176,0
2026-08-17T00:25:17.8527072Z,0,0,495,176,0
2026-08-17T00:25:17.8579643Z,0,0,495,176,0
2026-08-17T00:25:17.862935Z,0,0,495,176,0
2026-08-17T00:25:17.8675949Z,0,0,495,176,0
2026-08-17T00:25:17.8729075Z,0,0,495,176,0
2026-08-17T00:25:17.877775Z,0,0,495,176,0
2026-08-17T00:25:17.8827546Z,0,0,495,176,0
2026-08-17T00:25:17.887925Z,0,0,495,176,0
2026-08-17T00:25:17.8927626Z,0,0,495,176,0
2026-08-17T00:25:17.8976539Z,0,0,495,176,0
2026-08-17T00:25:17.9028524Z,0,0,495,176,0
2026-08-17T00:25:17.9080468Z,0,0,495,176,0
2026-08-17T00:25:17.912531Z,0,0,495,176,0
2026-08-17T00:25:17.9177289Z,0,0,495,176,0
2026-08-17T00:25:17.9230229Z,0,0,495,176,0
2026-08-17T00:25:17.9279446Z,0,0,495,176,0
2026-08-17T00:25:17.9330313Z,0,0,495,176,0
2026-08-17T00:25:17.9377222Z,0,0,495,176,0
2026-08-17T00:25:17.9428169Z,0,0,495,176,0
2026-08-17T00:25:17.9477914Z,0,0,495,176,0
2026-08-17T00:25:17.9529624Z,0,0,495,176,0
2026-08-17T00:25:17.9576744Z,0,0,495,176,0
2026-08-17T00:25:17.9631006Z,0,0,495,176,0
2026-08-17T00:25:17.9682711Z,0,0,495,176,0
2026-08-17T00:25:17.9729787Z,0,0,495,176,0
2026-08-17T00:25:17.9780447Z,0,0,495,176,0
2026-08-17T00:25:17.9826799Z,0,0,495,176,0
2026-08-17T00:25:17.9878443Z,0,0,495,176,0
2026-08-17T00:25:17.9926222Z,0,0,495,176,0
2026-08-17T00:25:17.9980825Z,0,0,495,176,0
2026-08-17T00:25:18.0029256Z,0,0,495,176,0
2026-08-17T00:25:18.0075523Z,0,0,495,176,0
2026-08-17T00:25:18.0130476Z,0,0,495,176,0
2026-08-17T00:25:18.0177126Z,0,0,495,176,0
2026-08-17T00:25:18.0228914Z,0,0,495,176,0
2026-08-17T00:25:18.0277453Z,0,0,495,176,0
2026-08-17T00:25:18.0330013Z,0,0,495,176,0
2026-08-17T00:25:18.0376393Z,0,0,495,176,0
2026-08-17T00:25:18.0431192Z,0,0,495,176,0
2026-08-17T00:25:18.0477143Z,0,0,495,176,0
2026-08-17T00:25:18.0529739Z,0,0,495,176,0
2026-08-17T00:25:18.0576828Z,0,0,495,176,0
2026-08-17T00:25:18.0630038Z,0,0,495,176,0
2026-08-17T00:25:18.0676784Z,0,0,495,176,0
2026-08-17T00:25:18.072683Z,0,0,495,176,0
2026-08-17T00:25:18.0777401Z,0,0,495,176,0
2026-08-17T00:25:18.08281Z,0,0,495,176,0
2026-08-17T00:25:18.088213Z,0,0,495,176,0
2026-08-17T00:25:18.0927888Z,0,0,495,176,0
2026-08-17T00:25:18.0975853Z,0,0,495,176,0
2026-08-17T00:25:18.1027572Z,0,0,495,176,0
2026-08-17T00:25:18.1080462Z,0,0,495,176,0
2026-08-17T00:25:18.1130274Z,0,0,495,176,0
2026-08-17T00:25:18.1178672Z,0,0,495,176,0
2026-08-17T00:25:18.1230414Z,0,0,495,176,0
2026-08-17T00:25:18.1276121Z,0,0,495,176,0
2026-08-17T00:25:18.1329604Z,0,0,495,176,0
2026-08-17T00:25:18.1376469Z,0,0,495,176,0
2026-08-17T00:25:18.1428404Z,0,0,495,176,0
2026-08-17T00:25:18.1479116Z,0,0,495,176,0
2026-08-17T00:25:18.1525527Z,0,0,495,176,0
2026-08-17T00:25:18.1579529Z,0,0,495,176,0
2026-08-17T00:25:18.1628528Z,0,0,495,176,0
2026-08-17T00:25:18.1675125Z,0,0,495,176,0
2026-08-17T00:25:18.1726328Z,0,0,495,176,0
2026-08-17T00:25:18.1779792Z,0,0,495,176,0
2026-08-17T00:25:18.1826785Z,0,0,495,176,0
2026-08-17T00:25:18.1877992Z,0,0,495,176,0
2026-08-17T00:25:18.1928163Z,0,0,495,176,0
2026-08-17T00:25:18.1977178Z,0,0,495,176,0
2026-08-17T00:25:18.2028855Z,0,0,495,176,0
2026-08-17T00:25:18.2075271Z,0,0,495,176,0
2026-08-17T00:25:18.2129532Z,0,0,495,176,0
2026-08-17T00:25:18.2176767Z,0,0,495,176,0
2026-08-17T00:25:18.2228926Z,0,0,495,176,0
2026-08-17T00:25:18.2279936Z,0,0,495,176,0
2026-08-17T00:25:18.2327321Z,0,0,495,176,0
2026-08-17T00:25:18.2379167Z,0,0,495,176,0
2026-08-17T00:25:18.242585Z,0,0,495,176,0
2026-08-17T00:25:18.2477921Z,0,0,495,176,0
2026-08-17T00:25:18.2530212Z,0,0,495,176,0
2026-08-17T00:25:18.2577972Z,0,0,495,176,0
2026-08-17T00:25:18.2629951Z,0,0,495,176,0
2026-08-17T00:25:18.2677104Z,0,0,495,176,0
2026-08-17T00:25:18.2730157Z,0,0,495,176,0
2026-08-17T00:25:18.2778057Z,0,0,495,176,0
2026-08-17T00:25:18.2826837Z,0,0,495,176,0
2026-08-17T00:25:18.2879415Z,0,0,495,176,0
2026-08-17T00:25:18.2926506Z,0,0,495,176,0
2026-08-17T00:25:18.2976162Z,0,0,495,176,0
2026-08-17T00:25:18.302846Z,0,0,495,176,0
2026-08-17T00:25:18.3076416Z,0,0,495,176,0
2026-08-17T00:25:18.312935Z,0,0,495,176,0
2026-08-17T00:25:18.3180381Z,0,0,495,176,0
2026-08-17T00:25:18.3226385Z,0,0,495,176,0
2026-08-17T00:25:18.3277458Z,0,0,495,176,0
2026-08-17T00:25:18.3327827Z,0,0,495,176,0
2026-08-17T00:25:18.3375192Z,0,0,495,176,0
2026-08-17T00:25:18.3425952Z,0,0,495,176,0
2026-08-17T00:25:18.3477842Z,0,0,495,176,0
2026-08-17T00:25:18.3527032Z,0,0,495,176,0
2026-08-17T00:25:18.3579984Z,0,0,495,176,0
2026-08-17T00:25:18.3632372Z,0,0,495,176,0
2026-08-17T00:25:18.3675014Z,0,0,495,176,0
2026-08-17T00:25:18.3734052Z,0,0,495,176,0
2026-08-17T00:25:18.3776878Z,0,0,495,176,0
2026-08-17T00:25:18.382741Z,0,0,495,176,0
2026-08-17T00:25:18.3879191Z,0,0,495,176,0
2026-08-17T00:25:18.3927377Z,0,0,495,176,0
2026-08-17T00:25:18.3977664Z,0,0,495,176,0
2026-08-17T00:25:18.4030045Z,0,0,495,176,0
2026-08-17T00:25:18.4076781Z,0,0,495,176,0
2026-08-17T00:25:18.4133433Z,0,0,495,176,0
2026-08-17T00:25:18.4182339Z,0,0,495,176,0
2026-08-17T00:25:18.4227854Z,0,0,495,176,0
2026-08-17T00:25:18.4279129Z,0,0,495,176,0
2026-08-17T00:25:18.4328706Z,0,0,495,176,0
2026-08-17T00:25:18.4376274Z,0,0,495,176,0
2026-08-17T00:25:18.44253Z,0,0,495,176,0
2026-08-17T00:25:18.4481331Z,0,0,495,176,0
2026-08-17T00:25:18.4528766Z,0,0,495,176,0
2026-08-17T00:25:18.4579318Z,0,0,495,176,0
2026-08-17T00:25:18.4627836Z,0,0,495,176,0
2026-08-17T00:25:18.4679294Z,0,0,495,176,0
2026-08-17T00:25:18.4726259Z,0,0,495,176,0
2026-08-17T00:25:18.4776421Z,0,0,495,176,0
2026-08-17T00:25:18.4830188Z,0,0,495,176,0
2026-08-17T00:25:18.4876692Z,0,0,495,176,0
2026-08-17T00:25:18.4931623Z,0,0,495,176,0
2026-08-17T00:25:18.4976329Z,0,0,495,176,0
2026-08-17T00:25:18.5028357Z,0,0,495,176,0
2026-08-17T00:25:18.5075994Z,0,0,495,176,0
2026-08-17T00:25:18.5131485Z,0,0,495,176,0
2026-08-17T00:25:18.5178145Z,0,0,495,176,0
2026-08-17T00:25:18.5226982Z,0,0,495,176,0
2026-08-17T00:25:18.5278661Z,0,0,495,176,0
2026-08-17T00:25:18.532816Z,0,0,495,176,0
2026-08-17T00:25:18.5379972Z,0,0,495,176,0
2026-08-17T00:25:18.5426695Z,0,0,495,176,0
2026-08-17T00:25:18.5475559Z,0,0,495,176,0
2026-08-17T00:25:18.552808Z,0,0,495,176,0
2026-08-17T00:25:18.5576652Z,0,0,495,176,0
2026-08-17T00:25:18.5630158Z,0,0,495,176,0
2026-08-17T00:25:18.5676695Z,0,0,495,176,0
2026-08-17T00:25:18.5729227Z,0,0,495,176,0
2026-08-17T00:25:18.5777073Z,0,0,495,176,0
2026-08-17T00:25:18.5828357Z,0,0,495,176,0
2026-08-17T00:25:18.5876433Z,0,0,495,176,0
2026-08-17T00:25:18.5931717Z,0,0,495,176,0
2026-08-17T00:25:18.5976053Z,0,0,495,176,0
2026-08-17T00:25:18.6029241Z,0,0,495,176,0
2026-08-17T00:25:18.607591Z,0,0,495,176,0
2026-08-17T00:25:18.6132257Z,0,0,495,176,0
2026-08-17T00:25:18.6179878Z,0,0,495,176,0
2026-08-17T00:25:18.6226508Z,0,0,495,176,0
2026-08-17T00:25:18.6278361Z,0,0,495,176,0
2026-08-17T00:25:18.6325377Z,0,0,495,176,0
2026-08-17T00:25:18.6377004Z,0,0,495,176,0
2026-08-17T00:25:18.6431445Z,0,0,495,176,0
2026-08-17T00:25:18.6477352Z,0,0,495,176,0
2026-08-17T00:25:18.6529733Z,0,0,495,176,0
2026-08-17T00:25:18.6576096Z,0,0,495,176,0
2026-08-17T00:25:18.6629243Z,0,0,495,176,0
2026-08-17T00:25:18.6676086Z,0,0,495,176,0
2026-08-17T00:25:18.6729313Z,0,0,495,176,0
2026-08-17T00:25:18.6775972Z,0,0,495,176,0
2026-08-17T00:25:18.6828551Z,0,0,495,176,0
2026-08-17T00:25:18.6875559Z,0,0,495,176,0
2026-08-17T00:25:18.6927618Z,0,0,495,176,0
2026-08-17T00:25:18.6978988Z,0,0,495,176,0
2026-08-17T00:25:18.70296Z,0,0,495,176,0
2026-08-17T00:25:18.7080618Z,0,0,495,176,0
2026-08-17T00:25:18.7130083Z,0,0,495,176,0
2026-08-17T00:25:18.7177772Z,0,0,495,176,0
2026-08-17T00:25:18.7230739Z,0,0,495,176,0
2026-08-17T00:25:18.7279069Z,0,0,495,176,0
2026-08-17T00:25:18.7328347Z,0,0,495,176,0
2026-08-17T00:25:18.7375479Z,0,0,495,176,0
2026-08-17T00:25:18.7428298Z,0,0,495,176,0
2026-08-17T00:25:18.7477642Z,0,0,495,176,0
2026-08-17T00:25:18.7530331Z,0,0,495,176,0
2026-08-17T00:25:18.7577304Z,0,0,495,176,0
2026-08-17T00:25:18.7628258Z,0,0,495,176,0
2026-08-17T00:25:18.7680102Z,0,0,495,176,0
2026-08-17T00:25:18.7732705Z,0,0,495,176,0
2026-08-17T00:25:18.77772Z,0,0,495,176,0
2026-08-17T00:25:18.782965Z,0,0,495,176,0
2026-08-17T00:25:18.7877459Z,0,0,495,176,0
2026-08-17T00:25:18.793126Z,0,0,495,176,0
2026-08-17T00:25:18.7978032Z,0,0,495,176,0
2026-08-17T00:25:18.8025485Z,0,0,495,176,0
2026-08-17T00:25:18.8078206Z,0,0,495,176,0
2026-08-17T00:25:18.8131004Z,0,0,495,176,0
2026-08-17T00:25:18.8174964Z,0,0,495,176,0
2026-08-17T00:25:18.8229243Z,0,0,495,176,0
2026-08-17T00:25:18.827873Z,0,0,495,176,0
2026-08-17T00:25:18.8326292Z,0,0,495,176,0
2026-08-17T00:25:18.8378131Z,0,0,495,176,0
2026-08-17T00:25:18.8428867Z,0,0,495,176,0
2026-08-17T00:25:18.8475519Z,0,0,495,176,0
2026-08-17T00:25:18.8531061Z,0,0,495,176,0
2026-08-17T00:25:18.8578296Z,0,0,495,176,0
2026-08-17T00:25:18.8628939Z,0,0,495,176,0
2026-08-17T00:25:18.8675543Z,0,0,495,176,0
2026-08-17T00:25:18.8727687Z,0,0,495,176,0
2026-08-17T00:25:18.8779985Z,0,0,495,176,0
2026-08-17T00:25:18.8828106Z,0,0,495,176,0
2026-08-17T00:25:18.8880905Z,0,0,495,176,0
2026-08-17T00:25:18.8926934Z,0,0,495,176,0
2026-08-17T00:25:18.8978934Z,0,0,495,176,0
2026-08-17T00:25:18.9032669Z,0,0,495,176,0
2026-08-17T00:25:18.9079539Z,0,0,495,176,0
2026-08-17T00:25:18.9128617Z,0,0,495,176,0
2026-08-17T00:25:18.9181987Z,0,0,495,176,0
2026-08-17T00:25:18.9229972Z,0,0,495,176,0
2026-08-17T00:25:18.9277517Z,0,0,495,176,0
2026-08-17T00:25:18.9325208Z,0,0,495,176,0
2026-08-17T00:25:18.9378016Z,0,0,495,176,0
2026-08-17T00:25:18.943207Z,0,0,495,176,0
2026-08-17T00:25:18.9488539Z,0,0,495,176,0
2026-08-17T00:25:18.9525735Z,0,0,495,176,0
2026-08-17T00:25:18.9579043Z,0,0,495,176,0
2026-08-17T00:25:18.9626432Z,0,0,495,176,0
2026-08-17T00:25:18.9679108Z,0,0,495,176,0
2026-08-17T00:25:18.9727138Z,0,0,495,176,0
2026-08-17T00:25:18.9778066Z,0,0,495,176,0
2026-08-17T00:25:18.9826873Z,0,0,495,176,0
2026-08-17T00:25:18.9880306Z,0,0,495,176,0
2026-08-17T00:25:18.9930388Z,0,0,495,176,0
2026-08-17T00:25:18.9981228Z,0,0,495,176,0
2026-08-17T00:25:19.0033993Z,0,0,495,176,0
2026-08-17T00:25:19.0075618Z,0,0,495,176,0
2026-08-17T00:25:19.012883Z,0,0,495,176,0
2026-08-17T00:25:19.0176553Z,0,0,495,176,0
2026-08-17T00:25:19.0228508Z,0,0,495,176,0
2026-08-17T00:25:19.0278288Z,0,0,495,176,0
2026-08-17T00:25:19.0326986Z,0,0,495,176,0
2026-08-17T00:25:19.0378122Z,0,0,495,176,0
2026-08-17T00:25:19.0430931Z,0,0,495,176,0
2026-08-17T00:25:19.0477332Z,0,0,495,176,0
2026-08-17T00:25:19.0529773Z,0,0,495,176,0
2026-08-17T00:25:19.0577373Z,0,0,495,176,0
2026-08-17T00:25:19.062728Z,0,0,495,176,0
2026-08-17T00:25:19.0678744Z,0,0,495,176,0
2026-08-17T00:25:19.0726162Z,0,0,495,176,0
2026-08-17T00:25:19.0781479Z,0,0,495,176,0
2026-08-17T00:25:19.0829018Z,0,0,495,176,0
2026-08-17T00:25:19.0876589Z,0,0,495,176,0
2026-08-17T00:25:19.0928981Z,0,0,495,176,0
2026-08-17T00:25:19.097597Z,0,0,495,176,0
2026-08-17T00:25:19.1028791Z,0,0,495,176,0
2026-08-17T00:25:19.107654Z,0,0,495,176,0
2026-08-17T00:25:19.1124184Z,0,0,495,176,0
2026-08-17T00:25:19.1175972Z,0,0,495,176,0
2026-08-17T00:25:19.1225393Z,0,0,495,176,0
2026-08-17T00:25:19.1278735Z,0,0,495,176,0
2026-08-17T00:25:19.1328862Z,0,0,495,176,0
2026-08-17T00:25:19.1376124Z,0,0,495,176,0
2026-08-17T00:25:19.1425902Z,0,0,495,176,0
2026-08-17T00:25:19.1475575Z,0,0,495,176,0
2026-08-17T00:25:19.1527712Z,0,0,495,176,0
2026-08-17T00:25:19.1579732Z,0,0,495,176,0
2026-08-17T00:25:19.1628681Z,0,0,495,176,0
2026-08-17T00:25:19.167535Z,0,0,495,176,0
2026-08-17T00:25:19.1726369Z,0,0,495,176,0
2026-08-17T00:25:19.1778162Z,0,0,495,176,0
2026-08-17T00:25:19.1828074Z,0,0,495,176,0
2026-08-17T00:25:19.1874827Z,0,0,495,176,0
2026-08-17T00:25:19.1927836Z,0,0,495,176,0
2026-08-17T00:25:19.197648Z,0,0,495,176,0
2026-08-17T00:25:19.2032903Z,0,0,495,176,0
2026-08-17T00:25:19.2079581Z,0,0,495,176,0
2026-08-17T00:25:19.2130333Z,0,0,495,176,0
2026-08-17T00:25:19.217867Z,0,0,495,176,0
2026-08-17T00:25:19.222633Z,0,0,495,176,0
2026-08-17T00:25:19.2278127Z,0,0,495,176,0
2026-08-17T00:25:19.2331323Z,0,0,495,176,0
2026-08-17T00:25:19.2378207Z,0,0,495,176,0
2026-08-17T00:25:19.2427525Z,0,0,495,176,0
2026-08-17T00:25:19.2476927Z,0,0,495,176,0
2026-08-17T00:25:19.2525489Z,0,0,495,176,0
2026-08-17T00:25:19.2576969Z,0,0,495,176,0
2026-08-17T00:25:19.2629843Z,0,0,495,176,0
2026-08-17T00:25:19.2676231Z,0,0,495,176,0
2026-08-17T00:25:19.2728177Z,0,0,495,176,0
2026-08-17T00:25:19.2776315Z,0,0,495,176,0
2026-08-17T00:25:19.2826655Z,0,0,495,176,0
2026-08-17T00:25:19.2880037Z,0,0,495,176,0
2026-08-17T00:25:19.292615Z,0,0,495,176,0
2026-08-17T00:25:19.2979091Z,0,0,495,176,0
2026-08-17T00:25:19.3030966Z,0,0,495,176,0
2026-08-17T00:25:19.3077703Z,0,0,495,176,0
2026-08-17T00:25:19.3127802Z,0,0,495,176,0
2026-08-17T00:25:19.317797Z,0,0,495,176,0
2026-08-17T00:25:19.3225312Z,0,0,495,176,0
2026-08-17T00:25:19.3277858Z,0,0,495,176,0
2026-08-17T00:25:19.3326623Z,0,0,495,176,0
2026-08-17T00:25:19.3378131Z,0,0,495,176,0
2026-08-17T00:25:19.3429554Z,0,0,495,176,0
2026-08-17T00:25:19.3477851Z,0,0,495,176,0
2026-08-17T00:25:19.3530739Z,0,0,495,176,0
2026-08-17T00:25:19.3578191Z,0,0,495,176,0
2026-08-17T00:25:19.3628131Z,0,0,495,176,0
2026-08-17T00:25:19.3678144Z,0,0,495,176,0
2026-08-17T00:25:19.3726008Z,0,0,495,176,0
2026-08-17T00:25:19.3775976Z,0,0,495,176,0
2026-08-17T00:25:19.3826942Z,0,0,495,176,0
2026-08-17T00:25:19.3878709Z,0,0,495,176,0
2026-08-17T00:25:19.3930687Z,0,0,495,176,0
2026-08-17T00:25:19.397587Z,0,0,495,176,0
2026-08-17T00:25:19.402761Z,0,0,495,176,0
2026-08-17T00:25:19.4079678Z,0,0,495,176,0
2026-08-17T00:25:19.4126649Z,0,0,495,176,0
2026-08-17T00:25:19.4176866Z,0,0,495,176,0
2026-08-17T00:25:19.4229252Z,0,0,495,176,0
2026-08-17T00:25:19.427834Z,0,0,495,176,0
2026-08-17T00:25:19.4325117Z,0,0,495,176,0
2026-08-17T00:25:19.4377451Z,0,0,495,176,0
2026-08-17T00:25:19.4425365Z,0,0,495,176,0
2026-08-17T00:25:19.4479336Z,0,0,495,176,0
2026-08-17T00:25:19.4526353Z,0,0,495,176,0
2026-08-17T00:25:19.4577712Z,0,0,495,176,0
2026-08-17T00:25:19.4626337Z,0,0,495,176,0
2026-08-17T00:25:19.4677787Z,0,0,495,176,0
2026-08-17T00:25:19.4729987Z,0,0,495,176,0
2026-08-17T00:25:19.4776104Z,0,0,495,176,0
2026-08-17T00:25:19.482631Z,0,0,495,176,0
2026-08-17T00:25:19.4883385Z,0,0,495,176,0
2026-08-17T00:25:19.4930491Z,0,0,495,176,0
2026-08-17T00:25:19.5029131Z,0,0,495,176,0
2026-08-17T00:25:19.5079763Z,0,0,495,176,0
2026-08-17T00:25:19.5128901Z,0,0,495,176,0
2026-08-17T00:25:19.5180691Z,0,0,495,176,0
2026-08-17T00:25:19.5228377Z,0,0,495,176,0
2026-08-17T00:25:19.5278444Z,0,0,495,176,0
2026-08-17T00:25:19.532845Z,0,0,495,176,0
2026-08-17T00:25:19.5378978Z,0,0,495,176,0
2026-08-17T00:25:19.5430848Z,0,0,495,176,0
2026-08-17T00:25:19.5479021Z,0,0,495,176,0
2026-08-17T00:25:19.5526267Z,0,0,495,176,0
2026-08-17T00:25:19.5577948Z,0,0,495,176,0
2026-08-17T00:25:19.5629162Z,0,0,495,176,0
2026-08-17T00:25:19.5676714Z,0,0,495,176,0
2026-08-17T00:25:19.5729992Z,0,0,495,176,0
2026-08-17T00:25:19.5775743Z,0,0,495,176,0
2026-08-17T00:25:19.5829673Z,0,0,495,176,0
2026-08-17T00:25:19.5876644Z,0,0,495,176,0
2026-08-17T00:25:19.5926529Z,0,0,495,176,0
2026-08-17T00:25:19.5976663Z,0,0,495,176,0
2026-08-17T00:25:19.6028473Z,0,0,495,176,0
2026-08-17T00:25:19.6079772Z,0,0,495,176,0
2026-08-17T00:25:19.6128277Z,0,0,495,176,0
2026-08-17T00:25:19.6178155Z,0,0,495,176,0
2026-08-17T00:25:19.6232249Z,0,0,495,176,0
2026-08-17T00:25:19.6276871Z,0,0,495,176,0
2026-08-17T00:25:19.6328502Z,0,0,495,176,0
2026-08-17T00:25:19.6375323Z,0,0,495,176,0
2026-08-17T00:25:19.6428766Z,0,0,495,176,0
2026-08-17T00:25:19.6479526Z,0,0,495,176,0
2026-08-17T00:25:19.6527339Z,0,0,495,176,0
2026-08-17T00:25:19.6580467Z,0,0,495,176,0
2026-08-17T00:25:19.6630565Z,0,0,495,176,0
2026-08-17T00:25:19.6675797Z,0,0,495,176,0
2026-08-17T00:25:19.6727707Z,0,0,495,176,0
2026-08-17T00:25:19.6775421Z,0,0,495,176,0
2026-08-17T00:25:19.6827058Z,0,0,495,176,0
2026-08-17T00:25:19.6878576Z,0,0,495,176,0
2026-08-17T00:25:19.6925338Z,0,0,495,176,0
2026-08-17T00:25:19.6980057Z,0,0,495,176,0
2026-08-17T00:25:19.702813Z,0,0,495,176,0
2026-08-17T00:25:19.7077329Z,0,0,495,176,0
2026-08-17T00:25:19.7127521Z,0,0,495,176,0
2026-08-17T00:25:19.7178878Z,0,0,495,176,0
2026-08-17T00:25:19.7226402Z,0,0,495,176,0
2026-08-17T00:25:19.7278348Z,0,0,495,176,0
2026-08-17T00:25:19.7330356Z,0,0,495,176,0
2026-08-17T00:25:19.7377113Z,0,0,495,176,0
2026-08-17T00:25:19.7431384Z,0,0,495,176,0
2026-08-17T00:25:19.7475517Z,0,0,495,176,0
2026-08-17T00:25:19.7527609Z,0,0,495,176,0
2026-08-17T00:25:19.7576108Z,0,0,495,176,0
2026-08-17T00:25:19.7631646Z,0,0,495,176,0
2026-08-17T00:25:19.7678807Z,0,0,495,176,0
2026-08-17T00:25:19.7725669Z,0,0,495,176,0
2026-08-17T00:25:19.7778087Z,0,0,495,176,0
2026-08-17T00:25:19.7829787Z,0,0,495,176,0
2026-08-17T00:25:19.7877261Z,0,0,495,176,0
2026-08-17T00:25:19.7925917Z,0,0,495,176,0
2026-08-17T00:25:19.7979622Z,0,0,495,176,0
2026-08-17T00:25:19.8026334Z,0,0,495,176,0
2026-08-17T00:25:19.8077697Z,0,0,495,176,0
2026-08-17T00:25:19.8127594Z,0,0,495,176,0
2026-08-17T00:25:19.817716Z,0,0,495,176,0
2026-08-17T00:25:19.8226131Z,0,0,495,176,0
2026-08-17T00:25:19.82782Z,0,0,495,176,0
2026-08-17T00:25:19.833046Z,0,0,495,176,0
2026-08-17T00:25:19.8374251Z,0,0,495,176,0
2026-08-17T00:25:19.8424174Z,0,0,495,176,0
2026-08-17T00:25:19.8477066Z,0,0,495,176,0
2026-08-17T00:25:19.8526875Z,0,0,495,176,0
2026-08-17T00:25:19.8579507Z,0,0,495,176,0
2026-08-17T00:25:19.8626123Z,0,0,495,176,0
2026-08-17T00:25:19.8676731Z,0,0,495,176,0
2026-08-17T00:25:19.8727416Z,0,0,495,176,0
2026-08-17T00:25:19.8776207Z,0,0,495,176,0
2026-08-17T00:25:19.8829801Z,0,0,495,176,0
2026-08-17T00:25:19.8877479Z,0,0,495,176,0
2026-08-17T00:25:19.8926137Z,0,0,495,176,0
2026-08-17T00:25:19.8977568Z,0,0,495,176,0
2026-08-17T00:25:19.9030171Z,0,0,495,176,0
2026-08-17T00:25:19.9077111Z,0,0,495,176,0
2026-08-17T00:25:19.9128391Z,0,0,495,176,0
2026-08-17T00:25:19.9175972Z,0,0,495,176,0
2026-08-17T00:25:19.9227997Z,0,0,495,176,0
2026-08-17T00:25:19.9278054Z,0,0,495,176,0
2026-08-17T00:25:19.9327377Z,0,0,495,176,0
2026-08-17T00:25:19.9378647Z,0,0,495,176,0
2026-08-17T00:25:19.9424083Z,0,0,495,176,0
2026-08-17T00:25:19.947839Z,0,0,495,176,0
2026-08-17T00:25:19.9526545Z,0,0,495,176,0
2026-08-17T00:25:19.9579243Z,0,0,495,176,0
2026-08-17T00:25:19.9628836Z,0,0,495,176,0
2026-08-17T00:25:19.9675585Z,0,0,495,176,0
2026-08-17T00:25:19.9727149Z,0,0,495,176,0
2026-08-17T00:25:19.9780065Z,0,0,495,176,0
2026-08-17T00:25:19.9829015Z,0,0,495,176,0
2026-08-17T00:25:19.9876191Z,0,0,495,176,0
2026-08-17T00:25:19.9925861Z,0,0,495,176,0
2026-08-17T00:25:19.9977343Z,0,0,495,176,0
2026-08-17T00:25:20.0028976Z,0,0,495,176,0
2026-08-17T00:25:20.0075749Z,0,0,495,176,0
2026-08-17T00:25:20.0125612Z,0,0,495,176,0
2026-08-17T00:25:20.0177533Z,0,0,495,176,0
2026-08-17T00:25:20.0226819Z,0,0,495,176,0
2026-08-17T00:25:20.0279343Z,0,0,495,176,0
2026-08-17T00:25:20.0330553Z,0,0,495,176,0
2026-08-17T00:25:20.0376858Z,0,0,495,176,0
2026-08-17T00:25:20.0426508Z,0,0,495,176,0
2026-08-17T00:25:20.0476976Z,0,0,495,176,0
2026-08-17T00:25:20.0529385Z,0,0,495,176,0
2026-08-17T00:25:20.0576038Z,0,0,495,176,0
2026-08-17T00:25:20.0626587Z,0,0,495,176,0
2026-08-17T00:25:20.0677842Z,0,0,495,176,0
2026-08-17T00:25:20.0730537Z,0,0,495,176,0
2026-08-17T00:25:20.0778404Z,0,0,495,176,0
2026-08-17T00:25:20.0829033Z,0,0,495,176,0
2026-08-17T00:25:20.087563Z,0,0,495,176,0
2026-08-17T00:25:20.0929704Z,0,0,495,176,0
2026-08-17T00:25:20.0976603Z,0,0,495,176,0
2026-08-17T00:25:20.1028323Z,0,0,495,176,0
2026-08-17T00:25:20.1079649Z,0,0,495,176,0
2026-08-17T00:25:20.1131204Z,0,0,495,176,0
2026-08-17T00:25:20.1177752Z,0,0,495,176,0
2026-08-17T00:25:20.122679Z,0,0,495,176,0
2026-08-17T00:25:20.1278462Z,0,0,495,176,0
2026-08-17T00:25:20.1326586Z,0,0,495,176,0
2026-08-17T00:25:20.1378193Z,0,0,495,176,0
2026-08-17T00:25:20.1423799Z,0,0,495,176,0
2026-08-17T00:25:20.1478088Z,0,0,495,176,0
2026-08-17T00:25:20.1530311Z,0,0,495,176,0
2026-08-17T00:25:20.1579052Z,0,0,495,176,0
2026-08-17T00:25:20.1631911Z,0,0,495,176,0
2026-08-17T00:25:20.1678623Z,0,0,495,176,0
2026-08-17T00:25:20.1730278Z,0,0,495,176,0
2026-08-17T00:25:20.1780846Z,0,0,495,176,0
2026-08-17T00:25:20.1827882Z,0,0,495,176,0
2026-08-17T00:25:20.1880296Z,0,0,495,176,0
2026-08-17T00:25:20.192669Z,0,0,495,176,0
2026-08-17T00:25:20.1978245Z,0,0,495,176,0
2026-08-17T00:25:20.2024349Z,0,0,495,176,0
2026-08-17T00:25:20.2076673Z,0,0,495,176,0
2026-08-17T00:25:20.2128261Z,0,0,495,176,0
2026-08-17T00:25:20.2176166Z,0,0,495,176,0
2026-08-17T00:25:20.223269Z,0,0,495,176,0
2026-08-17T00:25:20.227678Z,0,0,495,176,0
2026-08-17T00:25:20.2330157Z,0,0,495,176,0
2026-08-17T00:25:20.237763Z,0,0,495,176,0
2026-08-17T00:25:20.2429208Z,0,0,495,176,0
2026-08-17T00:25:20.2479053Z,0,0,495,176,0
2026-08-17T00:25:20.2526127Z,0,0,495,176,0
2026-08-17T00:25:20.2578795Z,0,0,495,176,0
2026-08-17T00:25:20.2631888Z,0,0,495,176,0
2026-08-17T00:25:20.2678666Z,0,0,495,176,0
2026-08-17T00:25:20.2730789Z,0,0,495,176,0
2026-08-17T00:25:20.2778713Z,0,0,495,176,0
2026-08-17T00:25:20.28257Z,0,0,495,176,0
2026-08-17T00:25:20.2877814Z,0,0,495,176,0
2026-08-17T00:25:20.2928671Z,0,0,495,176,0
2026-08-17T00:25:20.2975931Z,0,0,495,176,0
2026-08-17T00:25:20.3028803Z,0,0,495,176,0
2026-08-17T00:25:20.3080397Z,0,0,495,176,0
2026-08-17T00:25:20.313165Z,0,0,495,176,0
2026-08-17T00:25:20.3178557Z,0,0,495,176,0
2026-08-17T00:25:20.3225754Z,0,0,495,176,0
2026-08-17T00:25:20.3276355Z,0,0,495,176,0
2026-08-17T00:25:20.3329487Z,0,0,495,176,0
2026-08-17T00:25:20.3380059Z,0,0,495,176,0
2026-08-17T00:25:20.3427008Z,0,0,495,176,0
2026-08-17T00:25:20.3479498Z,0,0,495,176,0
2026-08-17T00:25:20.3530709Z,0,0,495,176,0
2026-08-17T00:25:20.3581387Z,0,0,495,176,0
2026-08-17T00:25:20.3627902Z,0,0,495,176,0
2026-08-17T00:25:20.3679385Z,0,0,495,176,0
2026-08-17T00:25:20.3727009Z,0,0,495,176,0
2026-08-17T00:25:20.3779255Z,0,0,495,176,0
2026-08-17T00:25:20.3827845Z,0,0,495,176,0
2026-08-17T00:25:20.3876493Z,0,0,495,176,0
2026-08-17T00:25:20.3928295Z,0,0,495,176,0
2026-08-17T00:25:20.397847Z,0,0,495,176,0
2026-08-17T00:25:20.4030877Z,0,0,495,176,0
2026-08-17T00:25:20.4076462Z,0,0,495,176,0
2026-08-17T00:25:20.4130203Z,0,0,495,176,0
2026-08-17T00:25:20.4179802Z,0,0,495,176,0
2026-08-17T00:25:20.4227437Z,0,0,495,176,0
2026-08-17T00:25:20.4277033Z,0,0,495,176,0
2026-08-17T00:25:20.4328667Z,0,0,495,176,0
2026-08-17T00:25:20.4375124Z,0,0,495,176,0
2026-08-17T00:25:20.443135Z,0,0,495,176,0
2026-08-17T00:25:20.4475381Z,0,0,495,176,0
2026-08-17T00:25:20.4527949Z,0,0,495,176,0
2026-08-17T00:25:20.4575725Z,0,0,495,176,0
2026-08-17T00:25:20.4632538Z,0,0,495,176,0
2026-08-17T00:25:20.4679132Z,0,0,495,176,0
2026-08-17T00:25:20.4727855Z,0,0,495,176,0
2026-08-17T00:25:20.4775187Z,0,0,495,176,0
2026-08-17T00:25:20.4827398Z,0,0,495,176,0
2026-08-17T00:25:20.4875734Z,0,0,495,176,0
2026-08-17T00:25:20.4928841Z,0,0,495,176,0
2026-08-17T00:25:20.498004Z,0,0,495,176,0
2026-08-17T00:25:20.5026872Z,0,0,495,176,0
2026-08-17T00:25:20.5078807Z,0,0,495,176,0
2026-08-17T00:25:20.5128151Z,0,0,495,176,0
2026-08-17T00:25:20.5178579Z,0,0,495,176,0
2026-08-17T00:25:20.5227559Z,0,0,495,176,0
2026-08-17T00:25:20.5277524Z,0,0,495,176,0
2026-08-17T00:25:20.5326097Z,0,0,495,176,0
2026-08-17T00:25:20.5377999Z,0,0,495,176,0
2026-08-17T00:25:20.542505Z,0,0,495,176,0
2026-08-17T00:25:20.5476963Z,0,0,495,176,0
2026-08-17T00:25:20.5527696Z,0,0,495,176,0
2026-08-17T00:25:20.557949Z,0,0,495,176,0
2026-08-17T00:25:20.5628429Z,0,0,495,176,0
2026-08-17T00:25:20.5679668Z,0,0,495,176,0
2026-08-17T00:25:20.5725989Z,0,0,495,176,0
2026-08-17T00:25:20.5779216Z,0,0,495,176,0
2026-08-17T00:25:20.5829156Z,0,0,495,176,0
2026-08-17T00:25:20.5875974Z,0,0,495,176,0
2026-08-17T00:25:20.5927545Z,0,0,495,176,0
2026-08-17T00:25:20.5981192Z,0,0,495,176,0
2026-08-17T00:25:20.6026585Z,0,0,495,176,0
2026-08-17T00:25:20.6078264Z,0,0,495,176,0
2026-08-17T00:25:20.6130031Z,0,0,495,176,0
2026-08-17T00:25:20.6176078Z,0,0,495,176,0
2026-08-17T00:25:20.6227492Z,0,0,495,176,0
2026-08-17T00:25:20.6277399Z,0,0,495,176,0
2026-08-17T00:25:20.6325548Z,0,0,495,176,0
2026-08-17T00:25:20.6376887Z,0,0,495,176,0
2026-08-17T00:25:20.6429737Z,0,0,495,176,0
2026-08-17T00:25:20.6477321Z,0,0,495,176,0
2026-08-17T00:25:20.6530217Z,0,0,495,176,0
2026-08-17T00:25:20.6576838Z,0,0,495,176,0
2026-08-17T00:25:20.6630747Z,0,0,495,176,0
2026-08-17T00:25:20.6677277Z,0,0,495,176,0
2026-08-17T00:25:20.6728903Z,0,0,495,176,0
2026-08-17T00:25:20.6777448Z,0,0,495,176,0
2026-08-17T00:25:20.6829152Z,0,0,495,176,0
2026-08-17T00:25:20.6875527Z,0,0,495,176,0
2026-08-17T00:25:20.6926298Z,0,0,495,176,0
2026-08-17T00:25:20.6981305Z,0,0,495,176,0
2026-08-17T00:25:20.7028271Z,0,0,495,176,0
2026-08-17T00:25:20.7075498Z,0,0,495,176,0
2026-08-17T00:25:20.7126757Z,0,0,495,176,0
2026-08-17T00:25:20.7176778Z,0,0,495,176,0
2026-08-17T00:25:20.7225811Z,0,0,495,176,0
2026-08-17T00:25:20.7278519Z,0,0,495,176,0
2026-08-17T00:25:20.7329733Z,0,0,495,176,0
2026-08-17T00:25:20.7377141Z,0,0,495,176,0
2026-08-17T00:25:20.7424878Z,0,0,495,176,0
2026-08-17T00:25:20.7477395Z,0,0,495,176,0
2026-08-17T00:25:20.7525757Z,0,0,495,176,0
2026-08-17T00:25:20.7578425Z,0,0,495,176,0
2026-08-17T00:25:20.7630714Z,0,0,495,176,0
2026-08-17T00:25:20.7676106Z,0,0,495,176,0
2026-08-17T00:25:20.7729099Z,0,0,495,176,0
2026-08-17T00:25:20.7777584Z,0,0,495,176,0
2026-08-17T00:25:20.7827835Z,0,0,495,176,0
2026-08-17T00:25:20.7879926Z,0,0,495,176,0
2026-08-17T00:25:20.7928035Z,0,0,495,176,0
2026-08-17T00:25:20.7975478Z,0,0,495,176,0
2026-08-17T00:25:20.80264Z,0,0,495,176,0
2026-08-17T00:25:20.807881Z,0,0,495,176,0
2026-08-17T00:25:20.8128678Z,0,0,495,176,0
2026-08-17T00:25:20.8179861Z,0,0,495,176,0
2026-08-17T00:25:20.8226094Z,0,0,495,176,0
2026-08-17T00:25:20.8276279Z,0,0,495,176,0
2026-08-17T00:25:20.8327586Z,0,0,495,176,0
2026-08-17T00:25:20.8376219Z,0,0,495,176,0
2026-08-17T00:25:20.8429639Z,0,0,495,176,0
2026-08-17T00:25:20.847894Z,0,0,495,176,0
2026-08-17T00:25:20.853002Z,0,0,495,176,0
2026-08-17T00:25:20.8580371Z,0,0,495,176,0
2026-08-17T00:25:20.8631967Z,0,0,495,176,0
2026-08-17T00:25:20.8692893Z,0,0,495,176,0
2026-08-17T00:25:20.8726732Z,0,0,495,176,0
2026-08-17T00:25:20.8773894Z,0,0,495,176,0
2026-08-17T00:25:20.882754Z,0,0,495,176,0
2026-08-17T00:25:20.8875122Z,0,0,495,176,0
2026-08-17T00:25:20.8928793Z,0,0,495,176,0
2026-08-17T00:25:20.8978036Z,0,0,495,176,0
2026-08-17T00:25:20.9030919Z,0,0,495,176,0
2026-08-17T00:25:20.9078995Z,0,0,495,176,0
2026-08-17T00:25:20.9130053Z,0,0,495,176,0
2026-08-17T00:25:20.9180477Z,0,0,495,176,0
2026-08-17T00:25:20.9229083Z,0,0,495,176,0
2026-08-17T00:25:20.9277133Z,0,0,495,176,0
2026-08-17T00:25:20.9329032Z,0,0,495,176,0
2026-08-17T00:25:20.937573Z,0,0,495,176,0
2026-08-17T00:25:20.9433628Z,0,0,495,176,0
2026-08-17T00:25:20.9475724Z,0,0,495,176,0
2026-08-17T00:25:20.9527046Z,0,0,495,176,0
2026-08-17T00:25:20.9578629Z,0,0,495,176,0
2026-08-17T00:25:20.962721Z,0,0,495,176,0
2026-08-17T00:25:20.9678647Z,0,0,495,176,0
2026-08-17T00:25:20.9730868Z,0,0,495,176,0
2026-08-17T00:25:20.9775818Z,0,0,495,176,0
2026-08-17T00:25:20.9825414Z,0,0,495,176,0
2026-08-17T00:25:20.987715Z,0,0,495,176,0
2026-08-17T00:25:20.992958Z,0,0,495,176,0
2026-08-17T00:25:20.9978948Z,0,0,495,176,0
2026-08-17T00:25:21.0026893Z,0,0,495,176,0
2026-08-17T00:25:21.007907Z,0,0,495,176,0
2026-08-17T00:25:21.0128129Z,0,0,495,176,0
2026-08-17T00:25:21.018004Z,0,0,495,176,0
2026-08-17T00:25:21.0227401Z,0,0,495,176,0
2026-08-17T00:25:21.0279106Z,0,0,495,176,0
2026-08-17T00:25:21.0327392Z,0,0,495,176,0
2026-08-17T00:25:21.037938Z,0,0,495,176,0
2026-08-17T00:25:21.0433566Z,0,0,495,176,0
2026-08-17T00:25:21.0480538Z,0,0,495,176,0
2026-08-17T00:25:21.0527777Z,0,0,495,176,0
2026-08-17T00:25:21.0576685Z,0,0,495,176,0
2026-08-17T00:25:21.0630162Z,0,0,495,176,0
2026-08-17T00:25:21.067706Z,0,0,495,176,0
2026-08-17T00:25:21.0729685Z,0,0,495,176,0
2026-08-17T00:25:21.0778315Z,0,0,495,176,0
2026-08-17T00:25:21.0829261Z,0,0,495,176,0
2026-08-17T00:25:21.0877296Z,0,0,495,176,0
2026-08-17T00:25:21.0931914Z,0,0,495,176,0
2026-08-17T00:25:21.0979701Z,0,0,495,176,0
2026-08-17T00:25:21.1031334Z,0,0,495,176,0
2026-08-17T00:25:21.1077929Z,0,0,495,176,0
2026-08-17T00:25:21.1128766Z,0,0,495,176,0
2026-08-17T00:25:21.1175861Z,0,0,495,176,0
2026-08-17T00:25:21.1230655Z,0,0,495,176,0
2026-08-17T00:25:21.1278229Z,0,0,495,176,0
2026-08-17T00:25:21.1328204Z,0,0,495,176,0
2026-08-17T00:25:21.1379876Z,0,0,495,176,0
2026-08-17T00:25:21.1433242Z,0,0,495,176,0
2026-08-17T00:25:21.1480069Z,0,0,495,176,0
2026-08-17T00:25:21.1527179Z,0,0,495,176,0
2026-08-17T00:25:21.1585556Z,0,0,495,176,0
2026-08-17T00:25:21.1631105Z,0,0,495,176,0
2026-08-17T00:25:21.1678227Z,0,0,495,176,0
2026-08-17T00:25:21.1726712Z,0,0,495,176,0
2026-08-17T00:25:21.1779161Z,0,0,495,176,0
2026-08-17T00:25:21.1829283Z,0,0,495,176,0
2026-08-17T00:25:21.1876357Z,0,0,495,176,0
2026-08-17T00:25:21.1928721Z,0,0,495,176,0
2026-08-17T00:25:21.1977297Z,0,0,495,176,0
2026-08-17T00:25:21.2024749Z,0,0,495,176,0
2026-08-17T00:25:21.2077581Z,0,0,495,176,0
2026-08-17T00:25:21.2132656Z,0,0,495,176,0
2026-08-17T00:25:21.2176135Z,0,0,495,176,0
2026-08-17T00:25:21.2228099Z,0,0,495,176,0
2026-08-17T00:25:21.2277703Z,0,0,495,176,0
2026-08-17T00:25:21.232786Z,0,0,495,176,0
2026-08-17T00:25:21.2380117Z,0,0,495,176,0
2026-08-17T00:25:21.2428756Z,0,0,495,176,0
2026-08-17T00:25:21.2477985Z,0,0,495,176,0
2026-08-17T00:25:21.253092Z,0,0,495,176,0
2026-08-17T00:25:21.2578053Z,0,0,495,176,0
2026-08-17T00:25:21.2630846Z,0,0,495,176,0
2026-08-17T00:25:21.2676031Z,0,0,495,176,0
2026-08-17T00:25:21.272806Z,0,0,495,176,0
2026-08-17T00:25:21.2778742Z,0,0,495,176,0
2026-08-17T00:25:21.2828484Z,0,0,495,176,0
2026-08-17T00:25:21.2875692Z,0,0,495,176,0
2026-08-17T00:25:21.2930154Z,0,0,495,176,0
2026-08-17T00:25:21.2976849Z,0,0,495,176,0
2026-08-17T00:25:21.3029416Z,0,0,495,176,0
2026-08-17T00:25:21.3076479Z,0,0,495,176,0
2026-08-17T00:25:21.3132729Z,0,0,495,176,0
2026-08-17T00:25:21.3179654Z,0,0,495,176,0
2026-08-17T00:25:21.3227514Z,0,0,495,176,0
2026-08-17T00:25:21.3277286Z,0,0,495,176,0
2026-08-17T00:25:21.3325061Z,0,0,495,176,0
2026-08-17T00:25:21.3376896Z,0,0,495,176,0
2026-08-17T00:25:21.3429906Z,0,0,495,176,0
2026-08-17T00:25:21.347958Z,0,0,495,176,0
2026-08-17T00:25:21.3527272Z,0,0,495,176,0
2026-08-17T00:25:21.3580163Z,0,0,495,176,0
2026-08-17T00:25:21.3629166Z,0,0,495,176,0
2026-08-17T00:25:21.3675637Z,0,0,495,176,0
2026-08-17T00:25:21.3727492Z,0,0,495,176,0
2026-08-17T00:25:21.3779247Z,0,0,495,176,0
2026-08-17T00:25:21.3829391Z,0,0,495,176,0
2026-08-17T00:25:21.3876465Z,0,0,495,176,0
2026-08-17T00:25:21.3926463Z,0,0,495,176,0
2026-08-17T00:25:21.3978686Z,0,0,495,176,0
2026-08-17T00:25:21.4027495Z,0,0,495,176,0
2026-08-17T00:25:21.4075074Z,0,0,495,176,0
2026-08-17T00:25:21.4128288Z,0,0,495,176,0
2026-08-17T00:25:21.4178258Z,0,0,495,176,0
2026-08-17T00:25:21.4225605Z,0,0,495,176,0
2026-08-17T00:25:21.4276984Z,0,0,495,176,0
2026-08-17T00:25:21.4330337Z,0,0,495,176,0
2026-08-17T00:25:21.437786Z,0,0,495,176,0
2026-08-17T00:25:21.4431907Z,0,0,495,176,0
2026-08-17T00:25:21.4476272Z,0,0,495,176,0
2026-08-17T00:25:21.4528373Z,0,0,495,176,0
2026-08-17T00:25:21.4575046Z,0,0,495,176,0
2026-08-17T00:25:21.4630321Z,0,0,495,176,0
2026-08-17T00:25:21.4676813Z,0,0,495,176,0
2026-08-17T00:25:21.4730003Z,0,0,495,176,0
2026-08-17T00:25:21.477811Z,0,0,495,176,0
2026-08-17T00:25:21.4830443Z,0,0,495,176,0
2026-08-17T00:25:21.4877564Z,0,0,495,176,0
2026-08-17T00:25:21.4930075Z,0,0,495,176,0
2026-08-17T00:25:21.4979577Z,0,0,495,176,0
2026-08-17T00:25:21.5027748Z,0,0,495,176,0
2026-08-17T00:25:21.5080468Z,0,0,495,176,0
2026-08-17T00:25:21.512988Z,0,0,495,176,0
2026-08-17T00:25:21.5178767Z,0,0,495,176,0
2026-08-17T00:25:21.5230834Z,0,0,495,176,0
2026-08-17T00:25:21.5276338Z,0,0,495,176,0
2026-08-17T00:25:21.5325979Z,0,0,495,176,0
2026-08-17T00:25:21.5378552Z,0,0,495,176,0
2026-08-17T00:25:21.5428379Z,0,0,495,176,0
2026-08-17T00:25:21.548049Z,0,0,495,176,0
2026-08-17T00:25:21.5528614Z,0,0,495,176,0
2026-08-17T00:25:21.5576814Z,0,0,495,176,0
2026-08-17T00:25:21.5630105Z,0,0,495,176,0
2026-08-17T00:25:21.5677274Z,0,0,495,176,0
2026-08-17T00:25:21.5725655Z,0,0,495,176,0
2026-08-17T00:25:21.5779092Z,0,0,495,176,0
2026-08-17T00:25:21.5829142Z,0,0,495,176,0
2026-08-17T00:25:21.587825Z,0,0,495,176,0
2026-08-17T00:25:21.5928889Z,0,0,495,176,0
2026-08-17T00:25:21.597923Z,0,0,495,176,0
2026-08-17T00:25:21.6026619Z,0,0,495,176,0
2026-08-17T00:25:21.6078658Z,0,0,495,176,0
2026-08-17T00:25:21.6128548Z,0,0,495,176,0
2026-08-17T00:25:21.6180055Z,0,0,495,176,0
2026-08-17T00:25:21.6228151Z,0,0,495,176,0
2026-08-17T00:25:21.6277361Z,0,0,495,176,0
2026-08-17T00:25:21.6330883Z,0,0,495,176,0
2026-08-17T00:25:21.6377259Z,0,0,495,176,0
2026-08-17T00:25:21.6429569Z,0,0,495,176,0
2026-08-17T00:25:21.6480417Z,0,0,495,176,0
2026-08-17T00:25:21.6527671Z,0,0,495,176,0
2026-08-17T00:25:21.657944Z,0,0,495,176,0
2026-08-17T00:25:21.662957Z,0,0,495,176,0
2026-08-17T00:25:21.6676434Z,0,0,495,176,0
2026-08-17T00:25:21.6729908Z,0,0,495,176,0
2026-08-17T00:25:21.6777856Z,0,0,495,176,0
2026-08-17T00:25:21.6831876Z,0,0,495,176,0
2026-08-17T00:25:21.6879491Z,0,0,495,176,0
2026-08-17T00:25:21.6931464Z,0,0,495,176,0
2026-08-17T00:25:21.6978348Z,0,0,495,176,0
2026-08-17T00:25:21.7031033Z,0,0,495,176,0
2026-08-17T00:25:21.7078205Z,0,0,495,176,0
2026-08-17T00:25:21.7132125Z,0,0,495,176,0
2026-08-17T00:25:21.7175329Z,0,0,495,176,0
2026-08-17T00:25:21.7227969Z,0,0,495,176,0
2026-08-17T00:25:21.7275527Z,0,0,495,176,0
2026-08-17T00:25:21.7325614Z,0,0,495,176,0
2026-08-17T00:25:21.7377126Z,0,0,495,176,0
2026-08-17T00:25:21.7427332Z,0,0,495,176,0
2026-08-17T00:25:21.7475188Z,0,0,495,176,0
2026-08-17T00:25:21.7527744Z,0,0,495,176,0
2026-08-17T00:25:21.7580022Z,0,0,495,176,0
2026-08-17T00:25:21.762933Z,0,0,495,176,0
2026-08-17T00:25:21.7676233Z,0,0,495,176,0
2026-08-17T00:25:21.7729023Z,0,0,495,176,0
2026-08-17T00:25:21.7776873Z,0,0,495,176,0
2026-08-17T00:25:21.7826547Z,0,0,495,176,0
2026-08-17T00:25:21.7878385Z,0,0,495,176,0
2026-08-17T00:25:21.7926723Z,0,0,495,176,0
2026-08-17T00:25:21.7977583Z,0,0,495,176,0
2026-08-17T00:25:21.8029151Z,0,0,495,176,0
2026-08-17T00:25:21.8075708Z,0,0,495,176,0
2026-08-17T00:25:21.8133734Z,0,0,495,176,0
2026-08-17T00:25:21.8175515Z,0,0,495,176,0
2026-08-17T00:25:21.8228751Z,0,0,495,176,0
2026-08-17T00:25:21.8275922Z,0,0,495,176,0
2026-08-17T00:25:21.8330332Z,0,0,495,176,0
2026-08-17T00:25:21.8378942Z,0,0,495,176,0
2026-08-17T00:25:21.8428361Z,0,0,495,176,0
2026-08-17T00:25:21.8478449Z,0,0,495,176,0
2026-08-17T00:25:21.852758Z,0,0,495,176,0
2026-08-17T00:25:21.8577733Z,0,0,495,176,0
2026-08-17T00:25:21.862932Z,0,0,495,176,0
2026-08-17T00:25:21.8677489Z,0,0,495,176,0
2026-08-17T00:25:21.8729826Z,0,0,495,176,0
2026-08-17T00:25:21.8775735Z,0,0,495,176,0
2026-08-17T00:25:21.8827171Z,0,0,495,176,0
2026-08-17T00:25:21.8875316Z,0,0,495,176,0
2026-08-17T00:25:21.8927966Z,0,0,495,176,0
2026-08-17T00:25:21.8976056Z,0,0,495,176,0
2026-08-17T00:25:21.9027873Z,0,0,495,176,0
2026-08-17T00:25:21.9079682Z,0,0,495,176,0
2026-08-17T00:25:21.9129603Z,0,0,495,176,0
2026-08-17T00:25:21.9178158Z,0,0,495,176,0
2026-08-17T00:25:21.9225534Z,0,0,495,176,0
2026-08-17T00:25:21.9279479Z,0,0,495,176,0
2026-08-17T00:25:21.9329192Z,0,0,495,176,0
2026-08-17T00:25:21.9375812Z,0,0,495,176,0
2026-08-17T00:25:21.9428778Z,0,0,495,176,0
2026-08-17T00:25:21.9476088Z,0,0,495,176,0
2026-08-17T00:25:21.9527937Z,0,0,495,176,0
2026-08-17T00:25:21.957656Z,0,0,495,176,0
2026-08-17T00:25:21.9629561Z,0,0,495,176,0
2026-08-17T00:25:21.967583Z,0,0,495,176,0
2026-08-17T00:25:21.9729627Z,0,0,495,176,0
2026-08-17T00:25:21.9777832Z,0,0,495,176,0
2026-08-17T00:25:21.9828945Z,0,0,495,176,0
2026-08-17T00:25:21.9877338Z,0,0,495,176,0
2026-08-17T00:25:21.992696Z,0,0,495,176,0
2026-08-17T00:25:21.9974859Z,0,0,495,176,0
2026-08-17T00:25:22.0027623Z,0,0,495,176,0
2026-08-17T00:25:22.0078891Z,0,0,495,176,0
2026-08-17T00:25:22.0134352Z,0,0,495,176,0
2026-08-17T00:25:22.0176293Z,0,0,495,176,0
2026-08-17T00:25:22.0227961Z,0,0,495,176,0
2026-08-17T00:25:22.0279311Z,0,0,495,176,0
2026-08-17T00:25:22.0325607Z,0,0,495,176,0
2026-08-17T00:25:22.0377832Z,0,0,495,176,0
2026-08-17T00:25:22.0427884Z,0,0,495,176,0
2026-08-17T00:25:22.0476875Z,0,0,495,176,0
2026-08-17T00:25:22.0529471Z,0,0,495,176,0
2026-08-17T00:25:22.0578957Z,0,0,495,176,0
2026-08-17T00:25:22.0625521Z,0,0,495,176,0
2026-08-17T00:25:22.0677373Z,0,0,495,176,0
2026-08-17T00:25:22.0730495Z,0,0,495,176,0
2026-08-17T00:25:22.0775139Z,0,0,495,176,0
2026-08-17T00:25:22.0829102Z,0,0,495,176,0
2026-08-17T00:25:22.0875868Z,0,0,495,176,0
2026-08-17T00:25:22.0932383Z,0,0,495,176,0
2026-08-17T00:25:22.0980177Z,0,0,495,176,0
2026-08-17T00:25:22.1026547Z,0,0,495,176,0
2026-08-17T00:25:22.1079104Z,0,0,495,176,0
2026-08-17T00:25:22.1130475Z,0,0,495,176,0
2026-08-17T00:25:22.117766Z,0,0,495,176,0
2026-08-17T00:25:22.1231158Z,0,0,495,176,0
2026-08-17T00:25:22.1275733Z,0,0,495,176,0
2026-08-17T00:25:22.132818Z,0,0,495,176,0
2026-08-17T00:25:22.1375491Z,0,0,495,176,0
2026-08-17T00:25:22.1428148Z,0,0,495,176,0
2026-08-17T00:25:22.147776Z,0,0,495,176,0
2026-08-17T00:25:22.1525207Z,0,0,495,176,0
2026-08-17T00:25:22.1576806Z,0,0,495,176,0
2026-08-17T00:25:22.162578Z,0,0,495,176,0
2026-08-17T00:25:22.1678212Z,0,0,495,176,0
2026-08-17T00:25:22.1725617Z,0,0,495,176,0
2026-08-17T00:25:22.1778267Z,0,0,495,176,0
2026-08-17T00:25:22.1828805Z,0,0,495,176,0
2026-08-17T00:25:22.1880313Z,0,0,495,176,0
2026-08-17T00:25:22.1928779Z,0,0,495,176,0
2026-08-17T00:25:22.197529Z,0,0,495,176,0
2026-08-17T00:25:22.2027513Z,0,0,495,176,0
2026-08-17T00:25:22.2078945Z,0,0,495,176,0
2026-08-17T00:25:22.2127007Z,0,0,495,176,0
2026-08-17T00:25:22.2178095Z,0,0,495,176,0
2026-08-17T00:25:22.2225492Z,0,0,495,176,0
2026-08-17T00:25:22.2277017Z,0,0,495,176,0
2026-08-17T00:25:22.2328559Z,0,0,495,176,0
2026-08-17T00:25:22.237989Z,0,0,495,176,0
2026-08-17T00:25:22.2428575Z,0,0,495,176,0
2026-08-17T00:25:22.2476675Z,0,0,495,176,0
2026-08-17T00:25:22.2528193Z,0,0,495,176,0
2026-08-17T00:25:22.2579969Z,0,0,495,176,0
2026-08-17T00:25:22.2628778Z,0,0,495,176,0
2026-08-17T00:25:22.2675234Z,0,0,495,176,0
2026-08-17T00:25:22.2727202Z,0,0,495,176,0
2026-08-17T00:25:22.2777762Z,0,0,495,176,0
2026-08-17T00:25:22.2826623Z,0,0,495,176,0
2026-08-17T00:25:22.2878451Z,0,0,495,176,0
2026-08-17T00:25:22.2927264Z,0,0,495,176,0
2026-08-17T00:25:22.2976053Z,0,0,495,176,0
2026-08-17T00:25:22.3028353Z,0,0,495,176,0
2026-08-17T00:25:22.30799Z,0,0,495,176,0
2026-08-17T00:25:22.3133873Z,0,0,495,176,0
2026-08-17T00:25:22.3180381Z,0,0,495,176,0
2026-08-17T00:25:22.3227272Z,0,0,495,176,0
2026-08-17T00:25:22.3275379Z,0,0,495,176,0
2026-08-17T00:25:22.332954Z,0,0,495,176,0
2026-08-17T00:25:22.3377038Z,0,0,495,176,0
2026-08-17T00:25:22.3429793Z,0,0,495,176,0
2026-08-17T00:25:22.347982Z,0,0,495,176,0
2026-08-17T00:25:22.3527928Z,0,0,495,176,0
2026-08-17T00:25:22.3575847Z,0,0,495,176,0
2026-08-17T00:25:22.3627103Z,0,0,495,176,0
2026-08-17T00:25:22.3679674Z,0,0,495,176,0
2026-08-17T00:25:22.3727863Z,0,0,495,176,0
2026-08-17T00:25:22.3777112Z,0,0,495,176,0
2026-08-17T00:25:22.3826626Z,0,0,495,176,0
2026-08-17T00:25:22.3879288Z,0,0,495,176,0
2026-08-17T00:25:22.3926231Z,0,0,495,176,0
2026-08-17T00:25:22.3980502Z,0,0,495,176,0
2026-08-17T00:25:22.4027441Z,0,0,495,176,0
2026-08-17T00:25:22.4080871Z,0,0,495,176,0
2026-08-17T00:25:22.4131847Z,0,0,495,176,0
2026-08-17T00:25:22.4175793Z,0,0,495,176,0
2026-08-17T00:25:22.4229564Z,0,0,495,176,0
2026-08-17T00:25:22.4277263Z,0,0,495,176,0
2026-08-17T00:25:22.4329624Z,0,0,495,176,0
2026-08-17T00:25:22.4376717Z,0,0,495,176,0
2026-08-17T00:25:22.4429363Z,0,0,495,176,0
2026-08-17T00:25:22.4476616Z,0,0,495,176,0
2026-08-17T00:25:22.4526982Z,0,0,495,176,0
2026-08-17T00:25:22.458316Z,0,0,495,176,0
2026-08-17T00:25:22.4626682Z,0,0,495,176,0
2026-08-17T00:25:22.467868Z,0,0,495,176,0
2026-08-17T00:25:22.4726809Z,0,0,495,176,0
2026-08-17T00:25:22.4779606Z,0,0,495,176,0
2026-08-17T00:25:22.4825829Z,0,0,495,176,0
2026-08-17T00:25:22.4879001Z,0,0,495,176,0
2026-08-17T00:25:22.4928754Z,0,0,495,176,0
2026-08-17T00:25:22.4979894Z,0,0,495,176,0
2026-08-17T00:25:22.5027737Z,0,0,495,176,0
2026-08-17T00:25:22.5079115Z,0,0,495,176,0
2026-08-17T00:25:22.5129214Z,0,0,495,176,0
2026-08-17T00:25:22.5181843Z,0,0,495,176,0
2026-08-17T00:25:22.5229557Z,0,0,495,176,0
2026-08-17T00:25:22.5281116Z,0,0,495,176,0
2026-08-17T00:25:22.5327435Z,0,0,495,176,0
2026-08-17T00:25:22.5375943Z,0,0,495,176,0
2026-08-17T00:25:22.5428022Z,0,0,495,176,0
2026-08-17T00:25:22.54778Z,0,0,495,176,0
2026-08-17T00:25:22.5530719Z,0,0,495,176,0
2026-08-17T00:25:22.5576856Z,0,0,495,176,0
2026-08-17T00:25:22.5630079Z,0,0,495,176,0
2026-08-17T00:25:22.5677384Z,0,0,495,176,0
2026-08-17T00:25:22.5730189Z,0,0,495,176,0
2026-08-17T00:25:22.5778402Z,0,0,495,176,0
2026-08-17T00:25:22.5829533Z,0,0,495,176,0
2026-08-17T00:25:22.5879523Z,0,0,495,176,0
2026-08-17T00:25:22.592505Z,0,0,495,176,0
2026-08-17T00:25:22.5980343Z,0,0,495,176,0
2026-08-17T00:25:22.6026926Z,0,0,495,176,0
2026-08-17T00:25:22.607879Z,0,0,495,176,0
2026-08-17T00:25:22.6126014Z,0,0,495,176,0
2026-08-17T00:25:22.617779Z,0,0,495,176,0
2026-08-17T00:25:22.6226091Z,0,0,495,176,0
2026-08-17T00:25:22.6276002Z,0,0,495,176,0
2026-08-17T00:25:22.6327254Z,0,0,495,176,0
2026-08-17T00:25:22.6379635Z,0,0,495,176,0
2026-08-17T00:25:22.6429434Z,0,0,495,176,0
2026-08-17T00:25:22.647683Z,0,0,495,176,0
2026-08-17T00:25:22.65298Z,0,0,495,176,0
2026-08-17T00:25:22.6577455Z,0,0,495,176,0
2026-08-17T00:25:22.6631586Z,0,0,495,176,0
2026-08-17T00:25:22.6677921Z,0,0,495,176,0
2026-08-17T00:25:22.6729648Z,0,0,495,176,0
2026-08-17T00:25:22.6777353Z,0,0,495,176,0
2026-08-17T00:25:22.6825185Z,0,0,495,176,0
2026-08-17T00:25:22.6877437Z,0,0,495,176,0
2026-08-17T00:25:22.692957Z,0,0,495,176,0
2026-08-17T00:25:22.6978571Z,0,0,495,176,0
2026-08-17T00:25:22.7029604Z,0,0,495,176,0
2026-08-17T00:25:22.7076487Z,0,0,495,176,0
2026-08-17T00:25:22.7129506Z,0,0,495,176,0
2026-08-17T00:25:22.7176936Z,0,0,495,176,0
2026-08-17T00:25:22.7229438Z,0,0,495,176,0
2026-08-17T00:25:22.728016Z,0,0,495,176,0
2026-08-17T00:25:22.7327887Z,0,0,495,176,0
2026-08-17T00:25:22.7378928Z,0,0,495,176,0
2026-08-17T00:25:22.7427036Z,0,0,495,176,0
2026-08-17T00:25:22.7479247Z,0,0,495,176,0
2026-08-17T00:25:22.7526383Z,0,0,495,176,0
2026-08-17T00:25:22.7578884Z,0,0,495,176,0
2026-08-17T00:25:22.7630024Z,0,0,495,176,0
2026-08-17T00:25:22.7676444Z,0,0,495,176,0
2026-08-17T00:25:22.7728006Z,0,0,495,176,0
2026-08-17T00:25:22.7779344Z,0,0,495,176,0
2026-08-17T00:25:22.7826566Z,0,0,495,176,0
2026-08-17T00:25:22.7877114Z,0,0,495,176,0
2026-08-17T00:25:22.7930643Z,0,0,495,176,0
2026-08-17T00:25:22.7980545Z,0,0,495,176,0
2026-08-17T00:25:22.8028077Z,0,0,495,176,0
2026-08-17T00:25:22.8075039Z,0,0,495,176,0
2026-08-17T00:25:22.8126869Z,0,0,495,176,0
2026-08-17T00:25:22.8178608Z,0,0,495,176,0
2026-08-17T00:25:22.8225687Z,0,0,495,176,0
2026-08-17T00:25:22.827731Z,0,0,495,176,0
2026-08-17T00:25:22.8326622Z,0,0,495,176,0
2026-08-17T00:25:22.8377335Z,0,0,495,176,0
2026-08-17T00:25:22.8430479Z,0,0,495,176,0
2026-08-17T00:25:22.8479271Z,0,0,495,176,0
2026-08-17T00:25:22.8528272Z,0,0,495,176,0
2026-08-17T00:25:22.8580872Z,0,0,495,176,0
2026-08-17T00:25:22.8627587Z,0,0,495,176,0
2026-08-17T00:25:22.8679169Z,0,0,495,176,0
2026-08-17T00:25:22.8725982Z,0,0,495,176,0
2026-08-17T00:25:22.8776121Z,0,0,495,176,0
2026-08-17T00:25:22.8828873Z,0,0,495,176,0
2026-08-17T00:25:22.8876239Z,0,0,495,176,0
2026-08-17T00:25:22.8926561Z,0,0,495,176,0
2026-08-17T00:25:22.8977363Z,0,0,495,176,0
2026-08-17T00:25:22.9029224Z,0,0,495,176,0
2026-08-17T00:25:22.9076526Z,0,0,495,176,0
2026-08-17T00:25:22.9130754Z,0,0,495,176,0
2026-08-17T00:25:22.9177682Z,0,0,495,176,0
2026-08-17T00:25:22.9230443Z,0,0,495,176,0
2026-08-17T00:25:22.927629Z,0,0,495,176,0
2026-08-17T00:25:22.9326481Z,0,0,495,176,0
2026-08-17T00:25:22.93786Z,0,0,495,176,0
2026-08-17T00:25:22.9428629Z,0,0,495,176,0
2026-08-17T00:25:22.9480912Z,0,0,495,176,0
2026-08-17T00:25:22.9528435Z,0,0,495,176,0
2026-08-17T00:25:22.9576245Z,0,0,495,176,0
2026-08-17T00:25:22.9625563Z,0,0,495,176,0
2026-08-17T00:25:22.9680868Z,0,0,495,176,0
2026-08-17T00:25:22.9728775Z,0,0,495,176,0
2026-08-17T00:25:22.9777822Z,0,0,495,176,0
2026-08-17T00:25:22.983087Z,0,0,495,176,0
2026-08-17T00:25:22.9878079Z,0,0,495,176,0
2026-08-17T00:25:22.992797Z,0,0,495,176,0
2026-08-17T00:25:22.9978535Z,0,0,495,176,0
2026-08-17T00:25:23.0026022Z,0,0,495,176,0
2026-08-17T00:25:23.0079416Z,0,0,495,176,0
2026-08-17T00:25:23.0126302Z,0,0,495,176,0
2026-08-17T00:25:23.0178238Z,0,0,495,176,0
2026-08-17T00:25:23.0225902Z,0,0,495,176,0
2026-08-17T00:25:23.0278079Z,0,0,495,176,0
2026-08-17T00:25:23.0325911Z,0,0,495,176,0
2026-08-17T00:25:23.0378359Z,0,0,495,176,0
2026-08-17T00:25:23.0432199Z,0,0,495,176,0
2026-08-17T00:25:23.047551Z,0,0,495,176,0
2026-08-17T00:25:23.0529106Z,0,0,495,176,0
2026-08-17T00:25:23.0581619Z,0,0,495,176,0
2026-08-17T00:25:23.0627722Z,0,0,495,176,0
2026-08-17T00:25:23.0679671Z,0,0,495,176,0
2026-08-17T00:25:23.0731978Z,0,0,495,176,0
2026-08-17T00:25:23.0777885Z,0,0,495,176,0
2026-08-17T00:25:23.0826816Z,0,0,495,176,0
2026-08-17T00:25:23.0879619Z,0,0,495,176,0
2026-08-17T00:25:23.092997Z,0,0,495,176,0
2026-08-17T00:25:23.0978712Z,0,0,495,176,0
2026-08-17T00:25:23.1026673Z,0,0,495,176,0
2026-08-17T00:25:23.1079054Z,0,0,495,176,0
2026-08-17T00:25:23.1130117Z,0,0,495,176,0
2026-08-17T00:25:23.1179382Z,0,0,495,176,0
2026-08-17T00:25:23.1228281Z,0,0,495,176,0
2026-08-17T00:25:23.1276226Z,0,0,495,176,0
2026-08-17T00:25:23.1329996Z,0,0,495,176,0
2026-08-17T00:25:23.1377513Z,0,0,495,176,0
2026-08-17T00:25:23.1427407Z,0,0,495,176,0
2026-08-17T00:25:23.1476486Z,0,0,495,176,0
2026-08-17T00:25:23.1530656Z,0,0,495,176,0
2026-08-17T00:25:23.1578763Z,0,0,495,176,0
2026-08-17T00:25:23.1628508Z,0,0,495,176,0
2026-08-17T00:25:23.1675421Z,0,0,495,176,0
2026-08-17T00:25:23.1729825Z,0,0,495,176,0
2026-08-17T00:25:23.1778584Z,0,0,495,176,0
2026-08-17T00:25:23.1829187Z,0,0,495,176,0
2026-08-17T00:25:23.1881128Z,0,0,495,176,0
2026-08-17T00:25:23.1927518Z,0,0,495,176,0
2026-08-17T00:25:23.1975112Z,0,0,495,176,0
2026-08-17T00:25:23.2028471Z,0,0,495,176,0
2026-08-17T00:25:23.2075985Z,0,0,495,176,0
2026-08-17T00:25:23.2130997Z,0,0,495,176,0
2026-08-17T00:25:23.2178758Z,0,0,495,176,0
2026-08-17T00:25:23.2226939Z,0,0,495,176,0
2026-08-17T00:25:23.2275784Z,0,0,495,176,0
2026-08-17T00:25:23.2330344Z,0,0,495,176,0
2026-08-17T00:25:23.2378258Z,0,0,495,176,0
2026-08-17T00:25:23.2428785Z,0,0,495,176,0
2026-08-17T00:25:23.2478414Z,0,0,495,176,0
2026-08-17T00:25:23.2527359Z,0,0,495,176,0
2026-08-17T00:25:23.2580442Z,0,0,495,176,0
2026-08-17T00:25:23.2630794Z,0,0,495,176,0
2026-08-17T00:25:23.2677415Z,0,0,495,176,0
2026-08-17T00:25:23.2724945Z,0,0,495,176,0
2026-08-17T00:25:23.2776258Z,0,0,495,176,0
2026-08-17T00:25:23.2828928Z,0,0,495,176,0
2026-08-17T00:25:23.2879093Z,0,0,495,176,0
2026-08-17T00:25:23.2929863Z,0,0,495,176,0
2026-08-17T00:25:23.2976939Z,0,0,495,176,0
2026-08-17T00:25:23.3030679Z,0,0,495,176,0
2026-08-17T00:25:23.3077315Z,0,0,495,176,0
2026-08-17T00:25:23.3125415Z,0,0,495,176,0
2026-08-17T00:25:23.3175886Z,0,0,495,176,0
2026-08-17T00:25:23.3229456Z,0,0,495,176,0
2026-08-17T00:25:23.3275402Z,0,0,495,176,0
2026-08-17T00:25:23.3329183Z,0,0,495,176,0
2026-08-17T00:25:23.337684Z,0,0,495,176,0
2026-08-17T00:25:23.3427544Z,0,0,495,176,0
2026-08-17T00:25:23.3481201Z,0,0,495,176,0
2026-08-17T00:25:23.3529132Z,0,0,495,176,0
2026-08-17T00:25:23.357865Z,0,0,495,176,0
2026-08-17T00:25:23.3627264Z,0,0,495,176,0
2026-08-17T00:25:23.3677267Z,0,0,495,176,0
2026-08-17T00:25:23.372874Z,0,0,495,176,0
2026-08-17T00:25:23.3777324Z,0,0,495,176,0
2026-08-17T00:25:23.3829517Z,0,0,495,176,0
2026-08-17T00:25:23.3877714Z,0,0,495,176,0
2026-08-17T00:25:23.3932811Z,0,0,495,176,0
2026-08-17T00:25:23.3980075Z,0,0,495,176,0
2026-08-17T00:25:23.4026978Z,0,0,495,176,0
2026-08-17T00:25:23.4078748Z,0,0,495,176,0
2026-08-17T00:25:23.4129648Z,0,0,495,176,0
2026-08-17T00:25:23.4176359Z,0,0,495,176,0
2026-08-17T00:25:23.4228722Z,0,0,495,176,0
2026-08-17T00:25:23.4279626Z,0,0,495,176,0
2026-08-17T00:25:23.4328577Z,0,0,495,176,0
2026-08-17T00:25:23.4375302Z,0,0,495,176,0
2026-08-17T00:25:23.4427702Z,0,0,495,176,0
2026-08-17T00:25:23.4475242Z,0,0,495,176,0
2026-08-17T00:25:23.4528265Z,0,0,495,176,0
2026-08-17T00:25:23.4576653Z,0,0,495,176,0
2026-08-17T00:25:23.4626173Z,0,0,495,176,0
2026-08-17T00:25:23.467957Z,0,0,495,176,0
2026-08-17T00:25:23.4726423Z,0,0,495,176,0
2026-08-17T00:25:23.47766Z,0,0,495,176,0
2026-08-17T00:25:23.4827168Z,0,0,495,176,0
2026-08-17T00:25:23.4879398Z,0,0,495,176,0
2026-08-17T00:25:23.4930398Z,0,0,495,176,0
2026-08-17T00:25:23.497642Z,0,0,495,176,0
2026-08-17T00:25:23.5029653Z,0,0,495,176,0
2026-08-17T00:25:23.5076775Z,0,0,495,176,0
2026-08-17T00:25:23.5128224Z,0,0,495,176,0
2026-08-17T00:25:23.5176861Z,0,0,495,176,0
2026-08-17T00:25:23.5226823Z,0,0,495,176,0
2026-08-17T00:25:23.527999Z,0,0,495,176,0
2026-08-17T00:25:23.5325426Z,0,0,495,176,0
2026-08-17T00:25:23.5382007Z,0,0,495,176,0
2026-08-17T00:25:23.5428961Z,0,0,495,176,0
2026-08-17T00:25:23.5476662Z,0,0,495,176,0
2026-08-17T00:25:23.5527127Z,0,0,495,176,0
2026-08-17T00:25:23.5580852Z,0,0,495,176,0
2026-08-17T00:25:23.5630566Z,0,0,495,176,0
2026-08-17T00:25:23.5677258Z,0,0,495,176,0
2026-08-17T00:25:23.5730106Z,0,0,495,176,0
2026-08-17T00:25:23.5775208Z,0,0,495,176,0
2026-08-17T00:25:23.5831041Z,0,0,495,176,0
2026-08-17T00:25:23.5877644Z,0,0,495,176,0
2026-08-17T00:25:23.5927697Z,0,0,495,176,0
2026-08-17T00:25:23.5977511Z,0,0,495,176,0
2026-08-17T00:25:23.6025509Z,0,0,495,176,0
2026-08-17T00:25:23.6078296Z,0,0,495,176,0
2026-08-17T00:25:23.6129781Z,0,0,495,176,0
2026-08-17T00:25:23.6181677Z,0,0,495,176,0
2026-08-17T00:25:23.6229582Z,0,0,495,176,0
2026-08-17T00:25:23.6273914Z,0,0,495,176,0
2026-08-17T00:25:23.632746Z,0,0,495,176,0
2026-08-17T00:25:23.637969Z,0,0,495,176,0
2026-08-17T00:25:23.642767Z,0,0,495,176,0
2026-08-17T00:25:23.6477323Z,0,0,495,176,0
2026-08-17T00:25:23.6529682Z,0,0,495,176,0
2026-08-17T00:25:23.6579058Z,0,0,495,176,0
2026-08-17T00:25:23.6628584Z,0,0,495,176,0
2026-08-17T00:25:23.6680279Z,0,0,495,176,0
2026-08-17T00:25:23.6728335Z,0,0,495,176,0
2026-08-17T00:25:23.6775468Z,0,0,495,176,0
2026-08-17T00:25:23.6827687Z,0,0,495,176,0
2026-08-17T00:25:23.6875647Z,0,0,495,176,0
2026-08-17T00:25:23.6924881Z,0,0,495,176,0
2026-08-17T00:25:23.6978137Z,0,0,495,176,0
2026-08-17T00:25:23.7026607Z,0,0,495,176,0
2026-08-17T00:25:23.7079415Z,0,0,495,176,0
2026-08-17T00:25:23.7127328Z,0,0,495,176,0
2026-08-17T00:25:23.7180172Z,0,0,495,176,0
2026-08-17T00:25:23.7226988Z,0,0,495,176,0
2026-08-17T00:25:23.7276059Z,0,0,495,176,0
2026-08-17T00:25:23.7328824Z,0,0,495,176,0
2026-08-17T00:25:23.7376166Z,0,0,495,176,0
2026-08-17T00:25:23.7427825Z,0,0,495,176,0
2026-08-17T00:25:23.7479222Z,0,0,495,176,0
2026-08-17T00:25:23.7525978Z,0,0,495,176,0
2026-08-17T00:25:23.758548Z,0,0,495,176,0
2026-08-17T00:25:23.7628856Z,0,0,495,176,0
2026-08-17T00:25:23.7676031Z,0,0,495,176,0
2026-08-17T00:25:23.7728883Z,0,0,495,176,0
2026-08-17T00:25:23.7778831Z,0,0,495,176,0
2026-08-17T00:25:23.7826082Z,0,0,495,176,0
2026-08-17T00:25:23.7879809Z,0,0,495,176,0
2026-08-17T00:25:23.7930762Z,0,0,495,176,0
2026-08-17T00:25:23.7978908Z,0,0,495,176,0
2026-08-17T00:25:23.802647Z,0,0,495,176,0
2026-08-17T00:25:23.8078514Z,0,0,495,176,0
2026-08-17T00:25:23.8125154Z,0,0,495,176,0
2026-08-17T00:25:23.8179268Z,0,0,495,176,0
2026-08-17T00:25:23.8227546Z,0,0,495,176,0
2026-08-17T00:25:23.8278935Z,0,0,495,176,0
2026-08-17T00:25:23.8326543Z,0,0,495,176,0
2026-08-17T00:25:23.8378529Z,0,0,495,176,0
2026-08-17T00:25:23.8430297Z,0,0,495,176,0
2026-08-17T00:25:23.8477482Z,0,0,495,176,0
2026-08-17T00:25:23.8526527Z,0,0,495,176,0
2026-08-17T00:25:23.8586633Z,0,0,495,176,0
2026-08-17T00:25:23.8625444Z,0,0,495,176,0
2026-08-17T00:25:23.8677908Z,0,0,495,176,0
2026-08-17T00:25:23.8725207Z,0,0,495,176,0
2026-08-17T00:25:23.8779494Z,0,0,495,176,0
2026-08-17T00:25:23.882628Z,0,0,495,176,0
2026-08-17T00:25:23.8878253Z,0,0,495,176,0
2026-08-17T00:25:23.8931112Z,0,0,495,176,0
2026-08-17T00:25:23.8975568Z,0,0,495,176,0
2026-08-17T00:25:23.9028229Z,0,0,495,176,0
2026-08-17T00:25:23.908001Z,0,0,495,176,0
2026-08-17T00:25:23.9128554Z,0,0,495,176,0
2026-08-17T00:25:23.9179869Z,0,0,495,176,0
2026-08-17T00:25:23.9231367Z,0,0,495,176,0
2026-08-17T00:25:23.9277605Z,0,0,495,176,0
2026-08-17T00:25:23.9324679Z,0,0,495,176,0
2026-08-17T00:25:23.9376921Z,0,0,495,176,0
2026-08-17T00:25:23.9432241Z,0,0,495,176,0
2026-08-17T00:25:23.9479885Z,0,0,495,176,0
2026-08-17T00:25:23.9528148Z,0,0,495,176,0
2026-08-17T00:25:23.957637Z,0,0,495,176,0
2026-08-17T00:25:23.9630753Z,0,0,495,176,0
2026-08-17T00:25:23.9677433Z,0,0,495,176,0
2026-08-17T00:25:23.9726778Z,0,0,495,176,0
2026-08-17T00:25:23.9778615Z,0,0,495,176,0
2026-08-17T00:25:23.9826012Z,0,0,495,176,0
2026-08-17T00:25:23.9879136Z,0,0,495,176,0
2026-08-17T00:25:23.9935804Z,0,0,495,176,0
2026-08-17T00:25:23.9978029Z,0,0,495,176,0
2026-08-17T00:25:24.0025692Z,0,0,495,176,0
2026-08-17T00:25:24.0077692Z,0,0,495,176,0
2026-08-17T00:25:24.0130762Z,0,0,495,176,0
2026-08-17T00:25:24.0177337Z,0,0,495,176,0
2026-08-17T00:25:24.0228954Z,0,0,495,176,0
2026-08-17T00:25:24.027749Z,0,0,495,176,0
2026-08-17T00:25:24.0325684Z,0,0,495,176,0
2026-08-17T00:25:24.0378209Z,0,0,495,176,0
2026-08-17T00:25:24.0431472Z,0,0,495,176,0
2026-08-17T00:25:24.0479956Z,0,0,495,176,0
2026-08-17T00:25:24.0527037Z,0,0,495,176,0
2026-08-17T00:25:24.0576761Z,0,0,495,176,0
2026-08-17T00:25:24.063093Z,0,0,495,176,0
2026-08-17T00:25:24.0677724Z,0,0,495,176,0
2026-08-17T00:25:24.0725389Z,0,0,495,176,0
2026-08-17T00:25:24.0777955Z,0,0,495,176,0
2026-08-17T00:25:24.0825771Z,0,0,495,176,0
2026-08-17T00:25:24.0876096Z,0,0,495,176,0
2026-08-17T00:25:24.093121Z,0,0,495,176,0
2026-08-17T00:25:24.0974693Z,0,0,495,176,0
2026-08-17T00:25:24.102743Z,0,0,495,176,0
2026-08-17T00:25:24.1079554Z,0,0,495,176,0
2026-08-17T00:25:24.1128945Z,0,0,495,176,0
2026-08-17T00:25:24.1175932Z,0,0,495,176,0
2026-08-17T00:25:24.123149Z,0,0,495,176,0
2026-08-17T00:25:24.1279197Z,0,0,495,176,0
2026-08-17T00:25:24.132995Z,0,0,495,176,0
2026-08-17T00:25:24.1377659Z,0,0,495,176,0
2026-08-17T00:25:24.1431013Z,0,0,495,176,0
2026-08-17T00:25:24.1479542Z,0,0,495,176,0
2026-08-17T00:25:24.1526838Z,0,0,495,176,0
2026-08-17T00:25:24.1580135Z,0,0,495,176,0
2026-08-17T00:25:24.1629825Z,0,0,495,176,0
2026-08-17T00:25:24.1676558Z,0,0,495,176,0
2026-08-17T00:25:24.1729369Z,0,0,495,176,0
2026-08-17T00:25:24.1776012Z,0,0,495,176,0
2026-08-17T00:25:24.1827979Z,0,0,495,176,0
2026-08-17T00:25:24.1876906Z,0,0,495,176,0
2026-08-17T00:25:24.192933Z,0,0,495,176,0
2026-08-17T00:25:24.1975144Z,0,0,495,176,0
2026-08-17T00:25:24.2028623Z,0,0,495,176,0
2026-08-17T00:25:24.2076245Z,0,0,495,176,0
2026-08-17T00:25:24.2131117Z,0,0,495,176,0
2026-08-17T00:25:24.2180697Z,0,0,495,176,0
2026-08-17T00:25:24.2226277Z,0,0,495,176,0
2026-08-17T00:25:24.2277534Z,0,0,495,176,0
2026-08-17T00:25:24.2329301Z,0,0,495,176,0
2026-08-17T00:25:24.2376447Z,0,0,495,176,0
2026-08-17T00:25:24.2430236Z,0,0,495,176,0
2026-08-17T00:25:24.2477316Z,0,0,495,176,0
2026-08-17T00:25:24.2529832Z,0,0,495,176,0
2026-08-17T00:25:24.2577469Z,0,0,495,176,0
2026-08-17T00:25:24.2631383Z,0,0,495,176,0
2026-08-17T00:25:24.2678057Z,0,0,495,176,0
2026-08-17T00:25:24.2725688Z,0,0,495,176,0
2026-08-17T00:25:24.277683Z,0,0,495,176,0
2026-08-17T00:25:24.2827475Z,0,0,495,176,0
2026-08-17T00:25:24.2880316Z,0,0,495,176,0
2026-08-17T00:25:24.292763Z,0,0,495,176,0
2026-08-17T00:25:24.297731Z,0,0,495,176,0
2026-08-17T00:25:24.3029493Z,0,0,495,176,0
2026-08-17T00:25:24.3080249Z,0,0,495,176,0
2026-08-17T00:25:24.3130438Z,0,0,495,176,0
2026-08-17T00:25:24.3177058Z,0,0,495,176,0
2026-08-17T00:25:24.3230006Z,0,0,495,176,0
2026-08-17T00:25:24.3278216Z,0,0,495,176,0
2026-08-17T00:25:24.3325645Z,0,0,495,176,0
2026-08-17T00:25:24.3378249Z,0,0,495,176,0
2026-08-17T00:25:24.3429658Z,0,0,495,176,0
2026-08-17T00:25:24.3476032Z,0,0,495,176,0
2026-08-17T00:25:24.3528919Z,0,0,495,176,0
2026-08-17T00:25:24.35795Z,0,0,495,176,0
2026-08-17T00:25:24.3630315Z,0,0,495,176,0
2026-08-17T00:25:24.3677016Z,0,0,495,176,0
2026-08-17T00:25:24.3729972Z,0,0,495,176,0
2026-08-17T00:25:24.3777941Z,0,0,495,176,0
2026-08-17T00:25:24.3829905Z,0,0,495,176,0
2026-08-17T00:25:24.3876365Z,0,0,495,176,0
2026-08-17T00:25:24.3924859Z,0,0,495,176,0
2026-08-17T00:25:24.3977876Z,0,0,495,176,0
2026-08-17T00:25:24.4029689Z,0,0,495,176,0
2026-08-17T00:25:24.4076693Z,0,0,495,176,0
2026-08-17T00:25:24.4132668Z,0,0,495,176,0
2026-08-17T00:25:24.4179685Z,0,0,495,176,0
2026-08-17T00:25:24.4227317Z,0,0,495,176,0
2026-08-17T00:25:24.42808Z,0,0,495,176,0
2026-08-17T00:25:24.4327982Z,0,0,495,176,0
2026-08-17T00:25:24.4379549Z,0,0,495,176,0
2026-08-17T00:25:24.4428982Z,0,0,495,176,0
2026-08-17T00:25:24.4475765Z,0,0,495,176,0
2026-08-17T00:25:24.4527678Z,0,0,495,176,0
2026-08-17T00:25:24.4579898Z,0,0,495,176,0
2026-08-17T00:25:24.4627187Z,0,0,495,176,0
2026-08-17T00:25:24.4678702Z,0,0,495,176,0
2026-08-17T00:25:24.4725151Z,0,0,495,176,0
2026-08-17T00:25:24.477817Z,0,0,495,176,0
2026-08-17T00:25:24.482673Z,0,0,495,176,0
2026-08-17T00:25:24.487867Z,0,0,495,176,0
2026-08-17T00:25:24.4928888Z,0,0,495,176,0
2026-08-17T00:25:24.4978483Z,0,0,495,176,0
2026-08-17T00:25:24.502549Z,0,0,495,176,0
2026-08-17T00:25:24.5078081Z,0,0,495,176,0
2026-08-17T00:25:24.5131175Z,0,0,495,176,0
2026-08-17T00:25:24.5180311Z,0,0,495,176,0
2026-08-17T00:25:24.5227625Z,0,0,495,176,0
2026-08-17T00:25:24.5280074Z,0,0,495,176,0
2026-08-17T00:25:24.532728Z,0,0,495,176,0
2026-08-17T00:25:24.5379695Z,0,0,495,176,0
2026-08-17T00:25:24.5427761Z,0,0,495,176,0
2026-08-17T00:25:24.547996Z,0,0,495,176,0
2026-08-17T00:25:24.5527156Z,0,0,495,176,0
2026-08-17T00:25:24.5581546Z,0,0,495,176,0
2026-08-17T00:25:24.5627393Z,0,0,495,176,0
2026-08-17T00:25:24.5679245Z,0,0,495,176,0
2026-08-17T00:25:24.5726674Z,0,0,495,176,0
2026-08-17T00:25:24.5776891Z,0,0,495,176,0
2026-08-17T00:25:24.5827281Z,0,0,495,176,0
2026-08-17T00:25:24.5877575Z,0,0,495,176,0
2026-08-17T00:25:24.5929227Z,0,0,495,176,0
2026-08-17T00:25:24.5983111Z,0,0,495,176,0
2026-08-17T00:25:24.6029959Z,0,0,495,176,0
2026-08-17T00:25:24.6085494Z,0,0,495,176,0
2026-08-17T00:25:24.6127879Z,0,0,495,176,0
2026-08-17T00:25:24.617994Z,0,0,495,176,0
2026-08-17T00:25:24.6228008Z,0,0,495,176,0
2026-08-17T00:25:24.6277606Z,0,0,495,176,0
2026-08-17T00:25:24.6331212Z,0,0,495,176,0
2026-08-17T00:25:24.6377499Z,0,0,495,176,0
2026-08-17T00:25:24.6426684Z,0,0,495,176,0
2026-08-17T00:25:24.6478548Z,0,0,495,176,0
2026-08-17T00:25:24.6528066Z,0,0,495,176,0
2026-08-17T00:25:24.6579791Z,0,0,495,176,0
2026-08-17T00:25:24.6629636Z,0,0,495,176,0
2026-08-17T00:25:24.6676182Z,0,0,495,176,0
2026-08-17T00:25:24.6731382Z,0,0,495,176,0
2026-08-17T00:25:24.6779249Z,0,0,495,176,0
2026-08-17T00:25:24.6830824Z,0,0,495,176,0
2026-08-17T00:25:24.687719Z,0,0,495,176,0
2026-08-17T00:25:24.6928241Z,0,0,495,176,0
2026-08-17T00:25:24.6976836Z,0,0,495,176,0
2026-08-17T00:25:24.7029424Z,0,0,495,176,0
2026-08-17T00:25:24.7080501Z,0,0,495,176,0
2026-08-17T00:25:24.712791Z,0,0,495,176,0
2026-08-17T00:25:24.7180612Z,0,0,495,176,0
2026-08-17T00:25:24.7232485Z,0,0,495,176,0
2026-08-17T00:25:24.7276473Z,0,0,495,176,0
2026-08-17T00:25:24.7329119Z,0,0,495,176,0
2026-08-17T00:25:24.7376997Z,0,0,495,176,0
2026-08-17T00:25:24.7429867Z,0,0,495,176,0
2026-08-17T00:25:24.7475816Z,0,0,495,176,0
2026-08-17T00:25:24.7527709Z,0,0,495,176,0
2026-08-17T00:25:24.7579296Z,0,0,495,176,0
2026-08-17T00:25:24.7629227Z,0,0,495,176,0
2026-08-17T00:25:24.7675424Z,0,0,495,176,0
2026-08-17T00:25:24.7728336Z,0,0,495,176,0
2026-08-17T00:25:24.777552Z,0,0,495,176,0
2026-08-17T00:25:24.7828788Z,0,0,495,176,0
2026-08-17T00:25:24.787575Z,0,0,495,176,0
2026-08-17T00:25:24.7927759Z,0,0,495,176,0
2026-08-17T00:25:24.7978797Z,0,0,495,176,0
2026-08-17T00:25:24.8026894Z,0,0,495,176,0
2026-08-17T00:25:24.8078366Z,0,0,495,176,0
2026-08-17T00:25:24.8129645Z,0,0,495,176,0
2026-08-17T00:25:24.8179154Z,0,0,495,176,0
2026-08-17T00:25:24.8227094Z,0,0,495,176,0
2026-08-17T00:25:24.8276544Z,0,0,495,176,0
2026-08-17T00:25:24.8331361Z,0,0,495,176,0
2026-08-17T00:25:24.8374443Z,0,0,495,176,0
2026-08-17T00:25:24.8426375Z,0,0,495,176,0
2026-08-17T00:25:24.8479641Z,0,0,495,176,0
2026-08-17T00:25:24.8527026Z,0,0,495,176,0
2026-08-17T00:25:24.8579278Z,0,0,495,176,0
2026-08-17T00:25:24.8627622Z,0,0,495,176,0
2026-08-17T00:25:24.8678803Z,0,0,495,176,0
2026-08-17T00:25:24.8725024Z,0,0,495,176,0
2026-08-17T00:25:24.8774647Z,0,0,495,176,0
2026-08-17T00:25:24.8829228Z,0,0,495,176,0
2026-08-17T00:25:24.8875692Z,0,0,495,176,0
2026-08-17T00:25:24.8929378Z,0,0,495,176,0
2026-08-17T00:25:24.8980692Z,0,0,495,176,0
2026-08-17T00:25:24.9027488Z,0,0,495,176,0
2026-08-17T00:25:24.90799Z,0,0,495,176,0
2026-08-17T00:25:24.9131351Z,0,0,495,176,0
2026-08-17T00:25:24.9177959Z,0,0,495,176,0
2026-08-17T00:25:24.9229888Z,0,0,495,176,0
2026-08-17T00:25:24.9276282Z,0,0,495,176,0
2026-08-17T00:25:24.9328633Z,0,0,495,176,0
2026-08-17T00:25:24.9376158Z,0,0,495,176,0
2026-08-17T00:25:24.942997Z,0,0,495,176,0
2026-08-17T00:25:24.9479638Z,0,0,495,176,0
2026-08-17T00:25:24.952732Z,0,0,495,176,0
2026-08-17T00:25:24.9576339Z,0,0,495,176,0
2026-08-17T00:25:24.9629735Z,0,0,495,176,0
2026-08-17T00:25:24.9676255Z,0,0,495,176,0
2026-08-17T00:25:24.9729098Z,0,0,495,176,0
2026-08-17T00:25:24.9774753Z,0,0,495,176,0
2026-08-17T00:25:24.9828355Z,0,0,495,176,0
2026-08-17T00:25:24.9878047Z,0,0,495,176,0
2026-08-17T00:25:24.9928818Z,0,0,495,176,0
2026-08-17T00:25:24.9978783Z,0,0,495,176,0
2026-08-17T00:25:25.0026969Z,0,0,495,176,0
2026-08-17T00:25:25.0078979Z,0,0,495,176,0
2026-08-17T00:25:25.0129833Z,0,0,495,176,0
2026-08-17T00:25:25.0175679Z,0,0,495,176,0
2026-08-17T00:25:25.0226325Z,0,0,495,176,0
2026-08-17T00:25:25.0276624Z,0,0,495,176,0
2026-08-17T00:25:25.0331458Z,0,0,495,176,0
2026-08-17T00:25:25.0378121Z,0,0,495,176,0
2026-08-17T00:25:25.0429638Z,0,0,495,176,0
2026-08-17T00:25:25.0481548Z,0,0,495,176,0
2026-08-17T00:25:25.0528601Z,0,0,495,176,0
2026-08-17T00:25:25.0576156Z,0,0,495,176,0
2026-08-17T00:25:25.0634112Z,0,0,495,176,0
2026-08-17T00:25:25.0676179Z,0,0,495,176,0
2026-08-17T00:25:25.0728982Z,0,0,495,176,0
2026-08-17T00:25:25.0775904Z,0,0,495,176,0
2026-08-17T00:25:25.0828815Z,0,0,495,176,0
2026-08-17T00:25:25.0876275Z,0,0,495,176,0
2026-08-17T00:25:25.093269Z,0,0,495,176,0
2026-08-17T00:25:25.0979707Z,0,0,495,176,0
2026-08-17T00:25:25.1028417Z,0,0,495,176,0
2026-08-17T00:25:25.107623Z,0,0,495,176,0
2026-08-17T00:25:25.1134621Z,0,0,495,176,0
2026-08-17T00:25:25.1176659Z,0,0,495,176,0
2026-08-17T00:25:25.1231495Z,0,0,495,176,0
2026-08-17T00:25:25.1278053Z,0,0,495,176,0
2026-08-17T00:25:25.132489Z,0,0,495,176,0
2026-08-17T00:25:25.1377464Z,0,0,495,176,0
2026-08-17T00:25:25.1426374Z,0,0,495,176,0
2026-08-17T00:25:25.147714Z,0,0,495,176,0
2026-08-17T00:25:25.1528784Z,0,0,495,176,0
2026-08-17T00:25:25.1579516Z,0,0,495,176,0
2026-08-17T00:25:25.1628484Z,0,0,495,176,0
2026-08-17T00:25:25.16753Z,0,0,495,176,0
2026-08-17T00:25:25.1728567Z,0,0,495,176,0
2026-08-17T00:25:25.177754Z,0,0,495,176,0
2026-08-17T00:25:25.1825268Z,0,0,495,176,0
2026-08-17T00:25:25.1878534Z,0,0,495,176,0
2026-08-17T00:25:25.1929869Z,0,0,495,176,0
2026-08-17T00:25:25.198024Z,0,0,495,176,0
2026-08-17T00:25:25.2030736Z,0,0,495,176,0
2026-08-17T00:25:25.2078502Z,0,0,495,176,0
2026-08-17T00:25:25.2131035Z,0,0,495,176,0
2026-08-17T00:25:25.2177919Z,0,0,495,176,0
2026-08-17T00:25:25.2225935Z,0,0,495,176,0
2026-08-17T00:25:25.2275685Z,0,0,495,176,0
2026-08-17T00:25:25.2331599Z,0,0,495,176,0
2026-08-17T00:25:25.2378469Z,0,0,495,176,0
2026-08-17T00:25:25.2427268Z,0,0,495,176,0
2026-08-17T00:25:25.2478021Z,0,0,495,176,0
2026-08-17T00:25:25.2533688Z,0,0,495,176,0
2026-08-17T00:25:25.2577912Z,0,0,495,176,0
2026-08-17T00:25:25.262917Z,0,0,495,176,0
2026-08-17T00:25:25.2675795Z,0,0,495,176,0
2026-08-17T00:25:25.273153Z,0,0,495,176,0
2026-08-17T00:25:25.2777409Z,0,0,495,176,0
2026-08-17T00:25:25.2828789Z,0,0,495,176,0
2026-08-17T00:25:25.2885088Z,0,0,495,176,0
2026-08-17T00:25:25.2928623Z,0,0,495,176,0
2026-08-17T00:25:25.2976131Z,0,0,495,176,0
2026-08-17T00:25:25.3026647Z,0,0,495,176,0
2026-08-17T00:25:25.307747Z,0,0,495,176,0
2026-08-17T00:25:25.3129557Z,0,0,495,176,0
2026-08-17T00:25:25.3176524Z,0,0,495,176,0
2026-08-17T00:25:25.3230105Z,0,0,495,176,0
2026-08-17T00:25:25.3283588Z,0,0,495,176,0
2026-08-17T00:25:25.3324848Z,0,0,495,176,0
2026-08-17T00:25:25.3379459Z,0,0,495,176,0
2026-08-17T00:25:25.3432819Z,0,0,495,176,0
2026-08-17T00:25:25.3478774Z,0,0,495,176,0
2026-08-17T00:25:25.3526462Z,0,0,495,176,0
2026-08-17T00:25:25.3576551Z,0,0,495,176,0
2026-08-17T00:25:25.3631657Z,0,0,495,176,0
2026-08-17T00:25:25.3678447Z,0,0,495,176,0
2026-08-17T00:25:25.3725642Z,0,0,495,176,0
2026-08-17T00:25:25.3777978Z,0,0,495,176,0
2026-08-17T00:25:25.3827163Z,0,0,495,176,0
2026-08-17T00:25:25.3880326Z,0,0,495,176,0
2026-08-17T00:25:25.3928854Z,0,0,495,176,0
2026-08-17T00:25:25.3975162Z,0,0,495,176,0
2026-08-17T00:25:25.4026033Z,0,0,495,176,0
2026-08-17T00:25:25.407922Z,0,0,495,176,0
2026-08-17T00:25:25.4127964Z,0,0,495,176,0
2026-08-17T00:25:25.4180181Z,0,0,495,176,0
2026-08-17T00:25:25.4228691Z,0,0,495,176,0
2026-08-17T00:25:25.4279331Z,0,0,495,176,0
2026-08-17T00:25:25.4326553Z,0,0,495,176,0
2026-08-17T00:25:25.4375438Z,0,0,495,176,0
2026-08-17T00:25:25.4427937Z,0,0,495,176,0
2026-08-17T00:25:25.4477446Z,0,0,495,176,0
2026-08-17T00:25:25.4531216Z,0,0,495,176,0
2026-08-17T00:25:25.4579081Z,0,0,495,176,0
2026-08-17T00:25:25.4633655Z,0,0,495,176,0
2026-08-17T00:25:25.4675957Z,0,0,495,176,0
2026-08-17T00:25:25.4726391Z,0,0,495,176,0
2026-08-17T00:25:25.4775834Z,0,0,495,176,0
2026-08-17T00:25:25.4825526Z,0,0,495,176,0
2026-08-17T00:25:25.4878556Z,0,0,495,176,0
2026-08-17T00:25:25.4933955Z,0,0,495,176,0
2026-08-17T00:25:25.4975375Z,0,0,495,176,0
2026-08-17T00:25:25.5032741Z,0,0,495,176,0
2026-08-17T00:25:25.5074822Z,0,0,495,176,0
2026-08-17T00:25:25.5126605Z,0,0,495,176,0
2026-08-17T00:25:25.5178862Z,0,0,495,176,0
2026-08-17T00:25:25.5229933Z,0,0,495,176,0
2026-08-17T00:25:25.5282838Z,0,0,495,176,0
2026-08-17T00:25:25.5324819Z,0,0,495,176,0
2026-08-17T00:25:25.537523Z,0,0,495,176,0
2026-08-17T00:25:25.5433311Z,0,0,495,176,0
2026-08-17T00:25:25.5476882Z,0,0,495,176,0
2026-08-17T00:25:25.5529336Z,0,0,495,176,0
2026-08-17T00:25:25.5579598Z,0,0,495,176,0
2026-08-17T00:25:25.5632423Z,0,0,495,176,0
2026-08-17T00:25:25.5675551Z,0,0,495,176,0
2026-08-17T00:25:25.5729849Z,0,0,495,176,0
2026-08-17T00:25:25.5776598Z,0,0,495,176,0
2026-08-17T00:25:25.5825252Z,0,0,495,176,0
2026-08-17T00:25:25.5880403Z,0,0,495,176,0
2026-08-17T00:25:25.5923948Z,0,0,495,176,0
2026-08-17T00:25:25.5975456Z,0,0,495,176,0
2026-08-17T00:25:25.6033785Z,0,0,495,176,0
2026-08-17T00:25:25.6075465Z,0,0,495,176,0
2026-08-17T00:25:25.6130082Z,0,0,495,176,0
2026-08-17T00:25:25.6177245Z,0,0,495,176,0
2026-08-17T00:25:25.6226503Z,0,0,495,176,0
2026-08-17T00:25:25.6281225Z,0,0,495,176,0
2026-08-17T00:25:25.6325825Z,0,0,495,176,0
2026-08-17T00:25:25.6375639Z,0,0,495,176,0
2026-08-17T00:25:25.6429833Z,0,0,495,176,0
2026-08-17T00:25:25.6476799Z,0,0,495,176,0
2026-08-17T00:25:25.6530209Z,0,0,495,176,0
2026-08-17T00:25:25.6582446Z,0,0,495,176,0
2026-08-17T00:25:25.6628567Z,0,0,495,176,0
2026-08-17T00:25:25.6677084Z,0,0,495,176,0
2026-08-17T00:25:25.6725189Z,0,0,495,176,0
2026-08-17T00:25:25.6779204Z,0,0,495,176,0
2026-08-17T00:25:25.6825841Z,0,0,495,176,0
2026-08-17T00:25:25.6878269Z,0,0,495,176,0
2026-08-17T00:25:25.6929333Z,0,0,495,176,0
2026-08-17T00:25:25.6977406Z,0,0,495,176,0
2026-08-17T00:25:25.7027609Z,0,0,495,176,0
2026-08-17T00:25:25.7077837Z,0,0,495,176,0
2026-08-17T00:25:25.7125407Z,0,0,495,176,0
2026-08-17T00:25:25.7177862Z,0,0,495,176,0
2026-08-17T00:25:25.7231015Z,0,0,495,176,0
2026-08-17T00:25:25.7277813Z,0,0,495,176,0
2026-08-17T00:25:25.7325828Z,0,0,495,176,0
2026-08-17T00:25:25.7377487Z,0,0,495,176,0
2026-08-17T00:25:25.7425675Z,0,0,495,176,0
2026-08-17T00:25:25.74774Z,0,0,495,176,0
2026-08-17T00:25:25.7529633Z,0,0,495,176,0
2026-08-17T00:25:25.7580072Z,0,0,495,176,0
2026-08-17T00:25:25.762947Z,0,0,495,176,0
2026-08-17T00:25:25.7675817Z,0,0,495,176,0
2026-08-17T00:25:25.7730832Z,0,0,495,176,0
2026-08-17T00:25:25.7776224Z,0,0,495,176,0
2026-08-17T00:25:25.7829148Z,0,0,495,176,0
2026-08-17T00:25:25.7880268Z,0,0,495,176,0
2026-08-17T00:25:25.7929873Z,0,0,495,176,0
2026-08-17T00:25:25.7979074Z,0,0,495,176,0
2026-08-17T00:25:25.8025294Z,0,0,495,176,0
2026-08-17T00:25:25.8078237Z,0,0,495,176,0
2026-08-17T00:25:25.8129498Z,0,0,495,176,0
2026-08-17T00:25:25.8176375Z,0,0,495,176,0
2026-08-17T00:25:25.8230383Z,0,0,495,176,0
2026-08-17T00:25:25.8276822Z,0,0,495,176,0
2026-08-17T00:25:25.8325966Z,0,0,495,176,0
2026-08-17T00:25:25.8375497Z,0,0,495,176,0
2026-08-17T00:25:25.8429001Z,0,0,495,176,0
2026-08-17T00:25:25.8479666Z,0,0,495,176,0
2026-08-17T00:25:25.8527277Z,0,0,495,176,0
2026-08-17T00:25:25.8584707Z,0,0,495,176,0
2026-08-17T00:25:25.862571Z,0,0,495,176,0
2026-08-17T00:25:25.8679587Z,0,0,495,176,0
2026-08-17T00:25:25.8726359Z,0,0,495,176,0
2026-08-17T00:25:25.8777041Z,0,0,495,176,0
2026-08-17T00:25:25.8825362Z,0,0,495,176,0
2026-08-17T00:25:25.8877643Z,0,0,495,176,0
2026-08-17T00:25:25.8928534Z,0,0,495,176,0
2026-08-17T00:25:25.8977388Z,0,0,495,176,0
2026-08-17T00:25:25.9032907Z,0,0,495,176,0
2026-08-17T00:25:25.9079719Z,0,0,495,176,0
2026-08-17T00:25:25.9126407Z,0,0,495,176,0
2026-08-17T00:25:25.9178764Z,0,0,495,176,0
2026-08-17T00:25:25.9228967Z,0,0,495,176,0
2026-08-17T00:25:25.9279234Z,0,0,495,176,0
2026-08-17T00:25:25.9325834Z,0,0,495,176,0
2026-08-17T00:25:25.937704Z,0,0,495,176,0
2026-08-17T00:25:25.9427594Z,0,0,495,176,0
2026-08-17T00:25:25.9479735Z,0,0,495,176,0
2026-08-17T00:25:25.9526761Z,0,0,495,176,0
2026-08-17T00:25:25.9579194Z,0,0,495,176,0
2026-08-17T00:25:25.9625456Z,0,0,495,176,0
2026-08-17T00:25:25.967928Z,0,0,495,176,0
2026-08-17T00:25:25.9727692Z,0,0,495,176,0
2026-08-17T00:25:25.9776999Z,0,0,495,176,0
2026-08-17T00:25:25.9826136Z,0,0,495,176,0
2026-08-17T00:25:25.9881938Z,0,0,495,176,0
2026-08-17T00:25:25.9927856Z,0,0,495,176,0
2026-08-17T00:25:25.9978347Z,0,0,495,176,0
2026-08-17T00:25:26.0033611Z,0,0,495,176,0
2026-08-17T00:25:26.0075976Z,0,0,495,176,0
2026-08-17T00:25:26.0129736Z,0,0,495,176,0
2026-08-17T00:25:26.0176977Z,0,0,495,176,0
2026-08-17T00:25:26.023155Z,0,0,495,176,0
2026-08-17T00:25:26.0279823Z,0,0,495,176,0
2026-08-17T00:25:26.0326726Z,0,0,495,176,0
2026-08-17T00:25:26.0380851Z,0,0,495,176,0
2026-08-17T00:25:26.0426268Z,0,0,495,176,0
2026-08-17T00:25:26.0478183Z,0,0,495,176,0
2026-08-17T00:25:26.0525082Z,0,0,495,176,0
2026-08-17T00:25:26.0579561Z,0,0,495,176,0
2026-08-17T00:25:26.063064Z,0,0,495,176,0
2026-08-17T00:25:26.0676955Z,0,0,495,176,0
2026-08-17T00:25:26.0729274Z,0,0,495,176,0
2026-08-17T00:25:26.0775908Z,0,0,495,176,0
2026-08-17T00:25:26.0825996Z,0,0,495,176,0
2026-08-17T00:25:26.0878502Z,0,0,495,176,0
2026-08-17T00:25:26.0930183Z,0,0,495,176,0
2026-08-17T00:25:26.0978763Z,0,0,495,176,0
2026-08-17T00:25:26.1034506Z,0,0,495,176,0
2026-08-17T00:25:26.107644Z,0,0,495,176,0
2026-08-17T00:25:26.1129236Z,0,0,495,176,0
2026-08-17T00:25:26.1177303Z,0,0,495,176,0
2026-08-17T00:25:26.1228683Z,0,0,495,176,0
2026-08-17T00:25:26.1280054Z,0,0,495,176,0
2026-08-17T00:25:26.1327332Z,0,0,495,176,0
2026-08-17T00:25:26.1379442Z,0,0,495,176,0
2026-08-17T00:25:26.1428277Z,0,0,495,176,0
2026-08-17T00:25:26.1479744Z,0,0,495,176,0
2026-08-17T00:25:26.1527244Z,0,0,495,176,0
2026-08-17T00:25:26.1579725Z,0,0,495,176,0
2026-08-17T00:25:26.1627729Z,0,0,495,176,0
2026-08-17T00:25:26.1679249Z,0,0,495,176,0
2026-08-17T00:25:26.1725669Z,0,0,495,176,0
2026-08-17T00:25:26.1776414Z,0,0,495,176,0
2026-08-17T00:25:26.1824792Z,0,0,495,176,0
2026-08-17T00:25:26.1877272Z,0,0,495,176,0
2026-08-17T00:25:26.1928951Z,0,0,495,176,0
2026-08-17T00:25:26.197895Z,0,0,495,176,0
2026-08-17T00:25:26.2030394Z,0,0,495,176,0
2026-08-17T00:25:26.2074978Z,0,0,495,176,0
2026-08-17T00:25:26.2125839Z,0,0,495,176,0
2026-08-17T00:25:26.2178037Z,0,0,495,176,0
2026-08-17T00:25:26.2225365Z,0,0,495,176,0
2026-08-17T00:25:26.2282526Z,0,0,495,176,0
2026-08-17T00:25:26.2331848Z,0,0,495,176,0
2026-08-17T00:25:26.2378379Z,0,0,495,176,0
2026-08-17T00:25:26.2424598Z,0,0,495,176,0
2026-08-17T00:25:26.2476347Z,0,0,495,176,0
2026-08-17T00:25:26.2528001Z,0,0,495,176,0
2026-08-17T00:25:26.2575574Z,0,0,495,176,0
2026-08-17T00:25:26.2627637Z,0,0,495,176,0
2026-08-17T00:25:26.267951Z,0,0,495,176,0
2026-08-17T00:25:26.2726037Z,0,0,495,176,0
2026-08-17T00:25:26.2778494Z,0,0,495,176,0
2026-08-17T00:25:26.2827089Z,0,0,495,176,0
2026-08-17T00:25:26.2879153Z,0,0,495,176,0
2026-08-17T00:25:26.2930147Z,0,0,495,176,0
2026-08-17T00:25:26.2977947Z,0,0,495,176,0
2026-08-17T00:25:26.3033508Z,0,0,495,176,0
2026-08-17T00:25:26.307499Z,0,0,495,176,0
2026-08-17T00:25:26.3126494Z,0,0,495,176,0
2026-08-17T00:25:26.3177556Z,0,0,495,176,0
2026-08-17T00:25:26.3229215Z,0,0,495,176,0
2026-08-17T00:25:26.3279027Z,0,0,495,176,0
2026-08-17T00:25:26.3325699Z,0,0,495,176,0
2026-08-17T00:25:26.3379849Z,0,0,495,176,0
2026-08-17T00:25:26.3430256Z,0,0,495,176,0
2026-08-17T00:25:26.3479592Z,0,0,495,176,0
2026-08-17T00:25:26.3526556Z,0,0,495,176,0
2026-08-17T00:25:26.3579034Z,0,0,495,176,0
2026-08-17T00:25:26.3627718Z,0,0,495,176,0
2026-08-17T00:25:26.367936Z,0,0,495,176,0
2026-08-17T00:25:26.3726011Z,0,0,495,176,0
2026-08-17T00:25:26.3778565Z,0,0,495,176,0
2026-08-17T00:25:26.3825519Z,0,0,495,176,0
2026-08-17T00:25:26.3877629Z,0,0,495,176,0
2026-08-17T00:25:26.392965Z,0,0,495,176,0
2026-08-17T00:25:26.3981741Z,0,0,495,176,0
2026-08-17T00:25:26.4028373Z,0,0,495,176,0
2026-08-17T00:25:26.407467Z,0,0,495,176,0
2026-08-17T00:25:26.413288Z,0,0,495,176,0
2026-08-17T00:25:26.4179253Z,0,0,495,176,0
2026-08-17T00:25:26.4226407Z,0,0,495,176,0
2026-08-17T00:25:26.4278117Z,0,0,495,176,0
2026-08-17T00:25:26.4324993Z,0,0,495,176,0
2026-08-17T00:25:26.4375883Z,0,0,495,176,0
2026-08-17T00:25:26.4428771Z,0,0,495,176,0
2026-08-17T00:25:26.4477927Z,0,0,495,176,0
2026-08-17T00:25:26.4527031Z,0,0,495,176,0
2026-08-17T00:25:26.4578461Z,0,0,495,176,0
2026-08-17T00:25:26.4631218Z,0,0,495,176,0
2026-08-17T00:25:26.467573Z,0,0,495,176,0
2026-08-17T00:25:26.4728639Z,0,0,495,176,0
2026-08-17T00:25:26.4780053Z,0,0,495,176,0
2026-08-17T00:25:26.4829059Z,0,0,495,176,0
2026-08-17T00:25:26.48768Z,0,0,495,176,0
2026-08-17T00:25:26.4931085Z,0,0,495,176,0
2026-08-17T00:25:26.4977629Z,0,0,495,176,0
2026-08-17T00:25:26.5030471Z,0,0,495,176,0
2026-08-17T00:25:26.507817Z,0,0,495,176,0
2026-08-17T00:25:26.5126942Z,0,0,495,176,0
2026-08-17T00:25:26.5177068Z,0,0,495,176,0
2026-08-17T00:25:26.5230166Z,0,0,495,176,0
2026-08-17T00:25:26.5276651Z,0,0,495,176,0
2026-08-17T00:25:26.5328792Z,0,0,495,176,0
2026-08-17T00:25:26.5375695Z,0,0,495,176,0
2026-08-17T00:25:26.5427373Z,0,0,495,176,0
2026-08-17T00:25:26.5475937Z,0,0,495,176,0
2026-08-17T00:25:26.5527165Z,0,0,495,176,0
2026-08-17T00:25:26.5576205Z,0,0,495,176,0
2026-08-17T00:25:26.5628693Z,0,0,495,176,0
2026-08-17T00:25:26.5678119Z,0,0,495,176,0
2026-08-17T00:25:26.5726369Z,0,0,495,176,0
2026-08-17T00:25:26.5776524Z,0,0,495,176,0
2026-08-17T00:25:26.5833634Z,0,0,495,176,0
2026-08-17T00:25:26.5878329Z,0,0,495,176,0
2026-08-17T00:25:26.592976Z,0,0,495,176,0
2026-08-17T00:25:26.5974842Z,0,0,495,176,0
2026-08-17T00:25:26.6024954Z,0,0,495,176,0
2026-08-17T00:25:26.6075495Z,0,0,495,176,0
2026-08-17T00:25:26.613017Z,0,0,495,176,0
2026-08-17T00:25:26.6178307Z,0,0,495,176,0
2026-08-17T00:25:26.6227414Z,0,0,495,176,0
2026-08-17T00:25:26.6280857Z,0,0,495,176,0
2026-08-17T00:25:26.6324805Z,0,0,495,176,0
2026-08-17T00:25:26.6377738Z,0,0,495,176,0
2026-08-17T00:25:26.6426354Z,0,0,495,176,0
2026-08-17T00:25:26.6477905Z,0,0,495,176,0
2026-08-17T00:25:26.6525971Z,0,0,495,176,0
2026-08-17T00:25:26.658136Z,0,0,495,176,0
2026-08-17T00:25:26.6632304Z,0,0,495,176,0
2026-08-17T00:25:26.6679181Z,0,0,495,176,0
2026-08-17T00:25:26.6726334Z,0,0,495,176,0
2026-08-17T00:25:26.6777051Z,0,0,495,176,0
2026-08-17T00:25:26.682913Z,0,0,495,176,0
2026-08-17T00:25:26.6876143Z,0,0,495,176,0
2026-08-17T00:25:26.6930943Z,0,0,495,176,0
2026-08-17T00:25:26.6979543Z,0,0,495,176,0
2026-08-17T00:25:26.7026722Z,0,0,495,176,0
2026-08-17T00:25:26.7079983Z,0,0,495,176,0
2026-08-17T00:25:26.7129192Z,0,0,495,176,0
2026-08-17T00:25:26.7176266Z,0,0,495,176,0
2026-08-17T00:25:26.7229371Z,0,0,495,176,0
2026-08-17T00:25:26.727583Z,0,0,495,176,0
2026-08-17T00:25:26.7325582Z,0,0,495,176,0
2026-08-17T00:25:26.7377405Z,0,0,495,176,0
2026-08-17T00:25:26.7429694Z,0,0,495,176,0
2026-08-17T00:25:26.7475437Z,0,0,495,176,0
2026-08-17T00:25:26.7526776Z,0,0,495,176,0
2026-08-17T00:25:26.7579199Z,0,0,495,176,0
2026-08-17T00:25:26.7627328Z,0,0,495,176,0
2026-08-17T00:25:26.7679092Z,0,0,495,176,0
2026-08-17T00:25:26.7725872Z,0,0,495,176,0
2026-08-17T00:25:26.7777334Z,0,0,495,176,0
2026-08-17T00:25:26.7827635Z,0,0,495,176,0
2026-08-17T00:25:26.7877803Z,0,0,495,176,0
2026-08-17T00:25:26.7926441Z,0,0,495,176,0
2026-08-17T00:25:26.7974964Z,0,0,495,176,0
2026-08-17T00:25:26.8027768Z,0,0,495,176,0
2026-08-17T00:25:26.8079668Z,0,0,495,176,0
2026-08-17T00:25:26.8129251Z,0,0,495,176,0
2026-08-17T00:25:26.817792Z,0,0,495,176,0
2026-08-17T00:25:26.8228189Z,0,0,495,176,0
2026-08-17T00:25:26.8276388Z,0,0,495,176,0
2026-08-17T00:25:26.8332545Z,0,0,495,176,0
2026-08-17T00:25:26.8374511Z,0,0,495,176,0
2026-08-17T00:25:26.8425349Z,0,0,495,176,0
2026-08-17T00:25:26.8480741Z,0,0,495,176,0
2026-08-17T00:25:26.852858Z,0,0,495,176,0
2026-08-17T00:25:26.8579613Z,0,0,495,176,0
2026-08-17T00:25:26.8626549Z,0,0,495,176,0
2026-08-17T00:25:26.8677731Z,0,0,495,176,0
2026-08-17T00:25:26.8731921Z,0,0,495,176,0
2026-08-17T00:25:26.877694Z,0,0,495,176,0
2026-08-17T00:25:26.8827832Z,0,0,495,176,0
2026-08-17T00:25:26.8876009Z,0,0,495,176,0
2026-08-17T00:25:26.8929248Z,0,0,495,176,0
2026-08-17T00:25:26.8977983Z,0,0,495,176,0
2026-08-17T00:25:26.9025496Z,0,0,495,176,0
2026-08-17T00:25:26.9078077Z,0,0,495,176,0
2026-08-17T00:25:26.9125944Z,0,0,495,176,0
2026-08-17T00:25:26.9178126Z,0,0,495,176,0
2026-08-17T00:25:26.922679Z,0,0,495,176,0
2026-08-17T00:25:26.9277774Z,0,0,495,176,0
2026-08-17T00:25:26.9329004Z,0,0,495,176,0
2026-08-17T00:25:26.9376252Z,0,0,495,176,0
2026-08-17T00:25:26.942909Z,0,0,495,176,0
2026-08-17T00:25:26.9480173Z,0,0,495,176,0
2026-08-17T00:25:26.9525684Z,0,0,495,176,0
2026-08-17T00:25:26.9578184Z,0,0,495,176,0
2026-08-17T00:25:26.9629199Z,0,0,495,176,0
2026-08-17T00:25:26.9676411Z,0,0,495,176,0
2026-08-17T00:25:26.9732127Z,0,0,495,176,0
2026-08-17T00:25:26.977761Z,0,0,495,176,0
2026-08-17T00:25:26.9829796Z,0,0,495,176,0
2026-08-17T00:25:26.9878432Z,0,0,495,176,0
2026-08-17T00:25:26.9925051Z,0,0,495,176,0
2026-08-17T00:25:26.9978238Z,0,0,495,176,0
2026-08-17T00:25:27.0025213Z,0,0,495,176,0
2026-08-17T00:25:27.0077177Z,0,0,495,176,0
2026-08-17T00:25:27.0126213Z,0,0,495,176,0
2026-08-17T00:25:27.0176567Z,0,0,495,176,0
2026-08-17T00:25:27.0230054Z,0,0,495,176,0
2026-08-17T00:25:27.0276937Z,0,0,495,176,0
2026-08-17T00:25:27.0325611Z,0,0,495,176,0
2026-08-17T00:25:27.0376062Z,0,0,495,176,0
2026-08-17T00:25:27.0428026Z,0,0,495,176,0
2026-08-17T00:25:27.0477963Z,0,0,495,176,0
2026-08-17T00:25:27.0525894Z,0,0,495,176,0
2026-08-17T00:25:27.0578547Z,0,0,495,176,0
2026-08-17T00:25:27.0625318Z,0,0,495,176,0
2026-08-17T00:25:27.0677596Z,0,0,495,176,0
2026-08-17T00:25:27.0725638Z,0,0,495,176,0
2026-08-17T00:25:27.0781573Z,0,0,495,176,0
2026-08-17T00:25:27.0830081Z,0,0,495,176,0
2026-08-17T00:25:27.087692Z,0,0,495,176,0
2026-08-17T00:25:27.0933029Z,0,0,495,176,0
2026-08-17T00:25:27.0979714Z,0,0,495,176,0
2026-08-17T00:25:27.1026233Z,0,0,495,176,0
2026-08-17T00:25:27.1078469Z,0,0,495,176,0
2026-08-17T00:25:27.1129119Z,0,0,495,176,0
2026-08-17T00:25:27.1178284Z,0,0,495,176,0
2026-08-17T00:25:27.1226845Z,0,0,495,176,0
2026-08-17T00:25:27.1276036Z,0,0,495,176,0
2026-08-17T00:25:27.1328508Z,0,0,495,176,0
2026-08-17T00:25:27.1376086Z,0,0,495,176,0
2026-08-17T00:25:27.1429014Z,0,0,495,176,0
2026-08-17T00:25:27.1476312Z,0,0,495,176,0
2026-08-17T00:25:27.1528788Z,0,0,495,176,0
2026-08-17T00:25:27.1575871Z,0,0,495,176,0
2026-08-17T00:25:27.1625782Z,0,0,495,176,0
2026-08-17T00:25:27.1677473Z,0,0,495,176,0
2026-08-17T00:25:27.1725669Z,0,0,495,176,0
2026-08-17T00:25:27.1774677Z,0,0,495,176,0
2026-08-17T00:25:27.1825633Z,0,0,495,176,0
2026-08-17T00:25:27.1878008Z,0,0,495,176,0
2026-08-17T00:25:27.1930868Z,0,0,495,176,0
2026-08-17T00:25:27.1980634Z,0,0,495,176,0
2026-08-17T00:25:27.2027621Z,0,0,495,176,0
2026-08-17T00:25:27.2077613Z,0,0,495,176,0
2026-08-17T00:25:27.2128852Z,0,0,495,176,0
2026-08-17T00:25:27.2180285Z,0,0,495,176,0
2026-08-17T00:25:27.2228935Z,0,0,495,176,0
2026-08-17T00:25:27.2278107Z,0,0,495,176,0
2026-08-17T00:25:27.2327589Z,0,0,495,176,0
2026-08-17T00:25:27.2377725Z,0,0,495,176,0
2026-08-17T00:25:27.2427479Z,0,0,495,176,0
2026-08-17T00:25:27.2479586Z,0,0,495,176,0
2026-08-17T00:25:27.2527307Z,0,0,495,176,0
2026-08-17T00:25:27.2580063Z,0,0,495,176,0
2026-08-17T00:25:27.2634498Z,0,0,495,176,0
2026-08-17T00:25:27.2675144Z,0,0,495,176,0
2026-08-17T00:25:27.2728173Z,0,0,495,176,0
2026-08-17T00:25:27.2779933Z,0,0,495,176,0
2026-08-17T00:25:27.2827315Z,0,0,495,176,0
2026-08-17T00:25:27.2875708Z,0,0,495,176,0
2026-08-17T00:25:27.293106Z,0,0,495,176,0
2026-08-17T00:25:27.297519Z,0,0,495,176,0
2026-08-17T00:25:27.3026107Z,0,0,495,176,0
2026-08-17T00:25:27.3086462Z,0,0,495,176,0
2026-08-17T00:25:27.3125914Z,0,0,495,176,0
2026-08-17T00:25:27.3178586Z,0,0,495,176,0
2026-08-17T00:25:27.3228183Z,0,0,495,176,0
2026-08-17T00:25:27.3279485Z,0,0,495,176,0
2026-08-17T00:25:27.3324838Z,0,0,495,176,0
2026-08-17T00:25:27.3377355Z,0,0,495,176,0
2026-08-17T00:25:27.3428811Z,0,0,495,176,0
2026-08-17T00:25:27.3477286Z,0,0,495,176,0
2026-08-17T00:25:27.352524Z,0,0,495,176,0
2026-08-17T00:25:27.3581272Z,0,0,495,176,0
2026-08-17T00:25:27.3629881Z,0,0,495,176,0
2026-08-17T00:25:27.3674782Z,0,0,495,176,0
2026-08-17T00:25:27.3733187Z,0,0,495,176,0
2026-08-17T00:25:27.37756Z,0,0,495,176,0
2026-08-17T00:25:27.3825924Z,0,0,495,176,0
2026-08-17T00:25:27.3877744Z,0,0,495,176,0
2026-08-17T00:25:27.3929114Z,0,0,495,176,0
2026-08-17T00:25:27.39758Z,0,0,495,176,0
2026-08-17T00:25:27.402792Z,0,0,495,176,0
2026-08-17T00:25:27.4080085Z,0,0,495,176,0
2026-08-17T00:25:27.4128186Z,0,0,495,176,0
2026-08-17T00:25:27.4175138Z,0,0,495,176,0
2026-08-17T00:25:27.4231841Z,0,0,495,176,0
2026-08-17T00:25:27.4281437Z,0,0,495,176,0
2026-08-17T00:25:27.4328202Z,0,0,495,176,0
2026-08-17T00:25:27.4375599Z,0,0,495,176,0
2026-08-17T00:25:27.4428546Z,0,0,495,176,0
2026-08-17T00:25:27.447501Z,0,0,495,176,0
2026-08-17T00:25:27.4528428Z,0,0,495,176,0
2026-08-17T00:25:27.4576339Z,0,0,495,176,0
2026-08-17T00:25:27.463035Z,0,0,495,176,0
2026-08-17T00:25:27.4677396Z,0,0,495,176,0
2026-08-17T00:25:27.4729664Z,0,0,495,176,0
2026-08-17T00:25:27.4780526Z,0,0,495,176,0
2026-08-17T00:25:27.4826165Z,0,0,495,176,0
2026-08-17T00:25:27.487874Z,0,0,495,176,0
2026-08-17T00:25:27.4926914Z,0,0,495,176,0
2026-08-17T00:25:27.4975294Z,0,0,495,176,0
2026-08-17T00:25:27.5025156Z,0,0,495,176,0
2026-08-17T00:25:27.5077723Z,0,0,495,176,0
2026-08-17T00:25:27.5128603Z,0,0,495,176,0
2026-08-17T00:25:27.5177041Z,0,0,495,176,0
2026-08-17T00:25:27.5226527Z,0,0,495,176,0
2026-08-17T00:25:27.5281519Z,0,0,495,176,0
2026-08-17T00:25:27.5325918Z,0,0,495,176,0
2026-08-17T00:25:27.5378653Z,0,0,495,176,0
2026-08-17T00:25:27.5427522Z,0,0,495,176,0
2026-08-17T00:25:27.5478053Z,0,0,495,176,0
2026-08-17T00:25:27.552706Z,0,0,495,176,0
2026-08-17T00:25:27.5580388Z,0,0,495,176,0
2026-08-17T00:25:27.5628583Z,0,0,495,176,0
2026-08-17T00:25:27.5675188Z,0,0,495,176,0
2026-08-17T00:25:27.5731407Z,0,0,495,176,0
2026-08-17T00:25:27.5776747Z,0,0,495,176,0
2026-08-17T00:25:27.5833056Z,0,0,495,176,0
2026-08-17T00:25:27.5880295Z,0,0,495,176,0
2026-08-17T00:25:27.5930424Z,0,0,495,176,0
2026-08-17T00:25:27.5975693Z,0,0,495,176,0
2026-08-17T00:25:27.6025681Z,0,0,495,176,0
2026-08-17T00:25:27.6078158Z,0,0,495,176,0
2026-08-17T00:25:27.6127284Z,0,0,495,176,0
2026-08-17T00:25:27.6179323Z,0,0,495,176,0
2026-08-17T00:25:27.6225856Z,0,0,495,176,0
2026-08-17T00:25:27.6279043Z,0,0,495,176,0
2026-08-17T00:25:27.6325877Z,0,0,495,176,0
2026-08-17T00:25:27.6378474Z,0,0,495,176,0
2026-08-17T00:25:27.6429209Z,0,0,495,176,0
2026-08-17T00:25:27.6477354Z,0,0,495,176,0
2026-08-17T00:25:27.652727Z,0,0,495,176,0
2026-08-17T00:25:27.6578212Z,0,0,495,176,0
2026-08-17T00:25:27.6631011Z,0,0,495,176,0
2026-08-17T00:25:27.6676256Z,0,0,495,176,0
2026-08-17T00:25:27.6730958Z,0,0,495,176,0
2026-08-17T00:25:27.6774942Z,0,0,495,176,0
2026-08-17T00:25:27.682468Z,0,0,495,176,0
2026-08-17T00:25:27.6877213Z,0,0,495,176,0
2026-08-17T00:25:27.69316Z,0,0,495,176,0
2026-08-17T00:25:27.6979061Z,0,0,495,176,0
2026-08-17T00:25:27.7026124Z,0,0,495,176,0
2026-08-17T00:25:27.7077766Z,0,0,495,176,0
2026-08-17T00:25:27.7126236Z,0,0,495,176,0
2026-08-17T00:25:27.7184457Z,0,0,495,176,0
2026-08-17T00:25:27.7225957Z,0,0,495,176,0
2026-08-17T00:25:27.7278937Z,0,0,495,176,0
2026-08-17T00:25:27.733448Z,0,0,495,176,0
2026-08-17T00:25:27.7376013Z,0,0,495,176,0
2026-08-17T00:25:27.7426625Z,0,0,495,176,0
2026-08-17T00:25:27.7478599Z,0,0,495,176,0
2026-08-17T00:25:27.7525747Z,0,0,495,176,0
2026-08-17T00:25:27.7577739Z,0,0,495,176,0
2026-08-17T00:25:27.7626724Z,0,0,495,176,0
2026-08-17T00:25:27.7678388Z,0,0,495,176,0
2026-08-17T00:25:27.7725545Z,0,0,495,176,0
2026-08-17T00:25:27.7775836Z,0,0,495,176,0
2026-08-17T00:25:27.7829417Z,0,0,495,176,0
2026-08-17T00:25:27.7877187Z,0,0,495,176,0
2026-08-17T00:25:27.7929463Z,0,0,495,176,0
2026-08-17T00:25:27.7977895Z,0,0,495,176,0
2026-08-17T00:25:27.8029057Z,0,0,495,176,0
2026-08-17T00:25:27.8075601Z,0,0,495,176,0
2026-08-17T00:25:27.81265Z,0,0,495,176,0
2026-08-17T00:25:27.8178485Z,0,0,495,176,0
2026-08-17T00:25:27.822546Z,0,0,495,176,0
2026-08-17T00:25:27.8278698Z,0,0,495,176,0
2026-08-17T00:25:27.8325654Z,0,0,495,176,0
2026-08-17T00:25:27.8374664Z,0,0,495,176,0
2026-08-17T00:25:27.8427454Z,0,0,495,176,0
2026-08-17T00:25:27.8475916Z,0,0,495,176,0
2026-08-17T00:25:27.8529329Z,0,0,495,176,0
2026-08-17T00:25:27.8576797Z,0,0,495,176,0
2026-08-17T00:25:27.8629834Z,0,0,495,176,0
2026-08-17T00:25:27.8676685Z,0,0,495,176,0
2026-08-17T00:25:27.8729001Z,0,0,495,176,0
2026-08-17T00:25:27.8777265Z,0,0,495,176,0
2026-08-17T00:25:27.8829665Z,0,0,495,176,0
2026-08-17T00:25:27.8877124Z,0,0,495,176,0
2026-08-17T00:25:27.8932557Z,0,0,495,176,0
2026-08-17T00:25:27.8976689Z,0,0,495,176,0
2026-08-17T00:25:27.9029073Z,0,0,495,176,0
2026-08-17T00:25:27.9076956Z,0,0,495,176,0
2026-08-17T00:25:27.9126762Z,0,0,495,176,0
2026-08-17T00:25:27.9178985Z,0,0,495,176,0
2026-08-17T00:25:27.9226833Z,0,0,495,176,0
2026-08-17T00:25:27.9275995Z,0,0,495,176,0
2026-08-17T00:25:27.9329631Z,0,0,495,176,0
2026-08-17T00:25:27.9377027Z,0,0,495,176,0
2026-08-17T00:25:27.9428934Z,0,0,495,176,0
2026-08-17T00:25:27.947715Z,0,0,495,176,0
2026-08-17T00:25:27.9530325Z,0,0,495,176,0
2026-08-17T00:25:27.9580635Z,0,0,495,176,0
2026-08-17T00:25:27.9630423Z,0,0,495,176,0
2026-08-17T00:25:27.9677769Z,0,0,495,176,0
2026-08-17T00:25:27.9726501Z,0,0,495,176,0
2026-08-17T00:25:27.9774943Z,0,0,495,176,0
2026-08-17T00:25:27.9825205Z,0,0,495,176,0
2026-08-17T00:25:27.9878881Z,0,0,495,176,0
2026-08-17T00:25:27.9934511Z,0,0,495,176,0
2026-08-17T00:25:27.9978774Z,0,0,495,176,0
2026-08-17T00:25:28.00271Z,0,0,495,176,0
2026-08-17T00:25:28.0079531Z,0,0,495,176,0
2026-08-17T00:25:28.0127416Z,0,0,495,176,0
2026-08-17T00:25:28.0177469Z,0,0,495,176,0
2026-08-17T00:25:28.022526Z,0,0,495,176,0
2026-08-17T00:25:28.0280121Z,0,0,495,176,0
2026-08-17T00:25:28.0326424Z,0,0,495,176,0
2026-08-17T00:25:28.0378195Z,0,0,495,176,0
2026-08-17T00:25:28.0428024Z,0,0,495,176,0
2026-08-17T00:25:28.0477918Z,0,0,495,176,0
2026-08-17T00:25:28.0525888Z,0,0,495,176,0
2026-08-17T00:25:28.058447Z,0,0,495,176,0
2026-08-17T00:25:28.062634Z,0,0,495,176,0
2026-08-17T00:25:28.0678149Z,0,0,495,176,0
2026-08-17T00:25:28.0725379Z,0,0,495,176,0
2026-08-17T00:25:28.0775337Z,0,0,495,176,0
2026-08-17T00:25:28.0826584Z,0,0,495,176,0
2026-08-17T00:25:28.0875387Z,0,0,495,176,0
2026-08-17T00:25:28.092755Z,0,0,495,176,0
2026-08-17T00:25:28.0979986Z,0,0,495,176,0
2026-08-17T00:25:28.1028128Z,0,0,495,176,0
2026-08-17T00:25:28.1075697Z,0,0,495,176,0
2026-08-17T00:25:28.1125684Z,0,0,495,176,0
2026-08-17T00:25:28.117752Z,0,0,495,176,0
2026-08-17T00:25:28.1229111Z,0,0,495,176,0
2026-08-17T00:25:28.1275601Z,0,0,495,176,0
2026-08-17T00:25:28.1330196Z,0,0,495,176,0
2026-08-17T00:25:28.1377297Z,0,0,495,176,0
2026-08-17T00:25:28.1431784Z,0,0,495,176,0
2026-08-17T00:25:28.1478066Z,0,0,495,176,0
2026-08-17T00:25:28.1525059Z,0,0,495,176,0
2026-08-17T00:25:28.1576847Z,0,0,495,176,0
2026-08-17T00:25:28.1628456Z,0,0,495,176,0
2026-08-17T00:25:28.1675084Z,0,0,495,176,0
2026-08-17T00:25:28.1727018Z,0,0,495,176,0
2026-08-17T00:25:28.177662Z,0,0,495,176,0
2026-08-17T00:25:28.1828743Z,0,0,495,176,0
2026-08-17T00:25:28.1881198Z,0,0,495,176,0
2026-08-17T00:25:28.1932692Z,0,0,495,176,0
2026-08-17T00:25:28.1976979Z,0,0,495,176,0
2026-08-17T00:25:28.2029538Z,0,0,495,176,0
2026-08-17T00:25:28.2081781Z,0,0,495,176,0
2026-08-17T00:25:28.2129969Z,0,0,495,176,0
2026-08-17T00:25:28.2181754Z,0,0,495,176,0
2026-08-17T00:25:28.222926Z,0,0,495,176,0
2026-08-17T00:25:28.2276461Z,0,0,495,176,0
2026-08-17T00:25:28.2329367Z,0,0,495,176,0
2026-08-17T00:25:28.2376476Z,0,0,495,176,0
2026-08-17T00:25:28.2427927Z,0,0,495,176,0
2026-08-17T00:25:28.2478077Z,0,0,495,176,0
2026-08-17T00:25:28.2525149Z,0,0,495,176,0
2026-08-17T00:25:28.2577299Z,0,0,495,176,0
2026-08-17T00:25:28.2625606Z,0,0,495,176,0
2026-08-17T00:25:28.2678359Z,0,0,495,176,0
2026-08-17T00:25:28.2725718Z,0,0,495,176,0
2026-08-17T00:25:28.277851Z,0,0,495,176,0
2026-08-17T00:25:28.2825376Z,0,0,495,176,0
2026-08-17T00:25:28.2878117Z,0,0,495,176,0
2026-08-17T00:25:28.2934211Z,0,0,495,176,0
2026-08-17T00:25:28.2985368Z,0,0,495,176,0
2026-08-17T00:25:28.3031464Z,0,0,495,176,0
2026-08-17T00:25:28.3077814Z,0,0,495,176,0
2026-08-17T00:25:28.3134181Z,0,0,495,176,0
2026-08-17T00:25:28.3176235Z,0,0,495,176,0
2026-08-17T00:25:28.323138Z,0,0,495,176,0
2026-08-17T00:25:28.3273799Z,0,0,495,176,0
2026-08-17T00:25:28.3327531Z,0,0,495,176,0
2026-08-17T00:25:28.3376021Z,0,0,495,176,0
2026-08-17T00:25:28.3428033Z,0,0,495,176,0
2026-08-17T00:25:28.3481104Z,0,0,495,176,0
2026-08-17T00:25:28.3531663Z,0,0,495,176,0
2026-08-17T00:25:28.3579123Z,0,0,495,176,0
2026-08-17T00:25:28.3631309Z,0,0,495,176,0
2026-08-17T00:25:28.3678058Z,0,0,495,176,0
2026-08-17T00:25:28.3725877Z,0,0,495,176,0
2026-08-17T00:25:28.3779126Z,0,0,495,176,0
2026-08-17T00:25:28.3831884Z,0,0,495,176,0
2026-08-17T00:25:28.387945Z,0,0,495,176,0
2026-08-17T00:25:28.3926963Z,0,0,495,176,0
2026-08-17T00:25:28.397909Z,0,0,495,176,0
2026-08-17T00:25:28.4027748Z,0,0,495,176,0
2026-08-17T00:25:28.4075825Z,0,0,495,176,0
2026-08-17T00:25:28.41253Z,0,0,495,176,0
2026-08-17T00:25:28.4180395Z,0,0,495,176,0
2026-08-17T00:25:28.4227158Z,0,0,495,176,0
2026-08-17T00:25:28.4277039Z,0,0,495,176,0
2026-08-17T00:25:28.4325352Z,0,0,495,176,0
2026-08-17T00:25:28.4376763Z,0,0,495,176,0
2026-08-17T00:25:28.4428883Z,0,0,495,176,0
2026-08-17T00:25:28.4476655Z,0,0,495,176,0
2026-08-17T00:25:28.4529582Z,0,0,495,176,0
2026-08-17T00:25:28.4579757Z,0,0,495,176,0
2026-08-17T00:25:28.462768Z,0,0,495,176,0
2026-08-17T00:25:28.467942Z,0,0,495,176,0
2026-08-17T00:25:28.4726604Z,0,0,495,176,0
2026-08-17T00:25:28.4778672Z,0,0,495,176,0
2026-08-17T00:25:28.4831054Z,0,0,495,176,0
2026-08-17T00:25:28.4878661Z,0,0,495,176,0
2026-08-17T00:25:28.4930914Z,0,0,495,176,0
2026-08-17T00:25:28.4979893Z,0,0,495,176,0
2026-08-17T00:25:28.5029441Z,0,0,495,176,0
2026-08-17T00:25:28.5077707Z,0,0,495,176,0
2026-08-17T00:25:28.5131315Z,0,0,495,176,0
2026-08-17T00:25:28.5179743Z,0,0,495,176,0
2026-08-17T00:25:28.5227384Z,0,0,495,176,0
2026-08-17T00:25:28.5274401Z,0,0,495,176,0
2026-08-17T00:25:28.5326562Z,0,0,495,176,0
2026-08-17T00:25:28.537584Z,0,0,495,176,0
2026-08-17T00:25:28.5433012Z,0,0,495,176,0
2026-08-17T00:25:28.5478193Z,0,0,495,176,0
2026-08-17T00:25:28.5526368Z,0,0,495,176,0
2026-08-17T00:25:28.5582185Z,0,0,495,176,0
2026-08-17T00:25:28.5629485Z,0,0,495,176,0
2026-08-17T00:25:28.5676359Z,0,0,495,176,0
2026-08-17T00:25:28.5729678Z,0,0,495,176,0
2026-08-17T00:25:28.5778522Z,0,0,495,176,0
2026-08-17T00:25:28.5827644Z,0,0,495,176,0
2026-08-17T00:25:28.5880398Z,0,0,495,176,0
2026-08-17T00:25:28.5926896Z,0,0,495,176,0
2026-08-17T00:25:28.5979823Z,0,0,495,176,0
2026-08-17T00:25:28.602679Z,0,0,495,176,0
2026-08-17T00:25:28.6079818Z,0,0,495,176,0
2026-08-17T00:25:28.6127798Z,0,0,495,176,0
2026-08-17T00:25:28.6180196Z,0,0,495,176,0
2026-08-17T00:25:28.6226228Z,0,0,495,176,0
2026-08-17T00:25:28.6278487Z,0,0,495,176,0
2026-08-17T00:25:28.6325557Z,0,0,495,176,0
2026-08-17T00:25:28.6378304Z,0,0,495,176,0
2026-08-17T00:25:28.642542Z,0,0,495,176,0
2026-08-17T00:25:28.6477732Z,0,0,495,176,0
2026-08-17T00:25:28.6525771Z,0,0,495,176,0
2026-08-17T00:25:28.6577623Z,0,0,495,176,0
2026-08-17T00:25:28.6631761Z,0,0,495,176,0
2026-08-17T00:25:28.6678439Z,0,0,495,176,0
2026-08-17T00:25:28.6725834Z,0,0,495,176,0
2026-08-17T00:25:28.6778052Z,0,0,495,176,0
2026-08-17T00:25:28.6830512Z,0,0,495,176,0
2026-08-17T00:25:28.6878028Z,0,0,495,176,0
2026-08-17T00:25:28.6932007Z,0,0,495,176,0
2026-08-17T00:25:28.697746Z,0,0,495,176,0
2026-08-17T00:25:28.7029539Z,0,0,495,176,0
2026-08-17T00:25:28.7077728Z,0,0,495,176,0
2026-08-17T00:25:28.7128355Z,0,0,495,176,0
2026-08-17T00:25:28.7175295Z,0,0,495,176,0
2026-08-17T00:25:28.7229004Z,0,0,495,176,0
2026-08-17T00:25:28.7280078Z,0,0,495,176,0
2026-08-17T00:25:28.7327012Z,0,0,495,176,0
2026-08-17T00:25:28.7379773Z,0,0,495,176,0
2026-08-17T00:25:28.7426442Z,0,0,495,176,0
2026-08-17T00:25:28.7478685Z,0,0,495,176,0
2026-08-17T00:25:28.7527004Z,0,0,495,176,0
2026-08-17T00:25:28.7583207Z,0,0,495,176,0
2026-08-17T00:25:28.7627549Z,0,0,495,176,0
2026-08-17T00:25:28.7679754Z,0,0,495,176,0
2026-08-17T00:25:28.7727616Z,0,0,495,176,0
2026-08-17T00:25:28.7775255Z,0,0,495,176,0
2026-08-17T00:25:28.7829323Z,0,0,495,176,0
2026-08-17T00:25:28.7876165Z,0,0,495,176,0
2026-08-17T00:25:28.7927527Z,0,0,495,176,0
2026-08-17T00:25:28.797967Z,0,0,495,176,0
2026-08-17T00:25:28.8026936Z,0,0,495,176,0
2026-08-17T00:25:28.8075331Z,0,0,495,176,0
2026-08-17T00:25:28.8128101Z,0,0,495,176,0
2026-08-17T00:25:28.8180285Z,0,0,495,176,0
2026-08-17T00:25:28.8228408Z,0,0,495,176,0
2026-08-17T00:25:28.8279632Z,0,0,495,176,0
2026-08-17T00:25:28.8326955Z,0,0,495,176,0
2026-08-17T00:25:28.8376997Z,0,0,495,176,0
2026-08-17T00:25:28.8428395Z,0,0,495,176,0
2026-08-17T00:25:28.8476941Z,0,0,495,176,0
2026-08-17T00:25:28.8525955Z,0,0,495,176,0
2026-08-17T00:25:28.8581684Z,0,0,495,176,0
2026-08-17T00:25:28.8628029Z,0,0,495,176,0
2026-08-17T00:25:28.8675906Z,0,0,495,176,0
2026-08-17T00:25:28.8728893Z,0,0,495,176,0
2026-08-17T00:25:28.877743Z,0,0,495,176,0
2026-08-17T00:25:28.8825756Z,0,0,495,176,0
2026-08-17T00:25:28.8878258Z,0,0,495,176,0
2026-08-17T00:25:28.8930321Z,0,0,495,176,0
2026-08-17T00:25:28.8979658Z,0,0,495,176,0
2026-08-17T00:25:28.9026195Z,0,0,495,176,0
2026-08-17T00:25:28.9078695Z,0,0,495,176,0
2026-08-17T00:25:28.9126772Z,0,0,495,176,0
2026-08-17T00:25:28.9179402Z,0,0,495,176,0
2026-08-17T00:25:28.9228165Z,0,0,495,176,0
2026-08-17T00:25:28.9277633Z,0,0,495,176,0
2026-08-17T00:25:28.9325101Z,0,0,495,176,0
2026-08-17T00:25:28.9379264Z,0,0,495,176,0
2026-08-17T00:25:28.9428154Z,0,0,495,176,0
2026-08-17T00:25:28.9476306Z,0,0,495,176,0
2026-08-17T00:25:28.952996Z,0,0,495,176,0
2026-08-17T00:25:28.9580267Z,0,0,495,176,0
2026-08-17T00:25:28.9630393Z,0,0,495,176,0
2026-08-17T00:25:28.9675859Z,0,0,495,176,0
2026-08-17T00:25:28.9728349Z,0,0,495,176,0
2026-08-17T00:25:28.9779901Z,0,0,495,176,0
2026-08-17T00:25:28.9825063Z,0,0,495,176,0
2026-08-17T00:25:28.9880227Z,0,0,495,176,0
2026-08-17T00:25:28.992846Z,0,0,495,176,0
2026-08-17T00:25:28.9977657Z,0,0,495,176,0
2026-08-17T00:25:29.0025563Z,0,0,495,176,0
2026-08-17T00:25:29.0078864Z,0,0,495,176,0
2026-08-17T00:25:29.013142Z,0,0,495,176,0
2026-08-17T00:25:29.017886Z,0,0,495,176,0
2026-08-17T00:25:29.0229757Z,0,0,495,176,0
2026-08-17T00:25:29.0279028Z,0,0,495,176,0
2026-08-17T00:25:29.0326518Z,0,0,495,176,0
2026-08-17T00:25:29.0378769Z,0,0,495,176,0
2026-08-17T00:25:29.0429122Z,0,0,495,176,0
2026-08-17T00:25:29.0479216Z,0,0,495,176,0
2026-08-17T00:25:29.0526936Z,0,0,495,176,0
2026-08-17T00:25:29.0579405Z,0,0,495,176,0
2026-08-17T00:25:29.0629789Z,0,0,495,176,0
2026-08-17T00:25:29.0676537Z,0,0,495,176,0
2026-08-17T00:25:29.0729487Z,0,0,495,176,0
2026-08-17T00:25:29.0779233Z,0,0,495,176,0
2026-08-17T00:25:29.0827729Z,0,0,495,176,0
2026-08-17T00:25:29.0877673Z,0,0,495,176,0
2026-08-17T00:25:29.0930525Z,0,0,495,176,0
2026-08-17T00:25:29.0975257Z,0,0,495,176,0
2026-08-17T00:25:29.1027492Z,0,0,495,176,0
2026-08-17T00:25:29.1080367Z,0,0,495,176,0
2026-08-17T00:25:29.11269Z,0,0,495,176,0
2026-08-17T00:25:29.1177803Z,0,0,495,176,0
2026-08-17T00:25:29.1228571Z,0,0,495,176,0
2026-08-17T00:25:29.128485Z,0,0,495,176,0
2026-08-17T00:25:29.1327385Z,0,0,495,176,0
2026-08-17T00:25:29.137905Z,0,0,495,176,0
2026-08-17T00:25:29.1430709Z,0,0,495,176,0
2026-08-17T00:25:29.147487Z,0,0,495,176,0
2026-08-17T00:25:29.1528837Z,0,0,495,176,0
2026-08-17T00:25:29.1578209Z,0,0,495,176,0
2026-08-17T00:25:29.1629002Z,0,0,495,176,0
2026-08-17T00:25:29.1676669Z,0,0,495,176,0
2026-08-17T00:25:29.1729103Z,0,0,495,176,0
2026-08-17T00:25:29.1781379Z,0,0,495,176,0
2026-08-17T00:25:29.1829658Z,0,0,495,176,0
2026-08-17T00:25:29.1876829Z,0,0,495,176,0
2026-08-17T00:25:29.1929948Z,0,0,495,176,0
2026-08-17T00:25:29.1977549Z,0,0,495,176,0
2026-08-17T00:25:29.2029899Z,0,0,495,176,0
2026-08-17T00:25:29.2077498Z,0,0,495,176,0
2026-08-17T00:25:29.2126836Z,0,0,495,176,0
2026-08-17T00:25:29.2177038Z,0,0,495,176,0
2026-08-17T00:25:29.2229997Z,0,0,495,176,0
2026-08-17T00:25:29.2275549Z,0,0,495,176,0
2026-08-17T00:25:29.2329204Z,0,0,495,176,0
2026-08-17T00:25:29.2376237Z,0,0,495,176,0
2026-08-17T00:25:29.2428473Z,0,0,495,176,0
2026-08-17T00:25:29.2476703Z,0,0,495,176,0
2026-08-17T00:25:29.253001Z,0,0,495,176,0
2026-08-17T00:25:29.2578188Z,0,0,495,176,0
2026-08-17T00:25:29.2628872Z,0,0,495,176,0
2026-08-17T00:25:29.2676023Z,0,0,495,176,0
2026-08-17T00:25:29.2733289Z,0,0,495,176,0
2026-08-17T00:25:29.2779348Z,0,0,495,176,0
2026-08-17T00:25:29.2829969Z,0,0,495,176,0
2026-08-17T00:25:29.2877117Z,0,0,495,176,0
2026-08-17T00:25:29.2930959Z,0,0,495,176,0
2026-08-17T00:25:29.2977847Z,0,0,495,176,0
2026-08-17T00:25:29.302556Z,0,0,495,176,0
2026-08-17T00:25:29.3084118Z,0,0,495,176,0
2026-08-17T00:25:29.3128934Z,0,0,495,176,0
2026-08-17T00:25:29.3178845Z,0,0,495,176,0
2026-08-17T00:25:29.322972Z,0,0,495,176,0
2026-08-17T00:25:29.3280122Z,0,0,495,176,0
2026-08-17T00:25:29.3327144Z,0,0,495,176,0
2026-08-17T00:25:29.3379689Z,0,0,495,176,0
2026-08-17T00:25:29.3430596Z,0,0,495,176,0
2026-08-17T00:25:29.3479507Z,0,0,495,176,0
2026-08-17T00:25:29.3527575Z,0,0,495,176,0
2026-08-17T00:25:29.3575837Z,0,0,495,176,0
2026-08-17T00:25:29.3629362Z,0,0,495,176,0
2026-08-17T00:25:29.3681286Z,0,0,495,176,0
2026-08-17T00:25:29.3732107Z,0,0,495,176,0
2026-08-17T00:25:29.3781358Z,0,0,495,176,0
2026-08-17T00:25:29.382688Z,0,0,495,176,0
2026-08-17T00:25:29.3879199Z,0,0,495,176,0
2026-08-17T00:25:29.3926852Z,0,0,495,176,0
2026-08-17T00:25:29.397843Z,0,0,495,176,0
2026-08-17T00:25:29.4029626Z,0,0,495,176,0
2026-08-17T00:25:29.4077685Z,0,0,495,176,0
2026-08-17T00:25:29.4128016Z,0,0,495,176,0
2026-08-17T00:25:29.4185454Z,0,0,495,176,0
2026-08-17T00:25:29.4228818Z,0,0,495,176,0
2026-08-17T00:25:29.4281067Z,0,0,495,176,0
2026-08-17T00:25:29.4327713Z,0,0,495,176,0
2026-08-17T00:25:29.4380029Z,0,0,495,176,0
2026-08-17T00:25:29.4428371Z,0,0,495,176,0
2026-08-17T00:25:29.4478873Z,0,0,495,176,0
2026-08-17T00:25:29.4527898Z,0,0,495,176,0
2026-08-17T00:25:29.4575733Z,0,0,495,176,0
2026-08-17T00:25:29.4629579Z,0,0,495,176,0
2026-08-17T00:25:29.4677202Z,0,0,495,176,0
2026-08-17T00:25:29.4730029Z,0,0,495,176,0
2026-08-17T00:25:29.4782006Z,0,0,495,176,0
2026-08-17T00:25:29.4829425Z,0,0,495,176,0
2026-08-17T00:25:29.4876503Z,0,0,495,176,0
2026-08-17T00:25:29.4929799Z,0,0,495,176,0
2026-08-17T00:25:29.4981587Z,0,0,495,176,0
2026-08-17T00:25:29.5028483Z,0,0,495,176,0
2026-08-17T00:25:29.5075923Z,0,0,495,176,0
2026-08-17T00:25:29.5125015Z,0,0,495,176,0
2026-08-17T00:25:29.5177183Z,0,0,495,176,0
2026-08-17T00:25:29.5230113Z,0,0,495,176,0
2026-08-17T00:25:29.5274945Z,0,0,495,176,0
2026-08-17T00:25:29.5327589Z,0,0,495,176,0
2026-08-17T00:25:29.5379765Z,0,0,495,176,0
2026-08-17T00:25:29.5428886Z,0,0,495,176,0
2026-08-17T00:25:29.5476014Z,0,0,495,176,0
2026-08-17T00:25:29.5529037Z,0,0,495,176,0
2026-08-17T00:25:29.5576076Z,0,0,495,176,0
2026-08-17T00:25:29.562724Z,0,0,495,176,0
2026-08-17T00:25:29.5678977Z,0,0,495,176,0
2026-08-17T00:25:29.5725758Z,0,0,495,176,0
2026-08-17T00:25:29.5781699Z,0,0,495,176,0
2026-08-17T00:25:29.5830472Z,0,0,495,176,0
2026-08-17T00:25:29.5877543Z,0,0,495,176,0
2026-08-17T00:25:29.5925343Z,0,0,495,176,0
2026-08-17T00:25:29.5977615Z,0,0,495,176,0
2026-08-17T00:25:29.6029442Z,0,0,495,176,0
2026-08-17T00:25:29.6080598Z,0,0,495,176,0
2026-08-17T00:25:29.6128199Z,0,0,495,176,0
2026-08-17T00:25:29.6179253Z,0,0,495,176,0
2026-08-17T00:25:29.6227518Z,0,0,495,176,0
2026-08-17T00:25:29.6278279Z,0,0,495,176,0
2026-08-17T00:25:29.6325217Z,0,0,495,176,0
2026-08-17T00:25:29.6380819Z,0,0,495,176,0
2026-08-17T00:25:29.6428807Z,0,0,495,176,0
2026-08-17T00:25:29.6479379Z,0,0,495,176,0
2026-08-17T00:25:29.6531508Z,0,0,495,176,0
2026-08-17T00:25:29.6578923Z,0,0,495,176,0
2026-08-17T00:25:29.6629116Z,0,0,495,176,0
2026-08-17T00:25:29.667619Z,0,0,495,176,0
2026-08-17T00:25:29.6728727Z,0,0,495,176,0
2026-08-17T00:25:29.6778912Z,0,0,495,176,0
2026-08-17T00:25:29.682645Z,0,0,495,176,0
2026-08-17T00:25:29.6882656Z,0,0,495,176,0
2026-08-17T00:25:29.6927809Z,0,0,495,176,0
2026-08-17T00:25:29.6979479Z,0,0,495,176,0
2026-08-17T00:25:29.702627Z,0,0,495,176,0
2026-08-17T00:25:29.7077411Z,0,0,495,176,0
2026-08-17T00:25:29.7131397Z,0,0,495,176,0
2026-08-17T00:25:29.7178234Z,0,0,495,176,0
2026-08-17T00:25:29.7226842Z,0,0,495,176,0
2026-08-17T00:25:29.7277404Z,0,0,495,176,0
2026-08-17T00:25:29.7329574Z,0,0,495,176,0
2026-08-17T00:25:29.7377687Z,0,0,495,176,0
2026-08-17T00:25:29.7428041Z,0,0,495,176,0
2026-08-17T00:25:29.747739Z,0,0,495,176,0
2026-08-17T00:25:29.7530047Z,0,0,495,176,0
2026-08-17T00:25:29.7578697Z,0,0,495,176,0
2026-08-17T00:25:29.762963Z,0,0,495,176,0
2026-08-17T00:25:29.7676489Z,0,0,495,176,0
2026-08-17T00:25:29.7729206Z,0,0,495,176,0
2026-08-17T00:25:29.7779346Z,0,0,495,176,0
2026-08-17T00:25:29.7825093Z,0,0,495,176,0
2026-08-17T00:25:29.7878779Z,0,0,495,176,0
2026-08-17T00:25:29.7929483Z,0,0,495,176,0
2026-08-17T00:25:29.7983984Z,0,0,495,176,0
2026-08-17T00:25:29.8026453Z,0,0,495,176,0
2026-08-17T00:25:29.8078034Z,0,0,495,176,0
2026-08-17T00:25:29.8128363Z,0,0,495,176,0
2026-08-17T00:25:29.8175272Z,0,0,495,176,0
2026-08-17T00:25:29.8227945Z,0,0,495,176,0
2026-08-17T00:25:29.8276407Z,0,0,495,176,0
2026-08-17T00:25:29.8333319Z,0,0,495,176,0
2026-08-17T00:25:29.8376376Z,0,0,495,176,0
2026-08-17T00:25:29.842775Z,0,0,495,176,0
2026-08-17T00:25:29.8485742Z,0,0,495,176,0
2026-08-17T00:25:29.852926Z,0,0,495,176,0
2026-08-17T00:25:29.8576952Z,0,0,495,176,0
2026-08-17T00:25:29.8630416Z,0,0,495,176,0
2026-08-17T00:25:29.8677489Z,0,0,495,176,0
2026-08-17T00:25:29.8729524Z,0,0,495,176,0
2026-08-17T00:25:29.8778516Z,0,0,495,176,0
2026-08-17T00:25:29.8827342Z,0,0,495,176,0
2026-08-17T00:25:29.8884831Z,0,0,495,176,0
2026-08-17T00:25:29.8929595Z,0,0,495,176,0
2026-08-17T00:25:29.897637Z,0,0,495,176,0
2026-08-17T00:25:29.9028852Z,0,0,495,176,0
2026-08-17T00:25:29.9075499Z,0,0,495,176,0
2026-08-17T00:25:29.9129993Z,0,0,495,176,0
2026-08-17T00:25:29.9179115Z,0,0,495,176,0
2026-08-17T00:25:29.9232177Z,0,0,495,176,0
2026-08-17T00:25:29.9275493Z,0,0,495,176,0
2026-08-17T00:25:29.9328108Z,0,0,495,176,0
2026-08-17T00:25:29.9376007Z,0,0,495,176,0
2026-08-17T00:25:29.9428231Z,0,0,495,176,0
2026-08-17T00:25:29.947713Z,0,0,495,176,0
2026-08-17T00:25:29.9528968Z,0,0,495,176,0
2026-08-17T00:25:29.9576967Z,0,0,495,176,0
2026-08-17T00:25:29.9634135Z,0,0,495,176,0
2026-08-17T00:25:29.9676038Z,0,0,495,176,0
2026-08-17T00:25:29.9729037Z,0,0,495,176,0
2026-08-17T00:25:29.9778906Z,0,0,495,176,0
2026-08-17T00:25:29.9826173Z,0,0,495,176,0
2026-08-17T00:25:29.9878574Z,0,0,495,176,0
2026-08-17T00:25:29.9928158Z,0,0,495,176,0
2026-08-17T00:25:29.9978865Z,0,0,495,176,0
2026-08-17T00:25:30.0026963Z,0,0,495,176,0
2026-08-17T00:25:30.0079428Z,0,0,495,176,0
2026-08-17T00:25:30.0128585Z,0,0,495,176,0
2026-08-17T00:25:30.0175786Z,0,0,495,176,0
2026-08-17T00:25:30.0229436Z,0,0,495,176,0
2026-08-17T00:25:30.0279135Z,0,0,495,176,0
2026-08-17T00:25:30.0326044Z,0,0,495,176,0
2026-08-17T00:25:30.037845Z,0,0,495,176,0
2026-08-17T00:25:30.0432472Z,0,0,495,176,0
2026-08-17T00:25:30.0477382Z,0,0,495,176,0
2026-08-17T00:25:30.0530721Z,0,0,495,176,0
2026-08-17T00:25:30.0578783Z,0,0,495,176,0
2026-08-17T00:25:30.0630792Z,0,0,495,176,0
2026-08-17T00:25:30.0677069Z,0,0,495,176,0
2026-08-17T00:25:30.0729647Z,0,0,495,176,0
2026-08-17T00:25:30.0778552Z,0,0,495,176,0
2026-08-17T00:25:30.0829693Z,0,0,495,176,0
2026-08-17T00:25:30.0882287Z,0,0,495,176,0
2026-08-17T00:25:30.0926345Z,0,0,495,176,0
2026-08-17T00:25:30.0978891Z,0,0,495,176,0
2026-08-17T00:25:30.1026054Z,0,0,495,176,0
2026-08-17T00:25:30.1078054Z,0,0,495,176,0
2026-08-17T00:25:30.1127206Z,0,0,495,176,0
2026-08-17T00:25:30.1180837Z,0,0,495,176,0
2026-08-17T00:25:30.1228573Z,0,0,495,176,0
2026-08-17T00:25:30.1281978Z,0,0,495,176,0
2026-08-17T00:25:30.1328874Z,0,0,495,176,0
2026-08-17T00:25:30.1376662Z,0,0,495,176,0
2026-08-17T00:25:30.142863Z,0,0,495,176,0
2026-08-17T00:25:30.147743Z,0,0,495,176,0
2026-08-17T00:25:30.1527503Z,0,0,495,176,0
2026-08-17T00:25:30.1580698Z,0,0,495,176,0
2026-08-17T00:25:30.1629352Z,0,0,495,176,0
2026-08-17T00:25:30.1675904Z,0,0,495,176,0
2026-08-17T00:25:30.1728696Z,0,0,495,176,0
2026-08-17T00:25:30.1781819Z,0,0,495,176,0
2026-08-17T00:25:30.182938Z,0,0,495,176,0
2026-08-17T00:25:30.187746Z,0,0,495,176,0
2026-08-17T00:25:30.1926234Z,0,0,495,176,0
2026-08-17T00:25:30.1978294Z,0,0,495,176,0
2026-08-17T00:25:30.2031322Z,0,0,495,176,0
2026-08-17T00:25:30.2082352Z,0,0,495,176,0
2026-08-17T00:25:30.2126174Z,0,0,495,176,0
2026-08-17T00:25:30.2176972Z,0,0,495,176,0
2026-08-17T00:25:30.2227524Z,0,0,495,176,0
2026-08-17T00:25:30.2279022Z,0,0,495,176,0
2026-08-17T00:25:30.2328729Z,0,0,495,176,0
2026-08-17T00:25:30.2375524Z,0,0,495,176,0
2026-08-17T00:25:30.2428347Z,0,0,495,176,0
2026-08-17T00:25:30.2475356Z,0,0,495,176,0
2026-08-17T00:25:30.2528466Z,0,0,495,176,0
2026-08-17T00:25:30.2580677Z,0,0,495,176,0
2026-08-17T00:25:30.2626072Z,0,0,495,176,0
2026-08-17T00:25:30.267837Z,0,0,495,176,0
2026-08-17T00:25:30.2725363Z,0,0,495,176,0
2026-08-17T00:25:30.277993Z,0,0,495,176,0
2026-08-17T00:25:30.2826733Z,0,0,495,176,0
2026-08-17T00:25:30.2879071Z,0,0,495,176,0
2026-08-17T00:25:30.2929634Z,0,0,495,176,0
2026-08-17T00:25:30.2975356Z,0,0,495,176,0
2026-08-17T00:25:30.3027288Z,0,0,495,176,0
2026-08-17T00:25:30.3076044Z,0,0,495,176,0
2026-08-17T00:25:30.3127027Z,0,0,495,176,0
2026-08-17T00:25:30.3176165Z,0,0,495,176,0
2026-08-17T00:25:30.3231217Z,0,0,495,176,0
2026-08-17T00:25:30.3278926Z,0,0,495,176,0
2026-08-17T00:25:30.3325812Z,0,0,495,176,0
2026-08-17T00:25:30.337787Z,0,0,495,176,0
2026-08-17T00:25:30.342952Z,0,0,495,176,0
2026-08-17T00:25:30.3479978Z,0,0,495,176,0
2026-08-17T00:25:30.352796Z,0,0,495,176,0
2026-08-17T00:25:30.3579602Z,0,0,495,176,0
2026-08-17T00:25:30.3630703Z,0,0,495,176,0
2026-08-17T00:25:30.3676209Z,0,0,495,176,0
2026-08-17T00:25:30.3728439Z,0,0,495,176,0
2026-08-17T00:25:30.3779179Z,0,0,495,176,0
2026-08-17T00:25:30.3826833Z,0,0,495,176,0
2026-08-17T00:25:30.388568Z,0,0,495,176,0
2026-08-17T00:25:30.3929079Z,0,0,495,176,0
2026-08-17T00:25:30.3976833Z,0,0,495,176,0
2026-08-17T00:25:30.4030384Z,0,0,495,176,0
2026-08-17T00:25:30.4081966Z,0,0,495,176,0
2026-08-17T00:25:30.4127777Z,0,0,495,176,0
2026-08-17T00:25:30.4186005Z,0,0,495,176,0
2026-08-17T00:25:30.4226572Z,0,0,495,176,0
2026-08-17T00:25:30.4276181Z,0,0,495,176,0
2026-08-17T00:25:30.4328605Z,0,0,495,176,0
2026-08-17T00:25:30.4376072Z,0,0,495,176,0
2026-08-17T00:25:30.4427988Z,0,0,495,176,0
2026-08-17T00:25:30.4478706Z,0,0,495,176,0
2026-08-17T00:25:30.452728Z,0,0,495,176,0
2026-08-17T00:25:30.4582213Z,0,0,495,176,0
2026-08-17T00:25:30.4627309Z,0,0,495,176,0
2026-08-17T00:25:30.4679725Z,0,0,495,176,0
2026-08-17T00:25:30.4727007Z,0,0,495,176,0
2026-08-17T00:25:30.4778717Z,0,0,495,176,0
2026-08-17T00:25:30.4829016Z,0,0,495,176,0
2026-08-17T00:25:30.4880105Z,0,0,495,176,0
2026-08-17T00:25:30.4926454Z,0,0,495,176,0
2026-08-17T00:25:30.4980149Z,0,0,495,176,0
2026-08-17T00:25:30.5032865Z,0,0,495,176,0
2026-08-17T00:25:30.5079632Z,0,0,495,176,0
2026-08-17T00:25:30.5128182Z,0,0,495,176,0
2026-08-17T00:25:30.5180322Z,0,0,495,176,0
2026-08-17T00:25:30.5232549Z,0,0,495,176,0
2026-08-17T00:25:30.5279754Z,0,0,495,176,0
2026-08-17T00:25:30.532729Z,0,0,495,176,0
2026-08-17T00:25:30.5379472Z,0,0,495,176,0
2026-08-17T00:25:30.5427093Z,0,0,495,176,0
2026-08-17T00:25:30.5477627Z,0,0,495,176,0
2026-08-17T00:25:30.5529717Z,0,0,495,176,0
2026-08-17T00:25:30.5580133Z,0,0,495,176,0
2026-08-17T00:25:30.5627155Z,0,0,495,176,0
2026-08-17T00:25:30.5679198Z,0,0,495,176,0
2026-08-17T00:25:30.5726355Z,0,0,495,176,0
2026-08-17T00:25:30.5778137Z,0,0,495,176,0
2026-08-17T00:25:30.5830629Z,0,0,495,176,0
2026-08-17T00:25:30.5877506Z,0,0,495,176,0
2026-08-17T00:25:30.5930768Z,0,0,495,176,0
2026-08-17T00:25:30.5976865Z,0,0,495,176,0
2026-08-17T00:25:30.6029519Z,0,0,495,176,0
2026-08-17T00:25:30.6077048Z,0,0,495,176,0
2026-08-17T00:25:30.6136824Z,0,0,495,176,0
2026-08-17T00:25:30.6178746Z,0,0,495,176,0
2026-08-17T00:25:30.6227785Z,0,0,495,176,0
2026-08-17T00:25:30.6281383Z,0,0,495,176,0
2026-08-17T00:25:30.6329666Z,0,0,495,176,0
2026-08-17T00:25:30.6376964Z,0,0,495,176,0
2026-08-17T00:25:30.6428986Z,0,0,495,176,0
2026-08-17T00:25:30.6479333Z,0,0,495,176,0
2026-08-17T00:25:30.6527118Z,0,0,495,176,0
2026-08-17T00:25:30.6581225Z,0,0,495,176,0
2026-08-17T00:25:30.6628445Z,0,0,495,176,0
2026-08-17T00:25:30.6675937Z,0,0,495,176,0
2026-08-17T00:25:30.6729158Z,0,0,495,176,0
2026-08-17T00:25:30.6775511Z,0,0,495,176,0
2026-08-17T00:25:30.6828513Z,0,0,495,176,0
2026-08-17T00:25:30.6876784Z,0,0,495,176,0
2026-08-17T00:25:30.6928159Z,0,0,495,176,0
2026-08-17T00:25:30.6979959Z,0,0,495,176,0
2026-08-17T00:25:30.7027071Z,0,0,495,176,0
2026-08-17T00:25:30.707911Z,0,0,495,176,0
2026-08-17T00:25:30.7128622Z,0,0,495,176,0
2026-08-17T00:25:30.717659Z,0,0,495,176,0
2026-08-17T00:25:30.7230405Z,0,0,495,176,0
2026-08-17T00:25:30.727867Z,0,0,495,176,0
2026-08-17T00:25:30.7325506Z,0,0,495,176,0
2026-08-17T00:25:30.737827Z,0,0,495,176,0
2026-08-17T00:25:30.742899Z,0,0,495,176,0
2026-08-17T00:25:30.747753Z,0,0,495,176,0
2026-08-17T00:25:30.7526183Z,0,0,495,176,0
2026-08-17T00:25:30.7578934Z,0,0,495,176,0
2026-08-17T00:25:30.7627782Z,0,0,495,176,0
2026-08-17T00:25:30.7675538Z,0,0,495,176,0
2026-08-17T00:25:30.7727922Z,0,0,495,176,0
2026-08-17T00:25:30.7777804Z,0,0,495,176,0
2026-08-17T00:25:30.7825425Z,0,0,495,176,0
2026-08-17T00:25:30.7877107Z,0,0,495,176,0
2026-08-17T00:25:30.7931278Z,0,0,495,176,0
2026-08-17T00:25:30.797659Z,0,0,495,176,0
2026-08-17T00:25:30.8030272Z,0,0,495,176,0
2026-08-17T00:25:30.8077097Z,0,0,495,176,0
2026-08-17T00:25:30.8129641Z,0,0,495,176,0
2026-08-17T00:25:30.8176594Z,0,0,495,176,0
2026-08-17T00:25:30.8230612Z,0,0,495,176,0
2026-08-17T00:25:30.8276478Z,0,0,495,176,0
2026-08-17T00:25:30.8329871Z,0,0,495,176,0
2026-08-17T00:25:30.8379278Z,0,0,495,176,0
2026-08-17T00:25:30.8428487Z,0,0,495,176,0
2026-08-17T00:25:30.8476126Z,0,0,495,176,0
2026-08-17T00:25:30.8529354Z,0,0,495,176,0
2026-08-17T00:25:30.8577207Z,0,0,495,176,0
2026-08-17T00:25:30.8626704Z,0,0,495,176,0
2026-08-17T00:25:30.8678991Z,0,0,495,176,0
2026-08-17T00:25:30.8726205Z,0,0,495,176,0
2026-08-17T00:25:30.8778468Z,0,0,495,176,0
2026-08-17T00:25:30.8830714Z,0,0,495,176,0
2026-08-17T00:25:30.8877945Z,0,0,495,176,0
2026-08-17T00:25:30.8928127Z,0,0,495,176,0
2026-08-17T00:25:30.8976298Z,0,0,495,176,0
2026-08-17T00:25:30.9028065Z,0,0,495,176,0
2026-08-17T00:25:30.9079783Z,0,0,495,176,0
2026-08-17T00:25:30.9129304Z,0,0,495,176,0
2026-08-17T00:25:30.9179449Z,0,0,495,176,0
2026-08-17T00:25:30.9228455Z,0,0,495,176,0
2026-08-17T00:25:30.9282696Z,0,0,495,176,0
2026-08-17T00:25:30.932927Z,0,0,495,176,0
2026-08-17T00:25:30.9376271Z,0,0,495,176,0
2026-08-17T00:25:30.9427959Z,0,0,495,176,0
2026-08-17T00:25:30.9479839Z,0,0,495,176,0
2026-08-17T00:25:30.9527216Z,0,0,495,176,0
2026-08-17T00:25:30.9579408Z,0,0,495,176,0
2026-08-17T00:25:30.9629453Z,0,0,495,176,0
2026-08-17T00:25:30.9676968Z,0,0,495,176,0
2026-08-17T00:25:30.9730865Z,0,0,495,176,0
2026-08-17T00:25:30.9780636Z,0,0,495,176,0
2026-08-17T00:25:30.9829864Z,0,0,495,176,0
2026-08-17T00:25:30.9876244Z,0,0,495,176,0
2026-08-17T00:25:30.9931656Z,0,0,495,176,0
2026-08-17T00:25:30.9975678Z,0,0,495,176,0
2026-08-17T00:25:31.0031551Z,0,0,495,176,0
2026-08-17T00:25:31.0078134Z,0,0,495,176,0
2026-08-17T00:25:31.0130444Z,0,0,495,176,0
2026-08-17T00:25:31.0177812Z,0,0,495,176,0
2026-08-17T00:25:31.0227774Z,0,0,495,176,0
2026-08-17T00:25:31.027661Z,0,0,495,176,0
2026-08-17T00:25:31.0328855Z,0,0,495,176,0
2026-08-17T00:25:31.0376452Z,0,0,495,176,0
2026-08-17T00:25:31.0429621Z,0,0,495,176,0
2026-08-17T00:25:31.0479848Z,0,0,495,176,0
2026-08-17T00:25:31.0525272Z,0,0,495,176,0
2026-08-17T00:25:31.0579246Z,0,0,495,176,0
2026-08-17T00:25:31.0628806Z,0,0,495,176,0
2026-08-17T00:25:31.0677377Z,0,0,495,176,0
2026-08-17T00:25:31.0730446Z,0,0,495,176,0
2026-08-17T00:25:31.0779793Z,0,0,495,176,0
2026-08-17T00:25:31.0828149Z,0,0,495,176,0
2026-08-17T00:25:31.0876476Z,0,0,495,176,0
2026-08-17T00:25:31.092813Z,0,0,495,176,0
2026-08-17T00:25:31.0978024Z,0,0,495,176,0
2026-08-17T00:25:31.1030438Z,0,0,495,176,0
2026-08-17T00:25:31.1076582Z,0,0,495,176,0
2026-08-17T00:25:31.1129021Z,0,0,495,176,0
2026-08-17T00:25:31.1176334Z,0,0,495,176,0
2026-08-17T00:25:31.1230515Z,0,0,495,176,0
2026-08-17T00:25:31.1276876Z,0,0,495,176,0
2026-08-17T00:25:31.132898Z,0,0,495,176,0
2026-08-17T00:25:31.1377075Z,0,0,495,176,0
2026-08-17T00:25:31.1428275Z,0,0,495,176,0
2026-08-17T00:25:31.1478793Z,0,0,495,176,0
2026-08-17T00:25:31.1528104Z,0,0,495,176,0
2026-08-17T00:25:31.1581153Z,0,0,495,176,0
2026-08-17T00:25:31.1629333Z,0,0,495,176,0
2026-08-17T00:25:31.1676404Z,0,0,495,176,0
2026-08-17T00:25:31.1729784Z,0,0,495,176,0
2026-08-17T00:25:31.1777405Z,0,0,495,176,0
2026-08-17T00:25:31.1829837Z,0,0,495,176,0
2026-08-17T00:25:31.1878289Z,0,0,495,176,0
2026-08-17T00:25:31.1927243Z,0,0,495,176,0
2026-08-17T00:25:31.1978871Z,0,0,495,176,0
2026-08-17T00:25:31.2031789Z,0,0,495,176,0
2026-08-17T00:25:31.207795Z,0,0,495,176,0
2026-08-17T00:25:31.2128462Z,0,0,495,176,0
2026-08-17T00:25:31.2178815Z,0,0,495,176,0
2026-08-17T00:25:31.2227167Z,0,0,495,176,0
2026-08-17T00:25:31.2277223Z,0,0,495,176,0
2026-08-17T00:25:31.2329661Z,0,0,495,176,0
2026-08-17T00:25:31.2376325Z,0,0,495,176,0
2026-08-17T00:25:31.2426772Z,0,0,495,176,0
2026-08-17T00:25:31.2475987Z,0,0,495,176,0
2026-08-17T00:25:31.2528792Z,0,0,495,176,0
2026-08-17T00:25:31.257725Z,0,0,495,176,0
2026-08-17T00:25:31.2627299Z,0,0,495,176,0
2026-08-17T00:25:31.2675753Z,0,0,495,176,0
2026-08-17T00:25:31.2729152Z,0,0,495,176,0
2026-08-17T00:25:31.2779067Z,0,0,495,176,0
2026-08-17T00:25:31.2829263Z,0,0,495,176,0
2026-08-17T00:25:31.2875501Z,0,0,495,176,0
2026-08-17T00:25:31.2929851Z,0,0,495,176,0
2026-08-17T00:25:31.2978955Z,0,0,495,176,0
2026-08-17T00:25:31.3026247Z,0,0,495,176,0
2026-08-17T00:25:31.3078635Z,0,0,495,176,0
2026-08-17T00:25:31.312485Z,0,0,495,176,0
2026-08-17T00:25:31.3178442Z,0,0,495,176,0
2026-08-17T00:25:31.3226732Z,0,0,495,176,0
2026-08-17T00:25:31.3280485Z,0,0,495,176,0
2026-08-17T00:25:31.3327347Z,0,0,495,176,0
2026-08-17T00:25:31.3379535Z,0,0,495,176,0
2026-08-17T00:25:31.3425508Z,0,0,495,176,0
2026-08-17T00:25:31.3480813Z,0,0,495,176,0
2026-08-17T00:25:31.3528778Z,0,0,495,176,0
2026-08-17T00:25:31.3576092Z,0,0,495,176,0
2026-08-17T00:25:31.3631953Z,0,0,495,176,0
2026-08-17T00:25:31.3678977Z,0,0,495,176,0
2026-08-17T00:25:31.3726377Z,0,0,495,176,0
2026-08-17T00:25:31.3778969Z,0,0,495,176,0
2026-08-17T00:25:31.3828902Z,0,0,495,176,0
2026-08-17T00:25:31.3876366Z,0,0,495,176,0
2026-08-17T00:25:31.3931406Z,0,0,495,176,0
2026-08-17T00:25:31.3978368Z,0,0,495,176,0
2026-08-17T00:25:31.402613Z,0,0,495,176,0
2026-08-17T00:25:31.4078858Z,0,0,495,176,0
2026-08-17T00:25:31.4130004Z,0,0,495,176,0
2026-08-17T00:25:31.4177003Z,0,0,495,176,0
2026-08-17T00:25:31.4225613Z,0,0,495,176,0
2026-08-17T00:25:31.4278241Z,0,0,495,176,0
2026-08-17T00:25:31.432553Z,0,0,495,176,0
2026-08-17T00:25:31.4377906Z,0,0,495,176,0
2026-08-17T00:25:31.4427345Z,0,0,495,176,0
2026-08-17T00:25:31.4478918Z,0,0,495,176,0
2026-08-17T00:25:31.4527239Z,0,0,495,176,0
2026-08-17T00:25:31.4579295Z,0,0,495,176,0
2026-08-17T00:25:31.4628716Z,0,0,495,176,0
2026-08-17T00:25:31.467559Z,0,0,495,176,0
2026-08-17T00:25:31.4728765Z,0,0,495,176,0
2026-08-17T00:25:31.4776183Z,0,0,495,176,0
2026-08-17T00:25:31.4829061Z,0,0,495,176,0
2026-08-17T00:25:31.4876521Z,0,0,495,176,0
2026-08-17T00:25:31.4931306Z,0,0,495,176,0
2026-08-17T00:25:31.4979142Z,0,0,495,176,0
2026-08-17T00:25:31.5026049Z,0,0,495,176,0
2026-08-17T00:25:31.507789Z,0,0,495,176,0
2026-08-17T00:25:31.5125919Z,0,0,495,176,0
2026-08-17T00:25:31.5179774Z,0,0,495,176,0
2026-08-17T00:25:31.5227062Z,0,0,495,176,0
2026-08-17T00:25:31.527986Z,0,0,495,176,0
2026-08-17T00:25:31.5327073Z,0,0,495,176,0
2026-08-17T00:25:31.5375998Z,0,0,495,176,0
2026-08-17T00:25:31.5429024Z,0,0,495,176,0
2026-08-17T00:25:31.5475808Z,0,0,495,176,0
2026-08-17T00:25:31.5528948Z,0,0,495,176,0
2026-08-17T00:25:31.557611Z,0,0,495,176,0
2026-08-17T00:25:31.562728Z,0,0,495,176,0
2026-08-17T00:25:31.5679097Z,0,0,495,176,0
2026-08-17T00:25:31.5726184Z,0,0,495,176,0
2026-08-17T00:25:31.5776639Z,0,0,495,176,0
2026-08-17T00:25:31.5825444Z,0,0,495,176,0
2026-08-17T00:25:31.5880476Z,0,0,495,176,0
2026-08-17T00:25:31.5928887Z,0,0,495,176,0
2026-08-17T00:25:31.5979524Z,0,0,495,176,0
2026-08-17T00:25:31.6027474Z,0,0,495,176,0
2026-08-17T00:25:31.6078525Z,0,0,495,176,0
2026-08-17T00:25:31.6125463Z,0,0,495,176,0
2026-08-17T00:25:31.6180744Z,0,0,495,176,0
2026-08-17T00:25:31.6226848Z,0,0,495,176,0
2026-08-17T00:25:31.6277563Z,0,0,495,176,0
2026-08-17T00:25:31.633027Z,0,0,495,176,0
2026-08-17T00:25:31.6379982Z,0,0,495,176,0
2026-08-17T00:25:31.6427861Z,0,0,495,176,0
2026-08-17T00:25:31.6481465Z,0,0,495,176,0
2026-08-17T00:25:31.6530322Z,0,0,495,176,0
2026-08-17T00:25:31.6578099Z,0,0,495,176,0
2026-08-17T00:25:31.6628225Z,0,0,495,176,0
2026-08-17T00:25:31.6676055Z,0,0,495,176,0
2026-08-17T00:25:31.6729217Z,0,0,495,176,0
2026-08-17T00:25:31.677729Z,0,0,495,176,0
2026-08-17T00:25:31.6829682Z,0,0,495,176,0
2026-08-17T00:25:31.6877368Z,0,0,495,176,0
2026-08-17T00:25:31.6928471Z,0,0,495,176,0
2026-08-17T00:25:31.6979381Z,0,0,495,176,0
2026-08-17T00:25:31.7029777Z,0,0,495,176,0
2026-08-17T00:25:31.7080915Z,0,0,495,176,0
2026-08-17T00:25:31.7126373Z,0,0,495,176,0
2026-08-17T00:25:31.7182278Z,0,0,495,176,0
2026-08-17T00:25:31.72281Z,0,0,495,176,0
2026-08-17T00:25:31.7276715Z,0,0,495,176,0
2026-08-17T00:25:31.7328893Z,0,0,495,176,0
2026-08-17T00:25:31.7377103Z,0,0,495,176,0
2026-08-17T00:25:31.7425664Z,0,0,495,176,0
2026-08-17T00:25:31.7481895Z,0,0,495,176,0
2026-08-17T00:25:31.7527251Z,0,0,495,176,0
2026-08-17T00:25:31.7581852Z,0,0,495,176,0
2026-08-17T00:25:31.7627674Z,0,0,495,176,0
2026-08-17T00:25:31.7681934Z,0,0,495,176,0
2026-08-17T00:25:31.7729561Z,0,0,495,176,0
2026-08-17T00:25:31.7777632Z,0,0,495,176,0
2026-08-17T00:25:31.7828028Z,0,0,495,176,0
2026-08-17T00:25:31.7878549Z,0,0,495,176,0
2026-08-17T00:25:31.7928637Z,0,0,495,176,0
2026-08-17T00:25:31.7980571Z,0,0,495,176,0
2026-08-17T00:25:31.8027932Z,0,0,495,176,0
2026-08-17T00:25:31.8079774Z,0,0,495,176,0
2026-08-17T00:25:31.8129181Z,0,0,495,176,0
2026-08-17T00:25:31.8176747Z,0,0,495,176,0
2026-08-17T00:25:31.8228366Z,0,0,495,176,0
2026-08-17T00:25:31.828141Z,0,0,495,176,0
2026-08-17T00:25:31.8328654Z,0,0,495,176,0
2026-08-17T00:25:31.8376083Z,0,0,495,176,0
2026-08-17T00:25:31.8425715Z,0,0,495,176,0
2026-08-17T00:25:31.847583Z,0,0,495,176,0
2026-08-17T00:25:31.8525627Z,0,0,495,176,0
2026-08-17T00:25:31.8579085Z,0,0,495,176,0
2026-08-17T00:25:31.8631489Z,0,0,495,176,0
2026-08-17T00:25:31.867847Z,0,0,495,176,0
2026-08-17T00:25:31.8730654Z,0,0,495,176,0
2026-08-17T00:25:31.8779558Z,0,0,495,176,0
2026-08-17T00:25:31.8826571Z,0,0,495,176,0
2026-08-17T00:25:31.8878482Z,0,0,495,176,0
2026-08-17T00:25:31.8927411Z,0,0,495,176,0
2026-08-17T00:25:31.8979473Z,0,0,495,176,0
2026-08-17T00:25:31.9029178Z,0,0,495,176,0
2026-08-17T00:25:31.90803Z,0,0,495,176,0
2026-08-17T00:25:31.9129288Z,0,0,495,176,0
2026-08-17T00:25:31.9176752Z,0,0,495,176,0
2026-08-17T00:25:31.9230547Z,0,0,495,176,0
2026-08-17T00:25:31.9276985Z,0,0,495,176,0
2026-08-17T00:25:31.9329417Z,0,0,495,176,0
2026-08-17T00:25:31.938399Z,0,0,495,176,0
2026-08-17T00:25:31.9430834Z,0,0,495,176,0
2026-08-17T00:25:31.9475912Z,0,0,495,176,0
2026-08-17T00:25:31.9529163Z,0,0,495,176,0
2026-08-17T00:25:31.9579871Z,0,0,495,176,0
2026-08-17T00:25:31.9627553Z,0,0,495,176,0
2026-08-17T00:25:31.9679167Z,0,0,495,176,0
2026-08-17T00:25:31.9730204Z,0,0,495,176,0
2026-08-17T00:25:31.9778981Z,0,0,495,176,0
2026-08-17T00:25:31.9828584Z,0,0,495,176,0
2026-08-17T00:25:31.9877654Z,0,0,495,176,0
2026-08-17T00:25:31.9929969Z,0,0,495,176,0
2026-08-17T00:25:31.9978699Z,0,0,495,176,0
2026-08-17T00:25:32.0026231Z,0,0,495,176,0
2026-08-17T00:25:32.0078576Z,0,0,495,176,0
2026-08-17T00:25:32.0129928Z,0,0,495,176,0
2026-08-17T00:25:32.0177224Z,0,0,495,176,0
2026-08-17T00:25:32.0230001Z,0,0,495,176,0
2026-08-17T00:25:32.0278436Z,0,0,495,176,0
2026-08-17T00:25:32.0327714Z,0,0,495,176,0
2026-08-17T00:25:32.0379085Z,0,0,495,176,0
2026-08-17T00:25:32.0430672Z,0,0,495,176,0
2026-08-17T00:25:32.0478512Z,0,0,495,176,0
2026-08-17T00:25:32.0526676Z,0,0,495,176,0
2026-08-17T00:25:32.0579089Z,0,0,495,176,0
2026-08-17T00:25:32.0629841Z,0,0,495,176,0
2026-08-17T00:25:32.0677144Z,0,0,495,176,0
2026-08-17T00:25:32.0730159Z,0,0,495,176,0
2026-08-17T00:25:32.0777122Z,0,0,495,176,0
2026-08-17T00:25:32.0830016Z,0,0,495,176,0
2026-08-17T00:25:32.0877146Z,0,0,495,176,0
2026-08-17T00:25:32.093148Z,0,0,495,176,0
2026-08-17T00:25:32.09796Z,0,0,495,176,0
2026-08-17T00:25:32.1027202Z,0,0,495,176,0
2026-08-17T00:25:32.1078856Z,0,0,495,176,0
2026-08-17T00:25:32.1129202Z,0,0,495,176,0
2026-08-17T00:25:32.1176984Z,0,0,495,176,0
2026-08-17T00:25:32.1230461Z,0,0,495,176,0
2026-08-17T00:25:32.1276365Z,0,0,495,176,0
2026-08-17T00:25:32.1329096Z,0,0,495,176,0
2026-08-17T00:25:32.1376918Z,0,0,495,176,0
2026-08-17T00:25:32.1428618Z,0,0,495,176,0
2026-08-17T00:25:32.1478996Z,0,0,495,176,0
2026-08-17T00:25:32.1527597Z,0,0,495,176,0
2026-08-17T00:25:32.1580366Z,0,0,495,176,0
2026-08-17T00:25:32.1629581Z,0,0,495,176,0
2026-08-17T00:25:32.167686Z,0,0,495,176,0
2026-08-17T00:25:32.1729763Z,0,0,495,176,0
2026-08-17T00:25:32.178182Z,0,0,495,176,0
2026-08-17T00:25:32.1829888Z,0,0,495,176,0
2026-08-17T00:25:32.1876971Z,0,0,495,176,0
2026-08-17T00:25:32.1931913Z,0,0,495,176,0
2026-08-17T00:25:32.1978054Z,0,0,495,176,0
2026-08-17T00:25:32.202591Z,0,0,495,176,0
2026-08-17T00:25:32.2080898Z,0,0,495,176,0
2026-08-17T00:25:32.2125739Z,0,0,495,176,0
2026-08-17T00:25:32.2175906Z,0,0,495,176,0
2026-08-17T00:25:32.22291Z,0,0,495,176,0
2026-08-17T00:25:32.2277229Z,0,0,495,176,0
2026-08-17T00:25:32.2325262Z,0,0,495,176,0
2026-08-17T00:25:32.2379288Z,0,0,495,176,0
2026-08-17T00:25:32.2432276Z,0,0,495,176,0
2026-08-17T00:25:32.2479434Z,0,0,495,176,0
2026-08-17T00:25:32.2527282Z,0,0,495,176,0
2026-08-17T00:25:32.2581882Z,0,0,495,176,0
2026-08-17T00:25:32.2625123Z,0,0,495,176,0
2026-08-17T00:25:32.2678122Z,0,0,495,176,0
2026-08-17T00:25:32.272619Z,0,0,495,176,0
2026-08-17T00:25:32.277679Z,0,0,495,176,0
2026-08-17T00:25:32.2829591Z,0,0,495,176,0
2026-08-17T00:25:32.2877388Z,0,0,495,176,0
2026-08-17T00:25:32.2932183Z,0,0,495,176,0
2026-08-17T00:25:32.2979537Z,0,0,495,176,0
2026-08-17T00:25:32.3026591Z,0,0,495,176,0
2026-08-17T00:25:32.3084839Z,0,0,495,176,0
2026-08-17T00:25:32.3129969Z,0,0,495,176,0
2026-08-17T00:25:32.3177186Z,0,0,495,176,0
2026-08-17T00:25:32.3229792Z,0,0,495,176,0
2026-08-17T00:25:32.3276585Z,0,0,495,176,0
2026-08-17T00:25:32.3329082Z,0,0,495,176,0
2026-08-17T00:25:32.337648Z,0,0,495,176,0
2026-08-17T00:25:32.3428255Z,0,0,495,176,0
2026-08-17T00:25:32.3476213Z,0,0,495,176,0
2026-08-17T00:25:32.3529442Z,0,0,495,176,0
2026-08-17T00:25:32.3579843Z,0,0,495,176,0
2026-08-17T00:25:32.3632105Z,0,0,495,176,0
2026-08-17T00:25:32.3679158Z,0,0,495,176,0
2026-08-17T00:25:32.3726711Z,0,0,495,176,0
2026-08-17T00:25:32.3776409Z,0,0,495,176,0
2026-08-17T00:25:32.3825263Z,0,0,495,176,0
2026-08-17T00:25:32.3878545Z,0,0,495,176,0
2026-08-17T00:25:32.3927754Z,0,0,495,176,0
2026-08-17T00:25:32.3980934Z,0,0,495,176,0
2026-08-17T00:25:32.4032053Z,0,0,495,176,0
2026-08-17T00:25:32.4080072Z,0,0,495,176,0
2026-08-17T00:25:32.4129049Z,0,0,495,176,0
2026-08-17T00:25:32.4176807Z,0,0,495,176,0
2026-08-17T00:25:32.4230912Z,0,0,495,176,0
2026-08-17T00:25:32.4280274Z,0,0,495,176,0
2026-08-17T00:25:32.4327651Z,0,0,495,176,0
2026-08-17T00:25:32.4375813Z,0,0,495,176,0
2026-08-17T00:25:32.4429644Z,0,0,495,176,0
2026-08-17T00:25:32.4477141Z,0,0,495,176,0
2026-08-17T00:25:32.4525478Z,0,0,495,176,0
2026-08-17T00:25:32.4581769Z,0,0,495,176,0
2026-08-17T00:25:32.4629965Z,0,0,495,176,0
2026-08-17T00:25:32.4676583Z,0,0,495,176,0
2026-08-17T00:25:32.472878Z,0,0,495,176,0
2026-08-17T00:25:32.4779817Z,0,0,495,176,0
2026-08-17T00:25:32.482712Z,0,0,495,176,0
2026-08-17T00:25:32.4885035Z,0,0,495,176,0
2026-08-17T00:25:32.4927198Z,0,0,495,176,0
2026-08-17T00:25:32.4975216Z,0,0,495,176,0
2026-08-17T00:25:32.5028144Z,0,0,495,176,0
2026-08-17T00:25:32.5080042Z,0,0,495,176,0
2026-08-17T00:25:32.5125822Z,0,0,495,176,0
2026-08-17T00:25:32.5178244Z,0,0,495,176,0
2026-08-17T00:25:32.5226834Z,0,0,495,176,0
2026-08-17T00:25:32.5281092Z,0,0,495,176,0
2026-08-17T00:25:32.5329686Z,0,0,495,176,0
2026-08-17T00:25:32.5378656Z,0,0,495,176,0
2026-08-17T00:25:32.5427413Z,0,0,495,176,0
2026-08-17T00:25:32.5479696Z,0,0,495,176,0
2026-08-17T00:25:32.5527786Z,0,0,495,176,0
2026-08-17T00:25:32.5575519Z,0,0,495,176,0
2026-08-17T00:25:32.5631389Z,0,0,495,176,0
2026-08-17T00:25:32.5678108Z,0,0,495,176,0
2026-08-17T00:25:32.5725798Z,0,0,495,176,0
2026-08-17T00:25:32.5779282Z,0,0,495,176,0
2026-08-17T00:25:32.5826432Z,0,0,495,176,0
2026-08-17T00:25:32.5878562Z,0,0,495,176,0
2026-08-17T00:25:32.593032Z,0,0,495,176,0
2026-08-17T00:25:32.5977733Z,0,0,495,176,0
2026-08-17T00:25:32.6025679Z,0,0,495,176,0
2026-08-17T00:25:32.6078806Z,0,0,495,176,0
2026-08-17T00:25:32.6127321Z,0,0,495,176,0
2026-08-17T00:25:32.6175254Z,0,0,495,176,0
2026-08-17T00:25:32.6228272Z,0,0,495,176,0
2026-08-17T00:25:32.6276917Z,0,0,495,176,0
2026-08-17T00:25:32.6329175Z,0,0,495,176,0
2026-08-17T00:25:32.6376284Z,0,0,495,176,0
2026-08-17T00:25:32.6427528Z,0,0,495,176,0
2026-08-17T00:25:32.6478904Z,0,0,495,176,0
2026-08-17T00:25:32.6527535Z,0,0,495,176,0
2026-08-17T00:25:32.657898Z,0,0,495,176,0
2026-08-17T00:25:32.6632245Z,0,0,495,176,0
2026-08-17T00:25:32.6677697Z,0,0,495,176,0
2026-08-17T00:25:32.6729701Z,0,0,495,176,0
2026-08-17T00:25:32.6776408Z,0,0,495,176,0
2026-08-17T00:25:32.6828686Z,0,0,495,176,0
2026-08-17T00:25:32.6880692Z,0,0,495,176,0
2026-08-17T00:25:32.6928763Z,0,0,495,176,0
2026-08-17T00:25:32.6976417Z,0,0,495,176,0
2026-08-17T00:25:32.702932Z,0,0,495,176,0
2026-08-17T00:25:32.707778Z,0,0,495,176,0
2026-08-17T00:25:32.7128198Z,0,0,495,176,0
2026-08-17T00:25:32.7174087Z,0,0,495,176,0
2026-08-17T00:25:32.7227335Z,0,0,495,176,0
2026-08-17T00:25:32.7280443Z,0,0,495,176,0
2026-08-17T00:25:32.7327545Z,0,0,495,176,0
2026-08-17T00:25:32.7380425Z,0,0,495,176,0
2026-08-17T00:25:32.7427483Z,0,0,495,176,0
2026-08-17T00:25:32.7475658Z,0,0,495,176,0
2026-08-17T00:25:32.7529278Z,0,0,495,176,0
2026-08-17T00:25:32.75776Z,0,0,495,176,0
2026-08-17T00:25:32.7627115Z,0,0,495,176,0
2026-08-17T00:25:32.7679304Z,0,0,495,176,0
2026-08-17T00:25:32.7726616Z,0,0,495,176,0
2026-08-17T00:25:32.7775653Z,0,0,495,176,0
2026-08-17T00:25:32.7829264Z,0,0,495,176,0
2026-08-17T00:25:32.78823Z,0,0,495,176,0
2026-08-17T00:25:32.7929246Z,0,0,495,176,0
2026-08-17T00:25:32.7975956Z,0,0,495,176,0
2026-08-17T00:25:32.8028996Z,0,0,495,176,0
2026-08-17T00:25:32.8085816Z,0,0,495,176,0
2026-08-17T00:25:32.8124944Z,0,0,495,176,0
2026-08-17T00:25:32.8177666Z,0,0,495,176,0
2026-08-17T00:25:32.8231625Z,0,0,495,176,0
2026-08-17T00:25:32.8281045Z,0,0,495,176,0
2026-08-17T00:25:32.8328017Z,0,0,495,176,0
2026-08-17T00:25:32.8378059Z,0,0,495,176,0
2026-08-17T00:25:32.8425588Z,0,0,495,176,0
2026-08-17T00:25:32.8477377Z,0,0,495,176,0
2026-08-17T00:25:32.8526856Z,0,0,495,176,0
2026-08-17T00:25:32.8579912Z,0,0,495,176,0
2026-08-17T00:25:32.8629382Z,0,0,495,176,0
2026-08-17T00:25:32.8676981Z,0,0,495,176,0
2026-08-17T00:25:32.8729702Z,0,0,495,176,0
2026-08-17T00:25:32.8776667Z,0,0,495,176,0
2026-08-17T00:25:32.882998Z,0,0,495,176,0
2026-08-17T00:25:32.8884123Z,0,0,495,176,0
2026-08-17T00:25:32.8929833Z,0,0,495,176,0
2026-08-17T00:25:32.8979383Z,0,0,495,176,0
2026-08-17T00:25:32.9027436Z,0,0,495,176,0
2026-08-17T00:25:32.9079109Z,0,0,495,176,0
2026-08-17T00:25:32.912641Z,0,0,495,176,0
2026-08-17T00:25:32.9179666Z,0,0,495,176,0
2026-08-17T00:25:32.9228432Z,0,0,495,176,0
2026-08-17T00:25:32.9276961Z,0,0,495,176,0
2026-08-17T00:25:32.9324524Z,0,0,495,176,0
2026-08-17T00:25:32.9377325Z,0,0,495,176,0
2026-08-17T00:25:32.9426764Z,0,0,495,176,0
2026-08-17T00:25:32.9477371Z,0,0,495,176,0
2026-08-17T00:25:32.9531012Z,0,0,495,176,0
2026-08-17T00:25:32.9579349Z,0,0,495,176,0
2026-08-17T00:25:32.9631004Z,0,0,495,176,0
2026-08-17T00:25:32.9678499Z,0,0,495,176,0
2026-08-17T00:25:32.9726191Z,0,0,495,176,0
2026-08-17T00:25:32.977617Z,0,0,495,176,0
2026-08-17T00:25:32.9829502Z,0,0,495,176,0
2026-08-17T00:25:32.987745Z,0,0,495,176,0
2026-08-17T00:25:32.9928269Z,0,0,495,176,0
2026-08-17T00:25:32.9979819Z,0,0,495,176,0
2026-08-17T00:25:33.0027519Z,0,0,495,176,0
2026-08-17T00:25:33.0076268Z,0,0,495,176,0
2026-08-17T00:25:33.0126417Z,0,0,495,176,0
2026-08-17T00:25:33.0178817Z,0,0,495,176,0
2026-08-17T00:25:33.0226214Z,0,0,495,176,0
2026-08-17T00:25:33.0273952Z,0,0,495,176,0
2026-08-17T00:25:33.0326776Z,0,0,495,176,0
2026-08-17T00:25:33.0378693Z,0,0,495,176,0
2026-08-17T00:25:33.0432083Z,0,0,495,176,0
2026-08-17T00:25:33.0477612Z,0,0,495,176,0
2026-08-17T00:25:33.0529713Z,0,0,495,176,0
2026-08-17T00:25:33.058167Z,0,0,495,176,0
2026-08-17T00:25:33.0627844Z,0,0,495,176,0
2026-08-17T00:25:33.0679086Z,0,0,495,176,0
2026-08-17T00:25:33.0725154Z,0,0,495,176,0
2026-08-17T00:25:33.0775878Z,0,0,495,176,0
2026-08-17T00:25:33.0829097Z,0,0,495,176,0
2026-08-17T00:25:33.0876932Z,0,0,495,176,0
2026-08-17T00:25:33.0929336Z,0,0,495,176,0
2026-08-17T00:25:33.097616Z,0,0,495,176,0
2026-08-17T00:25:33.1028147Z,0,0,495,176,0
2026-08-17T00:25:33.1078785Z,0,0,495,176,0
2026-08-17T00:25:33.1127493Z,0,0,495,176,0
2026-08-17T00:25:33.1179942Z,0,0,495,176,0
2026-08-17T00:25:33.1228353Z,0,0,495,176,0
2026-08-17T00:25:33.1278843Z,0,0,495,176,0
2026-08-17T00:25:33.1325737Z,0,0,495,176,0
2026-08-17T00:25:33.1378074Z,0,0,495,176,0
2026-08-17T00:25:33.1428856Z,0,0,495,176,0
2026-08-17T00:25:33.1477344Z,0,0,495,176,0
2026-08-17T00:25:33.1525756Z,0,0,495,176,0
2026-08-17T00:25:33.1578709Z,0,0,495,176,0
2026-08-17T00:25:33.1630203Z,0,0,495,176,0
2026-08-17T00:25:33.1677793Z,0,0,495,176,0
2026-08-17T00:25:33.1725819Z,0,0,495,176,0
2026-08-17T00:25:33.1781354Z,0,0,495,176,0
2026-08-17T00:25:33.1829792Z,0,0,495,176,0
2026-08-17T00:25:33.1877972Z,0,0,495,176,0
2026-08-17T00:25:33.1931636Z,0,0,495,176,0
2026-08-17T00:25:33.1979063Z,0,0,495,176,0
2026-08-17T00:25:33.2026328Z,0,0,495,176,0
2026-08-17T00:25:33.208051Z,0,0,495,176,0
2026-08-17T00:25:33.2131076Z,0,0,495,176,0
2026-08-17T00:25:33.2177777Z,0,0,495,176,0
2026-08-17T00:25:33.2231652Z,0,0,495,176,0
2026-08-17T00:25:33.2279351Z,0,0,495,176,0
2026-08-17T00:25:33.2326501Z,0,0,495,176,0
2026-08-17T00:25:33.2379465Z,0,0,495,176,0
2026-08-17T00:25:33.2427406Z,0,0,495,176,0
2026-08-17T00:25:33.2477265Z,0,0,495,176,0
2026-08-17T00:25:33.2530681Z,0,0,495,176,0
2026-08-17T00:25:33.2580733Z,0,0,495,176,0
2026-08-17T00:25:33.2627715Z,0,0,495,176,0
2026-08-17T00:25:33.2680712Z,0,0,495,176,0
2026-08-17T00:25:33.2730081Z,0,0,495,176,0
2026-08-17T00:25:33.2775812Z,0,0,495,176,0
2026-08-17T00:25:33.2827289Z,0,0,495,176,0
2026-08-17T00:25:33.2875751Z,0,0,495,176,0
2026-08-17T00:25:33.2930723Z,0,0,495,176,0
2026-08-17T00:25:33.2979354Z,0,0,495,176,0
2026-08-17T00:25:33.3026367Z,0,0,495,176,0
2026-08-17T00:25:33.3078144Z,0,0,495,176,0
2026-08-17T00:25:33.3127278Z,0,0,495,176,0
2026-08-17T00:25:33.3178321Z,0,0,495,176,0
2026-08-17T00:25:33.3229776Z,0,0,495,176,0
2026-08-17T00:25:33.3276802Z,0,0,495,176,0
2026-08-17T00:25:33.3329445Z,0,0,495,176,0
2026-08-17T00:25:33.3378739Z,0,0,495,176,0
2026-08-17T00:25:33.3432871Z,0,0,495,176,0
2026-08-17T00:25:33.3477324Z,0,0,495,176,0
2026-08-17T00:25:33.3526015Z,0,0,495,176,0
2026-08-17T00:25:33.3578505Z,0,0,495,176,0
2026-08-17T00:25:33.3631605Z,0,0,495,176,0
2026-08-17T00:25:33.3678276Z,0,0,495,176,0
2026-08-17T00:25:33.3730159Z,0,0,495,176,0
2026-08-17T00:25:33.3775933Z,0,0,495,176,0
2026-08-17T00:25:33.3829108Z,0,0,495,176,0
2026-08-17T00:25:33.3876534Z,0,0,495,176,0
2026-08-17T00:25:33.3929892Z,0,0,495,176,0
2026-08-17T00:25:33.3976917Z,0,0,495,176,0
2026-08-17T00:25:33.4025322Z,0,0,495,176,0
2026-08-17T00:25:33.4079524Z,0,0,495,176,0
2026-08-17T00:25:33.4129972Z,0,0,495,176,0
2026-08-17T00:25:33.4177964Z,0,0,495,176,0
2026-08-17T00:25:33.422705Z,0,0,495,176,0
2026-08-17T00:25:33.4279347Z,0,0,495,176,0
2026-08-17T00:25:33.4326762Z,0,0,495,176,0
2026-08-17T00:25:33.43746Z,0,0,495,176,0
2026-08-17T00:25:33.4426179Z,0,0,495,176,0
2026-08-17T00:25:33.4475926Z,0,0,495,176,0
2026-08-17T00:25:33.4530231Z,0,0,495,176,0
2026-08-17T00:25:33.4577909Z,0,0,495,176,0
2026-08-17T00:25:33.4629901Z,0,0,495,176,0
2026-08-17T00:25:33.4677172Z,0,0,495,176,0
2026-08-17T00:25:33.4724811Z,0,0,495,176,0
2026-08-17T00:25:33.4781768Z,0,0,495,176,0
2026-08-17T00:25:33.4829581Z,0,0,495,176,0
2026-08-17T00:25:33.4878821Z,0,0,495,176,0
2026-08-17T00:25:33.4926428Z,0,0,495,176,0
2026-08-17T00:25:33.4978476Z,0,0,495,176,0
2026-08-17T00:25:33.5026055Z,0,0,495,176,0
2026-08-17T00:25:33.5077186Z,0,0,495,176,0
2026-08-17T00:25:33.512691Z,0,0,495,176,0
2026-08-17T00:25:33.5178707Z,0,0,495,176,0
2026-08-17T00:25:33.522766Z,0,0,495,176,0
2026-08-17T00:25:33.5279821Z,0,0,495,176,0
2026-08-17T00:25:33.53271Z,0,0,495,176,0
2026-08-17T00:25:33.5375242Z,0,0,495,176,0
2026-08-17T00:25:33.5427686Z,0,0,495,176,0
2026-08-17T00:25:33.5478888Z,0,0,495,176,0
2026-08-17T00:25:33.5526949Z,0,0,495,176,0
2026-08-17T00:25:33.5575511Z,0,0,495,176,0
2026-08-17T00:25:33.5630257Z,0,0,495,176,0
2026-08-17T00:25:33.5677807Z,0,0,495,176,0
2026-08-17T00:25:33.5725761Z,0,0,495,176,0
2026-08-17T00:25:33.5778182Z,0,0,495,176,0
2026-08-17T00:25:33.5826463Z,0,0,495,176,0
2026-08-17T00:25:33.5879955Z,0,0,495,176,0
2026-08-17T00:25:33.5927703Z,0,0,495,176,0
2026-08-17T00:25:33.5977894Z,0,0,495,176,0
2026-08-17T00:25:33.6025624Z,0,0,495,176,0
2026-08-17T00:25:33.607696Z,0,0,495,176,0
2026-08-17T00:25:33.612748Z,0,0,495,176,0
2026-08-17T00:25:33.6178691Z,0,0,495,176,0
2026-08-17T00:25:33.6229387Z,0,0,495,176,0
2026-08-17T00:25:33.6276971Z,0,0,495,176,0
2026-08-17T00:25:33.6329217Z,0,0,495,176,0
2026-08-17T00:25:33.6377072Z,0,0,495,176,0
2026-08-17T00:25:33.642556Z,0,0,495,176,0
2026-08-17T00:25:33.6476517Z,0,0,495,176,0
2026-08-17T00:25:33.6529353Z,0,0,495,176,0
2026-08-17T00:25:33.6576389Z,0,0,495,176,0
2026-08-17T00:25:33.6627006Z,0,0,495,176,0
2026-08-17T00:25:33.6679006Z,0,0,495,176,0
2026-08-17T00:25:33.6726208Z,0,0,495,176,0
2026-08-17T00:25:33.6775197Z,0,0,495,176,0
2026-08-17T00:25:33.6827819Z,0,0,495,176,0
2026-08-17T00:25:33.6880759Z,0,0,495,176,0
2026-08-17T00:25:33.6929876Z,0,0,495,176,0
2026-08-17T00:25:33.6977751Z,0,0,495,176,0
2026-08-17T00:25:33.7030809Z,0,0,495,176,0
2026-08-17T00:25:33.7077145Z,0,0,495,176,0
2026-08-17T00:25:33.7127386Z,0,0,495,176,0
2026-08-17T00:25:33.7181257Z,0,0,495,176,0
2026-08-17T00:25:33.7229682Z,0,0,495,176,0
2026-08-17T00:25:33.7280913Z,0,0,495,176,0
2026-08-17T00:25:33.7328392Z,0,0,495,176,0
2026-08-17T00:25:33.7376856Z,0,0,495,176,0
2026-08-17T00:25:33.7431124Z,0,0,495,176,0
2026-08-17T00:25:33.7477876Z,0,0,495,176,0
2026-08-17T00:25:33.7527004Z,0,0,495,176,0
2026-08-17T00:25:33.7580813Z,0,0,495,176,0
2026-08-17T00:25:33.7627045Z,0,0,495,176,0
2026-08-17T00:25:33.7680163Z,0,0,495,176,0
2026-08-17T00:25:33.7727724Z,0,0,495,176,0
2026-08-17T00:25:33.7781686Z,0,0,495,176,0
2026-08-17T00:25:33.7825727Z,0,0,495,176,0
2026-08-17T00:25:33.788173Z,0,0,495,176,0
2026-08-17T00:25:33.7925938Z,0,0,495,176,0
2026-08-17T00:25:33.7982187Z,0,0,495,176,0
2026-08-17T00:25:33.8029863Z,0,0,495,176,0
2026-08-17T00:25:33.8077586Z,0,0,495,176,0
2026-08-17T00:25:33.8126818Z,0,0,495,176,0
2026-08-17T00:25:33.8178337Z,0,0,495,176,0
2026-08-17T00:25:33.8233614Z,0,0,495,176,0
2026-08-17T00:25:33.8276849Z,0,0,495,176,0
2026-08-17T00:25:33.8329834Z,0,0,495,176,0
2026-08-17T00:25:33.8379226Z,0,0,495,176,0
2026-08-17T00:25:33.8426238Z,0,0,495,176,0
2026-08-17T00:25:33.8479832Z,0,0,495,176,0
2026-08-17T00:25:33.8526955Z,0,0,495,176,0
2026-08-17T00:25:33.8577857Z,0,0,495,176,0
2026-08-17T00:25:33.8625863Z,0,0,495,176,0
2026-08-17T00:25:33.8677776Z,0,0,495,176,0
2026-08-17T00:25:33.8724859Z,0,0,495,176,0
2026-08-17T00:25:33.8778954Z,0,0,495,176,0
2026-08-17T00:25:33.8829146Z,0,0,495,176,0
2026-08-17T00:25:33.8876396Z,0,0,495,176,0
2026-08-17T00:25:33.8926649Z,0,0,495,176,0
2026-08-17T00:25:33.8980255Z,0,0,495,176,0
2026-08-17T00:25:33.902751Z,0,0,495,176,0
2026-08-17T00:25:33.9075655Z,0,0,495,176,0
2026-08-17T00:25:33.912913Z,0,0,495,176,0
2026-08-17T00:25:33.9180309Z,0,0,495,176,0
2026-08-17T00:25:33.9228272Z,0,0,495,176,0
2026-08-17T00:25:33.9276219Z,0,0,495,176,0
2026-08-17T00:25:33.9329136Z,0,0,495,176,0
2026-08-17T00:25:33.9377392Z,0,0,495,176,0
2026-08-17T00:25:33.9426181Z,0,0,495,176,0
2026-08-17T00:25:33.9477533Z,0,0,495,176,0
2026-08-17T00:25:33.9525905Z,0,0,495,176,0
2026-08-17T00:25:33.9578395Z,0,0,495,176,0
2026-08-17T00:25:33.9631683Z,0,0,495,176,0
2026-08-17T00:25:33.9676884Z,0,0,495,176,0
2026-08-17T00:25:33.972923Z,0,0,495,176,0
2026-08-17T00:25:33.9777278Z,0,0,495,176,0
2026-08-17T00:25:33.9825583Z,0,0,495,176,0
2026-08-17T00:25:33.9886012Z,0,0,495,176,0
2026-08-17T00:25:33.9929142Z,0,0,495,176,0
2026-08-17T00:25:33.997552Z,0,0,495,176,0
2026-08-17T00:25:34.0027648Z,0,0,495,176,0
2026-08-17T00:25:34.0076286Z,0,0,495,176,0
2026-08-17T00:25:34.0130179Z,0,0,495,176,0
2026-08-17T00:25:34.0177056Z,0,0,495,176,0
2026-08-17T00:25:34.0227977Z,0,0,495,176,0
2026-08-17T00:25:34.0275153Z,0,0,495,176,0
2026-08-17T00:25:34.0329498Z,0,0,495,176,0
2026-08-17T00:25:34.0376948Z,0,0,495,176,0
2026-08-17T00:25:34.0429743Z,0,0,495,176,0
2026-08-17T00:25:34.0475321Z,0,0,495,176,0
2026-08-17T00:25:34.0528746Z,0,0,495,176,0
2026-08-17T00:25:34.0576884Z,0,0,495,176,0
2026-08-17T00:25:34.0629729Z,0,0,495,176,0
2026-08-17T00:25:34.0677387Z,0,0,495,176,0
2026-08-17T00:25:34.0730518Z,0,0,495,176,0
2026-08-17T00:25:34.0779023Z,0,0,495,176,0
2026-08-17T00:25:34.0827447Z,0,0,495,176,0
2026-08-17T00:25:34.0879304Z,0,0,495,176,0
2026-08-17T00:25:34.0927038Z,0,0,495,176,0
2026-08-17T00:25:34.0976784Z,0,0,495,176,0
2026-08-17T00:25:34.1029266Z,0,0,495,176,0
2026-08-17T00:25:34.1076783Z,0,0,495,176,0
2026-08-17T00:25:34.1126135Z,0,0,495,176,0
2026-08-17T00:25:34.1178557Z,0,0,495,176,0
2026-08-17T00:25:34.1227831Z,0,0,495,176,0
2026-08-17T00:25:34.1278111Z,0,0,495,176,0
2026-08-17T00:25:34.1325601Z,0,0,495,176,0
2026-08-17T00:25:34.1378211Z,0,0,495,176,0
2026-08-17T00:25:34.1425547Z,0,0,495,176,0
2026-08-17T00:25:34.1479144Z,0,0,495,176,0
2026-08-17T00:25:34.1527266Z,0,0,495,176,0
2026-08-17T00:25:34.158024Z,0,0,495,176,0
2026-08-17T00:25:34.1630062Z,0,0,495,176,0
2026-08-17T00:25:34.1677383Z,0,0,495,176,0
2026-08-17T00:25:34.1726056Z,0,0,495,176,0
2026-08-17T00:25:34.1778963Z,0,0,495,176,0
2026-08-17T00:25:34.182656Z,0,0,495,176,0
2026-08-17T00:25:34.1879792Z,0,0,495,176,0
2026-08-17T00:25:34.1928917Z,0,0,495,176,0
2026-08-17T00:25:34.1980159Z,0,0,495,176,0
2026-08-17T00:25:34.2028386Z,0,0,495,176,0
2026-08-17T00:25:34.2079216Z,0,0,495,176,0
2026-08-17T00:25:34.2127498Z,0,0,495,176,0
2026-08-17T00:25:34.2175426Z,0,0,495,176,0
2026-08-17T00:25:34.2229322Z,0,0,495,176,0
2026-08-17T00:25:34.2278676Z,0,0,495,176,0
2026-08-17T00:25:34.2326699Z,0,0,495,176,0
2026-08-17T00:25:34.237976Z,0,0,495,176,0
2026-08-17T00:25:34.2432135Z,0,0,495,176,0
2026-08-17T00:25:34.2476127Z,0,0,495,176,0
2026-08-17T00:25:34.2530009Z,0,0,495,176,0
2026-08-17T00:25:34.2580234Z,0,0,495,176,0
2026-08-17T00:25:34.2630165Z,0,0,495,176,0
2026-08-17T00:25:34.2677039Z,0,0,495,176,0
2026-08-17T00:25:34.2730131Z,0,0,495,176,0
2026-08-17T00:25:34.2778871Z,0,0,495,176,0
2026-08-17T00:25:34.282946Z,0,0,495,176,0
2026-08-17T00:25:34.2877153Z,0,0,495,176,0
2026-08-17T00:25:34.2927234Z,0,0,495,176,0
2026-08-17T00:25:34.2979062Z,0,0,495,176,0
2026-08-17T00:25:34.3027558Z,0,0,495,176,0
2026-08-17T00:25:34.3083935Z,0,0,495,176,0
2026-08-17T00:25:34.3128097Z,0,0,495,176,0
2026-08-17T00:25:34.3178738Z,0,0,495,176,0
2026-08-17T00:25:34.3228312Z,0,0,495,176,0
2026-08-17T00:25:34.3278983Z,0,0,495,176,0
2026-08-17T00:25:34.332657Z,0,0,495,176,0
2026-08-17T00:25:34.3379216Z,0,0,495,176,0
2026-08-17T00:25:34.3430501Z,0,0,495,176,0
2026-08-17T00:25:34.3478713Z,0,0,495,176,0
2026-08-17T00:25:34.352694Z,0,0,495,176,0
2026-08-17T00:25:34.357816Z,0,0,495,176,0
2026-08-17T00:25:34.36324Z,0,0,495,176,0
2026-08-17T00:25:34.3679062Z,0,0,495,176,0
2026-08-17T00:25:34.3726497Z,0,0,495,176,0
2026-08-17T00:25:34.3776505Z,0,0,495,176,0
2026-08-17T00:25:34.3829196Z,0,0,495,176,0
2026-08-17T00:25:34.3876932Z,0,0,495,176,0
2026-08-17T00:25:34.3927983Z,0,0,495,176,0
2026-08-17T00:25:34.3977893Z,0,0,495,176,0
2026-08-17T00:25:34.4025551Z,0,0,495,176,0
2026-08-17T00:25:34.4077022Z,0,0,495,176,0
2026-08-17T00:25:34.4127294Z,0,0,495,176,0
2026-08-17T00:25:34.4179838Z,0,0,495,176,0
2026-08-17T00:25:34.4229969Z,0,0,495,176,0
2026-08-17T00:25:34.4277185Z,0,0,495,176,0
2026-08-17T00:25:34.432964Z,0,0,495,176,0
2026-08-17T00:25:34.4376733Z,0,0,495,176,0
2026-08-17T00:25:34.4430412Z,0,0,495,176,0
2026-08-17T00:25:34.4479428Z,0,0,495,176,0
2026-08-17T00:25:34.4527342Z,0,0,495,176,0
2026-08-17T00:25:34.4579623Z,0,0,495,176,0
2026-08-17T00:25:34.4627528Z,0,0,495,176,0
2026-08-17T00:25:34.4679346Z,0,0,495,176,0
2026-08-17T00:25:34.4726236Z,0,0,495,176,0
2026-08-17T00:25:34.4775095Z,0,0,495,176,0
2026-08-17T00:25:34.4825852Z,0,0,495,176,0
2026-08-17T00:25:34.487947Z,0,0,495,176,0
2026-08-17T00:25:34.4928606Z,0,0,495,176,0
2026-08-17T00:25:34.5029255Z,0,0,495,176,0
2026-08-17T00:25:34.5078681Z,0,0,495,176,0
2026-08-17T00:25:34.5127479Z,0,0,495,176,0
2026-08-17T00:25:34.5180376Z,0,0,495,176,0
2026-08-17T00:25:34.5229005Z,0,0,495,176,0
2026-08-17T00:25:34.5281428Z,0,0,495,176,0
2026-08-17T00:25:34.5328911Z,0,0,495,176,0
2026-08-17T00:25:34.5377019Z,0,0,495,176,0
2026-08-17T00:25:34.543056Z,0,0,495,176,0
2026-08-17T00:25:34.5476843Z,0,0,495,176,0
2026-08-17T00:25:34.5530357Z,0,0,495,176,0
2026-08-17T00:25:34.558158Z,0,0,495,176,0
2026-08-17T00:25:34.563166Z,0,0,495,176,0
2026-08-17T00:25:34.5678526Z,0,0,495,176,0
2026-08-17T00:25:34.5730613Z,0,0,495,176,0
2026-08-17T00:25:34.5779216Z,0,0,495,176,0
2026-08-17T00:25:34.5828457Z,0,0,495,176,0
2026-08-17T00:25:34.5875727Z,0,0,495,176,0
2026-08-17T00:25:34.5926397Z,0,0,495,176,0
2026-08-17T00:25:34.5975305Z,0,0,495,176,0
2026-08-17T00:25:34.6028898Z,0,0,495,176,0
2026-08-17T00:25:34.6077717Z,0,0,495,176,0
2026-08-17T00:25:34.6131356Z,0,0,495,176,0
2026-08-17T00:25:34.6178625Z,0,0,495,176,0
2026-08-17T00:25:34.6232751Z,0,0,495,176,0
2026-08-17T00:25:34.627861Z,0,0,495,176,0
2026-08-17T00:25:34.6326332Z,0,0,495,176,0
2026-08-17T00:25:34.637942Z,0,0,495,176,0
2026-08-17T00:25:34.6431664Z,0,0,495,176,0
2026-08-17T00:25:34.6476768Z,0,0,495,176,0
2026-08-17T00:25:34.6530885Z,0,0,495,176,0
2026-08-17T00:25:34.657857Z,0,0,495,176,0
2026-08-17T00:25:34.6629757Z,0,0,495,176,0
2026-08-17T00:25:34.6678235Z,0,0,495,176,0
2026-08-17T00:25:34.6726542Z,0,0,495,176,0
2026-08-17T00:25:34.6777467Z,0,0,495,176,0
2026-08-17T00:25:34.6830727Z,0,0,495,176,0
2026-08-17T00:25:34.6880929Z,0,0,495,176,0
2026-08-17T00:25:34.6927362Z,0,0,495,176,0
2026-08-17T00:25:34.6981296Z,0,0,495,176,0
2026-08-17T00:25:34.702929Z,0,0,495,176,0
2026-08-17T00:25:34.7076987Z,0,0,495,176,0
2026-08-17T00:25:34.7126797Z,0,0,495,176,0
2026-08-17T00:25:34.7182584Z,0,0,495,176,0
2026-08-17T00:25:34.7228913Z,0,0,495,176,0
2026-08-17T00:25:34.7274886Z,0,0,495,176,0
2026-08-17T00:25:34.7327256Z,0,0,495,176,0
2026-08-17T00:25:34.7380101Z,0,0,495,176,0
2026-08-17T00:25:34.7429236Z,0,0,495,176,0
2026-08-17T00:25:34.7480759Z,0,0,495,176,0
2026-08-17T00:25:34.7527274Z,0,0,495,176,0
2026-08-17T00:25:34.757704Z,0,0,495,176,0
2026-08-17T00:25:34.7629432Z,0,0,495,176,0
2026-08-17T00:25:34.7676569Z,0,0,495,176,0
2026-08-17T00:25:34.7729601Z,0,0,495,176,0
2026-08-17T00:25:34.7778133Z,0,0,495,176,0
2026-08-17T00:25:34.7825694Z,0,0,495,176,0
2026-08-17T00:25:34.7878135Z,0,0,495,176,0
2026-08-17T00:25:34.7928498Z,0,0,495,176,0
2026-08-17T00:25:34.7975376Z,0,0,495,176,0
2026-08-17T00:25:34.8028196Z,0,0,495,176,0
2026-08-17T00:25:34.8076361Z,0,0,495,176,0
2026-08-17T00:25:34.813062Z,0,0,495,176,0
2026-08-17T00:25:34.8178204Z,0,0,495,176,0
2026-08-17T00:25:34.8229745Z,0,0,495,176,0
2026-08-17T00:25:34.8279786Z,0,0,495,176,0
2026-08-17T00:25:34.8326792Z,0,0,495,176,0
2026-08-17T00:25:34.8376645Z,0,0,495,176,0
2026-08-17T00:25:34.8427666Z,0,0,495,176,0
2026-08-17T00:25:34.8478176Z,0,0,495,176,0
2026-08-17T00:25:34.852723Z,0,0,495,176,0
2026-08-17T00:25:34.8577916Z,0,0,495,176,0
2026-08-17T00:25:34.8628413Z,0,0,495,176,0
2026-08-17T00:25:34.8676399Z,0,0,495,176,0
2026-08-17T00:25:34.872966Z,0,0,495,176,0
2026-08-17T00:25:34.8782521Z,0,0,495,176,0
2026-08-17T00:25:34.8830167Z,0,0,495,176,0
2026-08-17T00:25:34.8882698Z,0,0,495,176,0
2026-08-17T00:25:34.8929688Z,0,0,495,176,0
2026-08-17T00:25:34.8979138Z,0,0,495,176,0
2026-08-17T00:25:34.9025778Z,0,0,495,176,0
2026-08-17T00:25:34.9083268Z,0,0,495,176,0
2026-08-17T00:25:34.9129115Z,0,0,495,176,0
2026-08-17T00:25:34.9177367Z,0,0,495,176,0
2026-08-17T00:25:34.9238733Z,0,0,495,176,0
2026-08-17T00:25:34.9277463Z,0,0,495,176,0
2026-08-17T00:25:34.9325268Z,0,0,495,176,0
2026-08-17T00:25:34.9378416Z,0,0,495,176,0
2026-08-17T00:25:34.9429115Z,0,0,495,176,0
2026-08-17T00:25:34.9477086Z,0,0,495,176,0
2026-08-17T00:25:34.9526156Z,0,0,495,176,0
2026-08-17T00:25:34.9578938Z,0,0,495,176,0
2026-08-17T00:25:34.9629648Z,0,0,495,176,0
2026-08-17T00:25:34.9677714Z,0,0,495,176,0
2026-08-17T00:25:34.9725816Z,0,0,495,176,0
2026-08-17T00:25:34.9776942Z,0,0,495,176,0
2026-08-17T00:25:34.9829938Z,0,0,495,176,0
2026-08-17T00:25:34.9878083Z,0,0,495,176,0
2026-08-17T00:25:34.9926559Z,0,0,495,176,0
2026-08-17T00:25:34.9975734Z,0,0,495,176,0
2026-08-17T00:25:35.0029153Z,0,0,495,176,0
2026-08-17T00:25:35.007572Z,0,0,495,176,0
2026-08-17T00:25:35.0126958Z,0,0,495,176,0
2026-08-17T00:25:35.0179485Z,0,0,495,176,0
2026-08-17T00:25:35.022794Z,0,0,495,176,0
2026-08-17T00:25:35.0278196Z,0,0,495,176,0
2026-08-17T00:25:35.0325558Z,0,0,495,176,0
2026-08-17T00:25:35.0377508Z,0,0,495,176,0
2026-08-17T00:25:35.0428549Z,0,0,495,176,0
2026-08-17T00:25:35.0475362Z,0,0,495,176,0
2026-08-17T00:25:35.0528567Z,0,0,495,176,0
2026-08-17T00:25:35.057629Z,0,0,495,176,0
2026-08-17T00:25:35.0628109Z,0,0,495,176,0
2026-08-17T00:25:35.0679542Z,0,0,495,176,0
2026-08-17T00:25:35.0726039Z,0,0,495,176,0
2026-08-17T00:25:35.0777866Z,0,0,495,176,0
2026-08-17T00:25:35.0825232Z,0,0,495,176,0
2026-08-17T00:25:35.0879185Z,0,0,495,176,0
2026-08-17T00:25:35.0929453Z,0,0,495,176,0
2026-08-17T00:25:35.0976932Z,0,0,495,176,0
2026-08-17T00:25:35.1030083Z,0,0,495,176,0
2026-08-17T00:25:35.1077682Z,0,0,495,176,0
2026-08-17T00:25:35.1128528Z,0,0,495,176,0
2026-08-17T00:25:35.1179421Z,0,0,495,176,0
2026-08-17T00:25:35.1226982Z,0,0,495,176,0
2026-08-17T00:25:35.1277504Z,0,0,495,176,0
2026-08-17T00:25:35.1325142Z,0,0,495,176,0
2026-08-17T00:25:35.1377679Z,0,0,495,176,0
2026-08-17T00:25:35.1428992Z,0,0,495,176,0
2026-08-17T00:25:35.1479613Z,0,0,495,176,0
2026-08-17T00:25:35.1527895Z,0,0,495,176,0
2026-08-17T00:25:35.1580503Z,0,0,495,176,0
2026-08-17T00:25:35.1628437Z,0,0,495,176,0
2026-08-17T00:25:35.1676371Z,0,0,495,176,0
2026-08-17T00:25:35.1730147Z,0,0,495,176,0
2026-08-17T00:25:35.1777141Z,0,0,495,176,0
2026-08-17T00:25:35.1830327Z,0,0,495,176,0
2026-08-17T00:25:35.1878705Z,0,0,495,176,0
2026-08-17T00:25:35.1931149Z,0,0,495,176,0
2026-08-17T00:25:35.1978483Z,0,0,495,176,0
2026-08-17T00:25:35.2030573Z,0,0,495,176,0
2026-08-17T00:25:35.2075949Z,0,0,495,176,0
2026-08-17T00:25:35.2128708Z,0,0,495,176,0
2026-08-17T00:25:35.2183175Z,0,0,495,176,0
2026-08-17T00:25:35.2230733Z,0,0,495,176,0
2026-08-17T00:25:35.2275602Z,0,0,495,176,0
2026-08-17T00:25:35.2329767Z,0,0,495,176,0
2026-08-17T00:25:35.2377536Z,0,0,495,176,0
2026-08-17T00:25:35.24282Z,0,0,495,176,0
2026-08-17T00:25:35.2478467Z,0,0,495,176,0
2026-08-17T00:25:35.2532152Z,0,0,495,176,0
2026-08-17T00:25:35.2580238Z,0,0,495,176,0
2026-08-17T00:25:35.2630504Z,0,0,495,176,0
2026-08-17T00:25:35.2678743Z,0,0,495,176,0
2026-08-17T00:25:35.2731912Z,0,0,495,176,0
2026-08-17T00:25:35.2776584Z,0,0,495,176,0
2026-08-17T00:25:35.2827277Z,0,0,495,176,0
2026-08-17T00:25:35.2875274Z,0,0,495,176,0
2026-08-17T00:25:35.2926203Z,0,0,495,176,0
2026-08-17T00:25:35.2975608Z,0,0,495,176,0
2026-08-17T00:25:35.3028197Z,0,0,495,176,0
2026-08-17T00:25:35.30751Z,0,0,495,176,0
2026-08-17T00:25:35.3129811Z,0,0,495,176,0
2026-08-17T00:25:35.3178384Z,0,0,495,176,0
2026-08-17T00:25:35.3227277Z,0,0,495,176,0
2026-08-17T00:25:35.3278277Z,0,0,495,176,0
2026-08-17T00:25:35.3326319Z,0,0,495,176,0
2026-08-17T00:25:35.3379149Z,0,0,495,176,0
2026-08-17T00:25:35.3429831Z,0,0,495,176,0
2026-08-17T00:25:35.3478794Z,0,0,495,176,0
2026-08-17T00:25:35.3526515Z,0,0,495,176,0
2026-08-17T00:25:35.3576309Z,0,0,495,176,0
2026-08-17T00:25:35.36291Z,0,0,495,176,0
2026-08-17T00:25:35.3676669Z,0,0,495,176,0
2026-08-17T00:25:35.3729688Z,0,0,495,176,0
2026-08-17T00:25:35.3777598Z,0,0,495,176,0
2026-08-17T00:25:35.3825354Z,0,0,495,176,0
2026-08-17T00:25:35.3878525Z,0,0,495,176,0
2026-08-17T00:25:35.3924396Z,0,0,495,176,0
2026-08-17T00:25:35.3974859Z,0,0,495,176,0
2026-08-17T00:25:35.4027639Z,0,0,495,176,0
2026-08-17T00:25:35.4077432Z,0,0,495,176,0
2026-08-17T00:25:35.4130521Z,0,0,495,176,0
2026-08-17T00:25:35.4178794Z,0,0,495,176,0
2026-08-17T00:25:35.4226916Z,0,0,495,176,0
2026-08-17T00:25:35.4279861Z,0,0,495,176,0
2026-08-17T00:25:35.4326859Z,0,0,495,176,0
2026-08-17T00:25:35.4379172Z,0,0,495,176,0
2026-08-17T00:25:35.4427684Z,0,0,495,176,0
2026-08-17T00:25:35.4477923Z,0,0,495,176,0
2026-08-17T00:25:35.4525914Z,0,0,495,176,0
2026-08-17T00:25:35.457865Z,0,0,495,176,0
2026-08-17T00:25:35.4630452Z,0,0,495,176,0
2026-08-17T00:25:35.4677588Z,0,0,495,176,0
2026-08-17T00:25:35.472996Z,0,0,495,176,0
2026-08-17T00:25:35.4779822Z,0,0,495,176,0
2026-08-17T00:25:35.4827049Z,0,0,495,176,0
2026-08-17T00:25:35.487985Z,0,0,495,176,0
2026-08-17T00:25:35.4938052Z,0,0,495,176,0
2026-08-17T00:25:35.4979418Z,0,0,495,176,0
2026-08-17T00:25:35.5026492Z,0,0,495,176,0
2026-08-17T00:25:35.5082298Z,0,0,495,176,0
2026-08-17T00:25:35.5129547Z,0,0,495,176,0
2026-08-17T00:25:35.5177035Z,0,0,495,176,0
2026-08-17T00:25:35.5231221Z,0,0,495,176,0
2026-08-17T00:25:35.5279057Z,0,0,495,176,0
2026-08-17T00:25:35.5326915Z,0,0,495,176,0
2026-08-17T00:25:35.5378746Z,0,0,495,176,0
2026-08-17T00:25:35.5427787Z,0,0,495,176,0
2026-08-17T00:25:35.5476428Z,0,0,495,176,0
2026-08-17T00:25:35.5530057Z,0,0,495,176,0
2026-08-17T00:25:35.557718Z,0,0,495,176,0
2026-08-17T00:25:35.5626177Z,0,0,495,176,0
2026-08-17T00:25:35.5678681Z,0,0,495,176,0
2026-08-17T00:25:35.5725689Z,0,0,495,176,0
2026-08-17T00:25:35.5778158Z,0,0,495,176,0
2026-08-17T00:25:35.5829527Z,0,0,495,176,0
2026-08-17T00:25:35.5879382Z,0,0,495,176,0
2026-08-17T00:25:35.5929598Z,0,0,495,176,0
2026-08-17T00:25:35.5978694Z,0,0,495,176,0
2026-08-17T00:25:35.6026844Z,0,0,495,176,0
2026-08-17T00:25:35.6075388Z,0,0,495,176,0
2026-08-17T00:25:35.6128463Z,0,0,495,176,0
2026-08-17T00:25:35.6177107Z,0,0,495,176,0
2026-08-17T00:25:35.6230243Z,0,0,495,176,0
2026-08-17T00:25:35.6280726Z,0,0,495,176,0
2026-08-17T00:25:35.6328457Z,0,0,495,176,0
2026-08-17T00:25:35.6376121Z,0,0,495,176,0
2026-08-17T00:25:35.6428143Z,0,0,495,176,0
2026-08-17T00:25:35.6475263Z,0,0,495,176,0
2026-08-17T00:25:35.653354Z,0,0,495,176,0
2026-08-17T00:25:35.6575509Z,0,0,495,176,0
2026-08-17T00:25:35.6628172Z,0,0,495,176,0
2026-08-17T00:25:35.6680528Z,0,0,495,176,0
2026-08-17T00:25:35.6726858Z,0,0,495,176,0
2026-08-17T00:25:35.6783336Z,0,0,495,176,0
2026-08-17T00:25:35.682984Z,0,0,495,176,0
2026-08-17T00:25:35.6880572Z,0,0,495,176,0
2026-08-17T00:25:35.6929267Z,0,0,495,176,0
2026-08-17T00:25:35.6977221Z,0,0,495,176,0
2026-08-17T00:25:35.7027533Z,0,0,495,176,0
2026-08-17T00:25:35.7078375Z,0,0,495,176,0
2026-08-17T00:25:35.7128294Z,0,0,495,176,0
2026-08-17T00:25:35.7176951Z,0,0,495,176,0
2026-08-17T00:25:35.7230355Z,0,0,495,176,0
2026-08-17T00:25:35.7277749Z,0,0,495,176,0
2026-08-17T00:25:35.7325192Z,0,0,495,176,0
2026-08-17T00:25:35.7378062Z,0,0,495,176,0
2026-08-17T00:25:35.7430488Z,0,0,495,176,0
2026-08-17T00:25:35.7479629Z,0,0,495,176,0
2026-08-17T00:25:35.753269Z,0,0,495,176,0
2026-08-17T00:25:35.7576977Z,0,0,495,176,0
2026-08-17T00:25:35.7626946Z,0,0,495,176,0
2026-08-17T00:25:35.7679955Z,0,0,495,176,0
2026-08-17T00:25:35.7727016Z,0,0,495,176,0
2026-08-17T00:25:35.7778985Z,0,0,495,176,0
2026-08-17T00:25:35.7826979Z,0,0,495,176,0
2026-08-17T00:25:35.7879868Z,0,0,495,176,0
2026-08-17T00:25:35.7926359Z,0,0,495,176,0
2026-08-17T00:25:35.7976813Z,0,0,495,176,0
2026-08-17T00:25:35.802996Z,0,0,495,176,0
2026-08-17T00:25:35.808069Z,0,0,495,176,0
2026-08-17T00:25:35.8128166Z,0,0,495,176,0
2026-08-17T00:25:35.8177214Z,0,0,495,176,0
2026-08-17T00:25:35.8230337Z,0,0,495,176,0
2026-08-17T00:25:35.8278057Z,0,0,495,176,0
2026-08-17T00:25:35.8325275Z,0,0,495,176,0
2026-08-17T00:25:35.8380435Z,0,0,495,176,0
2026-08-17T00:25:35.8428897Z,0,0,495,176,0
2026-08-17T00:25:35.8479584Z,0,0,495,176,0
2026-08-17T00:25:35.8528149Z,0,0,495,176,0
2026-08-17T00:25:35.8577917Z,0,0,495,176,0
2026-08-17T00:25:35.8628109Z,0,0,495,176,0
2026-08-17T00:25:35.8680188Z,0,0,495,176,0
2026-08-17T00:25:35.8726847Z,0,0,495,176,0
2026-08-17T00:25:35.8777927Z,0,0,495,176,0
2026-08-17T00:25:35.8826829Z,0,0,495,176,0
2026-08-17T00:25:35.8879589Z,0,0,495,176,0
2026-08-17T00:25:35.8924215Z,0,0,495,176,0
2026-08-17T00:25:35.8978078Z,0,0,495,176,0
2026-08-17T00:25:35.90252Z,0,0,495,176,0
2026-08-17T00:25:35.9076745Z,0,0,495,176,0
2026-08-17T00:25:35.9130582Z,0,0,495,176,0
2026-08-17T00:25:35.9178156Z,0,0,495,176,0
2026-08-17T00:25:35.9227429Z,0,0,495,176,0
2026-08-17T00:25:35.9277749Z,0,0,495,176,0
2026-08-17T00:25:35.9330279Z,0,0,495,176,0
2026-08-17T00:25:35.9377704Z,0,0,495,176,0
2026-08-17T00:25:35.942894Z,0,0,495,176,0
2026-08-17T00:25:35.9477332Z,0,0,495,176,0
2026-08-17T00:25:35.9530781Z,0,0,495,176,0
2026-08-17T00:25:35.9575961Z,0,0,495,176,0
2026-08-17T00:25:35.9627759Z,0,0,495,176,0
2026-08-17T00:25:35.9675534Z,0,0,495,176,0
2026-08-17T00:25:35.9728536Z,0,0,495,176,0
2026-08-17T00:25:35.9781539Z,0,0,495,176,0
2026-08-17T00:25:35.9825115Z,0,0,495,176,0
2026-08-17T00:25:35.9878325Z,0,0,495,176,0
2026-08-17T00:25:35.9930552Z,0,0,495,176,0
2026-08-17T00:25:35.9979639Z,0,0,495,176,0
2026-08-17T00:25:36.0026922Z,0,0,495,176,0
2026-08-17T00:25:36.007828Z,0,0,495,176,0
2026-08-17T00:25:36.012904Z,0,0,495,176,0
2026-08-17T00:25:36.0176332Z,0,0,495,176,0
2026-08-17T00:25:36.0236001Z,0,0,495,176,0
2026-08-17T00:25:36.0276975Z,0,0,495,176,0
2026-08-17T00:25:36.0329452Z,0,0,495,176,0
2026-08-17T00:25:36.0376832Z,0,0,495,176,0
2026-08-17T00:25:36.0430768Z,0,0,495,176,0
2026-08-17T00:25:36.0478469Z,0,0,495,176,0
2026-08-17T00:25:36.0527076Z,0,0,495,176,0
2026-08-17T00:25:36.0576344Z,0,0,495,176,0
2026-08-17T00:25:36.0628614Z,0,0,495,176,0
2026-08-17T00:25:36.0676281Z,0,0,495,176,0
2026-08-17T00:25:36.0729648Z,0,0,495,176,0
2026-08-17T00:25:36.0782443Z,0,0,495,176,0
2026-08-17T00:25:36.082508Z,0,0,495,176,0
2026-08-17T00:25:36.0878889Z,0,0,495,176,0
2026-08-17T00:25:36.0924399Z,0,0,495,176,0
2026-08-17T00:25:36.0974805Z,0,0,495,176,0
2026-08-17T00:25:36.1026855Z,0,0,495,176,0
2026-08-17T00:25:36.1077324Z,0,0,495,176,0
2026-08-17T00:25:36.1131749Z,0,0,495,176,0
2026-08-17T00:25:36.1179816Z,0,0,495,176,0
2026-08-17T00:25:36.1227833Z,0,0,495,176,0
2026-08-17T00:25:36.1279243Z,0,0,495,176,0
2026-08-17T00:25:36.132665Z,0,0,495,176,0
2026-08-17T00:25:36.1378788Z,0,0,495,176,0
2026-08-17T00:25:36.1425902Z,0,0,495,176,0
2026-08-17T00:25:36.147854Z,0,0,495,176,0
2026-08-17T00:25:36.1527342Z,0,0,495,176,0
2026-08-17T00:25:36.1580379Z,0,0,495,176,0
2026-08-17T00:25:36.1631542Z,0,0,495,176,0
2026-08-17T00:25:36.1678353Z,0,0,495,176,0
2026-08-17T00:25:36.1731397Z,0,0,495,176,0
2026-08-17T00:25:36.1778145Z,0,0,495,176,0
2026-08-17T00:25:36.182662Z,0,0,495,176,0
2026-08-17T00:25:36.1880751Z,0,0,495,176,0
2026-08-17T00:25:36.1929169Z,0,0,495,176,0
2026-08-17T00:25:36.1978141Z,0,0,495,176,0
2026-08-17T00:25:36.2025064Z,0,0,495,176,0
2026-08-17T00:25:36.2080733Z,0,0,495,176,0
2026-08-17T00:25:36.2126608Z,0,0,495,176,0
2026-08-17T00:25:36.2180082Z,0,0,495,176,0
2026-08-17T00:25:36.2228305Z,0,0,495,176,0
2026-08-17T00:25:36.2280234Z,0,0,495,176,0
2026-08-17T00:25:36.2327423Z,0,0,495,176,0
2026-08-17T00:25:36.2379937Z,0,0,495,176,0
2026-08-17T00:25:36.2428847Z,0,0,495,176,0
2026-08-17T00:25:36.2479307Z,0,0,495,176,0
2026-08-17T00:25:36.2532629Z,0,0,495,176,0
2026-08-17T00:25:36.2576926Z,0,0,495,176,0
2026-08-17T00:25:36.2631859Z,0,0,495,176,0
2026-08-17T00:25:36.2677368Z,0,0,495,176,0
2026-08-17T00:25:36.2730496Z,0,0,495,176,0
2026-08-17T00:25:36.2779114Z,0,0,495,176,0
2026-08-17T00:25:36.2826599Z,0,0,495,176,0
2026-08-17T00:25:36.2879347Z,0,0,495,176,0
2026-08-17T00:25:36.2933038Z,0,0,495,176,0
2026-08-17T00:25:36.2975699Z,0,0,495,176,0
2026-08-17T00:25:36.3029981Z,0,0,495,176,0
2026-08-17T00:25:36.308253Z,0,0,495,176,0
2026-08-17T00:25:36.3127077Z,0,0,495,176,0
2026-08-17T00:25:36.3180376Z,0,0,495,176,0
2026-08-17T00:25:36.3228908Z,0,0,495,176,0
2026-08-17T00:25:36.3278612Z,0,0,495,176,0
2026-08-17T00:25:36.3327309Z,0,0,495,176,0
2026-08-17T00:25:36.3379023Z,0,0,495,176,0
2026-08-17T00:25:36.3428458Z,0,0,495,176,0
2026-08-17T00:25:36.3478396Z,0,0,495,176,0
2026-08-17T00:25:36.3526399Z,0,0,495,176,0
2026-08-17T00:25:36.3576504Z,0,0,495,176,0
2026-08-17T00:25:36.3628536Z,0,0,495,176,0
2026-08-17T00:25:36.3676354Z,0,0,495,176,0
2026-08-17T00:25:36.3724678Z,0,0,495,176,0
2026-08-17T00:25:36.3776921Z,0,0,495,176,0
2026-08-17T00:25:36.3824748Z,0,0,495,176,0
2026-08-17T00:25:36.3878158Z,0,0,495,176,0
2026-08-17T00:25:36.3923991Z,0,0,495,176,0
2026-08-17T00:25:36.3979482Z,0,0,495,176,0
2026-08-17T00:25:36.4026667Z,0,0,495,176,0
2026-08-17T00:25:36.4076294Z,0,0,495,176,0
2026-08-17T00:25:36.4130097Z,0,0,495,176,0
2026-08-17T00:25:36.4177002Z,0,0,495,176,0
2026-08-17T00:25:36.4225525Z,0,0,495,176,0
2026-08-17T00:25:36.4276728Z,0,0,495,176,0
2026-08-17T00:25:36.4329164Z,0,0,495,176,0
2026-08-17T00:25:36.4377076Z,0,0,495,176,0
2026-08-17T00:25:36.4428275Z,0,0,495,176,0
2026-08-17T00:25:36.4479582Z,0,0,495,176,0
2026-08-17T00:25:36.4527472Z,0,0,495,176,0
2026-08-17T00:25:36.4575763Z,0,0,495,176,0
2026-08-17T00:25:36.4633225Z,0,0,495,176,0
2026-08-17T00:25:36.4679992Z,0,0,495,176,0
2026-08-17T00:25:36.4727006Z,0,0,495,176,0
2026-08-17T00:25:36.4778264Z,0,0,495,176,0
2026-08-17T00:25:36.4827319Z,0,0,495,176,0
2026-08-17T00:25:36.4879933Z,0,0,495,176,0
2026-08-17T00:25:36.4928938Z,0,0,495,176,0
2026-08-17T00:25:36.4979451Z,0,0,495,176,0
2026-08-17T00:25:36.5026864Z,0,0,495,176,0
2026-08-17T00:25:36.5081573Z,0,0,495,176,0
2026-08-17T00:25:36.5128461Z,0,0,495,176,0
2026-08-17T00:25:36.5175257Z,0,0,495,176,0
2026-08-17T00:25:36.5225847Z,0,0,495,176,0
2026-08-17T00:25:36.5279315Z,0,0,495,176,0
2026-08-17T00:25:36.5326241Z,0,0,495,176,0
2026-08-17T00:25:36.5378281Z,0,0,495,176,0
2026-08-17T00:25:36.542682Z,0,0,495,176,0
2026-08-17T00:25:36.5476392Z,0,0,495,176,0
2026-08-17T00:25:36.5529924Z,0,0,495,176,0
2026-08-17T00:25:36.5577989Z,0,0,495,176,0
2026-08-17T00:25:36.5628891Z,0,0,495,176,0
2026-08-17T00:25:36.56765Z,0,0,495,176,0
2026-08-17T00:25:36.5726447Z,0,0,495,176,0
2026-08-17T00:25:36.5777009Z,0,0,495,176,0
2026-08-17T00:25:36.5830181Z,0,0,495,176,0
2026-08-17T00:25:36.5879439Z,0,0,495,176,0
2026-08-17T00:25:36.5928397Z,0,0,495,176,0
2026-08-17T00:25:36.5976735Z,0,0,495,176,0
2026-08-17T00:25:36.602708Z,0,0,495,176,0
2026-08-17T00:25:36.6073968Z,0,0,495,176,0
2026-08-17T00:25:36.6125969Z,0,0,495,176,0
2026-08-17T00:25:36.6178414Z,0,0,495,176,0
2026-08-17T00:25:36.6228038Z,0,0,495,176,0
2026-08-17T00:25:36.6281364Z,0,0,495,176,0
2026-08-17T00:25:36.6329331Z,0,0,495,176,0
2026-08-17T00:25:36.6378696Z,0,0,495,176,0
2026-08-17T00:25:36.6429008Z,0,0,495,176,0
2026-08-17T00:25:36.647609Z,0,0,495,176,0
2026-08-17T00:25:36.6530227Z,0,0,495,176,0
2026-08-17T00:25:36.6577112Z,0,0,495,176,0
2026-08-17T00:25:36.6629253Z,0,0,495,176,0
2026-08-17T00:25:36.6678169Z,0,0,495,176,0
2026-08-17T00:25:36.6726475Z,0,0,495,176,0
2026-08-17T00:25:36.6781207Z,0,0,495,176,0
2026-08-17T00:25:36.6829278Z,0,0,495,176,0
2026-08-17T00:25:36.6876711Z,0,0,495,176,0
2026-08-17T00:25:36.6926947Z,0,0,495,176,0
2026-08-17T00:25:36.6979205Z,0,0,495,176,0
2026-08-17T00:25:36.7027979Z,0,0,495,176,0
2026-08-17T00:25:36.7078057Z,0,0,495,176,0
2026-08-17T00:25:36.7128377Z,0,0,495,176,0
2026-08-17T00:25:36.7180962Z,0,0,495,176,0
2026-08-17T00:25:36.7231847Z,0,0,495,176,0
2026-08-17T00:25:36.7279654Z,0,0,495,176,0
2026-08-17T00:25:36.7327388Z,0,0,495,176,0
2026-08-17T00:25:36.7379892Z,0,0,495,176,0
2026-08-17T00:25:36.7431453Z,0,0,495,176,0
2026-08-17T00:25:36.7511782Z,0,0,495,176,0
2026-08-17T00:25:36.7533068Z,0,0,495,176,0
2026-08-17T00:25:36.7575665Z,0,0,495,176,0
2026-08-17T00:25:36.7629105Z,0,0,495,176,0
2026-08-17T00:25:36.7677407Z,0,0,495,176,0
2026-08-17T00:25:36.7725752Z,0,0,495,176,0
2026-08-17T00:25:36.7777539Z,0,0,495,176,0
2026-08-17T00:25:36.7830311Z,0,0,495,176,0
2026-08-17T00:25:36.7877646Z,0,0,495,176,0
2026-08-17T00:25:36.7928263Z,0,0,495,176,0
2026-08-17T00:25:36.7978372Z,0,0,495,176,0
2026-08-17T00:25:36.8030337Z,0,0,495,176,0
2026-08-17T00:25:36.8082083Z,0,0,495,176,0
2026-08-17T00:25:36.8128897Z,0,0,495,176,0
2026-08-17T00:25:36.8176796Z,0,0,495,176,0
2026-08-17T00:25:36.8224784Z,0,0,495,176,0
2026-08-17T00:25:36.8276039Z,0,0,495,176,0
2026-08-17T00:25:36.832925Z,0,0,495,176,0
2026-08-17T00:25:36.8377865Z,0,0,495,176,0
2026-08-17T00:25:36.8427532Z,0,0,495,176,0
2026-08-17T00:25:36.8475512Z,0,0,495,176,0
2026-08-17T00:25:36.8529303Z,0,0,495,176,0
2026-08-17T00:25:36.8576158Z,0,0,495,176,0
2026-08-17T00:25:36.8627497Z,0,0,495,176,0
2026-08-17T00:25:36.8675987Z,0,0,495,176,0
2026-08-17T00:25:36.8728906Z,0,0,495,176,0
2026-08-17T00:25:36.8777621Z,0,0,495,176,0
2026-08-17T00:25:36.8826994Z,0,0,495,176,0
2026-08-17T00:25:36.8875813Z,0,0,495,176,0
2026-08-17T00:25:36.8927721Z,0,0,495,176,0
2026-08-17T00:25:36.8976491Z,0,0,495,176,0
2026-08-17T00:25:36.9028732Z,0,0,495,176,0
2026-08-17T00:25:36.9075854Z,0,0,495,176,0
2026-08-17T00:25:36.9130376Z,0,0,495,176,0
2026-08-17T00:25:36.9176812Z,0,0,495,176,0
2026-08-17T00:25:36.9229395Z,0,0,495,176,0
2026-08-17T00:25:36.9277531Z,0,0,495,176,0
2026-08-17T00:25:36.9324774Z,0,0,495,176,0
2026-08-17T00:25:36.9375065Z,0,0,495,176,0
2026-08-17T00:25:36.9427479Z,0,0,495,176,0
2026-08-17T00:25:36.9477326Z,0,0,495,176,0
2026-08-17T00:25:36.9527961Z,0,0,495,176,0
2026-08-17T00:25:36.9574757Z,0,0,495,176,0
2026-08-17T00:25:36.9624935Z,0,0,495,176,0
2026-08-17T00:25:36.9676818Z,0,0,495,176,0
2026-08-17T00:25:36.9728554Z,0,0,495,176,0
2026-08-17T00:25:36.9782956Z,0,0,495,176,0
2026-08-17T00:25:36.9826859Z,0,0,495,176,0
2026-08-17T00:25:36.9879568Z,0,0,495,176,0
2026-08-17T00:25:36.992887Z,0,0,495,176,0
2026-08-17T00:25:36.9978634Z,0,0,495,176,0
2026-08-17T00:25:37.0025693Z,0,0,495,176,0
2026-08-17T00:25:37.0073876Z,0,0,495,176,0
2026-08-17T00:25:37.0129503Z,0,0,495,176,0
2026-08-17T00:25:37.0176366Z,0,0,495,176,0
2026-08-17T00:25:37.0227088Z,0,0,495,176,0
2026-08-17T00:25:37.0279404Z,0,0,495,176,0
2026-08-17T00:25:37.0325977Z,0,0,495,176,0
2026-08-17T00:25:37.0377408Z,0,0,495,176,0
2026-08-17T00:25:37.0428829Z,0,0,495,176,0
2026-08-17T00:25:37.0479239Z,0,0,495,176,0
2026-08-17T00:25:37.0526817Z,0,0,495,176,0
2026-08-17T00:25:37.0578352Z,0,0,495,176,0
2026-08-17T00:25:37.0627205Z,0,0,495,176,0
2026-08-17T00:25:37.0679052Z,0,0,495,176,0
2026-08-17T00:25:37.0726123Z,0,0,495,176,0
2026-08-17T00:25:37.0780277Z,0,0,495,176,0
2026-08-17T00:25:37.0827566Z,0,0,495,176,0
2026-08-17T00:25:37.0879833Z,0,0,495,176,0
2026-08-17T00:25:37.0923837Z,0,0,495,176,0
2026-08-17T00:25:37.097752Z,0,0,495,176,0
2026-08-17T00:25:37.1029566Z,0,0,495,176,0
2026-08-17T00:25:37.1076828Z,0,0,495,176,0
2026-08-17T00:25:37.1128001Z,0,0,495,176,0
2026-08-17T00:25:37.1178094Z,0,0,495,176,0
2026-08-17T00:25:37.122966Z,0,0,495,176,0
2026-08-17T00:25:37.1279717Z,0,0,495,176,0
2026-08-17T00:25:37.1326251Z,0,0,495,176,0
2026-08-17T00:25:37.1378793Z,0,0,495,176,0
2026-08-17T00:25:37.1427058Z,0,0,495,176,0
2026-08-17T00:25:37.147686Z,0,0,495,176,0
2026-08-17T00:25:37.1527843Z,0,0,495,176,0
2026-08-17T00:25:37.1575316Z,0,0,495,176,0
2026-08-17T00:25:37.1630971Z,0,0,495,176,0
2026-08-17T00:25:37.1676398Z,0,0,495,176,0
2026-08-17T00:25:37.1727554Z,0,0,495,176,0
2026-08-17T00:25:37.1781798Z,0,0,495,176,0
2026-08-17T00:25:37.1825366Z,0,0,495,176,0
2026-08-17T00:25:37.1875582Z,0,0,495,176,0
2026-08-17T00:25:37.1924621Z,0,0,495,176,0
2026-08-17T00:25:37.1975808Z,0,0,495,176,0
2026-08-17T00:25:37.2028309Z,0,0,495,176,0
2026-08-17T00:25:37.2078036Z,0,0,495,176,0
2026-08-17T00:25:37.2129864Z,0,0,495,176,0
2026-08-17T00:25:37.2177081Z,0,0,495,176,0
2026-08-17T00:25:37.2228464Z,0,0,495,176,0
2026-08-17T00:25:37.2281049Z,0,0,495,176,0
2026-08-17T00:25:37.2328157Z,0,0,495,176,0
2026-08-17T00:25:37.2379871Z,0,0,495,176,0
2026-08-17T00:25:37.2426238Z,0,0,495,176,0
2026-08-17T00:25:37.2476086Z,0,0,495,176,0
2026-08-17T00:25:37.2526738Z,0,0,495,176,0
2026-08-17T00:25:37.2575355Z,0,0,495,176,0
2026-08-17T00:25:37.2628594Z,0,0,495,176,0
2026-08-17T00:25:37.2676376Z,0,0,495,176,0
2026-08-17T00:25:37.2729249Z,0,0,495,176,0
2026-08-17T00:25:37.2782996Z,0,0,495,176,0
2026-08-17T00:25:37.282615Z,0,0,495,176,0
2026-08-17T00:25:37.287863Z,0,0,495,176,0
2026-08-17T00:25:37.2928883Z,0,0,495,176,0
2026-08-17T00:25:37.2976171Z,0,0,495,176,0
2026-08-17T00:25:37.3028365Z,0,0,495,176,0
2026-08-17T00:25:37.3079064Z,0,0,495,176,0
2026-08-17T00:25:37.3129129Z,0,0,495,176,0
2026-08-17T00:25:37.3176465Z,0,0,495,176,0
2026-08-17T00:25:37.322386Z,0,0,495,176,0
2026-08-17T00:25:37.32806Z,0,0,495,176,0
2026-08-17T00:25:37.3327187Z,0,0,495,176,0
2026-08-17T00:25:37.3379062Z,0,0,495,176,0
2026-08-17T00:25:37.3427097Z,0,0,495,176,0
2026-08-17T00:25:37.3480321Z,0,0,495,176,0
2026-08-17T00:25:37.3528973Z,0,0,495,176,0
2026-08-17T00:25:37.357647Z,0,0,495,176,0
2026-08-17T00:25:37.3627268Z,0,0,495,176,0
2026-08-17T00:25:37.367931Z,0,0,495,176,0
2026-08-17T00:25:37.3726635Z,0,0,495,176,0
2026-08-17T00:25:37.3775814Z,0,0,495,176,0
2026-08-17T00:25:37.3828879Z,0,0,495,176,0
2026-08-17T00:25:37.387693Z,0,0,495,176,0
2026-08-17T00:25:37.392378Z,0,0,495,176,0
2026-08-17T00:25:37.3974738Z,0,0,495,176,0
2026-08-17T00:25:37.4027967Z,0,0,495,176,0
2026-08-17T00:25:37.407888Z,0,0,495,176,0
2026-08-17T00:25:37.4125369Z,0,0,495,176,0
2026-08-17T00:25:37.4176918Z,0,0,495,176,0
2026-08-17T00:25:37.4227954Z,0,0,495,176,0
2026-08-17T00:25:37.4275591Z,0,0,495,176,0
2026-08-17T00:25:37.4327535Z,0,0,495,176,0
2026-08-17T00:25:37.4379419Z,0,0,495,176,0
2026-08-17T00:25:37.4429318Z,0,0,495,176,0
2026-08-17T00:25:37.4476501Z,0,0,495,176,0
2026-08-17T00:25:37.4529819Z,0,0,495,176,0
2026-08-17T00:25:37.457656Z,0,0,495,176,0
2026-08-17T00:25:37.4635223Z,0,0,495,176,0
2026-08-17T00:25:37.4682599Z,0,0,495,176,0
2026-08-17T00:25:37.4730642Z,0,0,495,176,0
2026-08-17T00:25:37.4774993Z,0,0,495,176,0
2026-08-17T00:25:37.4829927Z,0,0,495,176,0
2026-08-17T00:25:37.4883601Z,0,0,495,176,0
2026-08-17T00:25:37.4928812Z,0,0,495,176,0
2026-08-17T00:25:37.4977081Z,0,0,495,176,0
2026-08-17T00:25:37.5028694Z,0,0,495,176,0
2026-08-17T00:25:37.5081337Z,0,0,495,176,0
2026-08-17T00:25:37.512866Z,0,0,495,176,0
2026-08-17T00:25:37.5179338Z,0,0,495,176,0
2026-08-17T00:25:37.5224678Z,0,0,495,176,0
2026-08-17T00:25:37.5275935Z,0,0,495,176,0
2026-08-17T00:25:37.5327686Z,0,0,495,176,0
2026-08-17T00:25:37.5378947Z,0,0,495,176,0
2026-08-17T00:25:37.5428927Z,0,0,495,176,0
2026-08-17T00:25:37.5476232Z,0,0,495,176,0
2026-08-17T00:25:37.5528795Z,0,0,495,176,0
2026-08-17T00:25:37.5576199Z,0,0,495,176,0
2026-08-17T00:25:37.5629177Z,0,0,495,176,0
2026-08-17T00:25:37.567674Z,0,0,495,176,0
2026-08-17T00:25:37.5729143Z,0,0,495,176,0
2026-08-17T00:25:37.5776465Z,0,0,495,176,0
2026-08-17T00:25:37.5829116Z,0,0,495,176,0
2026-08-17T00:25:37.5879608Z,0,0,495,176,0
2026-08-17T00:25:37.5924019Z,0,0,495,176,0
2026-08-17T00:25:37.5977416Z,0,0,495,176,0
2026-08-17T00:25:37.602999Z,0,0,495,176,0
2026-08-17T00:25:37.6077617Z,0,0,495,176,0
2026-08-17T00:25:37.6127232Z,0,0,495,176,0
2026-08-17T00:25:37.6178966Z,0,0,495,176,0
2026-08-17T00:25:37.6226678Z,0,0,495,176,0
2026-08-17T00:25:37.6277195Z,0,0,495,176,0
2026-08-17T00:25:37.632987Z,0,0,495,176,0
2026-08-17T00:25:37.637774Z,0,0,495,176,0
2026-08-17T00:25:37.6428741Z,0,0,495,176,0
2026-08-17T00:25:37.6477225Z,0,0,495,176,0
2026-08-17T00:25:37.6525617Z,0,0,495,176,0
2026-08-17T00:25:37.6576507Z,0,0,495,176,0
2026-08-17T00:25:37.6624012Z,0,0,495,176,0
2026-08-17T00:25:37.6677367Z,0,0,495,176,0
2026-08-17T00:25:37.6729444Z,0,0,495,176,0
2026-08-17T00:25:37.6776883Z,0,0,495,176,0
2026-08-17T00:25:37.6829901Z,0,0,495,176,0
2026-08-17T00:25:37.6878131Z,0,0,495,176,0
2026-08-17T00:25:37.6929465Z,0,0,495,176,0
2026-08-17T00:25:37.6977905Z,0,0,495,176,0
2026-08-17T00:25:37.7028247Z,0,0,495,176,0
2026-08-17T00:25:37.7080122Z,0,0,495,176,0
2026-08-17T00:25:37.7127285Z,0,0,495,176,0
2026-08-17T00:25:37.7181325Z,0,0,495,176,0
2026-08-17T00:25:37.724162Z,0,0,495,176,0
2026-08-17T00:25:37.727601Z,0,0,495,176,0
2026-08-17T00:25:37.7328151Z,0,0,495,176,0
2026-08-17T00:25:37.7376508Z,0,0,495,176,0
2026-08-17T00:25:37.7429266Z,0,0,495,176,0
2026-08-17T00:25:37.7475864Z,0,0,495,176,0
2026-08-17T00:25:37.752877Z,0,0,495,176,0
2026-08-17T00:25:37.757465Z,0,0,495,176,0
2026-08-17T00:25:37.7626073Z,0,0,495,176,0
2026-08-17T00:25:37.7678294Z,0,0,495,176,0
2026-08-17T00:25:37.7725362Z,0,0,495,176,0
2026-08-17T00:25:37.7788416Z,0,0,495,176,0
2026-08-17T00:25:37.782603Z,0,0,495,176,0
2026-08-17T00:25:37.7875786Z,0,0,495,176,0
2026-08-17T00:25:37.7929728Z,0,0,495,176,0
2026-08-17T00:25:37.7977914Z,0,0,495,176,0
2026-08-17T00:25:37.8030186Z,0,0,495,176,0
2026-08-17T00:25:37.807761Z,0,0,495,176,0
2026-08-17T00:25:37.812775Z,0,0,495,176,0
2026-08-17T00:25:37.8176916Z,0,0,495,176,0
2026-08-17T00:25:37.8228803Z,0,0,495,176,0
2026-08-17T00:25:37.8278315Z,0,0,495,176,0
2026-08-17T00:25:37.8326915Z,0,0,495,176,0
2026-08-17T00:25:37.8376484Z,0,0,495,176,0
2026-08-17T00:25:37.8428562Z,0,0,495,176,0
2026-08-17T00:25:37.8478515Z,0,0,495,176,0
2026-08-17T00:25:37.8526544Z,0,0,495,176,0
2026-08-17T00:25:37.8575745Z,0,0,495,176,0
2026-08-17T00:25:37.8625304Z,0,0,495,176,0
2026-08-17T00:25:37.86786Z,0,0,495,176,0
2026-08-17T00:25:37.8726003Z,0,0,495,176,0
2026-08-17T00:25:37.8777809Z,0,0,495,176,0
2026-08-17T00:25:37.8830272Z,0,0,495,176,0
2026-08-17T00:25:37.8877661Z,0,0,495,176,0
2026-08-17T00:25:37.8928021Z,0,0,495,176,0
2026-08-17T00:25:37.897659Z,0,0,495,176,0
2026-08-17T00:25:37.9030202Z,0,0,495,176,0
2026-08-17T00:25:37.9074785Z,0,0,495,176,0
2026-08-17T00:25:37.9125132Z,0,0,495,176,0
2026-08-17T00:25:37.9175896Z,0,0,495,176,0
2026-08-17T00:25:37.9228725Z,0,0,495,176,0
2026-08-17T00:25:37.9279751Z,0,0,495,176,0
2026-08-17T00:25:37.9332241Z,0,0,495,176,0
2026-08-17T00:25:37.9379342Z,0,0,495,176,0
2026-08-17T00:25:37.9431518Z,0,0,495,176,0
2026-08-17T00:25:37.9479564Z,0,0,495,176,0
2026-08-17T00:25:37.9528038Z,0,0,495,176,0
2026-08-17T00:25:37.9574758Z,0,0,495,176,0
2026-08-17T00:25:37.9627429Z,0,0,495,176,0
2026-08-17T00:25:37.9679784Z,0,0,495,176,0
2026-08-17T00:25:37.9726559Z,0,0,495,176,0
2026-08-17T00:25:37.9783954Z,0,0,495,176,0
2026-08-17T00:25:37.9826195Z,0,0,495,176,0
2026-08-17T00:25:37.9878228Z,0,0,495,176,0
2026-08-17T00:25:37.9930952Z,0,0,495,176,0
2026-08-17T00:25:37.997866Z,0,0,495,176,0
2026-08-17T00:25:38.0031049Z,0,0,495,176,0
2026-08-17T00:25:38.0077877Z,0,0,495,176,0
2026-08-17T00:25:38.0128535Z,0,0,495,176,0
2026-08-17T00:25:38.0177951Z,0,0,495,176,0
2026-08-17T00:25:38.0224118Z,0,0,495,176,0
2026-08-17T00:25:38.0279007Z,0,0,495,176,0
2026-08-17T00:25:38.0326478Z,0,0,495,176,0
2026-08-17T00:25:38.0378563Z,0,0,495,176,0
2026-08-17T00:25:38.0426448Z,0,0,495,176,0
2026-08-17T00:25:38.0480335Z,0,0,495,176,0
2026-08-17T00:25:38.0531249Z,0,0,495,176,0
2026-08-17T00:25:38.0578759Z,0,0,495,176,0
2026-08-17T00:25:38.062793Z,0,0,495,176,0
2026-08-17T00:25:38.0676441Z,0,0,495,176,0
2026-08-17T00:25:38.0729619Z,0,0,495,176,0
2026-08-17T00:25:38.0778715Z,0,0,495,176,0
2026-08-17T00:25:38.0826256Z,0,0,495,176,0
2026-08-17T00:25:38.0880594Z,0,0,495,176,0
2026-08-17T00:25:38.093011Z,0,0,495,176,0
2026-08-17T00:25:38.0977124Z,0,0,495,176,0
2026-08-17T00:25:38.1030498Z,0,0,495,176,0
2026-08-17T00:25:38.107538Z,0,0,495,176,0
2026-08-17T00:25:38.1127084Z,0,0,495,176,0
2026-08-17T00:25:38.1179393Z,0,0,495,176,0
2026-08-17T00:25:38.1227208Z,0,0,495,176,0
2026-08-17T00:25:38.1279405Z,0,0,495,176,0
2026-08-17T00:25:38.1326833Z,0,0,495,176,0
2026-08-17T00:25:38.1379558Z,0,0,495,176,0
2026-08-17T00:25:38.142649Z,0,0,495,176,0
2026-08-17T00:25:38.1482117Z,0,0,495,176,0
2026-08-17T00:25:38.1527507Z,0,0,495,176,0
2026-08-17T00:25:38.1577429Z,0,0,495,176,0
2026-08-17T00:25:38.162726Z,0,0,495,176,0
2026-08-17T00:25:38.1679585Z,0,0,495,176,0
2026-08-17T00:25:38.1726755Z,0,0,495,176,0
2026-08-17T00:25:38.177704Z,0,0,495,176,0
2026-08-17T00:25:38.1826415Z,0,0,495,176,0
2026-08-17T00:25:38.1877744Z,0,0,495,176,0
2026-08-17T00:25:38.1928196Z,0,0,495,176,0
2026-08-17T00:25:38.1976287Z,0,0,495,176,0
2026-08-17T00:25:38.2029162Z,0,0,495,176,0
2026-08-17T00:25:38.2079559Z,0,0,495,176,0
2026-08-17T00:25:38.2127595Z,0,0,495,176,0
2026-08-17T00:25:38.2182806Z,0,0,495,176,0
2026-08-17T00:25:38.2229258Z,0,0,495,176,0
2026-08-17T00:25:38.2279534Z,0,0,495,176,0
2026-08-17T00:25:38.2331869Z,0,0,495,176,0
2026-08-17T00:25:38.2378844Z,0,0,495,176,0
2026-08-17T00:25:38.2430175Z,0,0,495,176,0
2026-08-17T00:25:38.2480327Z,0,0,495,176,0
2026-08-17T00:25:38.2528269Z,0,0,495,176,0
2026-08-17T00:25:38.2576692Z,0,0,495,176,0
2026-08-17T00:25:38.2627905Z,0,0,495,176,0
2026-08-17T00:25:38.2678948Z,0,0,495,176,0
2026-08-17T00:25:38.272649Z,0,0,495,176,0
2026-08-17T00:25:38.2776744Z,0,0,495,176,0
2026-08-17T00:25:38.28296Z,0,0,495,176,0
2026-08-17T00:25:38.2876406Z,0,0,495,176,0
2026-08-17T00:25:38.2929717Z,0,0,495,176,0
2026-08-17T00:25:38.2977169Z,0,0,495,176,0
2026-08-17T00:25:38.3030365Z,0,0,495,176,0
2026-08-17T00:25:38.3080691Z,0,0,495,176,0
2026-08-17T00:25:38.3127774Z,0,0,495,176,0
2026-08-17T00:25:38.3176473Z,0,0,495,176,0
2026-08-17T00:25:38.3224545Z,0,0,495,176,0
2026-08-17T00:25:38.3278375Z,0,0,495,176,0
2026-08-17T00:25:38.3331215Z,0,0,495,176,0
2026-08-17T00:25:38.337792Z,0,0,495,176,0
2026-08-17T00:25:38.3431058Z,0,0,495,176,0
2026-08-17T00:25:38.3479941Z,0,0,495,176,0
2026-08-17T00:25:38.3527733Z,0,0,495,176,0
2026-08-17T00:25:38.3577064Z,0,0,495,176,0
2026-08-17T00:25:38.3631351Z,0,0,495,176,0
2026-08-17T00:25:38.3676766Z,0,0,495,176,0
2026-08-17T00:25:38.3729413Z,0,0,495,176,0
2026-08-17T00:25:38.3780603Z,0,0,495,176,0
2026-08-17T00:25:38.3828029Z,0,0,495,176,0
2026-08-17T00:25:38.3876408Z,0,0,495,176,0
2026-08-17T00:25:38.3929778Z,0,0,495,176,0
2026-08-17T00:25:38.3978239Z,0,0,495,176,0
2026-08-17T00:25:38.4025742Z,0,0,495,176,0
2026-08-17T00:25:38.4077456Z,0,0,495,176,0
2026-08-17T00:25:38.4129075Z,0,0,495,176,0
2026-08-17T00:25:38.4176236Z,0,0,495,176,0
2026-08-17T00:25:38.4228912Z,0,0,495,176,0
2026-08-17T00:25:38.4278464Z,0,0,495,176,0
2026-08-17T00:25:38.4325842Z,0,0,495,176,0
2026-08-17T00:25:38.4375254Z,0,0,495,176,0
2026-08-17T00:25:38.4428122Z,0,0,495,176,0
2026-08-17T00:25:38.4475957Z,0,0,495,176,0
2026-08-17T00:25:38.4529469Z,0,0,495,176,0
2026-08-17T00:25:38.4574098Z,0,0,495,176,0
2026-08-17T00:25:38.4626124Z,0,0,495,176,0
2026-08-17T00:25:38.4676398Z,0,0,495,176,0
2026-08-17T00:25:38.4723807Z,0,0,495,176,0
2026-08-17T00:25:38.4776411Z,0,0,495,176,0
2026-08-17T00:25:38.482694Z,0,0,495,176,0
2026-08-17T00:25:38.4879925Z,0,0,495,176,0
2026-08-17T00:25:38.4927484Z,0,0,495,176,0
2026-08-17T00:25:38.4979721Z,0,0,495,176,0
2026-08-17T00:25:38.5026655Z,0,0,495,176,0
2026-08-17T00:25:38.5079583Z,0,0,495,176,0
2026-08-17T00:25:38.5128247Z,0,0,495,176,0
2026-08-17T00:25:38.5180011Z,0,0,495,176,0
2026-08-17T00:25:38.5225585Z,0,0,495,176,0
2026-08-17T00:25:38.5278242Z,0,0,495,176,0
2026-08-17T00:25:38.533022Z,0,0,495,176,0
2026-08-17T00:25:38.5376993Z,0,0,495,176,0
2026-08-17T00:25:38.5427663Z,0,0,495,176,0
2026-08-17T00:25:38.5479059Z,0,0,495,176,0
2026-08-17T00:25:38.5530857Z,0,0,495,176,0
2026-08-17T00:25:38.5577297Z,0,0,495,176,0
2026-08-17T00:25:38.5625383Z,0,0,495,176,0
2026-08-17T00:25:38.5684468Z,0,0,495,176,0
2026-08-17T00:25:38.5725454Z,0,0,495,176,0
2026-08-17T00:25:38.5777441Z,0,0,495,176,0
2026-08-17T00:25:38.582959Z,0,0,495,176,0
2026-08-17T00:25:38.5876252Z,0,0,495,176,0
2026-08-17T00:25:38.5924194Z,0,0,495,176,0
2026-08-17T00:25:38.5976685Z,0,0,495,176,0
2026-08-17T00:25:38.6028464Z,0,0,495,176,0
2026-08-17T00:25:38.6076019Z,0,0,495,176,0
2026-08-17T00:25:38.6128699Z,0,0,495,176,0
2026-08-17T00:25:38.6175811Z,0,0,495,176,0
2026-08-17T00:25:38.6228576Z,0,0,495,176,0
2026-08-17T00:25:38.62806Z,0,0,495,176,0
2026-08-17T00:25:38.632598Z,0,0,495,176,0
2026-08-17T00:25:38.637843Z,0,0,495,176,0
2026-08-17T00:25:38.6425128Z,0,0,495,176,0
2026-08-17T00:25:38.6478679Z,0,0,495,176,0
2026-08-17T00:25:38.6530704Z,0,0,495,176,0
2026-08-17T00:25:38.6577007Z,0,0,495,176,0
2026-08-17T00:25:38.6630037Z,0,0,495,176,0
2026-08-17T00:25:38.6678599Z,0,0,495,176,0
2026-08-17T00:25:38.6725649Z,0,0,495,176,0
2026-08-17T00:25:38.6776685Z,0,0,495,176,0
2026-08-17T00:25:38.6827502Z,0,0,495,176,0
2026-08-17T00:25:38.6875928Z,0,0,495,176,0
2026-08-17T00:25:38.6927426Z,0,0,495,176,0
2026-08-17T00:25:38.6979119Z,0,0,495,176,0
2026-08-17T00:25:38.7027663Z,0,0,495,176,0
2026-08-17T00:25:38.7078273Z,0,0,495,176,0
2026-08-17T00:25:38.7129271Z,0,0,495,176,0
2026-08-17T00:25:38.7176364Z,0,0,495,176,0
2026-08-17T00:25:38.72286Z,0,0,495,176,0
2026-08-17T00:25:38.7281589Z,0,0,495,176,0
2026-08-17T00:25:38.7326986Z,0,0,495,176,0
2026-08-17T00:25:38.7378731Z,0,0,495,176,0
2026-08-17T00:25:38.7428535Z,0,0,495,176,0
2026-08-17T00:25:38.7477573Z,0,0,495,176,0
2026-08-17T00:25:38.753046Z,0,0,495,176,0
2026-08-17T00:25:38.757381Z,0,0,495,176,0
2026-08-17T00:25:38.7626689Z,0,0,495,176,0
2026-08-17T00:25:38.7679705Z,0,0,495,176,0
2026-08-17T00:25:38.772587Z,0,0,495,176,0
2026-08-17T00:25:38.7779304Z,0,0,495,176,0
2026-08-17T00:25:38.782616Z,0,0,495,176,0
2026-08-17T00:25:38.7879494Z,0,0,495,176,0
2026-08-17T00:25:38.7928368Z,0,0,495,176,0
2026-08-17T00:25:38.7975639Z,0,0,495,176,0
2026-08-17T00:25:38.8028779Z,0,0,495,176,0
2026-08-17T00:25:38.807449Z,0,0,495,176,0
2026-08-17T00:25:38.8126461Z,0,0,495,176,0
2026-08-17T00:25:38.8178789Z,0,0,495,176,0
2026-08-17T00:25:38.8230042Z,0,0,495,176,0
2026-08-17T00:25:38.8278304Z,0,0,495,176,0
2026-08-17T00:25:38.8324678Z,0,0,495,176,0
2026-08-17T00:25:38.8376238Z,0,0,495,176,0
2026-08-17T00:25:38.8427309Z,0,0,495,176,0
2026-08-17T00:25:38.847821Z,0,0,495,176,0
2026-08-17T00:25:38.8526855Z,0,0,495,176,0
2026-08-17T00:25:38.8578886Z,0,0,495,176,0
2026-08-17T00:25:38.8630156Z,0,0,495,176,0
2026-08-17T00:25:38.8678838Z,0,0,495,176,0
2026-08-17T00:25:38.8726222Z,0,0,495,176,0
2026-08-17T00:25:38.8778495Z,0,0,495,176,0
2026-08-17T00:25:38.8829543Z,0,0,495,176,0
2026-08-17T00:25:38.8876797Z,0,0,495,176,0
2026-08-17T00:25:38.8925497Z,0,0,495,176,0
2026-08-17T00:25:38.8977385Z,0,0,495,176,0
2026-08-17T00:25:38.9029459Z,0,0,495,176,0
2026-08-17T00:25:38.9078605Z,0,0,495,176,0
2026-08-17T00:25:38.9129799Z,0,0,495,176,0
2026-08-17T00:25:38.9177224Z,0,0,495,176,0
2026-08-17T00:25:38.9229095Z,0,0,495,176,0
2026-08-17T00:25:38.9281352Z,0,0,495,176,0
2026-08-17T00:25:38.9328063Z,0,0,495,176,0
2026-08-17T00:25:38.9380027Z,0,0,495,176,0
2026-08-17T00:25:38.9428734Z,0,0,495,176,0
2026-08-17T00:25:38.9478961Z,0,0,495,176,0
2026-08-17T00:25:38.9529765Z,0,0,495,176,0
2026-08-17T00:25:38.9580646Z,0,0,495,176,0
2026-08-17T00:25:38.9631771Z,0,0,495,176,0
2026-08-17T00:25:38.9678033Z,0,0,495,176,0
2026-08-17T00:25:38.9724908Z,0,0,495,176,0
2026-08-17T00:25:38.9774514Z,0,0,495,176,0
2026-08-17T00:25:38.9827015Z,0,0,495,176,0
2026-08-17T00:25:38.9878601Z,0,0,495,176,0
2026-08-17T00:25:38.9926771Z,0,0,495,176,0
2026-08-17T00:25:38.997995Z,0,0,495,176,0
2026-08-17T00:25:39.0027725Z,0,0,495,176,0
2026-08-17T00:25:39.007913Z,0,0,495,176,0
2026-08-17T00:25:39.0126653Z,0,0,495,176,0
2026-08-17T00:25:39.0177222Z,0,0,495,176,0
2026-08-17T00:25:39.0239093Z,0,0,495,176,0
2026-08-17T00:25:39.0277199Z,0,0,495,176,0
2026-08-17T00:25:39.0329076Z,0,0,495,176,0
2026-08-17T00:25:39.0376034Z,0,0,495,176,0
2026-08-17T00:25:39.042852Z,0,0,495,176,0
2026-08-17T00:25:39.0479767Z,0,0,495,176,0
2026-08-17T00:25:39.0526964Z,0,0,495,176,0
2026-08-17T00:25:39.0577278Z,0,0,495,176,0
2026-08-17T00:25:39.0628062Z,0,0,495,176,0
2026-08-17T00:25:39.0674996Z,0,0,495,176,0
2026-08-17T00:25:39.0725879Z,0,0,495,176,0
2026-08-17T00:25:39.077419Z,0,0,495,176,0
2026-08-17T00:25:39.0828376Z,0,0,495,176,0
2026-08-17T00:25:39.0880698Z,0,0,495,176,0
2026-08-17T00:25:39.0927005Z,0,0,495,176,0
2026-08-17T00:25:39.0977632Z,0,0,495,176,0
2026-08-17T00:25:39.1031263Z,0,0,495,176,0
2026-08-17T00:25:39.1080262Z,0,0,495,176,0
2026-08-17T00:25:39.1130612Z,0,0,495,176,0
2026-08-17T00:25:39.1175888Z,0,0,495,176,0
2026-08-17T00:25:39.1231369Z,0,0,495,176,0
2026-08-17T00:25:39.1280734Z,0,0,495,176,0
2026-08-17T00:25:39.1327968Z,0,0,495,176,0
2026-08-17T00:25:39.1380098Z,0,0,495,176,0
2026-08-17T00:25:39.1429318Z,0,0,495,176,0
2026-08-17T00:25:39.1475315Z,0,0,495,176,0
2026-08-17T00:25:39.1526794Z,0,0,495,176,0
2026-08-17T00:25:39.1575921Z,0,0,495,176,0
2026-08-17T00:25:39.1625067Z,0,0,495,176,0
2026-08-17T00:25:39.1675428Z,0,0,495,176,0
2026-08-17T00:25:39.1724338Z,0,0,495,176,0
2026-08-17T00:25:39.1777903Z,0,0,495,176,0
2026-08-17T00:25:39.1830101Z,0,0,495,176,0
2026-08-17T00:25:39.1875423Z,0,0,495,176,0
2026-08-17T00:25:39.1932602Z,0,0,495,176,0
2026-08-17T00:25:39.1979167Z,0,0,495,176,0
2026-08-17T00:25:39.2025763Z,0,0,495,176,0
2026-08-17T00:25:39.2080819Z,0,0,495,176,0
2026-08-17T00:25:39.2124819Z,0,0,495,176,0
2026-08-17T00:25:39.2175806Z,0,0,495,176,0
2026-08-17T00:25:39.2230109Z,0,0,495,176,0
2026-08-17T00:25:39.2276203Z,0,0,495,176,0
2026-08-17T00:25:39.2329048Z,0,0,495,176,0
2026-08-17T00:25:39.2376356Z,0,0,495,176,0
2026-08-17T00:25:39.2428277Z,0,0,495,176,0
2026-08-17T00:25:39.2479871Z,0,0,495,176,0
2026-08-17T00:25:39.2530035Z,0,0,495,176,0
2026-08-17T00:25:39.2576867Z,0,0,495,176,0
2026-08-17T00:25:39.2625298Z,0,0,495,176,0
2026-08-17T00:25:39.2675246Z,0,0,495,176,0
2026-08-17T00:25:39.2732709Z,0,0,495,176,0
2026-08-17T00:25:39.2780436Z,0,0,495,176,0
2026-08-17T00:25:39.2828513Z,0,0,495,176,0
2026-08-17T00:25:39.2876913Z,0,0,495,176,0
2026-08-17T00:25:39.2926782Z,0,0,495,176,0
2026-08-17T00:25:39.2978623Z,0,0,495,176,0
2026-08-17T00:25:39.3031357Z,0,0,495,176,0
2026-08-17T00:25:39.3082594Z,0,0,495,176,0
2026-08-17T00:25:39.3125637Z,0,0,495,176,0
2026-08-17T00:25:39.3178717Z,0,0,495,176,0
2026-08-17T00:25:39.3227023Z,0,0,495,176,0
2026-08-17T00:25:39.3279538Z,0,0,495,176,0
2026-08-17T00:25:39.3325833Z,0,0,495,176,0
2026-08-17T00:25:39.3377911Z,0,0,495,176,0
2026-08-17T00:25:39.3428844Z,0,0,495,176,0
2026-08-17T00:25:39.347575Z,0,0,495,176,0
2026-08-17T00:25:39.3529799Z,0,0,495,176,0
2026-08-17T00:25:39.3577231Z,0,0,495,176,0
2026-08-17T00:25:39.3624962Z,0,0,495,176,0
2026-08-17T00:25:39.3682963Z,0,0,495,176,0
2026-08-17T00:25:39.37277Z,0,0,495,176,0
2026-08-17T00:25:39.3778484Z,0,0,495,176,0
2026-08-17T00:25:39.383034Z,0,0,495,176,0
2026-08-17T00:25:39.3880351Z,0,0,495,176,0
2026-08-17T00:25:39.3926936Z,0,0,495,176,0
2026-08-17T00:25:39.3974956Z,0,0,495,176,0
2026-08-17T00:25:39.4028586Z,0,0,495,176,0
2026-08-17T00:25:39.4076144Z,0,0,495,176,0
2026-08-17T00:25:39.4128437Z,0,0,495,176,0
2026-08-17T00:25:39.4176232Z,0,0,495,176,0
2026-08-17T00:25:39.4232282Z,0,0,495,176,0
2026-08-17T00:25:39.4283874Z,0,0,495,176,0
2026-08-17T00:25:39.4331665Z,0,0,495,176,0
2026-08-17T00:25:39.4377998Z,0,0,495,176,0
2026-08-17T00:25:39.4430213Z,0,0,495,176,0
2026-08-17T00:25:39.447705Z,0,0,495,176,0
2026-08-17T00:25:39.4530259Z,0,0,495,176,0
2026-08-17T00:25:39.4577511Z,0,0,495,176,0
2026-08-17T00:25:39.4628399Z,0,0,495,176,0
2026-08-17T00:25:39.4676866Z,0,0,495,176,0
2026-08-17T00:25:39.4724589Z,0,0,495,176,0
2026-08-17T00:25:39.4782247Z,0,0,495,176,0
2026-08-17T00:25:39.4830145Z,0,0,495,176,0
2026-08-17T00:25:39.4878446Z,0,0,495,176,0
2026-08-17T00:25:39.493069Z,0,0,495,176,0
2026-08-17T00:25:39.4978665Z,0,0,495,176,0
2026-08-17T00:25:39.5026423Z,0,0,495,176,0
2026-08-17T00:25:39.5077598Z,0,0,495,176,0
2026-08-17T00:25:39.5128777Z,0,0,495,176,0
2026-08-17T00:25:39.5177738Z,0,0,495,176,0
2026-08-17T00:25:39.5229143Z,0,0,495,176,0
2026-08-17T00:25:39.5280724Z,0,0,495,176,0
2026-08-17T00:25:39.5328516Z,0,0,495,176,0
2026-08-17T00:25:39.537635Z,0,0,495,176,0
2026-08-17T00:25:39.5427757Z,0,0,495,176,0
2026-08-17T00:25:39.5477809Z,0,0,495,176,0
2026-08-17T00:25:39.5525554Z,0,0,495,176,0
2026-08-17T00:25:39.5578617Z,0,0,495,176,0
2026-08-17T00:25:39.5631467Z,0,0,495,176,0
2026-08-17T00:25:39.5676878Z,0,0,495,176,0
2026-08-17T00:25:39.5729327Z,0,0,495,176,0
2026-08-17T00:25:39.5778488Z,0,0,495,176,0
2026-08-17T00:25:39.5828506Z,0,0,495,176,0
2026-08-17T00:25:39.5875496Z,0,0,495,176,0
2026-08-17T00:25:39.5926418Z,0,0,495,176,0
2026-08-17T00:25:39.5976203Z,0,0,495,176,0
2026-08-17T00:25:39.6030185Z,0,0,495,176,0
2026-08-17T00:25:39.6077533Z,0,0,495,176,0
2026-08-17T00:25:39.6125199Z,0,0,495,176,0
2026-08-17T00:25:39.6175491Z,0,0,495,176,0
2026-08-17T00:25:39.6229803Z,0,0,495,176,0
2026-08-17T00:25:39.6278492Z,0,0,495,176,0
2026-08-17T00:25:39.6326187Z,0,0,495,176,0
2026-08-17T00:25:39.6378866Z,0,0,495,176,0
2026-08-17T00:25:39.6430037Z,0,0,495,176,0
2026-08-17T00:25:39.6477935Z,0,0,495,176,0
2026-08-17T00:25:39.6526245Z,0,0,495,176,0
2026-08-17T00:25:39.6573874Z,0,0,495,176,0
2026-08-17T00:25:39.6628828Z,0,0,495,176,0
2026-08-17T00:25:39.667693Z,0,0,495,176,0
2026-08-17T00:25:39.6725505Z,0,0,495,176,0
2026-08-17T00:25:39.6778333Z,0,0,495,176,0
2026-08-17T00:25:39.6826523Z,0,0,495,176,0
2026-08-17T00:25:39.6878849Z,0,0,495,176,0
2026-08-17T00:25:39.6925457Z,0,0,495,176,0
2026-08-17T00:25:39.6977931Z,0,0,495,176,0
2026-08-17T00:25:39.7027507Z,0,0,495,176,0
2026-08-17T00:25:39.7078496Z,0,0,495,176,0
2026-08-17T00:25:39.712749Z,0,0,495,176,0
2026-08-17T00:25:39.7179927Z,0,0,495,176,0
2026-08-17T00:25:39.7230129Z,0,0,495,176,0
2026-08-17T00:25:39.7279535Z,0,0,495,176,0
2026-08-17T00:25:39.7327408Z,0,0,495,176,0
2026-08-17T00:25:39.7379434Z,0,0,495,176,0
2026-08-17T00:25:39.7429149Z,0,0,495,176,0
2026-08-17T00:25:39.7475955Z,0,0,495,176,0
2026-08-17T00:25:39.752918Z,0,0,495,176,0
2026-08-17T00:25:39.7578107Z,0,0,495,176,0
2026-08-17T00:25:39.7629163Z,0,0,495,176,0
2026-08-17T00:25:39.7676958Z,0,0,495,176,0
2026-08-17T00:25:39.7726071Z,0,0,495,176,0
2026-08-17T00:25:39.778093Z,0,0,495,176,0
2026-08-17T00:25:39.7829335Z,0,0,495,176,0
2026-08-17T00:25:39.7876654Z,0,0,495,176,0
2026-08-17T00:25:39.7926593Z,0,0,495,176,0
2026-08-17T00:25:39.7976797Z,0,0,495,176,0
2026-08-17T00:25:39.8025183Z,0,0,495,176,0
2026-08-17T00:25:39.8076729Z,0,0,495,176,0
2026-08-17T00:25:39.8125512Z,0,0,495,176,0
2026-08-17T00:25:39.8178886Z,0,0,495,176,0
2026-08-17T00:25:39.8227369Z,0,0,495,176,0
2026-08-17T00:25:39.827802Z,0,0,495,176,0
2026-08-17T00:25:39.8325664Z,0,0,495,176,0
2026-08-17T00:25:39.8378819Z,0,0,495,176,0
2026-08-17T00:25:39.8427936Z,0,0,495,176,0
2026-08-17T00:25:39.8476227Z,0,0,495,176,0
2026-08-17T00:25:39.8528973Z,0,0,495,176,0
2026-08-17T00:25:39.8581436Z,0,0,495,176,0
2026-08-17T00:25:39.8629241Z,0,0,495,176,0
2026-08-17T00:25:39.8681939Z,0,0,495,176,0
2026-08-17T00:25:39.8723841Z,0,0,495,176,0
2026-08-17T00:25:39.8779871Z,0,0,495,176,0
2026-08-17T00:25:39.8827046Z,0,0,495,176,0
2026-08-17T00:25:39.8879871Z,0,0,495,176,0
2026-08-17T00:25:39.8925332Z,0,0,495,176,0
2026-08-17T00:25:39.8975234Z,0,0,495,176,0
2026-08-17T00:25:39.9027798Z,0,0,495,176,0
2026-08-17T00:25:39.9076544Z,0,0,495,176,0
2026-08-17T00:25:39.9125855Z,0,0,495,176,0
2026-08-17T00:25:39.9179312Z,0,0,495,176,0
2026-08-17T00:25:39.92321Z,0,0,495,176,0
2026-08-17T00:25:39.9277241Z,0,0,495,176,0
2026-08-17T00:25:39.9328853Z,0,0,495,176,0
2026-08-17T00:25:39.9375581Z,0,0,495,176,0
2026-08-17T00:25:39.942772Z,0,0,495,176,0
2026-08-17T00:25:39.9477476Z,0,0,495,176,0
2026-08-17T00:25:39.9528837Z,0,0,495,176,0
2026-08-17T00:25:39.9580602Z,0,0,495,176,0
2026-08-17T00:25:39.9625532Z,0,0,495,176,0
2026-08-17T00:25:39.967729Z,0,0,495,176,0
2026-08-17T00:25:39.9729992Z,0,0,495,176,0
2026-08-17T00:25:39.9780462Z,0,0,495,176,0
2026-08-17T00:25:39.9826779Z,0,0,495,176,0
2026-08-17T00:25:39.9877052Z,0,0,495,176,0
2026-08-17T00:25:39.9925266Z,0,0,495,176,0
2026-08-17T00:25:39.9977313Z,0,0,495,176,0
2026-08-17T00:25:40.002846Z,0,0,495,176,0
2026-08-17T00:25:40.0076974Z,0,0,495,176,0
2026-08-17T00:25:40.0127825Z,0,0,495,176,0
2026-08-17T00:25:40.0179946Z,0,0,495,176,0
2026-08-17T00:25:40.0229774Z,0,0,495,176,0
2026-08-17T00:25:40.0280206Z,0,0,495,176,0
2026-08-17T00:25:40.0326638Z,0,0,495,176,0
2026-08-17T00:25:40.0378163Z,0,0,495,176,0
2026-08-17T00:25:40.0426799Z,0,0,495,176,0
2026-08-17T00:25:40.047624Z,0,0,495,176,0
2026-08-17T00:25:40.0527102Z,0,0,495,176,0
2026-08-17T00:25:40.057994Z,0,0,495,176,0
2026-08-17T00:25:40.0628993Z,0,0,495,176,0
2026-08-17T00:25:40.0675347Z,0,0,495,176,0
2026-08-17T00:25:40.0729088Z,0,0,495,176,0
2026-08-17T00:25:40.0780245Z,0,0,495,176,0
2026-08-17T00:25:40.0829393Z,0,0,495,176,0
2026-08-17T00:25:40.0876094Z,0,0,495,176,0
2026-08-17T00:25:40.0929472Z,0,0,495,176,0
2026-08-17T00:25:40.0975183Z,0,0,495,176,0
2026-08-17T00:25:40.1028326Z,0,0,495,176,0
2026-08-17T00:25:40.1077707Z,0,0,495,176,0
2026-08-17T00:25:40.1127852Z,0,0,495,176,0
2026-08-17T00:25:40.1178215Z,0,0,495,176,0
2026-08-17T00:25:40.1224724Z,0,0,495,176,0
2026-08-17T00:25:40.1277739Z,0,0,495,176,0
2026-08-17T00:25:40.1328915Z,0,0,495,176,0
2026-08-17T00:25:40.1375505Z,0,0,495,176,0
2026-08-17T00:25:40.1427522Z,0,0,495,176,0
2026-08-17T00:25:40.1476553Z,0,0,495,176,0
2026-08-17T00:25:40.1530436Z,0,0,495,176,0
2026-08-17T00:25:40.1578043Z,0,0,495,176,0
2026-08-17T00:25:40.1626423Z,0,0,495,176,0
2026-08-17T00:25:40.1677674Z,0,0,495,176,0
2026-08-17T00:25:40.1724287Z,0,0,495,176,0
2026-08-17T00:25:40.1777978Z,0,0,495,176,0
2026-08-17T00:25:40.1829178Z,0,0,495,176,0
2026-08-17T00:25:40.1878887Z,0,0,495,176,0
2026-08-17T00:25:40.1928276Z,0,0,495,176,0
2026-08-17T00:25:40.1975774Z,0,0,495,176,0
2026-08-17T00:25:40.2027745Z,0,0,495,176,0
2026-08-17T00:25:40.2077885Z,0,0,495,176,0
2026-08-17T00:25:40.2126655Z,0,0,495,176,0
2026-08-17T00:25:40.2175658Z,0,0,495,176,0
2026-08-17T00:25:40.2225287Z,0,0,495,176,0
2026-08-17T00:25:40.2279916Z,0,0,495,176,0
2026-08-17T00:25:40.2326336Z,0,0,495,176,0
2026-08-17T00:25:40.2377945Z,0,0,495,176,0
2026-08-17T00:25:40.2430708Z,0,0,495,176,0
2026-08-17T00:25:40.2475249Z,0,0,495,176,0
2026-08-17T00:25:40.2527455Z,0,0,495,176,0
2026-08-17T00:25:40.2578227Z,0,0,495,176,0
2026-08-17T00:25:40.2627547Z,0,0,495,176,0
2026-08-17T00:25:40.2679113Z,0,0,495,176,0
2026-08-17T00:25:40.2725331Z,0,0,495,176,0
2026-08-17T00:25:40.2774573Z,0,0,495,176,0
2026-08-17T00:25:40.2828567Z,0,0,495,176,0
2026-08-17T00:25:40.2878715Z,0,0,495,176,0
2026-08-17T00:25:40.2929801Z,0,0,495,176,0
2026-08-17T00:25:40.2976194Z,0,0,495,176,0
2026-08-17T00:25:40.3027958Z,0,0,495,176,0
2026-08-17T00:25:40.3082634Z,0,0,495,176,0
2026-08-17T00:25:40.3128392Z,0,0,495,176,0
2026-08-17T00:25:40.317631Z,0,0,495,176,0
2026-08-17T00:25:40.3224674Z,0,0,495,176,0
2026-08-17T00:25:40.3276971Z,0,0,495,176,0
2026-08-17T00:25:40.3328434Z,0,0,495,176,0
2026-08-17T00:25:40.3380209Z,0,0,495,176,0
2026-08-17T00:25:40.3425446Z,0,0,495,176,0
2026-08-17T00:25:40.347694Z,0,0,495,176,0
2026-08-17T00:25:40.3529838Z,0,0,495,176,0
2026-08-17T00:25:40.3576894Z,0,0,495,176,0
2026-08-17T00:25:40.3626386Z,0,0,495,176,0
2026-08-17T00:25:40.3677851Z,0,0,495,176,0
2026-08-17T00:25:40.3724002Z,0,0,495,176,0
2026-08-17T00:25:40.3776564Z,0,0,495,176,0
2026-08-17T00:25:40.382934Z,0,0,495,176,0
2026-08-17T00:25:40.3876873Z,0,0,495,176,0
2026-08-17T00:25:40.3929749Z,0,0,495,176,0
2026-08-17T00:25:40.3979981Z,0,0,495,176,0
2026-08-17T00:25:40.4026151Z,0,0,495,176,0
2026-08-17T00:25:40.4077305Z,0,0,495,176,0
2026-08-17T00:25:40.4130528Z,0,0,495,176,0
2026-08-17T00:25:40.4176957Z,0,0,495,176,0
2026-08-17T00:25:40.4225515Z,0,0,495,176,0
2026-08-17T00:25:40.427688Z,0,0,495,176,0
2026-08-17T00:25:40.4328331Z,0,0,495,176,0
2026-08-17T00:25:40.4374991Z,0,0,495,176,0
2026-08-17T00:25:40.4427007Z,0,0,495,176,0
2026-08-17T00:25:40.4475468Z,0,0,495,176,0
2026-08-17T00:25:40.4528605Z,0,0,495,176,0
2026-08-17T00:25:40.4577484Z,0,0,495,176,0
2026-08-17T00:25:40.463252Z,0,0,495,176,0
2026-08-17T00:25:40.4677663Z,0,0,495,176,0
2026-08-17T00:25:40.4728838Z,0,0,495,176,0
2026-08-17T00:25:40.4776318Z,0,0,495,176,0
2026-08-17T00:25:40.4828183Z,0,0,495,176,0
2026-08-17T00:25:40.4879159Z,0,0,495,176,0
2026-08-17T00:25:40.4928217Z,0,0,495,176,0
2026-08-17T00:25:40.4978851Z,0,0,495,176,0
2026-08-17T00:25:40.5025014Z,0,0,495,176,0
2026-08-17T00:25:40.5078326Z,0,0,495,176,0
2026-08-17T00:25:40.5127482Z,0,0,495,176,0
2026-08-17T00:25:40.5179004Z,0,0,495,176,0
2026-08-17T00:25:40.5229249Z,0,0,495,176,0
2026-08-17T00:25:40.5278533Z,0,0,495,176,0
2026-08-17T00:25:40.5329655Z,0,0,495,176,0
2026-08-17T00:25:40.5375972Z,0,0,495,176,0
2026-08-17T00:25:40.5430611Z,0,0,495,176,0
2026-08-17T00:25:40.5476222Z,0,0,495,176,0
2026-08-17T00:25:40.5526223Z,0,0,495,176,0
2026-08-17T00:25:40.5578573Z,0,0,495,176,0
2026-08-17T00:25:40.5630503Z,0,0,495,176,0
2026-08-17T00:25:40.5676986Z,0,0,495,176,0
2026-08-17T00:25:40.5728357Z,0,0,495,176,0
2026-08-17T00:25:40.57808Z,0,0,495,176,0
2026-08-17T00:25:40.5829317Z,0,0,495,176,0
2026-08-17T00:25:40.5875783Z,0,0,495,176,0
2026-08-17T00:25:40.5925158Z,0,0,495,176,0
2026-08-17T00:25:40.5977167Z,0,0,495,176,0
2026-08-17T00:25:40.6028892Z,0,0,495,176,0
2026-08-17T00:25:40.6075508Z,0,0,495,176,0
2026-08-17T00:25:40.6127015Z,0,0,495,176,0
2026-08-17T00:25:40.6174979Z,0,0,495,176,0
2026-08-17T00:25:40.6230373Z,0,0,495,176,0
2026-08-17T00:25:40.6276746Z,0,0,495,176,0
2026-08-17T00:25:40.6328203Z,0,0,495,176,0
2026-08-17T00:25:40.6375039Z,0,0,495,176,0
2026-08-17T00:25:40.6425367Z,0,0,495,176,0
2026-08-17T00:25:40.6480595Z,0,0,495,176,0
2026-08-17T00:25:40.6528363Z,0,0,495,176,0
2026-08-17T00:25:40.6576843Z,0,0,495,176,0
2026-08-17T00:25:40.6628745Z,0,0,495,176,0
2026-08-17T00:25:40.6675158Z,0,0,495,176,0
2026-08-17T00:25:40.6729622Z,0,0,495,176,0
2026-08-17T00:25:40.677624Z,0,0,495,176,0
2026-08-17T00:25:40.6828196Z,0,0,495,176,0
2026-08-17T00:25:40.6875574Z,0,0,495,176,0
2026-08-17T00:25:40.6927364Z,0,0,495,176,0
2026-08-17T00:25:40.6974812Z,0,0,495,176,0
2026-08-17T00:25:40.7025977Z,0,0,495,176,0
2026-08-17T00:25:40.7078258Z,0,0,495,176,0
2026-08-17T00:25:40.7125919Z,0,0,495,176,0
2026-08-17T00:25:40.7179391Z,0,0,495,176,0
2026-08-17T00:25:40.7226671Z,0,0,495,176,0
2026-08-17T00:25:40.7282052Z,0,0,495,176,0
2026-08-17T00:25:40.7329246Z,0,0,495,176,0
2026-08-17T00:25:40.737569Z,0,0,495,176,0
2026-08-17T00:25:40.742843Z,0,0,495,176,0
2026-08-17T00:25:40.7479932Z,0,0,495,176,0
2026-08-17T00:25:40.7528238Z,0,0,495,176,0
2026-08-17T00:25:40.7578534Z,0,0,495,176,0
2026-08-17T00:25:40.7627756Z,0,0,495,176,0
2026-08-17T00:25:40.7679241Z,0,0,495,176,0
2026-08-17T00:25:40.7725647Z,0,0,495,176,0
2026-08-17T00:25:40.7778167Z,0,0,495,176,0
2026-08-17T00:25:40.7828552Z,0,0,495,176,0
2026-08-17T00:25:40.787648Z,0,0,495,176,0
2026-08-17T00:25:40.79251Z,0,0,495,176,0
2026-08-17T00:25:40.7978432Z,0,0,495,176,0
2026-08-17T00:25:40.8024968Z,0,0,495,176,0
2026-08-17T00:25:40.8079431Z,0,0,495,176,0
2026-08-17T00:25:40.8131028Z,0,0,495,176,0
2026-08-17T00:25:40.8177415Z,0,0,495,176,0
2026-08-17T00:25:40.8229641Z,0,0,495,176,0
2026-08-17T00:25:40.8277521Z,0,0,495,176,0
2026-08-17T00:25:40.8329166Z,0,0,495,176,0
2026-08-17T00:25:40.8377714Z,0,0,495,176,0
2026-08-17T00:25:40.8424207Z,0,0,495,176,0
2026-08-17T00:25:40.8476687Z,0,0,495,176,0
2026-08-17T00:25:40.8528357Z,0,0,495,176,0
2026-08-17T00:25:40.8576594Z,0,0,495,176,0
2026-08-17T00:25:40.8629536Z,0,0,495,176,0
2026-08-17T00:25:40.867607Z,0,0,495,176,0
2026-08-17T00:25:40.8727408Z,0,0,495,176,0
2026-08-17T00:25:40.8776817Z,0,0,495,176,0
2026-08-17T00:25:40.8827002Z,0,0,495,176,0
2026-08-17T00:25:40.8875748Z,0,0,495,176,0
2026-08-17T00:25:40.892786Z,0,0,495,176,0
2026-08-17T00:25:40.8979553Z,0,0,495,176,0
2026-08-17T00:25:40.9025954Z,0,0,495,176,0
2026-08-17T00:25:40.9081075Z,0,0,495,176,0
2026-08-17T00:25:40.9125088Z,0,0,495,176,0
2026-08-17T00:25:40.9175652Z,0,0,495,176,0
2026-08-17T00:25:40.9230682Z,0,0,495,176,0
2026-08-17T00:25:40.9276461Z,0,0,495,176,0
2026-08-17T00:25:40.9328502Z,0,0,495,176,0
2026-08-17T00:25:40.9374813Z,0,0,495,176,0
2026-08-17T00:25:40.9425403Z,0,0,495,176,0
2026-08-17T00:25:40.9478832Z,0,0,495,176,0
2026-08-17T00:25:40.9528573Z,0,0,495,176,0
2026-08-17T00:25:40.9579622Z,0,0,495,176,0
2026-08-17T00:25:40.9629586Z,0,0,495,176,0
2026-08-17T00:25:40.9677007Z,0,0,495,176,0
2026-08-17T00:25:40.9729558Z,0,0,495,176,0
2026-08-17T00:25:40.9778165Z,0,0,495,176,0
2026-08-17T00:25:40.9825821Z,0,0,495,176,0
2026-08-17T00:25:40.9876778Z,0,0,495,176,0
2026-08-17T00:25:40.9925652Z,0,0,495,176,0
2026-08-17T00:25:40.9976025Z,0,0,495,176,0
2026-08-17T00:25:41.0028127Z,0,0,495,176,0
2026-08-17T00:25:41.0079355Z,0,0,495,176,0
2026-08-17T00:25:41.0129777Z,0,0,495,176,0
2026-08-17T00:25:41.0176734Z,0,0,495,176,0
2026-08-17T00:25:41.0224008Z,0,0,495,176,0
2026-08-17T00:25:41.0277749Z,0,0,495,176,0
2026-08-17T00:25:41.0329467Z,0,0,495,176,0
2026-08-17T00:25:41.037609Z,0,0,495,176,0
2026-08-17T00:25:41.0425612Z,0,0,495,176,0
2026-08-17T00:25:41.0477327Z,0,0,495,176,0
2026-08-17T00:25:41.0528198Z,0,0,495,176,0
2026-08-17T00:25:41.0576525Z,0,0,495,176,0
2026-08-17T00:25:41.0625638Z,0,0,495,176,0
2026-08-17T00:25:41.0677654Z,0,0,495,176,0
2026-08-17T00:25:41.0724435Z,0,0,495,176,0
2026-08-17T00:25:41.078003Z,0,0,495,176,0
2026-08-17T00:25:41.0827705Z,0,0,495,176,0
2026-08-17T00:25:41.0879237Z,0,0,495,176,0
2026-08-17T00:25:41.092929Z,0,0,495,176,0
2026-08-17T00:25:41.0975745Z,0,0,495,176,0
2026-08-17T00:25:41.1027791Z,0,0,495,176,0
2026-08-17T00:25:41.1081532Z,0,0,495,176,0
2026-08-17T00:25:41.112549Z,0,0,495,176,0
2026-08-17T00:25:41.1175378Z,0,0,495,176,0
2026-08-17T00:25:41.1229387Z,0,0,495,176,0
2026-08-17T00:25:41.1278674Z,0,0,495,176,0
2026-08-17T00:25:41.132471Z,0,0,495,176,0
2026-08-17T00:25:41.1377304Z,0,0,495,176,0
2026-08-17T00:25:41.1425656Z,0,0,495,176,0
2026-08-17T00:25:41.1476506Z,0,0,495,176,0
2026-08-17T00:25:41.1529475Z,0,0,495,176,0
2026-08-17T00:25:41.1580217Z,0,0,495,176,0
2026-08-17T00:25:41.1628182Z,0,0,495,176,0
2026-08-17T00:25:41.1680033Z,0,0,495,176,0
2026-08-17T00:25:41.17264Z,0,0,495,176,0
2026-08-17T00:25:41.1775468Z,0,0,495,176,0
2026-08-17T00:25:41.182794Z,0,0,495,176,0
2026-08-17T00:25:41.1876901Z,0,0,495,176,0
2026-08-17T00:25:41.1930293Z,0,0,495,176,0
2026-08-17T00:25:41.1976605Z,0,0,495,176,0
2026-08-17T00:25:41.2027759Z,0,0,495,176,0
2026-08-17T00:25:41.2078591Z,0,0,495,176,0
2026-08-17T00:25:41.2128493Z,0,0,495,176,0
2026-08-17T00:25:41.2177746Z,0,0,495,176,0
2026-08-17T00:25:41.2229783Z,0,0,495,176,0
2026-08-17T00:25:41.2279017Z,0,0,495,176,0
2026-08-17T00:25:41.2330972Z,0,0,495,176,0
2026-08-17T00:25:41.2377982Z,0,0,495,176,0
2026-08-17T00:25:41.2425985Z,0,0,495,176,0
2026-08-17T00:25:41.2478905Z,0,0,495,176,0
2026-08-17T00:25:41.2525917Z,0,0,495,176,0
2026-08-17T00:25:41.2579177Z,0,0,495,176,0
2026-08-17T00:25:41.2628642Z,0,0,495,176,0
2026-08-17T00:25:41.2675479Z,0,0,495,176,0
2026-08-17T00:25:41.2729146Z,0,0,495,176,0
2026-08-17T00:25:41.2775481Z,0,0,495,176,0
2026-08-17T00:25:41.2829105Z,0,0,495,176,0
2026-08-17T00:25:41.2876422Z,0,0,495,176,0
2026-08-17T00:25:41.292991Z,0,0,495,176,0
2026-08-17T00:25:41.2975902Z,0,0,495,176,0
2026-08-17T00:25:41.3027129Z,0,0,495,176,0
2026-08-17T00:25:41.3075969Z,0,0,495,176,0
2026-08-17T00:25:41.3128827Z,0,0,495,176,0
2026-08-17T00:25:41.3177876Z,0,0,495,176,0
2026-08-17T00:25:41.3226027Z,0,0,495,176,0
2026-08-17T00:25:41.3280003Z,0,0,495,176,0
2026-08-17T00:25:41.33266Z,0,0,495,176,0
2026-08-17T00:25:41.3378457Z,0,0,495,176,0
2026-08-17T00:25:41.3428601Z,0,0,495,176,0
2026-08-17T00:25:41.3475356Z,0,0,495,176,0
2026-08-17T00:25:41.3530135Z,0,0,495,176,0
2026-08-17T00:25:41.3579664Z,0,0,495,176,0
2026-08-17T00:25:41.3628557Z,0,0,495,176,0
2026-08-17T00:25:41.3680443Z,0,0,495,176,0
2026-08-17T00:25:41.3726952Z,0,0,495,176,0
2026-08-17T00:25:41.3778858Z,0,0,495,176,0
2026-08-17T00:25:41.382885Z,0,0,495,176,0
2026-08-17T00:25:41.3875367Z,0,0,495,176,0
2026-08-17T00:25:41.3927838Z,0,0,495,176,0
2026-08-17T00:25:41.3976621Z,0,0,495,176,0
2026-08-17T00:25:41.4027908Z,0,0,495,176,0
2026-08-17T00:25:41.4079829Z,0,0,495,176,0
2026-08-17T00:25:41.4125255Z,0,0,495,176,0
2026-08-17T00:25:41.4176456Z,0,0,495,176,0
2026-08-17T00:25:41.4228703Z,0,0,495,176,0
2026-08-17T00:25:41.4275605Z,0,0,495,176,0
2026-08-17T00:25:41.4326737Z,0,0,495,176,0
2026-08-17T00:25:41.437835Z,0,0,495,176,0
2026-08-17T00:25:41.4427283Z,0,0,495,176,0
2026-08-17T00:25:41.4475118Z,0,0,495,176,0
2026-08-17T00:25:41.4528197Z,0,0,495,176,0
2026-08-17T00:25:41.4581114Z,0,0,495,176,0
2026-08-17T00:25:41.4630302Z,0,0,495,176,0
2026-08-17T00:25:41.4676388Z,0,0,495,176,0
2026-08-17T00:25:41.4727788Z,0,0,495,176,0
2026-08-17T00:25:41.4776409Z,0,0,495,176,0
2026-08-17T00:25:41.4825701Z,0,0,495,176,0
2026-08-17T00:25:41.4877421Z,0,0,495,176,0
2026-08-17T00:25:41.4931899Z,0,0,495,176,0
2026-08-17T00:25:41.4976489Z,0,0,495,176,0
2026-08-17T00:25:41.5027594Z,0,0,495,176,0
2026-08-17T00:25:41.5078628Z,0,0,495,176,0
2026-08-17T00:25:41.5127271Z,0,0,495,176,0
2026-08-17T00:25:41.517872Z,0,0,495,176,0
2026-08-17T00:25:41.5225733Z,0,0,495,176,0
2026-08-17T00:25:41.5277453Z,0,0,495,176,0
2026-08-17T00:25:41.5328963Z,0,0,495,176,0
2026-08-17T00:25:41.5375366Z,0,0,495,176,0
2026-08-17T00:25:41.5428794Z,0,0,495,176,0
2026-08-17T00:25:41.547874Z,0,0,495,176,0
2026-08-17T00:25:41.5528213Z,0,0,495,176,0
2026-08-17T00:25:41.5576561Z,0,0,495,176,0
2026-08-17T00:25:41.5625978Z,0,0,495,176,0
2026-08-17T00:25:41.5677265Z,0,0,495,176,0
2026-08-17T00:25:41.5728399Z,0,0,495,176,0
2026-08-17T00:25:41.5777324Z,0,0,495,176,0
2026-08-17T00:25:41.5829059Z,0,0,495,176,0
2026-08-17T00:25:41.5875378Z,0,0,495,176,0
2026-08-17T00:25:41.5930121Z,0,0,495,176,0
2026-08-17T00:25:41.5976833Z,0,0,495,176,0
2026-08-17T00:25:41.6028642Z,0,0,495,176,0
2026-08-17T00:25:41.6080063Z,0,0,495,176,0
2026-08-17T00:25:41.6127621Z,0,0,495,176,0
2026-08-17T00:25:41.6179106Z,0,0,495,176,0
2026-08-17T00:25:41.6229266Z,0,0,495,176,0
2026-08-17T00:25:41.627726Z,0,0,495,176,0
2026-08-17T00:25:41.6324746Z,0,0,495,176,0
2026-08-17T00:25:41.6377471Z,0,0,495,176,0
2026-08-17T00:25:41.6426893Z,0,0,495,176,0
2026-08-17T00:25:41.6476426Z,0,0,495,176,0
2026-08-17T00:25:41.6529356Z,0,0,495,176,0
2026-08-17T00:25:41.658096Z,0,0,495,176,0
2026-08-17T00:25:41.6627671Z,0,0,495,176,0
2026-08-17T00:25:41.6679976Z,0,0,495,176,0
2026-08-17T00:25:41.6726794Z,0,0,495,176,0
2026-08-17T00:25:41.6778218Z,0,0,495,176,0
2026-08-17T00:25:41.6825398Z,0,0,495,176,0
2026-08-17T00:25:41.6878605Z,0,0,495,176,0
2026-08-17T00:25:41.6931909Z,0,0,495,176,0
2026-08-17T00:25:41.697784Z,0,0,495,176,0
2026-08-17T00:25:41.7025969Z,0,0,495,176,0
2026-08-17T00:25:41.708204Z,0,0,495,176,0
2026-08-17T00:25:41.7125484Z,0,0,495,176,0
2026-08-17T00:25:41.7177985Z,0,0,495,176,0
2026-08-17T00:25:41.7225501Z,0,0,495,176,0
2026-08-17T00:25:41.7282829Z,0,0,495,176,0
2026-08-17T00:25:41.7329879Z,0,0,495,176,0
2026-08-17T00:25:41.7377468Z,0,0,495,176,0
2026-08-17T00:25:41.7430889Z,0,0,495,176,0
2026-08-17T00:25:41.7478645Z,0,0,495,176,0
2026-08-17T00:25:41.7527343Z,0,0,495,176,0
2026-08-17T00:25:41.7581865Z,0,0,495,176,0
2026-08-17T00:25:41.7624917Z,0,0,495,176,0
2026-08-17T00:25:41.7677024Z,0,0,495,176,0
2026-08-17T00:25:41.7724562Z,0,0,495,176,0
2026-08-17T00:25:41.7776365Z,0,0,495,176,0
2026-08-17T00:25:41.782925Z,0,0,495,176,0
2026-08-17T00:25:41.787681Z,0,0,495,176,0
2026-08-17T00:25:41.7929565Z,0,0,495,176,0
2026-08-17T00:25:41.7978175Z,0,0,495,176,0
2026-08-17T00:25:41.803104Z,0,0,495,176,0
2026-08-17T00:25:41.8077358Z,0,0,495,176,0
2026-08-17T00:25:41.8125293Z,0,0,495,176,0
2026-08-17T00:25:41.8178421Z,0,0,495,176,0
2026-08-17T00:25:41.8231868Z,0,0,495,176,0
2026-08-17T00:25:41.8275671Z,0,0,495,176,0
2026-08-17T00:25:41.8328081Z,0,0,495,176,0
2026-08-17T00:25:41.8374639Z,0,0,495,176,0
2026-08-17T00:25:41.8425027Z,0,0,495,176,0
2026-08-17T00:25:41.8477035Z,0,0,495,176,0
2026-08-17T00:25:41.8530386Z,0,0,495,176,0
2026-08-17T00:25:41.8585387Z,0,0,495,176,0
2026-08-17T00:25:41.8632313Z,0,0,495,176,0
2026-08-17T00:25:41.8679895Z,0,0,495,176,0
2026-08-17T00:25:41.8726884Z,0,0,495,176,0
2026-08-17T00:25:41.8776818Z,0,0,495,176,0
2026-08-17T00:25:41.8824906Z,0,0,495,176,0
2026-08-17T00:25:41.8877212Z,0,0,495,176,0
2026-08-17T00:25:41.8928801Z,0,0,495,176,0
2026-08-17T00:25:41.8976962Z,0,0,495,176,0
2026-08-17T00:25:41.9029939Z,0,0,495,176,0
2026-08-17T00:25:41.9075096Z,0,0,495,176,0
2026-08-17T00:25:41.9128929Z,0,0,495,176,0
2026-08-17T00:25:41.9180367Z,0,0,495,176,0
2026-08-17T00:25:41.9229844Z,0,0,495,176,0
2026-08-17T00:25:41.9279263Z,0,0,495,176,0
2026-08-17T00:25:41.9330877Z,0,0,495,176,0
2026-08-17T00:25:41.9377881Z,0,0,495,176,0
2026-08-17T00:25:41.9431286Z,0,0,495,176,0
2026-08-17T00:25:41.947868Z,0,0,495,176,0
2026-08-17T00:25:41.9528803Z,0,0,495,176,0
2026-08-17T00:25:41.9582016Z,0,0,495,176,0
2026-08-17T00:25:41.9629066Z,0,0,495,176,0
2026-08-17T00:25:41.9680998Z,0,0,495,176,0
2026-08-17T00:25:41.9728611Z,0,0,495,176,0
2026-08-17T00:25:41.9776719Z,0,0,495,176,0
2026-08-17T00:25:41.9827471Z,0,0,495,176,0
2026-08-17T00:25:41.9881138Z,0,0,495,176,0
2026-08-17T00:25:41.9930739Z,0,0,495,176,0
2026-08-17T00:25:41.9981568Z,0,0,495,176,0
2026-08-17T00:25:42.0029631Z,0,0,495,176,0
2026-08-17T00:25:42.0080874Z,0,0,495,176,0
2026-08-17T00:25:42.0132031Z,0,0,495,176,0
2026-08-17T00:25:42.0179526Z,0,0,495,176,0
2026-08-17T00:25:42.0229439Z,0,0,495,176,0
2026-08-17T00:25:42.0278245Z,0,0,495,176,0
2026-08-17T00:25:42.0332009Z,0,0,495,176,0
2026-08-17T00:25:42.0378745Z,0,0,495,176,0
2026-08-17T00:25:42.0423861Z,0,0,495,176,0
2026-08-17T00:25:42.0482952Z,0,0,495,176,0
2026-08-17T00:25:42.0528052Z,0,0,495,176,0
2026-08-17T00:25:42.0577501Z,0,0,495,176,0
2026-08-17T00:25:42.0628531Z,0,0,495,176,0
2026-08-17T00:25:42.0682937Z,0,0,495,176,0
2026-08-17T00:25:42.0725136Z,0,0,495,176,0
2026-08-17T00:25:42.077889Z,0,0,495,176,0
2026-08-17T00:25:42.0828129Z,0,0,495,176,0
2026-08-17T00:25:42.0882986Z,0,0,495,176,0
2026-08-17T00:25:42.0929738Z,0,0,495,176,0
2026-08-17T00:25:42.097712Z,0,0,495,176,0
2026-08-17T00:25:42.1025261Z,0,0,495,176,0
2026-08-17T00:25:42.1077741Z,0,0,495,176,0
2026-08-17T00:25:42.1125054Z,0,0,495,176,0
2026-08-17T00:25:42.1177868Z,0,0,495,176,0
2026-08-17T00:25:42.1225248Z,0,0,495,176,0
2026-08-17T00:25:42.1275947Z,0,0,495,176,0
2026-08-17T00:25:42.1328219Z,0,0,495,176,0
2026-08-17T00:25:42.1375325Z,0,0,495,176,0
2026-08-17T00:25:42.1427892Z,0,0,495,176,0
2026-08-17T00:25:42.1479686Z,0,0,495,176,0
2026-08-17T00:25:42.1528075Z,0,0,495,176,0
2026-08-17T00:25:42.157885Z,0,0,495,176,0
2026-08-17T00:25:42.1630243Z,0,0,495,176,0
2026-08-17T00:25:42.1678905Z,0,0,495,176,0
2026-08-17T00:25:42.1726872Z,0,0,495,176,0
2026-08-17T00:25:42.1778411Z,0,0,495,176,0
2026-08-17T00:25:42.1825852Z,0,0,495,176,0
2026-08-17T00:25:42.1879101Z,0,0,495,176,0
2026-08-17T00:25:42.1924294Z,0,0,495,176,0
2026-08-17T00:25:42.1979145Z,0,0,495,176,0
2026-08-17T00:25:42.2025867Z,0,0,495,176,0
2026-08-17T00:25:42.2077603Z,0,0,495,176,0
2026-08-17T00:25:42.2131289Z,0,0,495,176,0
2026-08-17T00:25:42.2178535Z,0,0,495,176,0
2026-08-17T00:25:42.2225964Z,0,0,495,176,0
2026-08-17T00:25:42.2278898Z,0,0,495,176,0
2026-08-17T00:25:42.2326496Z,0,0,495,176,0
2026-08-17T00:25:42.2378691Z,0,0,495,176,0
2026-08-17T00:25:42.24249Z,0,0,495,176,0
2026-08-17T00:25:42.2477045Z,0,0,495,176,0
2026-08-17T00:25:42.2527667Z,0,0,495,176,0
2026-08-17T00:25:42.2578394Z,0,0,495,176,0
2026-08-17T00:25:42.2626706Z,0,0,495,176,0
2026-08-17T00:25:42.2679167Z,0,0,495,176,0
2026-08-17T00:25:42.2726731Z,0,0,495,176,0
2026-08-17T00:25:42.2780552Z,0,0,495,176,0
2026-08-17T00:25:42.2828163Z,0,0,495,176,0
2026-08-17T00:25:42.2878306Z,0,0,495,176,0
2026-08-17T00:25:42.2925719Z,0,0,495,176,0
2026-08-17T00:25:42.2978661Z,0,0,495,176,0
2026-08-17T00:25:42.3025327Z,0,0,495,176,0
2026-08-17T00:25:42.3079331Z,0,0,495,176,0
2026-08-17T00:25:42.3125706Z,0,0,495,176,0
2026-08-17T00:25:42.3177916Z,0,0,495,176,0
2026-08-17T00:25:42.322589Z,0,0,495,176,0
2026-08-17T00:25:42.3279769Z,0,0,495,176,0
2026-08-17T00:25:42.3330303Z,0,0,495,176,0
2026-08-17T00:25:42.3377243Z,0,0,495,176,0
2026-08-17T00:25:42.3425559Z,0,0,495,176,0
2026-08-17T00:25:42.3478132Z,0,0,495,176,0
2026-08-17T00:25:42.3525949Z,0,0,495,176,0
2026-08-17T00:25:42.3580772Z,0,0,495,176,0
2026-08-17T00:25:42.3630171Z,0,0,495,176,0
2026-08-17T00:25:42.3677365Z,0,0,495,176,0
2026-08-17T00:25:42.3725104Z,0,0,495,176,0
2026-08-17T00:25:42.3774862Z,0,0,495,176,0
2026-08-17T00:25:42.3826818Z,0,0,495,176,0
2026-08-17T00:25:42.3879172Z,0,0,495,176,0
2026-08-17T00:25:42.3931523Z,0,0,495,176,0
2026-08-17T00:25:42.3978352Z,0,0,495,176,0
2026-08-17T00:25:42.4025294Z,0,0,495,176,0
2026-08-17T00:25:42.4081274Z,0,0,495,176,0
2026-08-17T00:25:42.4128508Z,0,0,495,176,0
2026-08-17T00:25:42.4176866Z,0,0,495,176,0
2026-08-17T00:25:42.4228978Z,0,0,495,176,0
2026-08-17T00:25:42.4278754Z,0,0,495,176,0
2026-08-17T00:25:42.4325444Z,0,0,495,176,0
2026-08-17T00:25:42.4378827Z,0,0,495,176,0
2026-08-17T00:25:42.4424767Z,0,0,495,176,0
2026-08-17T00:25:42.4481883Z,0,0,495,176,0
2026-08-17T00:25:42.4529367Z,0,0,495,176,0
2026-08-17T00:25:42.4580851Z,0,0,495,176,0
2026-08-17T00:25:42.4629293Z,0,0,495,176,0
2026-08-17T00:25:42.4675517Z,0,0,495,176,0
2026-08-17T00:25:42.4729662Z,0,0,495,176,0
2026-08-17T00:25:42.4778508Z,0,0,495,176,0
2026-08-17T00:25:42.4830241Z,0,0,495,176,0
2026-08-17T00:25:42.4880304Z,0,0,495,176,0
2026-08-17T00:25:42.4930925Z,0,0,495,176,0
2026-08-17T00:25:42.4978703Z,0,0,495,176,0
2026-08-17T00:25:42.5032928Z,0,0,495,176,0
2026-08-17T00:25:42.5079202Z,0,0,495,176,0
2026-08-17T00:25:42.5129796Z,0,0,495,176,0
2026-08-17T00:25:42.5178056Z,0,0,495,176,0
2026-08-17T00:25:42.5231765Z,0,0,495,176,0
2026-08-17T00:25:42.5278339Z,0,0,495,176,0
2026-08-17T00:25:42.5331706Z,0,0,495,176,0
2026-08-17T00:25:42.5378848Z,0,0,495,176,0
2026-08-17T00:25:42.5431971Z,0,0,495,176,0
2026-08-17T00:25:42.5482597Z,0,0,495,176,0
2026-08-17T00:25:42.552815Z,0,0,495,176,0
2026-08-17T00:25:42.557719Z,0,0,495,176,0
2026-08-17T00:25:42.5628224Z,0,0,495,176,0
2026-08-17T00:25:42.5676682Z,0,0,495,176,0
2026-08-17T00:25:42.5724754Z,0,0,495,176,0
2026-08-17T00:25:42.5779772Z,0,0,495,176,0
2026-08-17T00:25:42.5828689Z,0,0,495,176,0
2026-08-17T00:25:42.5876714Z,0,0,495,176,0
2026-08-17T00:25:42.5929856Z,0,0,495,176,0
2026-08-17T00:25:42.5976886Z,0,0,495,176,0
2026-08-17T00:25:42.6024968Z,0,0,495,176,0
2026-08-17T00:25:42.6079956Z,0,0,495,176,0
2026-08-17T00:25:42.6125372Z,0,0,495,176,0
2026-08-17T00:25:42.6178003Z,0,0,495,176,0
2026-08-17T00:25:42.6225575Z,0,0,495,176,0
2026-08-17T00:25:42.6278019Z,0,0,495,176,0
2026-08-17T00:25:42.6325549Z,0,0,495,176,0
2026-08-17T00:25:42.6383852Z,0,0,495,176,0
2026-08-17T00:25:42.6428511Z,0,0,495,176,0
2026-08-17T00:25:42.647867Z,0,0,495,176,0
2026-08-17T00:25:42.652683Z,0,0,495,176,0
2026-08-17T00:25:42.6581727Z,0,0,495,176,0
2026-08-17T00:25:42.662574Z,0,0,495,176,0
2026-08-17T00:25:42.6678486Z,0,0,495,176,0
2026-08-17T00:25:42.6727725Z,0,0,495,176,0
2026-08-17T00:25:42.6778333Z,0,0,495,176,0
2026-08-17T00:25:42.6826392Z,0,0,495,176,0
2026-08-17T00:25:42.6875192Z,0,0,495,176,0
2026-08-17T00:25:42.6924529Z,0,0,495,176,0
2026-08-17T00:25:42.6979464Z,0,0,495,176,0
2026-08-17T00:25:42.7026783Z,0,0,495,176,0
2026-08-17T00:25:42.7083792Z,0,0,495,176,0
2026-08-17T00:25:42.7128344Z,0,0,495,176,0
2026-08-17T00:25:42.7180895Z,0,0,495,176,0
2026-08-17T00:25:42.7226779Z,0,0,495,176,0
2026-08-17T00:25:42.7281208Z,0,0,495,176,0
2026-08-17T00:25:42.7328042Z,0,0,495,176,0
2026-08-17T00:25:42.7382293Z,0,0,495,176,0
2026-08-17T00:25:42.7430195Z,0,0,495,176,0
2026-08-17T00:25:42.7479016Z,0,0,495,176,0
2026-08-17T00:25:42.7528223Z,0,0,495,176,0
2026-08-17T00:25:42.7579079Z,0,0,495,176,0
2026-08-17T00:25:42.7627577Z,0,0,495,176,0
2026-08-17T00:25:42.7684908Z,0,0,495,176,0
2026-08-17T00:25:42.7727687Z,0,0,495,176,0
2026-08-17T00:25:42.7778913Z,0,0,495,176,0
2026-08-17T00:25:42.7827094Z,0,0,495,176,0
2026-08-17T00:25:42.7875503Z,0,0,495,176,0
2026-08-17T00:25:42.7925879Z,0,0,495,176,0
2026-08-17T00:25:42.7978044Z,0,0,495,176,0
2026-08-17T00:25:42.8025077Z,0,0,495,176,0
2026-08-17T00:25:42.8078607Z,0,0,495,176,0
2026-08-17T00:25:42.8126642Z,0,0,495,176,0
2026-08-17T00:25:42.8179049Z,0,0,495,176,0
2026-08-17T00:25:42.8232458Z,0,0,495,176,0
2026-08-17T00:25:42.8278463Z,0,0,495,176,0
2026-08-17T00:25:42.8325932Z,0,0,495,176,0
2026-08-17T00:25:42.8376267Z,0,0,495,176,0
2026-08-17T00:25:42.8426331Z,0,0,495,176,0
2026-08-17T00:25:42.8476048Z,0,0,495,176,0
2026-08-17T00:25:42.8528864Z,0,0,495,176,0
2026-08-17T00:25:42.8580089Z,0,0,495,176,0
2026-08-17T00:25:42.8626674Z,0,0,495,176,0
2026-08-17T00:25:42.8678795Z,0,0,495,176,0
2026-08-17T00:25:42.8726063Z,0,0,495,176,0
2026-08-17T00:25:42.8783003Z,0,0,495,176,0
2026-08-17T00:25:42.8830662Z,0,0,495,176,0
2026-08-17T00:25:42.8878132Z,0,0,495,176,0
2026-08-17T00:25:42.8928083Z,0,0,495,176,0
2026-08-17T00:25:42.8977814Z,0,0,495,176,0
2026-08-17T00:25:42.9025591Z,0,0,495,176,0
2026-08-17T00:25:42.9080155Z,0,0,495,176,0
2026-08-17T00:25:42.9128308Z,0,0,495,176,0
2026-08-17T00:25:42.9176119Z,0,0,495,176,0
2026-08-17T00:25:42.9224152Z,0,0,495,176,0
2026-08-17T00:25:42.9283572Z,0,0,495,176,0
2026-08-17T00:25:42.9325478Z,0,0,495,176,0
2026-08-17T00:25:42.937906Z,0,0,495,176,0
2026-08-17T00:25:42.9429722Z,0,0,495,176,0
2026-08-17T00:25:42.9479838Z,0,0,495,176,0
2026-08-17T00:25:42.9526625Z,0,0,495,176,0
2026-08-17T00:25:42.9578512Z,0,0,495,176,0
2026-08-17T00:25:42.963377Z,0,0,495,176,0
2026-08-17T00:25:42.9675934Z,0,0,495,176,0
2026-08-17T00:25:42.9729507Z,0,0,495,176,0
2026-08-17T00:25:42.9776567Z,0,0,495,176,0
2026-08-17T00:25:42.982637Z,0,0,495,176,0
2026-08-17T00:25:42.988159Z,0,0,495,176,0
2026-08-17T00:25:42.9929921Z,0,0,495,176,0
2026-08-17T00:25:42.9976633Z,0,0,495,176,0
2026-08-17T00:25:43.0030105Z,0,0,495,176,0
2026-08-17T00:25:43.0074362Z,0,0,495,176,0
2026-08-17T00:25:43.0129439Z,0,0,495,176,0
2026-08-17T00:25:43.0177007Z,0,0,495,176,0
2026-08-17T00:25:43.0229987Z,0,0,495,176,0
2026-08-17T00:25:43.0279997Z,0,0,495,176,0
2026-08-17T00:25:43.0326693Z,0,0,495,176,0
2026-08-17T00:25:43.0379193Z,0,0,495,176,0
2026-08-17T00:25:43.0429289Z,0,0,495,176,0
2026-08-17T00:25:43.0478376Z,0,0,495,176,0
2026-08-17T00:25:43.0526371Z,0,0,495,176,0
2026-08-17T00:25:43.0577528Z,0,0,495,176,0
2026-08-17T00:25:43.0629663Z,0,0,495,176,0
2026-08-17T00:25:43.067687Z,0,0,495,176,0
2026-08-17T00:25:43.072463Z,0,0,495,176,0
2026-08-17T00:25:43.078009Z,0,0,495,176,0
2026-08-17T00:25:43.0829551Z,0,0,495,176,0
2026-08-17T00:25:43.0875195Z,0,0,495,176,0
2026-08-17T00:25:43.0930134Z,0,0,495,176,0
2026-08-17T00:25:43.0977007Z,0,0,495,176,0
2026-08-17T00:25:43.1029759Z,0,0,495,176,0
2026-08-17T00:25:43.107681Z,0,0,495,176,0
2026-08-17T00:25:43.1126336Z,0,0,495,176,0
2026-08-17T00:25:43.1178831Z,0,0,495,176,0
2026-08-17T00:25:43.1229246Z,0,0,495,176,0
2026-08-17T00:25:43.1276182Z,0,0,495,176,0
2026-08-17T00:25:43.132906Z,0,0,495,176,0
2026-08-17T00:25:43.1380864Z,0,0,495,176,0
2026-08-17T00:25:43.1425244Z,0,0,495,176,0
2026-08-17T00:25:43.1484032Z,0,0,495,176,0
2026-08-17T00:25:43.1529541Z,0,0,495,176,0
2026-08-17T00:25:43.1577394Z,0,0,495,176,0
2026-08-17T00:25:43.1629127Z,0,0,495,176,0
2026-08-17T00:25:43.1677226Z,0,0,495,176,0
2026-08-17T00:25:43.1726614Z,0,0,495,176,0
2026-08-17T00:25:43.17775Z,0,0,495,176,0
2026-08-17T00:25:43.1828247Z,0,0,495,176,0
2026-08-17T00:25:43.1875797Z,0,0,495,176,0
2026-08-17T00:25:43.1930214Z,0,0,495,176,0
2026-08-17T00:25:43.1977565Z,0,0,495,176,0
2026-08-17T00:25:43.2025621Z,0,0,495,176,0
2026-08-17T00:25:43.2078065Z,0,0,495,176,0
2026-08-17T00:25:43.2127417Z,0,0,495,176,0
2026-08-17T00:25:43.2175409Z,0,0,495,176,0
2026-08-17T00:25:43.2226327Z,0,0,495,176,0
2026-08-17T00:25:43.2279597Z,0,0,495,176,0
2026-08-17T00:25:43.2327175Z,0,0,495,176,0
2026-08-17T00:25:43.2385414Z,0,0,495,176,0
2026-08-17T00:25:43.2426265Z,0,0,495,176,0
2026-08-17T00:25:43.2480811Z,0,0,495,176,0
2026-08-17T00:25:43.2526291Z,0,0,495,176,0
2026-08-17T00:25:43.2581173Z,0,0,495,176,0
2026-08-17T00:25:43.2628624Z,0,0,495,176,0
2026-08-17T00:25:43.2677166Z,0,0,495,176,0
2026-08-17T00:25:43.2725483Z,0,0,495,176,0
2026-08-17T00:25:43.2778564Z,0,0,495,176,0
2026-08-17T00:25:43.282719Z,0,0,495,176,0
2026-08-17T00:25:43.288573Z,0,0,495,176,0
2026-08-17T00:25:43.2931005Z,0,0,495,176,0
2026-08-17T00:25:43.2977832Z,0,0,495,176,0
2026-08-17T00:25:43.3030603Z,0,0,495,176,0
2026-08-17T00:25:43.3078077Z,0,0,495,176,0
2026-08-17T00:25:43.3128401Z,0,0,495,176,0
2026-08-17T00:25:43.3178178Z,0,0,495,176,0
2026-08-17T00:25:43.322918Z,0,0,495,176,0
2026-08-17T00:25:43.3276933Z,0,0,495,176,0
2026-08-17T00:25:43.3326957Z,0,0,495,176,0
2026-08-17T00:25:43.3377873Z,0,0,495,176,0
2026-08-17T00:25:43.3427957Z,0,0,495,176,0
2026-08-17T00:25:43.3480246Z,0,0,495,176,0
2026-08-17T00:25:43.3528915Z,0,0,495,176,0
2026-08-17T00:25:43.3579174Z,0,0,495,176,0
2026-08-17T00:25:43.362931Z,0,0,495,176,0
2026-08-17T00:25:43.3677255Z,0,0,495,176,0
2026-08-17T00:25:43.3725488Z,0,0,495,176,0
2026-08-17T00:25:43.37824Z,0,0,495,176,0
2026-08-17T00:25:43.3829211Z,0,0,495,176,0
2026-08-17T00:25:43.3876263Z,0,0,495,176,0
2026-08-17T00:25:43.3924018Z,0,0,495,176,0
2026-08-17T00:25:43.3977452Z,0,0,495,176,0
2026-08-17T00:25:43.4024966Z,0,0,495,176,0
2026-08-17T00:25:43.4077249Z,0,0,495,176,0
2026-08-17T00:25:43.4128627Z,0,0,495,176,0
2026-08-17T00:25:43.4175443Z,0,0,495,176,0
2026-08-17T00:25:43.4225977Z,0,0,495,176,0
2026-08-17T00:25:43.4279548Z,0,0,495,176,0
2026-08-17T00:25:43.4327031Z,0,0,495,176,0
2026-08-17T00:25:43.4379779Z,0,0,495,176,0
2026-08-17T00:25:43.4429301Z,0,0,495,176,0
2026-08-17T00:25:43.4478738Z,0,0,495,176,0
2026-08-17T00:25:43.4528706Z,0,0,495,176,0
2026-08-17T00:25:43.4575906Z,0,0,495,176,0
2026-08-17T00:25:43.4630102Z,0,0,495,176,0
2026-08-17T00:25:43.4677386Z,0,0,495,176,0
2026-08-17T00:25:43.4730039Z,0,0,495,176,0
2026-08-17T00:25:43.4779358Z,0,0,495,176,0
2026-08-17T00:25:43.4829542Z,0,0,495,176,0
2026-08-17T00:25:43.4877544Z,0,0,495,176,0
2026-08-17T00:25:43.4926746Z,0,0,495,176,0
2026-08-17T00:25:43.4978637Z,0,0,495,176,0
2026-08-17T00:25:43.5025312Z,0,0,495,176,0
2026-08-17T00:25:43.5077318Z,0,0,495,176,0
2026-08-17T00:25:43.5126181Z,0,0,495,176,0
2026-08-17T00:25:43.5178605Z,0,0,495,176,0
2026-08-17T00:25:43.5231137Z,0,0,495,176,0
2026-08-17T00:25:43.5278241Z,0,0,495,176,0
2026-08-17T00:25:43.5326185Z,0,0,495,176,0
2026-08-17T00:25:43.5378287Z,0,0,495,176,0
2026-08-17T00:25:43.5432029Z,0,0,495,176,0
2026-08-17T00:25:43.5479869Z,0,0,495,176,0
2026-08-17T00:25:43.5528825Z,0,0,495,176,0
2026-08-17T00:25:43.557772Z,0,0,495,176,0
2026-08-17T00:25:43.5630039Z,0,0,495,176,0
2026-08-17T00:25:43.5677615Z,0,0,495,176,0
2026-08-17T00:25:43.5735918Z,0,0,495,176,0
2026-08-17T00:25:43.5776553Z,0,0,495,176,0
2026-08-17T00:25:43.5830512Z,0,0,495,176,0
2026-08-17T00:25:43.5877905Z,0,0,495,176,0
2026-08-17T00:25:43.5926893Z,0,0,495,176,0
2026-08-17T00:25:43.597616Z,0,0,495,176,0
2026-08-17T00:25:43.602919Z,0,0,495,176,0
2026-08-17T00:25:43.6079104Z,0,0,495,176,0
2026-08-17T00:25:43.6127575Z,0,0,495,176,0
2026-08-17T00:25:43.6180205Z,0,0,495,176,0
2026-08-17T00:25:43.622989Z,0,0,495,176,0
2026-08-17T00:25:43.6280347Z,0,0,495,176,0
2026-08-17T00:25:43.6326962Z,0,0,495,176,0
2026-08-17T00:25:43.6376287Z,0,0,495,176,0
2026-08-17T00:25:43.6430229Z,0,0,495,176,0
2026-08-17T00:25:43.6478397Z,0,0,495,176,0
2026-08-17T00:25:43.6526564Z,0,0,495,176,0
2026-08-17T00:25:43.657952Z,0,0,495,176,0
2026-08-17T00:25:43.6628718Z,0,0,495,176,0
2026-08-17T00:25:43.6676315Z,0,0,495,176,0
2026-08-17T00:25:43.6729477Z,0,0,495,176,0
2026-08-17T00:25:43.6778456Z,0,0,495,176,0
2026-08-17T00:25:43.6825402Z,0,0,495,176,0
2026-08-17T00:25:43.6875903Z,0,0,495,176,0
2026-08-17T00:25:43.6926736Z,0,0,495,176,0
2026-08-17T00:25:43.6977352Z,0,0,495,176,0
2026-08-17T00:25:43.702489Z,0,0,495,176,0
2026-08-17T00:25:43.7077654Z,0,0,495,176,0
2026-08-17T00:25:43.7124973Z,0,0,495,176,0
2026-08-17T00:25:43.7180034Z,0,0,495,176,0
2026-08-17T00:25:43.7229907Z,0,0,495,176,0
2026-08-17T00:25:43.7276201Z,0,0,495,176,0
2026-08-17T00:25:43.7329Z,0,0,495,176,0
2026-08-17T00:25:43.7376232Z,0,0,495,176,0
2026-08-17T00:25:43.7429457Z,0,0,495,176,0
2026-08-17T00:25:43.7478166Z,0,0,495,176,0
2026-08-17T00:25:43.7525834Z,0,0,495,176,0
2026-08-17T00:25:43.757707Z,0,0,495,176,0
2026-08-17T00:25:43.7626193Z,0,0,495,176,0
2026-08-17T00:25:43.7679629Z,0,0,495,176,0
2026-08-17T00:25:43.772819Z,0,0,495,176,0
2026-08-17T00:25:43.77786Z,0,0,495,176,0
2026-08-17T00:25:43.7825917Z,0,0,495,176,0
2026-08-17T00:25:43.7879322Z,0,0,495,176,0
2026-08-17T00:25:43.7931329Z,0,0,495,176,0
2026-08-17T00:25:43.7978006Z,0,0,495,176,0
2026-08-17T00:25:43.8025334Z,0,0,495,176,0
2026-08-17T00:25:43.8078798Z,0,0,495,176,0
2026-08-17T00:25:43.8129622Z,0,0,495,176,0
2026-08-17T00:25:43.8177482Z,0,0,495,176,0
2026-08-17T00:25:43.8225256Z,0,0,495,176,0
2026-08-17T00:25:43.8276131Z,0,0,495,176,0
2026-08-17T00:25:43.8328826Z,0,0,495,176,0
2026-08-17T00:25:43.8375516Z,0,0,495,176,0
2026-08-17T00:25:43.8429017Z,0,0,495,176,0
2026-08-17T00:25:43.8476092Z,0,0,495,176,0
2026-08-17T00:25:43.8530275Z,0,0,495,176,0
2026-08-17T00:25:43.8578322Z,0,0,495,176,0
2026-08-17T00:25:43.8627121Z,0,0,495,176,0
2026-08-17T00:25:43.8679585Z,0,0,495,176,0
2026-08-17T00:25:43.8726602Z,0,0,495,176,0
2026-08-17T00:25:43.877743Z,0,0,495,176,0
2026-08-17T00:25:43.8825308Z,0,0,495,176,0
2026-08-17T00:25:43.8881655Z,0,0,495,176,0
2026-08-17T00:25:43.8931093Z,0,0,495,176,0
2026-08-17T00:25:43.8977895Z,0,0,495,176,0
2026-08-17T00:25:43.9027889Z,0,0,495,176,0
2026-08-17T00:25:43.9075209Z,0,0,495,176,0
2026-08-17T00:25:43.9126595Z,0,0,495,176,0
2026-08-17T00:25:43.9181819Z,0,0,495,176,0
2026-08-17T00:25:43.9229039Z,0,0,495,176,0
2026-08-17T00:25:43.9281034Z,0,0,495,176,0
2026-08-17T00:25:43.9328083Z,0,0,495,176,0
2026-08-17T00:25:43.9378821Z,0,0,495,176,0
2026-08-17T00:25:43.9425698Z,0,0,495,176,0
2026-08-17T00:25:43.94782Z,0,0,495,176,0
2026-08-17T00:25:43.9526257Z,0,0,495,176,0
2026-08-17T00:25:43.9578481Z,0,0,495,176,0
2026-08-17T00:25:43.9626789Z,0,0,495,176,0
2026-08-17T00:25:43.9679139Z,0,0,495,176,0
2026-08-17T00:25:43.9729573Z,0,0,495,176,0
2026-08-17T00:25:43.9777677Z,0,0,495,176,0
2026-08-17T00:25:43.9830141Z,0,0,495,176,0
2026-08-17T00:25:43.9880566Z,0,0,495,176,0
2026-08-17T00:25:43.9926294Z,0,0,495,176,0
2026-08-17T00:25:43.9976116Z,0,0,495,176,0
2026-08-17T00:25:44.0030078Z,0,0,495,176,0
2026-08-17T00:25:44.0080402Z,0,0,495,176,0
2026-08-17T00:25:44.0125743Z,0,0,495,176,0
2026-08-17T00:25:44.018069Z,0,0,495,176,0
2026-08-17T00:25:44.0225876Z,0,0,495,176,0
2026-08-17T00:25:44.0275975Z,0,0,495,176,0
2026-08-17T00:25:44.032896Z,0,0,495,176,0
2026-08-17T00:25:44.037609Z,0,0,495,176,0
2026-08-17T00:25:44.0428279Z,0,0,495,176,0
2026-08-17T00:25:44.047577Z,0,0,495,176,0
2026-08-17T00:25:44.0528672Z,0,0,495,176,0
2026-08-17T00:25:44.0577077Z,0,0,495,176,0
2026-08-17T00:25:44.0626791Z,0,0,495,176,0
2026-08-17T00:25:44.0679506Z,0,0,495,176,0
2026-08-17T00:25:44.0726947Z,0,0,495,176,0
2026-08-17T00:25:44.0781881Z,0,0,495,176,0
2026-08-17T00:25:44.0830329Z,0,0,495,176,0
2026-08-17T00:25:44.0877547Z,0,0,495,176,0
2026-08-17T00:25:44.092672Z,0,0,495,176,0
2026-08-17T00:25:44.0980268Z,0,0,495,176,0
2026-08-17T00:25:44.1027726Z,0,0,495,176,0
2026-08-17T00:25:44.1077994Z,0,0,495,176,0
2026-08-17T00:25:44.1128374Z,0,0,495,176,0
2026-08-17T00:25:44.118262Z,0,0,495,176,0
2026-08-17T00:25:44.1225682Z,0,0,495,176,0
2026-08-17T00:25:44.127976Z,0,0,495,176,0
2026-08-17T00:25:44.132672Z,0,0,495,176,0
2026-08-17T00:25:44.1374712Z,0,0,495,176,0
2026-08-17T00:25:44.1428025Z,0,0,495,176,0
2026-08-17T00:25:44.1479018Z,0,0,495,176,0
2026-08-17T00:25:44.1526191Z,0,0,495,176,0
2026-08-17T00:25:44.1576621Z,0,0,495,176,0
2026-08-17T00:25:44.1628006Z,0,0,495,176,0
2026-08-17T00:25:44.1675506Z,0,0,495,176,0
2026-08-17T00:25:44.1730264Z,0,0,495,176,0
2026-08-17T00:25:44.1776649Z,0,0,495,176,0
2026-08-17T00:25:44.1829245Z,0,0,495,176,0
2026-08-17T00:25:44.1879435Z,0,0,495,176,0
2026-08-17T00:25:44.1929858Z,0,0,495,176,0
2026-08-17T00:25:44.1979233Z,0,0,495,176,0
2026-08-17T00:25:44.2026541Z,0,0,495,176,0
2026-08-17T00:25:44.2079023Z,0,0,495,176,0
2026-08-17T00:25:44.2128493Z,0,0,495,176,0
2026-08-17T00:25:44.2175149Z,0,0,495,176,0
2026-08-17T00:25:44.2225656Z,0,0,495,176,0
2026-08-17T00:25:44.2278979Z,0,0,495,176,0
2026-08-17T00:25:44.232607Z,0,0,495,176,0
2026-08-17T00:25:44.2378478Z,0,0,495,176,0
2026-08-17T00:25:44.2425727Z,0,0,495,176,0
2026-08-17T00:25:44.2477455Z,0,0,495,176,0
2026-08-17T00:25:44.2525595Z,0,0,495,176,0
2026-08-17T00:25:44.2582975Z,0,0,495,176,0
2026-08-17T00:25:44.2625994Z,0,0,495,176,0
2026-08-17T00:25:44.2678508Z,0,0,495,176,0
2026-08-17T00:25:44.272553Z,0,0,495,176,0
2026-08-17T00:25:44.278293Z,0,0,495,176,0
2026-08-17T00:25:44.2825368Z,0,0,495,176,0
2026-08-17T00:25:44.2878418Z,0,0,495,176,0
2026-08-17T00:25:44.2926044Z,0,0,495,176,0
2026-08-17T00:25:44.2977494Z,0,0,495,176,0
2026-08-17T00:25:44.3025723Z,0,0,495,176,0
2026-08-17T00:25:44.3078213Z,0,0,495,176,0
2026-08-17T00:25:44.3130255Z,0,0,495,176,0
2026-08-17T00:25:44.3177267Z,0,0,495,176,0
2026-08-17T00:25:44.3229095Z,0,0,495,176,0
2026-08-17T00:25:44.3276923Z,0,0,495,176,0
2026-08-17T00:25:44.3326965Z,0,0,495,176,0
2026-08-17T00:25:44.3379919Z,0,0,495,176,0
2026-08-17T00:25:44.3427738Z,0,0,495,176,0
2026-08-17T00:25:44.3476364Z,0,0,495,176,0
2026-08-17T00:25:44.3529369Z,0,0,495,176,0
2026-08-17T00:25:44.3577433Z,0,0,495,176,0
2026-08-17T00:25:44.3627813Z,0,0,495,176,0
2026-08-17T00:25:44.3680058Z,0,0,495,176,0
2026-08-17T00:25:44.3727558Z,0,0,495,176,0
2026-08-17T00:25:44.3778884Z,0,0,495,176,0
2026-08-17T00:25:44.3826623Z,0,0,495,176,0
2026-08-17T00:25:44.3880251Z,0,0,495,176,0
2026-08-17T00:25:44.3933643Z,0,0,495,176,0
2026-08-17T00:25:44.3975716Z,0,0,495,176,0
2026-08-17T00:25:44.4029667Z,0,0,495,176,0
2026-08-17T00:25:44.407938Z,0,0,495,176,0
2026-08-17T00:25:44.4129539Z,0,0,495,176,0
2026-08-17T00:25:44.418016Z,0,0,495,176,0
2026-08-17T00:25:44.4228079Z,0,0,495,176,0
2026-08-17T00:25:44.4281939Z,0,0,495,176,0
2026-08-17T00:25:44.4329265Z,0,0,495,176,0
2026-08-17T00:25:44.4376531Z,0,0,495,176,0
2026-08-17T00:25:44.4427838Z,0,0,495,176,0
2026-08-17T00:25:44.4475361Z,0,0,495,176,0
2026-08-17T00:25:44.4528918Z,0,0,495,176,0
2026-08-17T00:25:44.457806Z,0,0,495,176,0
2026-08-17T00:25:44.4629021Z,0,0,495,176,0
2026-08-17T00:25:44.4679642Z,0,0,495,176,0
2026-08-17T00:25:44.4726864Z,0,0,495,176,0
2026-08-17T00:25:44.4782196Z,0,0,495,176,0
2026-08-17T00:25:44.4830108Z,0,0,495,176,0
2026-08-17T00:25:44.4877282Z,0,0,495,176,0
2026-08-17T00:25:44.4929545Z,0,0,495,176,0
2026-08-17T00:25:44.4976742Z,0,0,495,176,0
2026-08-17T00:25:44.5029766Z,0,0,495,176,0
2026-08-17T00:25:44.508017Z,0,0,495,176,0
2026-08-17T00:25:44.5125353Z,0,0,495,176,0
2026-08-17T00:25:44.5177953Z,0,0,495,176,0
2026-08-17T00:25:44.522572Z,0,0,495,176,0
2026-08-17T00:25:44.5279941Z,0,0,495,176,0
2026-08-17T00:25:44.5327329Z,0,0,495,176,0
2026-08-17T00:25:44.5378507Z,0,0,495,176,0
2026-08-17T00:25:44.5430174Z,0,0,495,176,0
2026-08-17T00:25:44.5477372Z,0,0,495,176,0
2026-08-17T00:25:44.5529925Z,0,0,495,176,0
2026-08-17T00:25:44.5577317Z,0,0,495,176,0
2026-08-17T00:25:44.562541Z,0,0,495,176,0
2026-08-17T00:25:44.5683123Z,0,0,495,176,0
2026-08-17T00:25:44.5725347Z,0,0,495,176,0
2026-08-17T00:25:44.5778735Z,0,0,495,176,0
2026-08-17T00:25:44.5827237Z,0,0,495,176,0
2026-08-17T00:25:44.5881381Z,0,0,495,176,0
2026-08-17T00:25:44.5926638Z,0,0,495,176,0
2026-08-17T00:25:44.5978161Z,0,0,495,176,0
2026-08-17T00:25:44.6025767Z,0,0,495,176,0
2026-08-17T00:25:44.6078866Z,0,0,495,176,0
2026-08-17T00:25:44.612914Z,0,0,495,176,0
2026-08-17T00:25:44.617658Z,0,0,495,176,0
2026-08-17T00:25:44.6224387Z,0,0,495,176,0
2026-08-17T00:25:44.6275822Z,0,0,495,176,0
2026-08-17T00:25:44.6331825Z,0,0,495,176,0
2026-08-17T00:25:44.637849Z,0,0,495,176,0
2026-08-17T00:25:44.6428047Z,0,0,495,176,0
2026-08-17T00:25:44.6478815Z,0,0,495,176,0
2026-08-17T00:25:44.6533136Z,0,0,495,176,0
2026-08-17T00:25:44.657509Z,0,0,495,176,0
2026-08-17T00:25:44.6630222Z,0,0,495,176,0
2026-08-17T00:25:44.6683523Z,0,0,495,176,0
2026-08-17T00:25:44.6726022Z,0,0,495,176,0
2026-08-17T00:25:44.6777562Z,0,0,495,176,0
2026-08-17T00:25:44.6830945Z,0,0,495,176,0
2026-08-17T00:25:44.6875454Z,0,0,495,176,0
2026-08-17T00:25:44.6926262Z,0,0,495,176,0
2026-08-17T00:25:44.6978688Z,0,0,495,176,0
2026-08-17T00:25:44.7028208Z,0,0,495,176,0
2026-08-17T00:25:44.7080265Z,0,0,495,176,0
2026-08-17T00:25:44.7128818Z,0,0,495,176,0
2026-08-17T00:25:44.717956Z,0,0,495,176,0
2026-08-17T00:25:44.7227186Z,0,0,495,176,0
2026-08-17T00:25:44.7275101Z,0,0,495,176,0
2026-08-17T00:25:44.7327537Z,0,0,495,176,0
2026-08-17T00:25:44.7375488Z,0,0,495,176,0
2026-08-17T00:25:44.742822Z,0,0,495,176,0
2026-08-17T00:25:44.7478166Z,0,0,495,176,0
2026-08-17T00:25:44.7529253Z,0,0,495,176,0
2026-08-17T00:25:44.7577832Z,0,0,495,176,0
2026-08-17T00:25:44.7628205Z,0,0,495,176,0
2026-08-17T00:25:44.7676219Z,0,0,495,176,0
2026-08-17T00:25:44.7724165Z,0,0,495,176,0
2026-08-17T00:25:44.7776463Z,0,0,495,176,0
2026-08-17T00:25:44.7829465Z,0,0,495,176,0
2026-08-17T00:25:44.7877601Z,0,0,495,176,0
2026-08-17T00:25:44.7928005Z,0,0,495,176,0
2026-08-17T00:25:44.79752Z,0,0,495,176,0
2026-08-17T00:25:44.8027948Z,0,0,495,176,0
2026-08-17T00:25:44.8078811Z,0,0,495,176,0
2026-08-17T00:25:44.8130888Z,0,0,495,176,0
2026-08-17T00:25:44.817796Z,0,0,495,176,0
2026-08-17T00:25:44.8226302Z,0,0,495,176,0
2026-08-17T00:25:44.8278718Z,0,0,495,176,0
2026-08-17T00:25:44.8326568Z,0,0,495,176,0
2026-08-17T00:25:44.8377551Z,0,0,495,176,0
2026-08-17T00:25:44.8426441Z,0,0,495,176,0
2026-08-17T00:25:44.8479204Z,0,0,495,176,0
2026-08-17T00:25:44.8529472Z,0,0,495,176,0
2026-08-17T00:25:44.8577846Z,0,0,495,176,0
2026-08-17T00:25:44.862862Z,0,0,495,176,0
2026-08-17T00:25:44.8675849Z,0,0,495,176,0
2026-08-17T00:25:44.8727216Z,0,0,495,176,0
2026-08-17T00:25:44.8775614Z,0,0,495,176,0
2026-08-17T00:25:44.8828051Z,0,0,495,176,0
2026-08-17T00:25:44.8881591Z,0,0,495,176,0
2026-08-17T00:25:44.8932003Z,0,0,495,176,0
2026-08-17T00:25:44.8975036Z,0,0,495,176,0
2026-08-17T00:25:44.9028297Z,0,0,495,176,0
2026-08-17T00:25:44.9079116Z,0,0,495,176,0
2026-08-17T00:25:44.9127754Z,0,0,495,176,0
2026-08-17T00:25:44.9175166Z,0,0,495,176,0
2026-08-17T00:25:44.9227191Z,0,0,495,176,0
2026-08-17T00:25:44.927918Z,0,0,495,176,0
2026-08-17T00:25:44.9326142Z,0,0,495,176,0
2026-08-17T00:25:44.9376756Z,0,0,495,176,0
2026-08-17T00:25:44.9425922Z,0,0,495,176,0
2026-08-17T00:25:44.9479849Z,0,0,495,176,0
2026-08-17T00:25:44.9527244Z,0,0,495,176,0
2026-08-17T00:25:44.957928Z,0,0,495,176,0
2026-08-17T00:25:44.9627875Z,0,0,495,176,0
2026-08-17T00:25:44.9675317Z,0,0,495,176,0
2026-08-17T00:25:44.9727477Z,0,0,495,176,0
2026-08-17T00:25:44.9779498Z,0,0,495,176,0
2026-08-17T00:25:44.9826532Z,0,0,495,176,0
2026-08-17T00:25:44.9878974Z,0,0,495,176,0
2026-08-17T00:25:44.9925379Z,0,0,495,176,0
2026-08-17T00:25:44.997722Z,0,0,495,176,0
2026-08-17T00:25:45.0030236Z,0,0,495,176,0
2026-08-17T00:25:45.0079306Z,0,0,495,176,0
2026-08-17T00:25:45.0128131Z,0,0,495,176,0
2026-08-17T00:25:45.0177365Z,0,0,495,176,0
2026-08-17T00:25:45.0230504Z,0,0,495,176,0
2026-08-17T00:25:45.0275807Z,0,0,495,176,0
2026-08-17T00:25:45.0329353Z,0,0,495,176,0
2026-08-17T00:25:45.0377297Z,0,0,495,176,0
2026-08-17T00:25:45.0430024Z,0,0,495,176,0
2026-08-17T00:25:45.0476828Z,0,0,495,176,0
2026-08-17T00:25:45.0530271Z,0,0,495,176,0
2026-08-17T00:25:45.0577759Z,0,0,495,176,0
2026-08-17T00:25:45.0629458Z,0,0,495,176,0
2026-08-17T00:25:45.0677175Z,0,0,495,176,0
2026-08-17T00:25:45.0725389Z,0,0,495,176,0
2026-08-17T00:25:45.0781273Z,0,0,495,176,0
2026-08-17T00:25:45.0825187Z,0,0,495,176,0
2026-08-17T00:25:45.0876651Z,0,0,495,176,0
2026-08-17T00:25:45.0926401Z,0,0,495,176,0
2026-08-17T00:25:45.0977934Z,0,0,495,176,0
2026-08-17T00:25:45.1024925Z,0,0,495,176,0
2026-08-17T00:25:45.1077461Z,0,0,495,176,0
2026-08-17T00:25:45.1127606Z,0,0,495,176,0
2026-08-17T00:25:45.1182582Z,0,0,495,176,0
2026-08-17T00:25:45.1230022Z,0,0,495,176,0
2026-08-17T00:25:45.1278456Z,0,0,495,176,0
2026-08-17T00:25:45.1325615Z,0,0,495,176,0
2026-08-17T00:25:45.1378113Z,0,0,495,176,0
2026-08-17T00:25:45.1428006Z,0,0,495,176,0
2026-08-17T00:25:45.1478862Z,0,0,495,176,0
2026-08-17T00:25:45.1525925Z,0,0,495,176,0
2026-08-17T00:25:45.1577851Z,0,0,495,176,0
2026-08-17T00:25:45.163086Z,0,0,495,176,0
2026-08-17T00:25:45.1677529Z,0,0,495,176,0
2026-08-17T00:25:45.1724795Z,0,0,495,176,0
2026-08-17T00:25:45.1779889Z,0,0,495,176,0
2026-08-17T00:25:45.1833722Z,0,0,495,176,0
2026-08-17T00:25:45.1876049Z,0,0,495,176,0
2026-08-17T00:25:45.1930661Z,0,0,495,176,0
2026-08-17T00:25:45.1982419Z,0,0,495,176,0
2026-08-17T00:25:45.2031047Z,0,0,495,176,0
2026-08-17T00:25:45.2075878Z,0,0,495,176,0
2026-08-17T00:25:45.2129126Z,0,0,495,176,0
2026-08-17T00:25:45.2176707Z,0,0,495,176,0
2026-08-17T00:25:45.2224547Z,0,0,495,176,0
2026-08-17T00:25:45.2274779Z,0,0,495,176,0
2026-08-17T00:25:45.2332439Z,0,0,495,176,0
2026-08-17T00:25:45.238464Z,0,0,495,176,0
2026-08-17T00:25:45.242862Z,0,0,495,176,0
2026-08-17T00:25:45.2478924Z,0,0,495,176,0
2026-08-17T00:25:45.2528447Z,0,0,495,176,0
2026-08-17T00:25:45.2576376Z,0,0,495,176,0
2026-08-17T00:25:45.2625652Z,0,0,495,176,0
2026-08-17T00:25:45.2678343Z,0,0,495,176,0
2026-08-17T00:25:45.2725869Z,0,0,495,176,0
2026-08-17T00:25:45.2781596Z,0,0,495,176,0
2026-08-17T00:25:45.2829595Z,0,0,495,176,0
2026-08-17T00:25:45.2877077Z,0,0,495,176,0
2026-08-17T00:25:45.2931205Z,0,0,495,176,0
2026-08-17T00:25:45.2977748Z,0,0,495,176,0
2026-08-17T00:25:45.3024777Z,0,0,495,176,0
2026-08-17T00:25:45.3079005Z,0,0,495,176,0
2026-08-17T00:25:45.3124855Z,0,0,495,176,0
2026-08-17T00:25:45.3177894Z,0,0,495,176,0
2026-08-17T00:25:45.3226281Z,0,0,495,176,0
2026-08-17T00:25:45.3285447Z,0,0,495,176,0
2026-08-17T00:25:45.3328281Z,0,0,495,176,0
2026-08-17T00:25:45.3386376Z,0,0,495,176,0
2026-08-17T00:25:45.3429705Z,0,0,495,176,0
2026-08-17T00:25:45.3479529Z,0,0,495,176,0
2026-08-17T00:25:45.3526535Z,0,0,495,176,0
2026-08-17T00:25:45.3578131Z,0,0,495,176,0
2026-08-17T00:25:45.3629937Z,0,0,495,176,0
2026-08-17T00:25:45.3677759Z,0,0,495,176,0
2026-08-17T00:25:45.3727039Z,0,0,495,176,0
2026-08-17T00:25:45.3782521Z,0,0,495,176,0
2026-08-17T00:25:45.3825851Z,0,0,495,176,0
2026-08-17T00:25:45.3878349Z,0,0,495,176,0
2026-08-17T00:25:45.3926079Z,0,0,495,176,0
2026-08-17T00:25:45.402201Z,0,0,495,176,0
2026-08-17T00:25:45.4027429Z,0,0,495,176,0
2026-08-17T00:25:45.4079766Z,0,0,495,176,0
2026-08-17T00:25:45.4125212Z,0,0,495,176,0
2026-08-17T00:25:45.4181143Z,0,0,495,176,0
2026-08-17T00:25:45.4228219Z,0,0,495,176,0
2026-08-17T00:25:45.4276511Z,0,0,495,176,0
2026-08-17T00:25:45.432876Z,0,0,495,176,0
2026-08-17T00:25:45.4379049Z,0,0,495,176,0
2026-08-17T00:25:45.442736Z,0,0,495,176,0
2026-08-17T00:25:45.4476017Z,0,0,495,176,0
2026-08-17T00:25:45.4530216Z,0,0,495,176,0
2026-08-17T00:25:45.457969Z,0,0,495,176,0
2026-08-17T00:25:45.4630335Z,0,0,495,176,0
2026-08-17T00:25:45.467805Z,0,0,495,176,0
2026-08-17T00:25:45.4726228Z,0,0,495,176,0
2026-08-17T00:25:45.4784858Z,0,0,495,176,0
2026-08-17T00:25:45.4827086Z,0,0,495,176,0
2026-08-17T00:25:45.4879916Z,0,0,495,176,0
2026-08-17T00:25:45.4926471Z,0,0,495,176,0
2026-08-17T00:25:45.4978287Z,0,0,495,176,0
2026-08-17T00:25:45.5029841Z,0,0,495,176,0
2026-08-17T00:25:45.5079777Z,0,0,495,176,0
2026-08-17T00:25:45.5125181Z,0,0,495,176,0
2026-08-17T00:25:45.5177879Z,0,0,495,176,0
2026-08-17T00:25:45.5225608Z,0,0,495,176,0
2026-08-17T00:25:45.5279308Z,0,0,495,176,0
2026-08-17T00:25:45.5327433Z,0,0,495,176,0
2026-08-17T00:25:45.5377077Z,0,0,495,176,0
2026-08-17T00:25:45.5427016Z,0,0,495,176,0
2026-08-17T00:25:45.5477935Z,0,0,495,176,0
2026-08-17T00:25:45.5530598Z,0,0,495,176,0
2026-08-17T00:25:45.5579468Z,0,0,495,176,0
2026-08-17T00:25:45.563078Z,0,0,495,176,0
2026-08-17T00:25:45.567769Z,0,0,495,176,0
2026-08-17T00:25:45.5725057Z,0,0,495,176,0
2026-08-17T00:25:45.5784547Z,0,0,495,176,0
2026-08-17T00:25:45.5828788Z,0,0,495,176,0
2026-08-17T00:25:45.5875683Z,0,0,495,176,0
2026-08-17T00:25:45.5930327Z,0,0,495,176,0
2026-08-17T00:25:45.597749Z,0,0,495,176,0
2026-08-17T00:25:45.602512Z,0,0,495,176,0
2026-08-17T00:25:45.6080816Z,0,0,495,176,0
2026-08-17T00:25:45.6129402Z,0,0,495,176,0
2026-08-17T00:25:45.6176523Z,0,0,495,176,0
2026-08-17T00:25:45.6223765Z,0,0,495,176,0
2026-08-17T00:25:45.6279589Z,0,0,495,176,0
2026-08-17T00:25:45.6328277Z,0,0,495,176,0
2026-08-17T00:25:45.637591Z,0,0,495,176,0
2026-08-17T00:25:45.6429967Z,0,0,495,176,0
2026-08-17T00:25:45.6476268Z,0,0,495,176,0
2026-08-17T00:25:45.6529112Z,0,0,495,176,0
2026-08-17T00:25:45.6576457Z,0,0,495,176,0
2026-08-17T00:25:45.6628224Z,0,0,495,176,0
2026-08-17T00:25:45.6675674Z,0,0,495,176,0
2026-08-17T00:25:45.6728842Z,0,0,495,176,0
2026-08-17T00:25:45.6777653Z,0,0,495,176,0
2026-08-17T00:25:45.6825007Z,0,0,495,176,0
2026-08-17T00:25:45.6877483Z,0,0,495,176,0
2026-08-17T00:25:45.6925191Z,0,0,495,176,0
2026-08-17T00:25:45.6979486Z,0,0,495,176,0
2026-08-17T00:25:45.7026854Z,0,0,495,176,0
2026-08-17T00:25:45.7081428Z,0,0,495,176,0
2026-08-17T00:25:45.7127159Z,0,0,495,176,0
2026-08-17T00:25:45.7178621Z,0,0,495,176,0
2026-08-17T00:25:45.7226107Z,0,0,495,176,0
2026-08-17T00:25:45.7282675Z,0,0,495,176,0
2026-08-17T00:25:45.732924Z,0,0,495,176,0
2026-08-17T00:25:45.7377486Z,0,0,495,176,0
2026-08-17T00:25:45.7428176Z,0,0,495,176,0
2026-08-17T00:25:45.747561Z,0,0,495,176,0
2026-08-17T00:25:45.7528667Z,0,0,495,176,0
2026-08-17T00:25:45.7575524Z,0,0,495,176,0
2026-08-17T00:25:45.7628347Z,0,0,495,176,0
2026-08-17T00:25:45.7675875Z,0,0,495,176,0
2026-08-17T00:25:45.7728952Z,0,0,495,176,0
2026-08-17T00:25:45.777967Z,0,0,495,176,0
2026-08-17T00:25:45.7827239Z,0,0,495,176,0
2026-08-17T00:25:45.7878126Z,0,0,495,176,0
2026-08-17T00:25:45.7928348Z,0,0,495,176,0
2026-08-17T00:25:45.7975159Z,0,0,495,176,0
2026-08-17T00:25:45.8027802Z,0,0,495,176,0
2026-08-17T00:25:45.8080327Z,0,0,495,176,0
2026-08-17T00:25:45.8125219Z,0,0,495,176,0
2026-08-17T00:25:45.8177468Z,0,0,495,176,0
2026-08-17T00:25:45.8225188Z,0,0,495,176,0
2026-08-17T00:25:45.8277359Z,0,0,495,176,0
2026-08-17T00:25:45.8329162Z,0,0,495,176,0
2026-08-17T00:25:45.8375936Z,0,0,495,176,0
2026-08-17T00:25:45.8424305Z,0,0,495,176,0
2026-08-17T00:25:45.8477098Z,0,0,495,176,0
2026-08-17T00:25:45.8530102Z,0,0,495,176,0
2026-08-17T00:25:45.857778Z,0,0,495,176,0
2026-08-17T00:25:45.86325Z,0,0,495,176,0
2026-08-17T00:25:45.8679478Z,0,0,495,176,0
2026-08-17T00:25:45.8726381Z,0,0,495,176,0
2026-08-17T00:25:45.877755Z,0,0,495,176,0
2026-08-17T00:25:45.8828837Z,0,0,495,176,0
2026-08-17T00:25:45.887543Z,0,0,495,176,0
2026-08-17T00:25:45.8929119Z,0,0,495,176,0
2026-08-17T00:25:45.8976604Z,0,0,495,176,0
2026-08-17T00:25:45.9029831Z,0,0,495,176,0
2026-08-17T00:25:45.9078794Z,0,0,495,176,0
2026-08-17T00:25:45.9130454Z,0,0,495,176,0
2026-08-17T00:25:45.9177832Z,0,0,495,176,0
2026-08-17T00:25:45.9225736Z,0,0,495,176,0
2026-08-17T00:25:45.9281225Z,0,0,495,176,0
2026-08-17T00:25:45.9329022Z,0,0,495,176,0
2026-08-17T00:25:45.9375982Z,0,0,495,176,0
2026-08-17T00:25:45.9428496Z,0,0,495,176,0
2026-08-17T00:25:45.9476125Z,0,0,495,176,0
2026-08-17T00:25:45.9528817Z,0,0,495,176,0
2026-08-17T00:25:45.9578684Z,0,0,495,176,0
2026-08-17T00:25:45.9626033Z,0,0,495,176,0
2026-08-17T00:25:45.9678324Z,0,0,495,176,0
2026-08-17T00:25:45.9725666Z,0,0,495,176,0
2026-08-17T00:25:45.9778627Z,0,0,495,176,0
2026-08-17T00:25:45.9826379Z,0,0,495,176,0
2026-08-17T00:25:45.9877933Z,0,0,495,176,0
2026-08-17T00:25:45.993239Z,0,0,495,176,0
2026-08-17T00:25:45.9978951Z,0,0,495,176,0
2026-08-17T00:25:46.0026522Z,0,0,495,176,0
2026-08-17T00:25:46.0080615Z,0,0,495,176,0
2026-08-17T00:25:46.0125121Z,0,0,495,176,0
2026-08-17T00:25:46.017734Z,0,0,495,176,0
2026-08-17T00:25:46.0225888Z,0,0,495,176,0
2026-08-17T00:25:46.0279428Z,0,0,495,176,0
2026-08-17T00:25:46.0326768Z,0,0,495,176,0
2026-08-17T00:25:46.0380743Z,0,0,495,176,0
2026-08-17T00:25:46.043353Z,0,0,495,176,0
2026-08-17T00:25:46.0479596Z,0,0,495,176,0
2026-08-17T00:25:46.0526096Z,0,0,495,176,0
2026-08-17T00:25:46.0578686Z,0,0,495,176,0
2026-08-17T00:25:46.0630642Z,0,0,495,176,0
2026-08-17T00:25:46.0678171Z,0,0,495,176,0
2026-08-17T00:25:46.0730581Z,0,0,495,176,0
2026-08-17T00:25:46.078072Z,0,0,495,176,0
2026-08-17T00:25:46.0826623Z,0,0,495,176,0
2026-08-17T00:25:46.0880604Z,0,0,495,176,0
2026-08-17T00:25:46.0928354Z,0,0,495,176,0
2026-08-17T00:25:46.098169Z,0,0,495,176,0
2026-08-17T00:25:46.1029559Z,0,0,495,176,0
2026-08-17T00:25:46.1078318Z,0,0,495,176,0
2026-08-17T00:25:46.11252Z,0,0,495,176,0
2026-08-17T00:25:46.1181054Z,0,0,495,176,0
2026-08-17T00:25:46.1225928Z,0,0,495,176,0
2026-08-17T00:25:46.1282156Z,0,0,495,176,0
2026-08-17T00:25:46.1328053Z,0,0,495,176,0
2026-08-17T00:25:46.1375496Z,0,0,495,176,0
2026-08-17T00:25:46.1429375Z,0,0,495,176,0
2026-08-17T00:25:46.1476268Z,0,0,495,176,0
2026-08-17T00:25:46.1531198Z,0,0,495,176,0
2026-08-17T00:25:46.1576164Z,0,0,495,176,0
2026-08-17T00:25:46.1628217Z,0,0,495,176,0
2026-08-17T00:25:46.167569Z,0,0,495,176,0
2026-08-17T00:25:46.1730977Z,0,0,495,176,0
2026-08-17T00:25:46.178036Z,0,0,495,176,0
2026-08-17T00:25:46.1828784Z,0,0,495,176,0
2026-08-17T00:25:46.1875827Z,0,0,495,176,0
2026-08-17T00:25:46.193076Z,0,0,495,176,0
2026-08-17T00:25:46.1978308Z,0,0,495,176,0
2026-08-17T00:25:46.202589Z,0,0,495,176,0
2026-08-17T00:25:46.2081596Z,0,0,495,176,0
2026-08-17T00:25:46.212658Z,0,0,495,176,0
2026-08-17T00:25:46.2178653Z,0,0,495,176,0
2026-08-17T00:25:46.2226323Z,0,0,495,176,0
2026-08-17T00:25:46.2281281Z,0,0,495,176,0
2026-08-17T00:25:46.2327271Z,0,0,495,176,0
2026-08-17T00:25:46.237941Z,0,0,495,176,0
2026-08-17T00:25:46.2428588Z,0,0,495,176,0
2026-08-17T00:25:46.2478944Z,0,0,495,176,0
2026-08-17T00:25:46.2529203Z,0,0,495,176,0
2026-08-17T00:25:46.2577297Z,0,0,495,176,0
2026-08-17T00:25:46.2628973Z,0,0,495,176,0
2026-08-17T00:25:46.2675982Z,0,0,495,176,0
2026-08-17T00:25:46.272922Z,0,0,495,176,0
2026-08-17T00:25:46.2777498Z,0,0,495,176,0
2026-08-17T00:25:46.2825063Z,0,0,495,176,0
2026-08-17T00:25:46.2876954Z,0,0,495,176,0
2026-08-17T00:25:46.2924708Z,0,0,495,176,0
2026-08-17T00:25:46.2978172Z,0,0,495,176,0
2026-08-17T00:25:46.3025578Z,0,0,495,176,0
2026-08-17T00:25:46.3079589Z,0,0,495,176,0
2026-08-17T00:25:46.3125705Z,0,0,495,176,0
2026-08-17T00:25:46.3178618Z,0,0,495,176,0
2026-08-17T00:25:46.3229297Z,0,0,495,176,0
2026-08-17T00:25:46.3279628Z,0,0,495,176,0
2026-08-17T00:25:46.3325547Z,0,0,495,176,0
2026-08-17T00:25:46.3377942Z,0,0,495,176,0
2026-08-17T00:25:46.3428071Z,0,0,495,176,0
2026-08-17T00:25:46.3476962Z,0,0,495,176,0
2026-08-17T00:25:46.3525202Z,0,0,495,176,0
2026-08-17T00:25:46.3577193Z,0,0,495,176,0
2026-08-17T00:25:46.3630665Z,0,0,495,176,0
2026-08-17T00:25:46.3677428Z,0,0,495,176,0
2026-08-17T00:25:46.3729757Z,0,0,495,176,0
2026-08-17T00:25:46.3777248Z,0,0,495,176,0
2026-08-17T00:25:46.3827167Z,0,0,495,176,0
2026-08-17T00:25:46.3880582Z,0,0,495,176,0
2026-08-17T00:25:46.3927679Z,0,0,495,176,0
2026-08-17T00:25:46.3976833Z,0,0,495,176,0
2026-08-17T00:25:46.4025108Z,0,0,495,176,0
2026-08-17T00:25:46.4076889Z,0,0,495,176,0
2026-08-17T00:25:46.4128447Z,0,0,495,176,0
2026-08-17T00:25:46.4177434Z,0,0,495,176,0
2026-08-17T00:25:46.4227744Z,0,0,495,176,0
2026-08-17T00:25:46.427883Z,0,0,495,176,0
2026-08-17T00:25:46.4325279Z,0,0,495,176,0
2026-08-17T00:25:46.4376479Z,0,0,495,176,0
2026-08-17T00:25:46.4424932Z,0,0,495,176,0
2026-08-17T00:25:46.4478775Z,0,0,495,176,0
2026-08-17T00:25:46.4525943Z,0,0,495,176,0
2026-08-17T00:25:46.4578599Z,0,0,495,176,0
2026-08-17T00:25:46.4625839Z,0,0,495,176,0
2026-08-17T00:25:46.467816Z,0,0,495,176,0
2026-08-17T00:25:46.4726205Z,0,0,495,176,0
2026-08-17T00:25:46.4778126Z,0,0,495,176,0
2026-08-17T00:25:46.4829477Z,0,0,495,176,0
2026-08-17T00:25:46.4876944Z,0,0,495,176,0
2026-08-17T00:25:46.4927815Z,0,0,495,176,0
2026-08-17T00:25:46.4975789Z,0,0,495,176,0
2026-08-17T00:25:46.502527Z,0,0,495,176,0
2026-08-17T00:25:46.507782Z,0,0,495,176,0
2026-08-17T00:25:46.5127818Z,0,0,495,176,0
2026-08-17T00:25:46.5175686Z,0,0,495,176,0
2026-08-17T00:25:46.5228047Z,0,0,495,176,0
2026-08-17T00:25:46.5279659Z,0,0,495,176,0
2026-08-17T00:25:46.5330793Z,0,0,495,176,0
2026-08-17T00:25:46.5375478Z,0,0,495,176,0
2026-08-17T00:25:46.5425854Z,0,0,495,176,0
2026-08-17T00:25:46.54761Z,0,0,495,176,0
2026-08-17T00:25:46.5529788Z,0,0,495,176,0
2026-08-17T00:25:46.5579691Z,0,0,495,176,0
2026-08-17T00:25:46.5629738Z,0,0,495,176,0
2026-08-17T00:25:46.5680499Z,0,0,495,176,0
2026-08-17T00:25:46.5727686Z,0,0,495,176,0
2026-08-17T00:25:46.5777996Z,0,0,495,176,0
2026-08-17T00:25:46.5825916Z,0,0,495,176,0
2026-08-17T00:25:46.5878814Z,0,0,495,176,0
2026-08-17T00:25:46.5930949Z,0,0,495,176,0
2026-08-17T00:25:46.5977696Z,0,0,495,176,0
2026-08-17T00:25:46.6030891Z,0,0,495,176,0
2026-08-17T00:25:46.6078277Z,0,0,495,176,0
2026-08-17T00:25:46.6127288Z,0,0,495,176,0
2026-08-17T00:25:46.6180254Z,0,0,495,176,0
2026-08-17T00:25:46.6230193Z,0,0,495,176,0
2026-08-17T00:25:46.627875Z,0,0,495,176,0
2026-08-17T00:25:46.6330393Z,0,0,495,176,0
2026-08-17T00:25:46.6377813Z,0,0,495,176,0
2026-08-17T00:25:46.6425815Z,0,0,495,176,0
2026-08-17T00:25:46.6478358Z,0,0,495,176,0
2026-08-17T00:25:46.6531669Z,0,0,495,176,0
2026-08-17T00:25:46.6579734Z,0,0,495,176,0
2026-08-17T00:25:46.6630118Z,0,0,495,176,0
2026-08-17T00:25:46.6677091Z,0,0,495,176,0
2026-08-17T00:25:46.6724645Z,0,0,495,176,0
2026-08-17T00:25:46.6782183Z,0,0,495,176,0
2026-08-17T00:25:46.682935Z,0,0,495,176,0
2026-08-17T00:25:46.687409Z,0,0,495,176,0
2026-08-17T00:25:46.6928472Z,0,0,495,176,0
2026-08-17T00:25:46.6975941Z,0,0,495,176,0
2026-08-17T00:25:46.7029353Z,0,0,495,176,0
2026-08-17T00:25:46.707839Z,0,0,495,176,0
2026-08-17T00:25:46.7133265Z,0,0,495,176,0
2026-08-17T00:25:46.7178746Z,0,0,495,176,0
2026-08-17T00:25:46.722947Z,0,0,495,176,0
2026-08-17T00:25:46.7284188Z,0,0,495,176,0
2026-08-17T00:25:46.7325588Z,0,0,495,176,0
2026-08-17T00:25:46.7383861Z,0,0,495,176,0
2026-08-17T00:25:46.7429402Z,0,0,495,176,0
2026-08-17T00:25:46.7477093Z,0,0,495,176,0
2026-08-17T00:25:46.7531801Z,0,0,495,176,0
2026-08-17T00:25:46.7578638Z,0,0,495,176,0
2026-08-17T00:25:46.7626359Z,0,0,495,176,0
2026-08-17T00:25:46.7679831Z,0,0,495,176,0
2026-08-17T00:25:46.7726994Z,0,0,495,176,0
2026-08-17T00:25:46.7779848Z,0,0,495,176,0
2026-08-17T00:25:46.7826689Z,0,0,495,176,0
2026-08-17T00:25:46.7879639Z,0,0,495,176,0
2026-08-17T00:25:46.7927595Z,0,0,495,176,0
2026-08-17T00:25:46.7974944Z,0,0,495,176,0
2026-08-17T00:25:46.8027324Z,0,0,495,176,0
2026-08-17T00:25:46.8080704Z,0,0,495,176,0
2026-08-17T00:25:46.8129531Z,0,0,495,176,0
2026-08-17T00:25:46.8176401Z,0,0,495,176,0
2026-08-17T00:25:46.8224552Z,0,0,495,176,0
2026-08-17T00:25:46.8277137Z,0,0,495,176,0
2026-08-17T00:25:46.8328489Z,0,0,495,176,0
2026-08-17T00:25:46.8376768Z,0,0,495,176,0
2026-08-17T00:25:46.8426699Z,0,0,495,176,0
2026-08-17T00:25:46.8479007Z,0,0,495,176,0
2026-08-17T00:25:46.8527049Z,0,0,495,176,0
2026-08-17T00:25:46.8575972Z,0,0,495,176,0
2026-08-17T00:25:46.8625791Z,0,0,495,176,0
2026-08-17T00:25:46.8678201Z,0,0,495,176,0
2026-08-17T00:25:46.872528Z,0,0,495,176,0
2026-08-17T00:25:46.8779171Z,0,0,495,176,0
2026-08-17T00:25:46.8827016Z,0,0,495,176,0
2026-08-17T00:25:46.8881543Z,0,0,495,176,0
2026-08-17T00:25:46.892763Z,0,0,495,176,0
2026-08-17T00:25:46.8975026Z,0,0,495,176,0
2026-08-17T00:25:46.9027448Z,0,0,495,176,0
2026-08-17T00:25:46.9077881Z,0,0,495,176,0
2026-08-17T00:25:46.9129546Z,0,0,495,176,0
2026-08-17T00:25:46.9179724Z,0,0,495,176,0
2026-08-17T00:25:46.923005Z,0,0,495,176,0
2026-08-17T00:25:46.9280466Z,0,0,495,176,0
2026-08-17T00:25:46.9328597Z,0,0,495,176,0
2026-08-17T00:25:46.9376521Z,0,0,495,176,0
2026-08-17T00:25:46.9429368Z,0,0,495,176,0
2026-08-17T00:25:46.9477088Z,0,0,495,176,0
2026-08-17T00:25:46.9530089Z,0,0,495,176,0
2026-08-17T00:25:46.9575576Z,0,0,495,176,0
2026-08-17T00:25:46.9627534Z,0,0,495,176,0
2026-08-17T00:25:46.967827Z,0,0,495,176,0
2026-08-17T00:25:46.9728679Z,0,0,495,176,0
2026-08-17T00:25:46.9781347Z,0,0,495,176,0
2026-08-17T00:25:46.9829533Z,0,0,495,176,0
2026-08-17T00:25:46.9877416Z,0,0,495,176,0
2026-08-17T00:25:46.992641Z,0,0,495,176,0
2026-08-17T00:25:46.9979149Z,0,0,495,176,0
2026-08-17T00:25:47.0027991Z,0,0,495,176,0
2026-08-17T00:25:47.008013Z,0,0,495,176,0
2026-08-17T00:25:47.0126984Z,0,0,495,176,0
2026-08-17T00:25:47.0180594Z,0,0,495,176,0
2026-08-17T00:25:47.0231054Z,0,0,495,176,0
2026-08-17T00:25:47.0280495Z,0,0,495,176,0
2026-08-17T00:25:47.0328068Z,0,0,495,176,0
2026-08-17T00:25:47.0379727Z,0,0,495,176,0
2026-08-17T00:25:47.0427682Z,0,0,495,176,0
2026-08-17T00:25:47.0476508Z,0,0,495,176,0
2026-08-17T00:25:47.0529916Z,0,0,495,176,0
2026-08-17T00:25:47.0576396Z,0,0,495,176,0
2026-08-17T00:25:47.0631583Z,0,0,495,176,0
2026-08-17T00:25:47.067804Z,0,0,495,176,0
2026-08-17T00:25:47.0730783Z,0,0,495,176,0
2026-08-17T00:25:47.0778086Z,0,0,495,176,0
2026-08-17T00:25:47.0825656Z,0,0,495,176,0
2026-08-17T00:25:47.0879058Z,0,0,495,176,0
2026-08-17T00:25:47.0929595Z,0,0,495,176,0
2026-08-17T00:25:47.09759Z,0,0,495,176,0
2026-08-17T00:25:47.1027387Z,0,0,495,176,0
2026-08-17T00:25:47.1079305Z,0,0,495,176,0
2026-08-17T00:25:47.1129059Z,0,0,495,176,0
2026-08-17T00:25:47.1176601Z,0,0,495,176,0
2026-08-17T00:25:47.123121Z,0,0,495,176,0
2026-08-17T00:25:47.1279998Z,0,0,495,176,0
2026-08-17T00:25:47.1326067Z,0,0,495,176,0
2026-08-17T00:25:47.1378282Z,0,0,495,176,0
2026-08-17T00:25:47.1430397Z,0,0,495,176,0
2026-08-17T00:25:47.1475102Z,0,0,495,176,0
2026-08-17T00:25:47.1527669Z,0,0,495,176,0
2026-08-17T00:25:47.157979Z,0,0,495,176,0
2026-08-17T00:25:47.1626326Z,0,0,495,176,0
2026-08-17T00:25:47.1677734Z,0,0,495,176,0
2026-08-17T00:25:47.1730299Z,0,0,495,176,0
2026-08-17T00:25:47.1778715Z,0,0,495,176,0
2026-08-17T00:25:47.1825953Z,0,0,495,176,0
2026-08-17T00:25:47.187767Z,0,0,495,176,0
2026-08-17T00:25:47.1925412Z,0,0,495,176,0
2026-08-17T00:25:47.1978659Z,0,0,495,176,0
2026-08-17T00:25:47.2033201Z,0,0,495,176,0
2026-08-17T00:25:47.2075693Z,0,0,495,176,0
2026-08-17T00:25:47.2128203Z,0,0,495,176,0
2026-08-17T00:25:47.2181069Z,0,0,495,176,0
2026-08-17T00:25:47.2224343Z,0,0,495,176,0
2026-08-17T00:25:47.227941Z,0,0,495,176,0
2026-08-17T00:25:47.2325857Z,0,0,495,176,0
2026-08-17T00:25:47.2382054Z,0,0,495,176,0
2026-08-17T00:25:47.243103Z,0,0,495,176,0
2026-08-17T00:25:47.2474998Z,0,0,495,176,0
2026-08-17T00:25:47.2528206Z,0,0,495,176,0
2026-08-17T00:25:47.2577876Z,0,0,495,176,0
2026-08-17T00:25:47.2626657Z,0,0,495,176,0
2026-08-17T00:25:47.2678517Z,0,0,495,176,0
2026-08-17T00:25:47.2726198Z,0,0,495,176,0
2026-08-17T00:25:47.2780884Z,0,0,495,176,0
2026-08-17T00:25:47.282805Z,0,0,495,176,0
2026-08-17T00:25:47.2875612Z,0,0,495,176,0
2026-08-17T00:25:47.2930932Z,0,0,495,176,0
2026-08-17T00:25:47.2978169Z,0,0,495,176,0
2026-08-17T00:25:47.3025773Z,0,0,495,176,0
2026-08-17T00:25:47.3079432Z,0,0,495,176,0
2026-08-17T00:25:47.3126157Z,0,0,495,176,0
2026-08-17T00:25:47.3176223Z,0,0,495,176,0
2026-08-17T00:25:47.3228374Z,0,0,495,176,0
2026-08-17T00:25:47.3278002Z,0,0,495,176,0
2026-08-17T00:25:47.3329942Z,0,0,495,176,0
2026-08-17T00:25:47.3376894Z,0,0,495,176,0
2026-08-17T00:25:47.3425232Z,0,0,495,176,0
2026-08-17T00:25:47.3480684Z,0,0,495,176,0
2026-08-17T00:25:47.3531464Z,0,0,495,176,0
2026-08-17T00:25:47.357905Z,0,0,495,176,0
2026-08-17T00:25:47.3627934Z,0,0,495,176,0
2026-08-17T00:25:47.3677913Z,0,0,495,176,0
2026-08-17T00:25:47.3728347Z,0,0,495,176,0
2026-08-17T00:25:47.3778801Z,0,0,495,176,0
2026-08-17T00:25:47.3828186Z,0,0,495,176,0
2026-08-17T00:25:47.388046Z,0,0,495,176,0
2026-08-17T00:25:47.3928503Z,0,0,495,176,0
2026-08-17T00:25:47.3978664Z,0,0,495,176,0
2026-08-17T00:25:47.4026032Z,0,0,495,176,0
2026-08-17T00:25:47.4077314Z,0,0,495,176,0
2026-08-17T00:25:47.4126894Z,0,0,495,176,0
2026-08-17T00:25:47.4182407Z,0,0,495,176,0
2026-08-17T00:25:47.4227598Z,0,0,495,176,0
2026-08-17T00:25:47.428737Z,0,0,495,176,0
2026-08-17T00:25:47.4329836Z,0,0,495,176,0
2026-08-17T00:25:47.4378883Z,0,0,495,176,0
2026-08-17T00:25:47.4426962Z,0,0,495,176,0
2026-08-17T00:25:47.4478184Z,0,0,495,176,0
2026-08-17T00:25:47.4529469Z,0,0,495,176,0
2026-08-17T00:25:47.4579105Z,0,0,495,176,0
2026-08-17T00:25:47.4626722Z,0,0,495,176,0
2026-08-17T00:25:47.4679766Z,0,0,495,176,0
2026-08-17T00:25:47.4726946Z,0,0,495,176,0
2026-08-17T00:25:47.4776606Z,0,0,495,176,0
2026-08-17T00:25:47.4828421Z,0,0,495,176,0
2026-08-17T00:25:47.4878563Z,0,0,495,176,0
2026-08-17T00:25:47.4926415Z,0,0,495,176,0
2026-08-17T00:25:47.4979266Z,0,0,495,176,0
2026-08-17T00:25:47.5026561Z,0,0,495,176,0
2026-08-17T00:25:47.507964Z,0,0,495,176,0
2026-08-17T00:25:47.5129246Z,0,0,495,176,0
2026-08-17T00:25:47.5176403Z,0,0,495,176,0
2026-08-17T00:25:47.5229267Z,0,0,495,176,0
2026-08-17T00:25:47.527885Z,0,0,495,176,0
2026-08-17T00:25:47.533031Z,0,0,495,176,0
2026-08-17T00:25:47.5377554Z,0,0,495,176,0
2026-08-17T00:25:47.5428953Z,0,0,495,176,0
2026-08-17T00:25:47.5475859Z,0,0,495,176,0
2026-08-17T00:25:47.5530437Z,0,0,495,176,0
2026-08-17T00:25:47.5579203Z,0,0,495,176,0
2026-08-17T00:25:47.5626869Z,0,0,495,176,0
2026-08-17T00:25:47.567935Z,0,0,495,176,0
2026-08-17T00:25:47.572689Z,0,0,495,176,0
2026-08-17T00:25:47.5781098Z,0,0,495,176,0
2026-08-17T00:25:47.5828644Z,0,0,495,176,0
2026-08-17T00:25:47.5875851Z,0,0,495,176,0
2026-08-17T00:25:47.5929723Z,0,0,495,176,0
2026-08-17T00:25:47.5977048Z,0,0,495,176,0
2026-08-17T00:25:47.6030438Z,0,0,495,176,0
2026-08-17T00:25:47.6077422Z,0,0,495,176,0
2026-08-17T00:25:47.6125955Z,0,0,495,176,0
2026-08-17T00:25:47.6178624Z,0,0,495,176,0
2026-08-17T00:25:47.6226728Z,0,0,495,176,0
2026-08-17T00:25:47.6279769Z,0,0,495,176,0
2026-08-17T00:25:47.6326416Z,0,0,495,176,0
2026-08-17T00:25:47.6379444Z,0,0,495,176,0
2026-08-17T00:25:47.6432215Z,0,0,495,176,0
2026-08-17T00:25:47.6479353Z,0,0,495,176,0
2026-08-17T00:25:47.6531863Z,0,0,495,176,0
2026-08-17T00:25:47.6579189Z,0,0,495,176,0
2026-08-17T00:25:47.6629816Z,0,0,495,176,0
2026-08-17T00:25:47.6676935Z,0,0,495,176,0
2026-08-17T00:25:47.6724848Z,0,0,495,176,0
2026-08-17T00:25:47.6774393Z,0,0,495,176,0
2026-08-17T00:25:47.6826092Z,0,0,495,176,0
2026-08-17T00:25:47.6880557Z,0,0,495,176,0
2026-08-17T00:25:47.6931255Z,0,0,495,176,0
2026-08-17T00:25:47.6979361Z,0,0,495,176,0
2026-08-17T00:25:47.7032107Z,0,0,495,176,0
2026-08-17T00:25:47.7079692Z,0,0,495,176,0
2026-08-17T00:25:47.7128739Z,0,0,495,176,0
2026-08-17T00:25:47.7182951Z,0,0,495,176,0
2026-08-17T00:25:47.7228318Z,0,0,495,176,0
2026-08-17T00:25:47.7275909Z,0,0,495,176,0
2026-08-17T00:25:47.733295Z,0,0,495,176,0
2026-08-17T00:25:47.7379727Z,0,0,495,176,0
2026-08-17T00:25:47.7429695Z,0,0,495,176,0
2026-08-17T00:25:47.7476836Z,0,0,495,176,0
2026-08-17T00:25:47.7527401Z,0,0,495,176,0
2026-08-17T00:25:47.7577698Z,0,0,495,176,0
2026-08-17T00:25:47.7630123Z,0,0,495,176,0
2026-08-17T00:25:47.7677597Z,0,0,495,176,0
2026-08-17T00:25:47.7725754Z,0,0,495,176,0
2026-08-17T00:25:47.7778997Z,0,0,495,176,0
2026-08-17T00:25:47.7829188Z,0,0,495,176,0
2026-08-17T00:25:47.7876432Z,0,0,495,176,0
2026-08-17T00:25:47.7928368Z,0,0,495,176,0
2026-08-17T00:25:47.7975789Z,0,0,495,176,0
2026-08-17T00:25:47.8029646Z,0,0,495,176,0
2026-08-17T00:25:47.807878Z,0,0,495,176,0
2026-08-17T00:25:47.8125999Z,0,0,495,176,0
2026-08-17T00:25:47.8178931Z,0,0,495,176,0
2026-08-17T00:25:47.8226954Z,0,0,495,176,0
2026-08-17T00:25:47.8278551Z,0,0,495,176,0
2026-08-17T00:25:47.8329737Z,0,0,495,176,0
2026-08-17T00:25:47.8373891Z,0,0,495,176,0
2026-08-17T00:25:47.8426508Z,0,0,495,176,0
2026-08-17T00:25:47.8475691Z,0,0,495,176,0
2026-08-17T00:25:47.852836Z,0,0,495,176,0
2026-08-17T00:25:47.8575895Z,0,0,495,176,0
2026-08-17T00:25:47.8631349Z,0,0,495,176,0
2026-08-17T00:25:47.8678062Z,0,0,495,176,0
2026-08-17T00:25:47.8725058Z,0,0,495,176,0
2026-08-17T00:25:47.877758Z,0,0,495,176,0
2026-08-17T00:25:47.8825161Z,0,0,495,176,0
2026-08-17T00:25:47.8876694Z,0,0,495,176,0
2026-08-17T00:25:47.8930241Z,0,0,495,176,0
2026-08-17T00:25:47.8979639Z,0,0,495,176,0
2026-08-17T00:25:47.9027488Z,0,0,495,176,0
2026-08-17T00:25:47.9077887Z,0,0,495,176,0
2026-08-17T00:25:47.9126902Z,0,0,495,176,0
2026-08-17T00:25:47.9179603Z,0,0,495,176,0
2026-08-17T00:25:47.9231086Z,0,0,495,176,0
2026-08-17T00:25:47.9279167Z,0,0,495,176,0
2026-08-17T00:25:47.9326017Z,0,0,495,176,0
2026-08-17T00:25:47.9377573Z,0,0,495,176,0
2026-08-17T00:25:47.9427715Z,0,0,495,176,0
2026-08-17T00:25:47.9477779Z,0,0,495,176,0
2026-08-17T00:25:47.9527217Z,0,0,495,176,0
2026-08-17T00:25:47.9578787Z,0,0,495,176,0
2026-08-17T00:25:47.9628175Z,0,0,495,176,0
2026-08-17T00:25:47.9680505Z,0,0,495,176,0
2026-08-17T00:25:47.9727339Z,0,0,495,176,0
2026-08-17T00:25:47.977986Z,0,0,495,176,0
2026-08-17T00:25:47.9827124Z,0,0,495,176,0
2026-08-17T00:25:47.9880385Z,0,0,495,176,0
2026-08-17T00:25:47.9930381Z,0,0,495,176,0
2026-08-17T00:25:47.9977485Z,0,0,495,176,0
2026-08-17T00:25:48.003049Z,0,0,495,176,0
2026-08-17T00:25:48.0078153Z,0,0,495,176,0
2026-08-17T00:25:48.012869Z,0,0,495,176,0
2026-08-17T00:25:48.0177226Z,0,0,495,176,0
2026-08-17T00:25:48.0225534Z,0,0,495,176,0
2026-08-17T00:25:48.0278167Z,0,0,495,176,0
2026-08-17T00:25:48.0325664Z,0,0,495,176,0
2026-08-17T00:25:48.0377607Z,0,0,495,176,0
2026-08-17T00:25:48.0427541Z,0,0,495,176,0
2026-08-17T00:25:48.0476159Z,0,0,495,176,0
2026-08-17T00:25:48.0529301Z,0,0,495,176,0
2026-08-17T00:25:48.057902Z,0,0,495,176,0
2026-08-17T00:25:48.0631258Z,0,0,495,176,0
2026-08-17T00:25:48.0678308Z,0,0,495,176,0
2026-08-17T00:25:48.0725822Z,0,0,495,176,0
2026-08-17T00:25:48.0780038Z,0,0,495,176,0
2026-08-17T00:25:48.0828384Z,0,0,495,176,0
2026-08-17T00:25:48.0881572Z,0,0,495,176,0
2026-08-17T00:25:48.0926345Z,0,0,495,176,0
2026-08-17T00:25:48.0978204Z,0,0,495,176,0
2026-08-17T00:25:48.1025217Z,0,0,495,176,0
2026-08-17T00:25:48.1079222Z,0,0,495,176,0
2026-08-17T00:25:48.1125021Z,0,0,495,176,0
2026-08-17T00:25:48.1178426Z,0,0,495,176,0
2026-08-17T00:25:48.122518Z,0,0,495,176,0
2026-08-17T00:25:48.1277702Z,0,0,495,176,0
2026-08-17T00:25:48.1329411Z,0,0,495,176,0
2026-08-17T00:25:48.1375824Z,0,0,495,176,0
2026-08-17T00:25:48.1429043Z,0,0,495,176,0
2026-08-17T00:25:48.1478179Z,0,0,495,176,0
2026-08-17T00:25:48.1525694Z,0,0,495,176,0
2026-08-17T00:25:48.1577903Z,0,0,495,176,0
2026-08-17T00:25:48.163002Z,0,0,495,176,0
2026-08-17T00:25:48.1676404Z,0,0,495,176,0
2026-08-17T00:25:48.1727932Z,0,0,495,176,0
2026-08-17T00:25:48.1776952Z,0,0,495,176,0
2026-08-17T00:25:48.1829677Z,0,0,495,176,0
2026-08-17T00:25:48.1876738Z,0,0,495,176,0
2026-08-17T00:25:48.1930307Z,0,0,495,176,0
2026-08-17T00:25:48.1975538Z,0,0,495,176,0
2026-08-17T00:25:48.2027779Z,0,0,495,176,0
2026-08-17T00:25:48.2075795Z,0,0,495,176,0
2026-08-17T00:25:48.2129331Z,0,0,495,176,0
2026-08-17T00:25:48.2179177Z,0,0,495,176,0
2026-08-17T00:25:48.2225174Z,0,0,495,176,0
2026-08-17T00:25:48.227689Z,0,0,495,176,0
2026-08-17T00:25:48.2328939Z,0,0,495,176,0
2026-08-17T00:25:48.2375878Z,0,0,495,176,0
2026-08-17T00:25:48.2425192Z,0,0,495,176,0
2026-08-17T00:25:48.2475346Z,0,0,495,176,0
2026-08-17T00:25:48.2526216Z,0,0,495,176,0
2026-08-17T00:25:48.2577978Z,0,0,495,176,0
2026-08-17T00:25:48.2626467Z,0,0,495,176,0
2026-08-17T00:25:48.2677639Z,0,0,495,176,0
2026-08-17T00:25:48.2724119Z,0,0,495,176,0
2026-08-17T00:25:48.2778656Z,0,0,495,176,0
2026-08-17T00:25:48.2825825Z,0,0,495,176,0
2026-08-17T00:25:48.2877977Z,0,0,495,176,0
2026-08-17T00:25:48.2928088Z,0,0,495,176,0
2026-08-17T00:25:48.2976346Z,0,0,495,176,0
2026-08-17T00:25:48.302843Z,0,0,495,176,0
2026-08-17T00:25:48.3077655Z,0,0,495,176,0
2026-08-17T00:25:48.3127224Z,0,0,495,176,0
2026-08-17T00:25:48.3176076Z,0,0,495,176,0
2026-08-17T00:25:48.3225516Z,0,0,495,176,0
2026-08-17T00:25:48.3281419Z,0,0,495,176,0
2026-08-17T00:25:48.3327898Z,0,0,495,176,0
2026-08-17T00:25:48.3376866Z,0,0,495,176,0
2026-08-17T00:25:48.342785Z,0,0,495,176,0
2026-08-17T00:25:48.3480069Z,0,0,495,176,0
2026-08-17T00:25:48.3528221Z,0,0,495,176,0
2026-08-17T00:25:48.3578469Z,0,0,495,176,0
2026-08-17T00:25:48.36282Z,0,0,495,176,0
2026-08-17T00:25:48.367692Z,0,0,495,176,0
2026-08-17T00:25:48.3729017Z,0,0,495,176,0
2026-08-17T00:25:48.3775774Z,0,0,495,176,0
2026-08-17T00:25:48.3828722Z,0,0,495,176,0
2026-08-17T00:25:48.3876719Z,0,0,495,176,0
2026-08-17T00:25:48.3926573Z,0,0,495,176,0
2026-08-17T00:25:48.3979365Z,0,0,495,176,0
2026-08-17T00:25:48.4026884Z,0,0,495,176,0
2026-08-17T00:25:48.4078884Z,0,0,495,176,0
2026-08-17T00:25:48.4128121Z,0,0,495,176,0
2026-08-17T00:25:48.4180707Z,0,0,495,176,0
2026-08-17T00:25:48.4228305Z,0,0,495,176,0
2026-08-17T00:25:48.4278444Z,0,0,495,176,0
2026-08-17T00:25:48.4326536Z,0,0,495,176,0
2026-08-17T00:25:48.4379137Z,0,0,495,176,0
2026-08-17T00:25:48.4425829Z,0,0,495,176,0
2026-08-17T00:25:48.4482523Z,0,0,495,176,0
2026-08-17T00:25:48.4532139Z,0,0,495,176,0
2026-08-17T00:25:48.4579301Z,0,0,495,176,0
2026-08-17T00:25:48.4630961Z,0,0,495,176,0
2026-08-17T00:25:48.4678287Z,0,0,495,176,0
2026-08-17T00:25:48.4725952Z,0,0,495,176,0
2026-08-17T00:25:48.4777307Z,0,0,495,176,0
2026-08-17T00:25:48.4826468Z,0,0,495,176,0
2026-08-17T00:25:48.4880438Z,0,0,495,176,0
2026-08-17T00:25:48.4929336Z,0,0,495,176,0
2026-08-17T00:25:48.4976474Z,0,0,495,176,0
2026-08-17T00:25:48.503022Z,0,0,495,176,0
2026-08-17T00:25:48.5077644Z,0,0,495,176,0
2026-08-17T00:25:48.5125223Z,0,0,495,176,0
2026-08-17T00:25:48.5181394Z,0,0,495,176,0
2026-08-17T00:25:48.5229022Z,0,0,495,176,0
2026-08-17T00:25:48.5279301Z,0,0,495,176,0
2026-08-17T00:25:48.5325466Z,0,0,495,176,0
2026-08-17T00:25:48.5377973Z,0,0,495,176,0
2026-08-17T00:25:48.5428307Z,0,0,495,176,0
2026-08-17T00:25:48.5475695Z,0,0,495,176,0
2026-08-17T00:25:48.5529329Z,0,0,495,176,0
2026-08-17T00:25:48.5578324Z,0,0,495,176,0
2026-08-17T00:25:48.5629688Z,0,0,495,176,0
2026-08-17T00:25:48.5677578Z,0,0,495,176,0
2026-08-17T00:25:48.5729371Z,0,0,495,176,0
2026-08-17T00:25:48.5780555Z,0,0,495,176,0
2026-08-17T00:25:48.5826676Z,0,0,495,176,0
2026-08-17T00:25:48.58791Z,0,0,495,176,0
2026-08-17T00:25:48.5926535Z,0,0,495,176,0
2026-08-17T00:25:48.597724Z,0,0,495,176,0
2026-08-17T00:25:48.6025129Z,0,0,495,176,0
2026-08-17T00:25:48.6077223Z,0,0,495,176,0
2026-08-17T00:25:48.6130628Z,0,0,495,176,0
2026-08-17T00:25:48.6177837Z,0,0,495,176,0
2026-08-17T00:25:48.6226733Z,0,0,495,176,0
2026-08-17T00:25:48.6279056Z,0,0,495,176,0
2026-08-17T00:25:48.6325488Z,0,0,495,176,0
2026-08-17T00:25:48.6378358Z,0,0,495,176,0
2026-08-17T00:25:48.6428935Z,0,0,495,176,0
2026-08-17T00:25:48.6477734Z,0,0,495,176,0
2026-08-17T00:25:48.6526523Z,0,0,495,176,0
2026-08-17T00:25:48.6579627Z,0,0,495,176,0
2026-08-17T00:25:48.6625968Z,0,0,495,176,0
2026-08-17T00:25:48.667829Z,0,0,495,176,0
2026-08-17T00:25:48.6725077Z,0,0,495,176,0
2026-08-17T00:25:48.6777113Z,0,0,495,176,0
2026-08-17T00:25:48.6829381Z,0,0,495,176,0
2026-08-17T00:25:48.6876205Z,0,0,495,176,0
2026-08-17T00:25:48.6929454Z,0,0,495,176,0
2026-08-17T00:25:48.6975929Z,0,0,495,176,0
2026-08-17T00:25:48.702712Z,0,0,495,176,0
2026-08-17T00:25:48.70784Z,0,0,495,176,0
2026-08-17T00:25:48.7128084Z,0,0,495,176,0
2026-08-17T00:25:48.7179579Z,0,0,495,176,0
2026-08-17T00:25:48.723033Z,0,0,495,176,0
2026-08-17T00:25:48.7279116Z,0,0,495,176,0
2026-08-17T00:25:48.7326239Z,0,0,495,176,0
2026-08-17T00:25:48.737755Z,0,0,495,176,0
2026-08-17T00:25:48.7429154Z,0,0,495,176,0
2026-08-17T00:25:48.7477323Z,0,0,495,176,0
2026-08-17T00:25:48.7525832Z,0,0,495,176,0
2026-08-17T00:25:48.7577599Z,0,0,495,176,0
2026-08-17T00:25:48.7628664Z,0,0,495,176,0
2026-08-17T00:25:48.7675757Z,0,0,495,176,0
2026-08-17T00:25:48.7728164Z,0,0,495,176,0
2026-08-17T00:25:48.7778535Z,0,0,495,176,0
2026-08-17T00:25:48.7829527Z,0,0,495,176,0
2026-08-17T00:25:48.7876795Z,0,0,495,176,0
2026-08-17T00:25:48.7927808Z,0,0,495,176,0
2026-08-17T00:25:48.7977306Z,0,0,495,176,0
2026-08-17T00:25:48.802986Z,0,0,495,176,0
2026-08-17T00:25:48.807686Z,0,0,495,176,0
2026-08-17T00:25:48.8126619Z,0,0,495,176,0
2026-08-17T00:25:48.8178901Z,0,0,495,176,0
2026-08-17T00:25:48.822667Z,0,0,495,176,0
2026-08-17T00:25:48.8280945Z,0,0,495,176,0
2026-08-17T00:25:48.8326825Z,0,0,495,176,0
2026-08-17T00:25:48.837573Z,0,0,495,176,0
2026-08-17T00:25:48.8427469Z,0,0,495,176,0
2026-08-17T00:25:48.8479601Z,0,0,495,176,0
2026-08-17T00:25:48.852606Z,0,0,495,176,0
2026-08-17T00:25:48.857515Z,0,0,495,176,0
2026-08-17T00:25:48.8631085Z,0,0,495,176,0
2026-08-17T00:25:48.8677889Z,0,0,495,176,0
2026-08-17T00:25:48.872495Z,0,0,495,176,0
2026-08-17T00:25:48.8780377Z,0,0,495,176,0
2026-08-17T00:25:48.8825443Z,0,0,495,176,0
2026-08-17T00:25:48.8878207Z,0,0,495,176,0
2026-08-17T00:25:48.892555Z,0,0,495,176,0
2026-08-17T00:25:48.8978249Z,0,0,495,176,0
2026-08-17T00:25:48.9025082Z,0,0,495,176,0
2026-08-17T00:25:48.907994Z,0,0,495,176,0
2026-08-17T00:25:48.9128717Z,0,0,495,176,0
2026-08-17T00:25:48.9176061Z,0,0,495,176,0
2026-08-17T00:25:48.9226762Z,0,0,495,176,0
2026-08-17T00:25:48.9281203Z,0,0,495,176,0
2026-08-17T00:25:48.9326963Z,0,0,495,176,0
2026-08-17T00:25:48.9378875Z,0,0,495,176,0
2026-08-17T00:25:48.9427203Z,0,0,495,176,0
2026-08-17T00:25:48.9478734Z,0,0,495,176,0
2026-08-17T00:25:48.952944Z,0,0,495,176,0
2026-08-17T00:25:48.9578485Z,0,0,495,176,0
2026-08-17T00:25:48.9626062Z,0,0,495,176,0
2026-08-17T00:25:48.967753Z,0,0,495,176,0
2026-08-17T00:25:48.9723946Z,0,0,495,176,0
2026-08-17T00:25:48.9776414Z,0,0,495,176,0
2026-08-17T00:25:48.9829153Z,0,0,495,176,0
2026-08-17T00:25:48.9879026Z,0,0,495,176,0
2026-08-17T00:25:48.9930877Z,0,0,495,176,0
2026-08-17T00:25:48.9978572Z,0,0,495,176,0
2026-08-17T00:25:49.0027252Z,0,0,495,176,0
2026-08-17T00:25:49.007526Z,0,0,495,176,0
2026-08-17T00:25:49.0128339Z,0,0,495,176,0
2026-08-17T00:25:49.017825Z,0,0,495,176,0
2026-08-17T00:25:49.02262Z,0,0,495,176,0
2026-08-17T00:25:49.0276031Z,0,0,495,176,0
2026-08-17T00:25:49.0327795Z,0,0,495,176,0
2026-08-17T00:25:49.0380114Z,0,0,495,176,0
2026-08-17T00:25:49.042757Z,0,0,495,176,0
2026-08-17T00:25:49.0479911Z,0,0,495,176,0
2026-08-17T00:25:49.0526291Z,0,0,495,176,0
2026-08-17T00:25:49.0576816Z,0,0,495,176,0
2026-08-17T00:25:49.0627885Z,0,0,495,176,0
2026-08-17T00:25:49.067583Z,0,0,495,176,0
2026-08-17T00:25:49.0728451Z,0,0,495,176,0
2026-08-17T00:25:49.0780068Z,0,0,495,176,0
2026-08-17T00:25:49.0826622Z,0,0,495,176,0
2026-08-17T00:25:49.0877067Z,0,0,495,176,0
2026-08-17T00:25:49.0932302Z,0,0,495,176,0
2026-08-17T00:25:49.0979271Z,0,0,495,176,0
2026-08-17T00:25:49.1025714Z,0,0,495,176,0
2026-08-17T00:25:49.1074941Z,0,0,495,176,0
2026-08-17T00:25:49.1128785Z,0,0,495,176,0
2026-08-17T00:25:49.1175636Z,0,0,495,176,0
2026-08-17T00:25:49.12339Z,0,0,495,176,0
2026-08-17T00:25:49.1281616Z,0,0,495,176,0
2026-08-17T00:25:49.1328513Z,0,0,495,176,0
2026-08-17T00:25:49.137612Z,0,0,495,176,0
2026-08-17T00:25:49.1426095Z,0,0,495,176,0
2026-08-17T00:25:49.1478605Z,0,0,495,176,0
2026-08-17T00:25:49.1526144Z,0,0,495,176,0
2026-08-17T00:25:49.1578245Z,0,0,495,176,0
2026-08-17T00:25:49.1627228Z,0,0,495,176,0
2026-08-17T00:25:49.1679343Z,0,0,495,176,0
2026-08-17T00:25:49.1726545Z,0,0,495,176,0
2026-08-17T00:25:49.1773972Z,0,0,495,176,0
2026-08-17T00:25:49.1825178Z,0,0,495,176,0
2026-08-17T00:25:49.1878365Z,0,0,495,176,0
2026-08-17T00:25:49.1926982Z,0,0,495,176,0
2026-08-17T00:25:49.1978175Z,0,0,495,176,0
2026-08-17T00:25:49.2025464Z,0,0,495,176,0
2026-08-17T00:25:49.2078904Z,0,0,495,176,0
2026-08-17T00:25:49.2132474Z,0,0,495,176,0
2026-08-17T00:25:49.2176188Z,0,0,495,176,0
2026-08-17T00:25:49.2227763Z,0,0,495,176,0
2026-08-17T00:25:49.2275066Z,0,0,495,176,0
2026-08-17T00:25:49.2325337Z,0,0,495,176,0
2026-08-17T00:25:49.2376321Z,0,0,495,176,0
2026-08-17T00:25:49.2425878Z,0,0,495,176,0
2026-08-17T00:25:49.2479696Z,0,0,495,176,0
2026-08-17T00:25:49.2526244Z,0,0,495,176,0
2026-08-17T00:25:49.2578539Z,0,0,495,176,0
2026-08-17T00:25:49.262865Z,0,0,495,176,0
2026-08-17T00:25:49.2675238Z,0,0,495,176,0
2026-08-17T00:25:49.2729397Z,0,0,495,176,0
2026-08-17T00:25:49.2777528Z,0,0,495,176,0
2026-08-17T00:25:49.2827295Z,0,0,495,176,0
2026-08-17T00:25:49.2879669Z,0,0,495,176,0
2026-08-17T00:25:49.2924252Z,0,0,495,176,0
2026-08-17T00:25:49.2980629Z,0,0,495,176,0
2026-08-17T00:25:49.3027139Z,0,0,495,176,0
2026-08-17T00:25:49.3076824Z,0,0,495,176,0
2026-08-17T00:25:49.3126525Z,0,0,495,176,0
2026-08-17T00:25:49.31786Z,0,0,495,176,0
2026-08-17T00:25:49.3227147Z,0,0,495,176,0
2026-08-17T00:25:49.3276005Z,0,0,495,176,0
2026-08-17T00:25:49.3327645Z,0,0,495,176,0
2026-08-17T00:25:49.3379069Z,0,0,495,176,0
2026-08-17T00:25:49.3426781Z,0,0,495,176,0
2026-08-17T00:25:49.3477974Z,0,0,495,176,0
2026-08-17T00:25:49.3524744Z,0,0,495,176,0
2026-08-17T00:25:49.3576673Z,0,0,495,176,0
2026-08-17T00:25:49.3625527Z,0,0,495,176,0
2026-08-17T00:25:49.3677431Z,0,0,495,176,0
2026-08-17T00:25:49.3724107Z,0,0,495,176,0
2026-08-17T00:25:49.3776189Z,0,0,495,176,0
2026-08-17T00:25:49.3827037Z,0,0,495,176,0
2026-08-17T00:25:49.3875679Z,0,0,495,176,0
2026-08-17T00:25:49.3928088Z,0,0,495,176,0
2026-08-17T00:25:49.3975429Z,0,0,495,176,0
2026-08-17T00:25:49.4026232Z,0,0,495,176,0
2026-08-17T00:25:49.4076117Z,0,0,495,176,0
2026-08-17T00:25:49.4130255Z,0,0,495,176,0
2026-08-17T00:25:49.4175348Z,0,0,495,176,0
2026-08-17T00:25:49.422441Z,0,0,495,176,0
2026-08-17T00:25:49.4274863Z,0,0,495,176,0
2026-08-17T00:25:49.4328578Z,0,0,495,176,0
2026-08-17T00:25:49.4376011Z,0,0,495,176,0
2026-08-17T00:25:49.4429065Z,0,0,495,176,0
2026-08-17T00:25:49.4478514Z,0,0,495,176,0
2026-08-17T00:25:49.4529886Z,0,0,495,176,0
2026-08-17T00:25:49.4578344Z,0,0,495,176,0
2026-08-17T00:25:49.463008Z,0,0,495,176,0
2026-08-17T00:25:49.4677044Z,0,0,495,176,0
2026-08-17T00:25:49.4729589Z,0,0,495,176,0
2026-08-17T00:25:49.4774874Z,0,0,495,176,0
2026-08-17T00:25:49.482784Z,0,0,495,176,0
2026-08-17T00:25:49.4880334Z,0,0,495,176,0
2026-08-17T00:25:49.4928419Z,0,0,495,176,0
2026-08-17T00:25:49.5014204Z,0,0,495,176,0
2026-08-17T00:25:49.5028844Z,0,0,495,176,0
2026-08-17T00:25:49.5078469Z,0,0,495,176,0
2026-08-17T00:25:49.5128131Z,0,0,495,176,0
2026-08-17T00:25:49.5175829Z,0,0,495,176,0
2026-08-17T00:25:49.5227711Z,0,0,495,176,0
2026-08-17T00:25:49.5281301Z,0,0,495,176,0
2026-08-17T00:25:49.532887Z,0,0,495,176,0
2026-08-17T00:25:49.5376122Z,0,0,495,176,0
2026-08-17T00:25:49.5425013Z,0,0,495,176,0
2026-08-17T00:25:49.5477005Z,0,0,495,176,0
2026-08-17T00:25:49.5529896Z,0,0,495,176,0
2026-08-17T00:25:49.5578292Z,0,0,495,176,0
2026-08-17T00:25:49.5631462Z,0,0,495,176,0
2026-08-17T00:25:49.5678491Z,0,0,495,176,0
2026-08-17T00:25:49.5725595Z,0,0,495,176,0
2026-08-17T00:25:49.5779632Z,0,0,495,176,0
2026-08-17T00:25:49.5828255Z,0,0,495,176,0
2026-08-17T00:25:49.5876249Z,0,0,495,176,0
2026-08-17T00:25:49.5925507Z,0,0,495,176,0
2026-08-17T00:25:49.5977125Z,0,0,495,176,0
2026-08-17T00:25:49.6029987Z,0,0,495,176,0
2026-08-17T00:25:49.6076616Z,0,0,495,176,0
2026-08-17T00:25:49.6128744Z,0,0,495,176,0
2026-08-17T00:25:49.6175999Z,0,0,495,176,0
2026-08-17T00:25:49.6226355Z,0,0,495,176,0
2026-08-17T00:25:49.6277006Z,0,0,495,176,0
2026-08-17T00:25:49.6329607Z,0,0,495,176,0
2026-08-17T00:25:49.6376844Z,0,0,495,176,0
2026-08-17T00:25:49.6426017Z,0,0,495,176,0
2026-08-17T00:25:49.6479764Z,0,0,495,176,0
2026-08-17T00:25:49.6527171Z,0,0,495,176,0
2026-08-17T00:25:49.6579444Z,0,0,495,176,0
2026-08-17T00:25:49.6627677Z,0,0,495,176,0
2026-08-17T00:25:49.6675582Z,0,0,495,176,0
2026-08-17T00:25:49.6728499Z,0,0,495,176,0
2026-08-17T00:25:49.6777806Z,0,0,495,176,0
2026-08-17T00:25:49.6830718Z,0,0,495,176,0
2026-08-17T00:25:49.6878201Z,0,0,495,176,0
2026-08-17T00:25:49.6926671Z,0,0,495,176,0
2026-08-17T00:25:49.6975886Z,0,0,495,176,0
2026-08-17T00:25:49.7024986Z,0,0,495,176,0
2026-08-17T00:25:49.7078619Z,0,0,495,176,0
2026-08-17T00:25:49.7128676Z,0,0,495,176,0
2026-08-17T00:25:49.7176449Z,0,0,495,176,0
2026-08-17T00:25:49.7229817Z,0,0,495,176,0
2026-08-17T00:25:49.7277117Z,0,0,495,176,0
2026-08-17T00:25:49.7325142Z,0,0,495,176,0
2026-08-17T00:25:49.7377943Z,0,0,495,176,0
2026-08-17T00:25:49.7428928Z,0,0,495,176,0
2026-08-17T00:25:49.7476826Z,0,0,495,176,0
2026-08-17T00:25:49.7527483Z,0,0,495,176,0
2026-08-17T00:25:49.7577566Z,0,0,495,176,0
2026-08-17T00:25:49.7628605Z,0,0,495,176,0
2026-08-17T00:25:49.7677094Z,0,0,495,176,0
2026-08-17T00:25:49.7725072Z,0,0,495,176,0
2026-08-17T00:25:49.7776422Z,0,0,495,176,0
2026-08-17T00:25:49.7832814Z,0,0,495,176,0
2026-08-17T00:25:49.7880512Z,0,0,495,176,0
2026-08-17T00:25:49.7930133Z,0,0,495,176,0
2026-08-17T00:25:49.7977635Z,0,0,495,176,0
2026-08-17T00:25:49.8025975Z,0,0,495,176,0
2026-08-17T00:25:49.8078468Z,0,0,495,176,0
2026-08-17T00:25:49.8126217Z,0,0,495,176,0
2026-08-17T00:25:49.8178529Z,0,0,495,176,0
2026-08-17T00:25:49.822766Z,0,0,495,176,0
2026-08-17T00:25:49.8279377Z,0,0,495,176,0
2026-08-17T00:25:49.8326454Z,0,0,495,176,0
2026-08-17T00:25:49.8378243Z,0,0,495,176,0
2026-08-17T00:25:49.8430416Z,0,0,495,176,0
2026-08-17T00:25:49.8480256Z,0,0,495,176,0
2026-08-17T00:25:49.8528029Z,0,0,495,176,0
2026-08-17T00:25:49.8578868Z,0,0,495,176,0
2026-08-17T00:25:49.8625629Z,0,0,495,176,0
2026-08-17T00:25:49.867748Z,0,0,495,176,0
2026-08-17T00:25:49.8724336Z,0,0,495,176,0
2026-08-17T00:25:49.8777523Z,0,0,495,176,0
2026-08-17T00:25:49.8825915Z,0,0,495,176,0
2026-08-17T00:25:49.8878868Z,0,0,495,176,0
2026-08-17T00:25:49.892806Z,0,0,495,176,0
2026-08-17T00:25:49.8975009Z,0,0,495,176,0
2026-08-17T00:25:49.9027534Z,0,0,495,176,0
2026-08-17T00:25:49.9079158Z,0,0,495,176,0
2026-08-17T00:25:49.9129833Z,0,0,495,176,0
2026-08-17T00:25:49.9178121Z,0,0,495,176,0
2026-08-17T00:25:49.9226325Z,0,0,495,176,0
2026-08-17T00:25:49.9279527Z,0,0,495,176,0
2026-08-17T00:25:49.9326278Z,0,0,495,176,0
2026-08-17T00:25:49.937789Z,0,0,495,176,0
2026-08-17T00:25:49.942652Z,0,0,495,176,0
2026-08-17T00:25:49.9478169Z,0,0,495,176,0
2026-08-17T00:25:49.9526061Z,0,0,495,176,0
2026-08-17T00:25:49.9577926Z,0,0,495,176,0
2026-08-17T00:25:49.9632585Z,0,0,495,176,0
2026-08-17T00:25:49.9679083Z,0,0,495,176,0
2026-08-17T00:25:49.9725832Z,0,0,495,176,0
2026-08-17T00:25:49.9782703Z,0,0,495,176,0
2026-08-17T00:25:49.9829905Z,0,0,495,176,0
2026-08-17T00:25:49.9877132Z,0,0,495,176,0
2026-08-17T00:25:49.9927678Z,0,0,495,176,0
2026-08-17T00:25:49.9975809Z,0,0,495,176,0
2026-08-17T00:25:50.0027139Z,0,0,495,176,0
2026-08-17T00:25:50.007494Z,0,0,495,176,0
2026-08-17T00:25:50.0130406Z,0,0,495,176,0
2026-08-17T00:25:50.0178255Z,0,0,495,176,0
2026-08-17T00:25:50.0229969Z,0,0,495,176,0
2026-08-17T00:25:50.0276434Z,0,0,495,176,0
2026-08-17T00:25:50.0328371Z,0,0,495,176,0
2026-08-17T00:25:50.0380141Z,0,0,495,176,0
2026-08-17T00:25:50.042599Z,0,0,495,176,0
2026-08-17T00:25:50.0478911Z,0,0,495,176,0
2026-08-17T00:25:50.0527296Z,0,0,495,176,0
2026-08-17T00:25:50.0579076Z,0,0,495,176,0
2026-08-17T00:25:50.0630584Z,0,0,495,176,0
2026-08-17T00:25:50.0677399Z,0,0,495,176,0
2026-08-17T00:25:50.0728313Z,0,0,495,176,0
2026-08-17T00:25:50.0778173Z,0,0,495,176,0
2026-08-17T00:25:50.0826578Z,0,0,495,176,0
2026-08-17T00:25:50.0879674Z,0,0,495,176,0
2026-08-17T00:25:50.0930155Z,0,0,495,176,0
2026-08-17T00:25:50.0976729Z,0,0,495,176,0
2026-08-17T00:25:50.1028411Z,0,0,495,176,0
2026-08-17T00:25:50.1074544Z,0,0,495,176,0
2026-08-17T00:25:50.1129205Z,0,0,495,176,0
2026-08-17T00:25:50.117919Z,0,0,495,176,0
2026-08-17T00:25:50.1225963Z,0,0,495,176,0
2026-08-17T00:25:50.1280024Z,0,0,495,176,0
2026-08-17T00:25:50.1327063Z,0,0,495,176,0
2026-08-17T00:25:50.1379596Z,0,0,495,176,0
2026-08-17T00:25:50.1425602Z,0,0,495,176,0
2026-08-17T00:25:50.1478017Z,0,0,495,176,0
2026-08-17T00:25:50.1524867Z,0,0,495,176,0
2026-08-17T00:25:50.1577315Z,0,0,495,176,0
2026-08-17T00:25:50.1627848Z,0,0,495,176,0
2026-08-17T00:25:50.16798Z,0,0,495,176,0
2026-08-17T00:25:50.1726155Z,0,0,495,176,0
2026-08-17T00:25:50.1779693Z,0,0,495,176,0
2026-08-17T00:25:50.1829859Z,0,0,495,176,0
2026-08-17T00:25:50.187777Z,0,0,495,176,0
2026-08-17T00:25:50.1928247Z,0,0,495,176,0
2026-08-17T00:25:50.1976122Z,0,0,495,176,0
2026-08-17T00:25:50.2027566Z,0,0,495,176,0
2026-08-17T00:25:50.2075407Z,0,0,495,176,0
2026-08-17T00:25:50.2126506Z,0,0,495,176,0
2026-08-17T00:25:50.2175444Z,0,0,495,176,0
2026-08-17T00:25:50.2226691Z,0,0,495,176,0
2026-08-17T00:25:50.2278687Z,0,0,495,176,0
2026-08-17T00:25:50.2328277Z,0,0,495,176,0
2026-08-17T00:25:50.2375082Z,0,0,495,176,0
2026-08-17T00:25:50.2424933Z,0,0,495,176,0
2026-08-17T00:25:50.2476567Z,0,0,495,176,0
2026-08-17T00:25:50.2527407Z,0,0,495,176,0
2026-08-17T00:25:50.2577706Z,0,0,495,176,0
2026-08-17T00:25:50.2627984Z,0,0,495,176,0
2026-08-17T00:25:50.2679333Z,0,0,495,176,0
2026-08-17T00:25:50.2725544Z,0,0,495,176,0
2026-08-17T00:25:50.2779668Z,0,0,495,176,0
2026-08-17T00:25:50.282528Z,0,0,495,176,0
2026-08-17T00:25:50.2878124Z,0,0,495,176,0
2026-08-17T00:25:50.2929835Z,0,0,495,176,0
2026-08-17T00:25:50.2976592Z,0,0,495,176,0
2026-08-17T00:25:50.3030089Z,0,0,495,176,0
2026-08-17T00:25:50.3075785Z,0,0,495,176,0
2026-08-17T00:25:50.3124474Z,0,0,495,176,0
2026-08-17T00:25:50.3176644Z,0,0,495,176,0
2026-08-17T00:25:50.3224339Z,0,0,495,176,0
2026-08-17T00:25:50.3279059Z,0,0,495,176,0
2026-08-17T00:25:50.3326867Z,0,0,495,176,0
2026-08-17T00:25:50.3378703Z,0,0,495,176,0
2026-08-17T00:25:50.3429873Z,0,0,495,176,0
2026-08-17T00:25:50.3477226Z,0,0,495,176,0
2026-08-17T00:25:50.353022Z,0,0,495,176,0
2026-08-17T00:25:50.357583Z,0,0,495,176,0
2026-08-17T00:25:50.3628339Z,0,0,495,176,0
2026-08-17T00:25:50.3679595Z,0,0,495,176,0
2026-08-17T00:25:50.3726912Z,0,0,495,176,0
2026-08-17T00:25:50.3779037Z,0,0,495,176,0
2026-08-17T00:25:50.3826731Z,0,0,495,176,0
2026-08-17T00:25:50.3879086Z,0,0,495,176,0
2026-08-17T00:25:50.3925989Z,0,0,495,176,0
2026-08-17T00:25:50.397891Z,0,0,495,176,0
2026-08-17T00:25:50.4026471Z,0,0,495,176,0
2026-08-17T00:25:50.4079541Z,0,0,495,176,0
2026-08-17T00:25:50.412748Z,0,0,495,176,0
2026-08-17T00:25:50.4175261Z,0,0,495,176,0
2026-08-17T00:25:50.4225829Z,0,0,495,176,0
2026-08-17T00:25:50.4277608Z,0,0,495,176,0
2026-08-17T00:25:50.4325389Z,0,0,495,176,0
2026-08-17T00:25:50.4377731Z,0,0,495,176,0
2026-08-17T00:25:50.4429832Z,0,0,495,176,0
2026-08-17T00:25:50.4476116Z,0,0,495,176,0
2026-08-17T00:25:50.4527386Z,0,0,495,176,0
2026-08-17T00:25:50.4576549Z,0,0,495,176,0
2026-08-17T00:25:50.4629011Z,0,0,495,176,0
2026-08-17T00:25:50.4676547Z,0,0,495,176,0
2026-08-17T00:25:50.4727883Z,0,0,495,176,0
2026-08-17T00:25:50.4781685Z,0,0,495,176,0
2026-08-17T00:25:50.4826368Z,0,0,495,176,0
2026-08-17T00:25:50.4878958Z,0,0,495,176,0
2026-08-17T00:25:50.4927497Z,0,0,495,176,0
2026-08-17T00:25:50.4979236Z,0,0,495,176,0
2026-08-17T00:25:50.5025949Z,0,0,495,176,0
2026-08-17T00:25:50.5078335Z,0,0,495,176,0
2026-08-17T00:25:50.5125882Z,0,0,495,176,0
2026-08-17T00:25:50.5176679Z,0,0,495,176,0
2026-08-17T00:25:50.5226424Z,0,0,495,176,0
2026-08-17T00:25:50.527728Z,0,0,495,176,0
2026-08-17T00:25:50.5326051Z,0,0,495,176,0
2026-08-17T00:25:50.5377315Z,0,0,495,176,0
2026-08-17T00:25:50.5425625Z,0,0,495,176,0
2026-08-17T00:25:50.5477761Z,0,0,495,176,0
2026-08-17T00:25:50.5524505Z,0,0,495,176,0
2026-08-17T00:25:50.5577599Z,0,0,495,176,0
2026-08-17T00:25:50.5629027Z,0,0,495,176,0
2026-08-17T00:25:50.5677222Z,0,0,495,176,0
2026-08-17T00:25:50.5729487Z,0,0,495,176,0
2026-08-17T00:25:50.5778754Z,0,0,495,176,0
2026-08-17T00:25:50.5826257Z,0,0,495,176,0
2026-08-17T00:25:50.5878608Z,0,0,495,176,0
2026-08-17T00:25:50.5926852Z,0,0,495,176,0
2026-08-17T00:25:50.5979195Z,0,0,495,176,0
2026-08-17T00:25:50.6027178Z,0,0,495,176,0
2026-08-17T00:25:50.6076247Z,0,0,495,176,0
2026-08-17T00:25:50.6127437Z,0,0,495,176,0
2026-08-17T00:25:50.6175744Z,0,0,495,176,0
2026-08-17T00:25:50.6226459Z,0,0,495,176,0
2026-08-17T00:25:50.6281058Z,0,0,495,176,0
2026-08-17T00:25:50.632939Z,0,0,495,176,0
2026-08-17T00:25:50.637733Z,0,0,495,176,0
2026-08-17T00:25:50.6426162Z,0,0,495,176,0
2026-08-17T00:25:50.6477867Z,0,0,495,176,0
2026-08-17T00:25:50.6527043Z,0,0,495,176,0
2026-08-17T00:25:50.6575905Z,0,0,495,176,0
2026-08-17T00:25:50.6629278Z,0,0,495,176,0
2026-08-17T00:25:50.6676764Z,0,0,495,176,0
2026-08-17T00:25:50.673225Z,0,0,495,176,0
2026-08-17T00:25:50.677904Z,0,0,495,176,0
2026-08-17T00:25:50.6826292Z,0,0,495,176,0
2026-08-17T00:25:50.6879208Z,0,0,495,176,0
2026-08-17T00:25:50.6928335Z,0,0,495,176,0
2026-08-17T00:25:50.6975874Z,0,0,495,176,0
2026-08-17T00:25:50.7027852Z,0,0,495,176,0
2026-08-17T00:25:50.7080132Z,0,0,495,176,0
2026-08-17T00:25:50.7128623Z,0,0,495,176,0
2026-08-17T00:25:50.7177095Z,0,0,495,176,0
2026-08-17T00:25:50.7232095Z,0,0,495,176,0
2026-08-17T00:25:50.7278292Z,0,0,495,176,0
2026-08-17T00:25:50.7325969Z,0,0,495,176,0
2026-08-17T00:25:50.7377664Z,0,0,495,176,0
2026-08-17T00:25:50.742624Z,0,0,495,176,0
2026-08-17T00:25:50.7479811Z,0,0,495,176,0
2026-08-17T00:25:50.7527672Z,0,0,495,176,0
2026-08-17T00:25:50.7575648Z,0,0,495,176,0
2026-08-17T00:25:50.762809Z,0,0,495,176,0
2026-08-17T00:25:50.7679777Z,0,0,495,176,0
2026-08-17T00:25:50.7726564Z,0,0,495,176,0
2026-08-17T00:25:50.7775516Z,0,0,495,176,0
2026-08-17T00:25:50.7828535Z,0,0,495,176,0
2026-08-17T00:25:50.7876776Z,0,0,495,176,0
2026-08-17T00:25:50.7928467Z,0,0,495,176,0
2026-08-17T00:25:50.7979407Z,0,0,495,176,0
2026-08-17T00:25:50.8028154Z,0,0,495,176,0
2026-08-17T00:25:50.8076587Z,0,0,495,176,0
2026-08-17T00:25:50.8131507Z,0,0,495,176,0
2026-08-17T00:25:50.8179215Z,0,0,495,176,0
2026-08-17T00:25:50.8225845Z,0,0,495,176,0
2026-08-17T00:25:50.8281201Z,0,0,495,176,0
2026-08-17T00:25:50.8328339Z,0,0,495,176,0
2026-08-17T00:25:50.8377462Z,0,0,495,176,0
2026-08-17T00:25:50.8424918Z,0,0,495,176,0
2026-08-17T00:25:50.8477223Z,0,0,495,176,0
2026-08-17T00:25:50.8525179Z,0,0,495,176,0
2026-08-17T00:25:50.8578531Z,0,0,495,176,0
2026-08-17T00:25:50.86316Z,0,0,495,176,0
2026-08-17T00:25:50.8678654Z,0,0,495,176,0
2026-08-17T00:25:50.8725516Z,0,0,495,176,0
2026-08-17T00:25:50.8776819Z,0,0,495,176,0
2026-08-17T00:25:50.8830129Z,0,0,495,176,0
2026-08-17T00:25:50.8877847Z,0,0,495,176,0
2026-08-17T00:25:50.8925067Z,0,0,495,176,0
2026-08-17T00:25:50.8977067Z,0,0,495,176,0
2026-08-17T00:25:50.9025699Z,0,0,495,176,0
2026-08-17T00:25:50.9080512Z,0,0,495,176,0
2026-08-17T00:25:50.912685Z,0,0,495,176,0
2026-08-17T00:25:50.9179145Z,0,0,495,176,0
2026-08-17T00:25:50.9226979Z,0,0,495,176,0
2026-08-17T00:25:50.9277058Z,0,0,495,176,0
2026-08-17T00:25:50.9329854Z,0,0,495,176,0
2026-08-17T00:25:50.9378675Z,0,0,495,176,0
2026-08-17T00:25:50.9429865Z,0,0,495,176,0
2026-08-17T00:25:50.9477085Z,0,0,495,176,0
2026-08-17T00:25:50.9530488Z,0,0,495,176,0
2026-08-17T00:25:50.9578733Z,0,0,495,176,0
2026-08-17T00:25:50.963028Z,0,0,495,176,0
2026-08-17T00:25:50.9677744Z,0,0,495,176,0
2026-08-17T00:25:50.9726347Z,0,0,495,176,0
2026-08-17T00:25:50.9777832Z,0,0,495,176,0
2026-08-17T00:25:50.9827628Z,0,0,495,176,0
2026-08-17T00:25:50.9876661Z,0,0,495,176,0
2026-08-17T00:25:50.992974Z,0,0,495,176,0
2026-08-17T00:25:50.9977694Z,0,0,495,176,0
2026-08-17T00:25:51.0026198Z,0,0,495,176,0
2026-08-17T00:25:51.0076589Z,0,0,495,176,0
2026-08-17T00:25:51.0127588Z,0,0,495,176,0
2026-08-17T00:25:51.017593Z,0,0,495,176,0
2026-08-17T00:25:51.0228434Z,0,0,495,176,0
2026-08-17T00:25:51.0279962Z,0,0,495,176,0
2026-08-17T00:25:51.0327253Z,0,0,495,176,0
2026-08-17T00:25:51.0379183Z,0,0,495,176,0
2026-08-17T00:25:51.0430266Z,0,0,495,176,0
2026-08-17T00:25:51.0477436Z,0,0,495,176,0
2026-08-17T00:25:51.0525494Z,0,0,495,176,0
2026-08-17T00:25:51.0577595Z,0,0,495,176,0
2026-08-17T00:25:51.0628321Z,0,0,495,176,0
2026-08-17T00:25:51.0675431Z,0,0,495,176,0
2026-08-17T00:25:51.0727698Z,0,0,495,176,0
2026-08-17T00:25:51.0775679Z,0,0,495,176,0
2026-08-17T00:25:51.0830543Z,0,0,495,176,0
2026-08-17T00:25:51.08784Z,0,0,495,176,0
2026-08-17T00:25:51.0928177Z,0,0,495,176,0
2026-08-17T00:25:51.0975372Z,0,0,495,176,0
2026-08-17T00:25:51.1027894Z,0,0,495,176,0
2026-08-17T00:25:51.1079409Z,0,0,495,176,0
2026-08-17T00:25:51.1125879Z,0,0,495,176,0
2026-08-17T00:25:51.1178826Z,0,0,495,176,0
2026-08-17T00:25:51.1225328Z,0,0,495,176,0
2026-08-17T00:25:51.1278359Z,0,0,495,176,0
2026-08-17T00:25:51.1325865Z,0,0,495,176,0
2026-08-17T00:25:51.1379571Z,0,0,495,176,0
2026-08-17T00:25:51.1431564Z,0,0,495,176,0
2026-08-17T00:25:51.1478347Z,0,0,495,176,0
2026-08-17T00:25:51.1530064Z,0,0,495,176,0
2026-08-17T00:25:51.1575902Z,0,0,495,176,0
2026-08-17T00:25:51.1628568Z,0,0,495,176,0
2026-08-17T00:25:51.1676433Z,0,0,495,176,0
2026-08-17T00:25:51.1728248Z,0,0,495,176,0
2026-08-17T00:25:51.1776894Z,0,0,495,176,0
2026-08-17T00:25:51.1829214Z,0,0,495,176,0
2026-08-17T00:25:51.1877041Z,0,0,495,176,0
2026-08-17T00:25:51.192635Z,0,0,495,176,0
2026-08-17T00:25:51.197863Z,0,0,495,176,0
2026-08-17T00:25:51.202627Z,0,0,495,176,0
2026-08-17T00:25:51.2077945Z,0,0,495,176,0
2026-08-17T00:25:51.212773Z,0,0,495,176,0
2026-08-17T00:25:51.2179427Z,0,0,495,176,0
2026-08-17T00:25:51.2226335Z,0,0,495,176,0
2026-08-17T00:25:51.2279748Z,0,0,495,176,0
2026-08-17T00:25:51.2327045Z,0,0,495,176,0
2026-08-17T00:25:51.2379185Z,0,0,495,176,0
2026-08-17T00:25:51.2430574Z,0,0,495,176,0
2026-08-17T00:25:51.247652Z,0,0,495,176,0
2026-08-17T00:25:51.2529421Z,0,0,495,176,0
2026-08-17T00:25:51.2577297Z,0,0,495,176,0
2026-08-17T00:25:51.2627078Z,0,0,495,176,0
2026-08-17T00:25:51.2675003Z,0,0,495,176,0
2026-08-17T00:25:51.2726435Z,0,0,495,176,0
2026-08-17T00:25:51.2781195Z,0,0,495,176,0
2026-08-17T00:25:51.2829729Z,0,0,495,176,0
2026-08-17T00:25:51.2877656Z,0,0,495,176,0
2026-08-17T00:25:51.2924046Z,0,0,495,176,0
2026-08-17T00:25:51.2977363Z,0,0,495,176,0
2026-08-17T00:25:51.3025929Z,0,0,495,176,0
2026-08-17T00:25:51.3075682Z,0,0,495,176,0
2026-08-17T00:25:51.312501Z,0,0,495,176,0
2026-08-17T00:25:51.3178564Z,0,0,495,176,0
2026-08-17T00:25:51.3226815Z,0,0,495,176,0
2026-08-17T00:25:51.3279599Z,0,0,495,176,0
2026-08-17T00:25:51.3327784Z,0,0,495,176,0
2026-08-17T00:25:51.3375259Z,0,0,495,176,0
2026-08-17T00:25:51.3427388Z,0,0,495,176,0
2026-08-17T00:25:51.3475605Z,0,0,495,176,0
2026-08-17T00:25:51.3528385Z,0,0,495,176,0
2026-08-17T00:25:51.358001Z,0,0,495,176,0
2026-08-17T00:25:51.3627671Z,0,0,495,176,0
2026-08-17T00:25:51.3678939Z,0,0,495,176,0
2026-08-17T00:25:51.3728293Z,0,0,495,176,0
2026-08-17T00:25:51.3775356Z,0,0,495,176,0
2026-08-17T00:25:51.3825203Z,0,0,495,176,0
2026-08-17T00:25:51.3878722Z,0,0,495,176,0
2026-08-17T00:25:51.3927192Z,0,0,495,176,0
2026-08-17T00:25:51.3979232Z,0,0,495,176,0
2026-08-17T00:25:51.4026192Z,0,0,495,176,0
2026-08-17T00:25:51.4077475Z,0,0,495,176,0
2026-08-17T00:25:51.4126666Z,0,0,495,176,0
2026-08-17T00:25:51.4179994Z,0,0,495,176,0
2026-08-17T00:25:51.422497Z,0,0,495,176,0
2026-08-17T00:25:51.4281265Z,0,0,495,176,0
2026-08-17T00:25:51.4329053Z,0,0,495,176,0
2026-08-17T00:25:51.4376351Z,0,0,495,176,0
2026-08-17T00:25:51.4428243Z,0,0,495,176,0
2026-08-17T00:25:51.447814Z,0,0,495,176,0
2026-08-17T00:25:51.4525381Z,0,0,495,176,0
2026-08-17T00:25:51.4576274Z,0,0,495,176,0
2026-08-17T00:25:51.4631267Z,0,0,495,176,0
2026-08-17T00:25:51.4677797Z,0,0,495,176,0
2026-08-17T00:25:51.4732121Z,0,0,495,176,0
2026-08-17T00:25:51.4778329Z,0,0,495,176,0
2026-08-17T00:25:51.4825594Z,0,0,495,176,0
2026-08-17T00:25:51.4879438Z,0,0,495,176,0
2026-08-17T00:25:51.4927938Z,0,0,495,176,0
2026-08-17T00:25:51.4977549Z,0,0,495,176,0
2026-08-17T00:25:51.5029212Z,0,0,495,176,0
2026-08-17T00:25:51.5077064Z,0,0,495,176,0
2026-08-17T00:25:51.5128086Z,0,0,495,176,0
2026-08-17T00:25:51.5179794Z,0,0,495,176,0
2026-08-17T00:25:51.5227406Z,0,0,495,176,0
2026-08-17T00:25:51.5277877Z,0,0,495,176,0
2026-08-17T00:25:51.5325769Z,0,0,495,176,0
2026-08-17T00:25:51.5377712Z,0,0,495,176,0
2026-08-17T00:25:51.5428616Z,0,0,495,176,0
2026-08-17T00:25:51.5479737Z,0,0,495,176,0
2026-08-17T00:25:51.5526982Z,0,0,495,176,0
2026-08-17T00:25:51.5577587Z,0,0,495,176,0
2026-08-17T00:25:51.5625555Z,0,0,495,176,0
2026-08-17T00:25:51.5678863Z,0,0,495,176,0
2026-08-17T00:25:51.5726269Z,0,0,495,176,0
2026-08-17T00:25:51.5778012Z,0,0,495,176,0
2026-08-17T00:25:51.5827924Z,0,0,495,176,0
2026-08-17T00:25:51.5875835Z,0,0,495,176,0
2026-08-17T00:25:51.5927718Z,0,0,495,176,0
2026-08-17T00:25:51.5978355Z,0,0,495,176,0
2026-08-17T00:25:51.6024953Z,0,0,495,176,0
2026-08-17T00:25:51.6077081Z,0,0,495,176,0
2026-08-17T00:25:51.6128451Z,0,0,495,176,0
2026-08-17T00:25:51.6179446Z,0,0,495,176,0
2026-08-17T00:25:51.6226766Z,0,0,495,176,0
2026-08-17T00:25:51.6279929Z,0,0,495,176,0
2026-08-17T00:25:51.6326886Z,0,0,495,176,0
2026-08-17T00:25:51.6378526Z,0,0,495,176,0
2026-08-17T00:25:51.6431034Z,0,0,495,176,0
2026-08-17T00:25:51.6477713Z,0,0,495,176,0
2026-08-17T00:25:51.6529446Z,0,0,495,176,0
2026-08-17T00:25:51.6578897Z,0,0,495,176,0
2026-08-17T00:25:51.6630281Z,0,0,495,176,0
2026-08-17T00:25:51.6674189Z,0,0,495,176,0
2026-08-17T00:25:51.6726641Z,0,0,495,176,0
2026-08-17T00:25:51.6778193Z,0,0,495,176,0
2026-08-17T00:25:51.682624Z,0,0,495,176,0
2026-08-17T00:25:51.6880388Z,0,0,495,176,0
2026-08-17T00:25:51.6927265Z,0,0,495,176,0
2026-08-17T00:25:51.6978667Z,0,0,495,176,0
2026-08-17T00:25:51.7026049Z,0,0,495,176,0
2026-08-17T00:25:51.7078067Z,0,0,495,176,0
2026-08-17T00:25:51.7127372Z,0,0,495,176,0
2026-08-17T00:25:51.7179736Z,0,0,495,176,0
2026-08-17T00:25:51.7226799Z,0,0,495,176,0
2026-08-17T00:25:51.7280654Z,0,0,495,176,0
2026-08-17T00:25:51.7328177Z,0,0,495,176,0
2026-08-17T00:25:51.7377695Z,0,0,495,176,0
2026-08-17T00:25:51.7424946Z,0,0,495,176,0
2026-08-17T00:25:51.7478517Z,0,0,495,176,0
2026-08-17T00:25:51.7526396Z,0,0,495,176,0
2026-08-17T00:25:51.7575772Z,0,0,495,176,0
2026-08-17T00:25:51.7628768Z,0,0,495,176,0
2026-08-17T00:25:51.7676439Z,0,0,495,176,0
2026-08-17T00:25:51.7726911Z,0,0,495,176,0
2026-08-17T00:25:51.7779231Z,0,0,495,176,0
2026-08-17T00:25:51.7826986Z,0,0,495,176,0
2026-08-17T00:25:51.7880428Z,0,0,495,176,0
2026-08-17T00:25:51.7931409Z,0,0,495,176,0
2026-08-17T00:25:51.7977976Z,0,0,495,176,0
2026-08-17T00:25:51.8025661Z,0,0,495,176,0
2026-08-17T00:25:51.8080676Z,0,0,495,176,0
2026-08-17T00:25:51.8126057Z,0,0,495,176,0
2026-08-17T00:25:51.8179893Z,0,0,495,176,0
2026-08-17T00:25:51.8228118Z,0,0,495,176,0
2026-08-17T00:25:51.8283055Z,0,0,495,176,0
2026-08-17T00:25:51.8325393Z,0,0,495,176,0
2026-08-17T00:25:51.8380075Z,0,0,495,176,0
2026-08-17T00:25:51.8428796Z,0,0,495,176,0
2026-08-17T00:25:51.8483271Z,0,0,495,176,0
2026-08-17T00:25:51.8528646Z,0,0,495,176,0
2026-08-17T00:25:51.8576917Z,0,0,495,176,0
2026-08-17T00:25:51.863079Z,0,0,495,176,0
2026-08-17T00:25:51.8677561Z,0,0,495,176,0
2026-08-17T00:25:51.8726473Z,0,0,495,176,0
2026-08-17T00:25:51.8778222Z,0,0,495,176,0
2026-08-17T00:25:51.88251Z,0,0,495,176,0
2026-08-17T00:25:51.8879294Z,0,0,495,176,0
2026-08-17T00:25:51.892935Z,0,0,495,176,0
2026-08-17T00:25:51.8977401Z,0,0,495,176,0
2026-08-17T00:25:51.9025734Z,0,0,495,176,0
2026-08-17T00:25:51.9079855Z,0,0,495,176,0
2026-08-17T00:25:51.9127146Z,0,0,495,176,0
2026-08-17T00:25:51.9175331Z,0,0,495,176,0
2026-08-17T00:25:51.9227357Z,0,0,495,176,0
2026-08-17T00:25:51.9280794Z,0,0,495,176,0
2026-08-17T00:25:51.9328867Z,0,0,495,176,0
2026-08-17T00:25:51.9377879Z,0,0,495,176,0
2026-08-17T00:25:51.9430022Z,0,0,495,176,0
2026-08-17T00:25:51.9476407Z,0,0,495,176,0
2026-08-17T00:25:51.9528607Z,0,0,495,176,0
2026-08-17T00:25:51.9575365Z,0,0,495,176,0
2026-08-17T00:25:51.9625526Z,0,0,495,176,0
2026-08-17T00:25:51.9678438Z,0,0,495,176,0
2026-08-17T00:25:51.9727879Z,0,0,495,176,0
2026-08-17T00:25:51.9778458Z,0,0,495,176,0
2026-08-17T00:25:51.9825509Z,0,0,495,176,0
2026-08-17T00:25:51.9878523Z,0,0,495,176,0
2026-08-17T00:25:51.9930331Z,0,0,495,176,0
2026-08-17T00:25:51.9977882Z,0,0,495,176,0
2026-08-17T00:25:52.0027142Z,0,0,495,176,0
2026-08-17T00:25:52.0078565Z,0,0,495,176,0
2026-08-17T00:25:52.0125541Z,0,0,495,176,0
2026-08-17T00:25:52.0181578Z,0,0,495,176,0
2026-08-17T00:25:52.0229103Z,0,0,495,176,0
2026-08-17T00:25:52.0281466Z,0,0,495,176,0
2026-08-17T00:25:52.0329147Z,0,0,495,176,0
2026-08-17T00:25:52.0377036Z,0,0,495,176,0
2026-08-17T00:25:52.0425543Z,0,0,495,176,0
2026-08-17T00:25:52.0480075Z,0,0,495,176,0
2026-08-17T00:25:52.0530703Z,0,0,495,176,0
2026-08-17T00:25:52.0577084Z,0,0,495,176,0
2026-08-17T00:25:52.0625525Z,0,0,495,176,0
2026-08-17T00:25:52.0678266Z,0,0,495,176,0
2026-08-17T00:25:52.0726609Z,0,0,495,176,0
2026-08-17T00:25:52.0778196Z,0,0,495,176,0
2026-08-17T00:25:52.0826928Z,0,0,495,176,0
2026-08-17T00:25:52.0875475Z,0,0,495,176,0
2026-08-17T00:25:52.0928039Z,0,0,495,176,0
2026-08-17T00:25:52.0979379Z,0,0,495,176,0
2026-08-17T00:25:52.1028046Z,0,0,495,176,0
2026-08-17T00:25:52.1075866Z,0,0,495,176,0
2026-08-17T00:25:52.1127321Z,0,0,495,176,0
2026-08-17T00:25:52.1182285Z,0,0,495,176,0
2026-08-17T00:25:52.1230055Z,0,0,495,176,0
2026-08-17T00:25:52.127968Z,0,0,495,176,0
2026-08-17T00:25:52.1327265Z,0,0,495,176,0
2026-08-17T00:25:52.1375389Z,0,0,495,176,0
2026-08-17T00:25:52.1425907Z,0,0,495,176,0
2026-08-17T00:25:52.1481135Z,0,0,495,176,0
2026-08-17T00:25:52.1531604Z,0,0,495,176,0
2026-08-17T00:25:52.1578678Z,0,0,495,176,0
2026-08-17T00:25:52.1629812Z,0,0,495,176,0
2026-08-17T00:25:52.167731Z,0,0,495,176,0
2026-08-17T00:25:52.1725517Z,0,0,495,176,0
2026-08-17T00:25:52.1774607Z,0,0,495,176,0
2026-08-17T00:25:52.1827324Z,0,0,495,176,0
2026-08-17T00:25:52.1878318Z,0,0,495,176,0
2026-08-17T00:25:52.192902Z,0,0,495,176,0
2026-08-17T00:25:52.1976508Z,0,0,495,176,0
2026-08-17T00:25:52.2028521Z,0,0,495,176,0
2026-08-17T00:25:52.2077569Z,0,0,495,176,0
2026-08-17T00:25:52.2125946Z,0,0,495,176,0
2026-08-17T00:25:52.2178295Z,0,0,495,176,0
2026-08-17T00:25:52.2226744Z,0,0,495,176,0
2026-08-17T00:25:52.2281489Z,0,0,495,176,0
2026-08-17T00:25:52.2328411Z,0,0,495,176,0
2026-08-17T00:25:52.2375997Z,0,0,495,176,0
2026-08-17T00:25:52.242635Z,0,0,495,176,0
2026-08-17T00:25:52.2477155Z,0,0,495,176,0
2026-08-17T00:25:52.2527055Z,0,0,495,176,0
2026-08-17T00:25:52.2579698Z,0,0,495,176,0
2026-08-17T00:25:52.2630792Z,0,0,495,176,0
2026-08-17T00:25:52.2677753Z,0,0,495,176,0
2026-08-17T00:25:52.2724801Z,0,0,495,176,0
2026-08-17T00:25:52.278Z,0,0,495,176,0
2026-08-17T00:25:52.2827903Z,0,0,495,176,0
2026-08-17T00:25:52.2876173Z,0,0,495,176,0
2026-08-17T00:25:52.2929189Z,0,0,495,176,0
2026-08-17T00:25:52.2979102Z,0,0,495,176,0
2026-08-17T00:25:52.3026401Z,0,0,495,176,0
2026-08-17T00:25:52.3078512Z,0,0,495,176,0
2026-08-17T00:25:52.3125564Z,0,0,495,176,0
2026-08-17T00:25:52.3180074Z,0,0,495,176,0
2026-08-17T00:25:52.3227141Z,0,0,495,176,0
2026-08-17T00:25:52.3280909Z,0,0,495,176,0
2026-08-17T00:25:52.3328522Z,0,0,495,176,0
2026-08-17T00:25:52.3376743Z,0,0,495,176,0
2026-08-17T00:25:52.3430249Z,0,0,495,176,0
2026-08-17T00:25:52.3477398Z,0,0,495,176,0
2026-08-17T00:25:52.3526616Z,0,0,495,176,0
2026-08-17T00:25:52.3577199Z,0,0,495,176,0
2026-08-17T00:25:52.3631761Z,0,0,495,176,0
2026-08-17T00:25:52.3679246Z,0,0,495,176,0
2026-08-17T00:25:52.3727747Z,0,0,495,176,0
2026-08-17T00:25:52.3779799Z,0,0,495,176,0
2026-08-17T00:25:52.3827229Z,0,0,495,176,0
2026-08-17T00:25:52.3879818Z,0,0,495,176,0
2026-08-17T00:25:52.3931028Z,0,0,495,176,0
2026-08-17T00:25:52.3977705Z,0,0,495,176,0
2026-08-17T00:25:52.4029453Z,0,0,495,176,0
2026-08-17T00:25:52.4076028Z,0,0,495,176,0
2026-08-17T00:25:52.4128464Z,0,0,495,176,0
2026-08-17T00:25:52.4178472Z,0,0,495,176,0
2026-08-17T00:25:52.4226155Z,0,0,495,176,0
2026-08-17T00:25:52.4276699Z,0,0,495,176,0
2026-08-17T00:25:52.432994Z,0,0,495,176,0
2026-08-17T00:25:52.4377311Z,0,0,495,176,0
2026-08-17T00:25:52.442826Z,0,0,495,176,0
2026-08-17T00:25:52.4478454Z,0,0,495,176,0
2026-08-17T00:25:52.4525915Z,0,0,495,176,0
2026-08-17T00:25:52.4577309Z,0,0,495,176,0
2026-08-17T00:25:52.4631004Z,0,0,495,176,0
2026-08-17T00:25:52.4678177Z,0,0,495,176,0
2026-08-17T00:25:52.473438Z,0,0,495,176,0
2026-08-17T00:25:52.4778635Z,0,0,495,176,0
2026-08-17T00:25:52.4826684Z,0,0,495,176,0
2026-08-17T00:25:52.4879842Z,0,0,495,176,0
2026-08-17T00:25:52.493077Z,0,0,495,176,0
2026-08-17T00:25:52.4977675Z,0,0,495,176,0
2026-08-17T00:25:52.5025576Z,0,0,495,176,0
2026-08-17T00:25:52.5077402Z,0,0,495,176,0
2026-08-17T00:25:52.5127624Z,0,0,495,176,0
2026-08-17T00:25:52.5176172Z,0,0,495,176,0
2026-08-17T00:25:52.5227232Z,0,0,495,176,0
2026-08-17T00:25:52.5279262Z,0,0,495,176,0
2026-08-17T00:25:52.5332425Z,0,0,495,176,0
2026-08-17T00:25:52.5379601Z,0,0,495,176,0
2026-08-17T00:25:52.5431754Z,0,0,495,176,0
2026-08-17T00:25:52.5479966Z,0,0,495,176,0
2026-08-17T00:25:52.5528192Z,0,0,495,176,0
2026-08-17T00:25:52.557974Z,0,0,495,176,0
2026-08-17T00:25:52.5628891Z,0,0,495,176,0
2026-08-17T00:25:52.5686927Z,0,0,495,176,0
2026-08-17T00:25:52.5727509Z,0,0,495,176,0
2026-08-17T00:25:52.5780981Z,0,0,495,176,0
2026-08-17T00:25:52.5829091Z,0,0,495,176,0
2026-08-17T00:25:52.5877358Z,0,0,495,176,0
2026-08-17T00:25:52.5930815Z,0,0,495,176,0
2026-08-17T00:25:52.5977531Z,0,0,495,176,0
2026-08-17T00:25:52.6026882Z,0,0,495,176,0
2026-08-17T00:25:52.6078668Z,0,0,495,176,0
2026-08-17T00:25:52.6126712Z,0,0,495,176,0
2026-08-17T00:25:52.6179741Z,0,0,495,176,0
2026-08-17T00:25:52.6232623Z,0,0,495,176,0
2026-08-17T00:25:52.6279536Z,0,0,495,176,0
2026-08-17T00:25:52.6326938Z,0,0,495,176,0
2026-08-17T00:25:52.6380304Z,0,0,495,176,0
2026-08-17T00:25:52.6430632Z,0,0,495,176,0
2026-08-17T00:25:52.6478108Z,0,0,495,176,0
2026-08-17T00:25:52.6525555Z,0,0,495,176,0
2026-08-17T00:25:52.6579119Z,0,0,495,176,0
2026-08-17T00:25:52.6628671Z,0,0,495,176,0
2026-08-17T00:25:52.6677463Z,0,0,495,176,0
2026-08-17T00:25:52.6728794Z,0,0,495,176,0
2026-08-17T00:25:52.6781859Z,0,0,495,176,0
2026-08-17T00:25:52.6829108Z,0,0,495,176,0
2026-08-17T00:25:52.6882689Z,0,0,495,176,0
2026-08-17T00:25:52.6928708Z,0,0,495,176,0
2026-08-17T00:25:52.6975927Z,0,0,495,176,0
2026-08-17T00:25:52.7028995Z,0,0,495,176,0
2026-08-17T00:25:52.707693Z,0,0,495,176,0
2026-08-17T00:25:52.7131779Z,0,0,495,176,0
2026-08-17T00:25:52.7179932Z,0,0,495,176,0
2026-08-17T00:25:52.722726Z,0,0,495,176,0
2026-08-17T00:25:52.728107Z,0,0,495,176,0
2026-08-17T00:25:52.7327938Z,0,0,495,176,0
2026-08-17T00:25:52.7380016Z,0,0,495,176,0
2026-08-17T00:25:52.7431156Z,0,0,495,176,0
2026-08-17T00:25:52.7478303Z,0,0,495,176,0
2026-08-17T00:25:52.7531834Z,0,0,495,176,0
2026-08-17T00:25:52.758078Z,0,0,495,176,0
2026-08-17T00:25:52.76265Z,0,0,495,176,0
2026-08-17T00:25:52.7677952Z,0,0,495,176,0
2026-08-17T00:25:52.7726703Z,0,0,495,176,0
2026-08-17T00:25:52.77771Z,0,0,495,176,0
2026-08-17T00:25:52.7832511Z,0,0,495,176,0
2026-08-17T00:25:52.788253Z,0,0,495,176,0
2026-08-17T00:25:52.793097Z,0,0,495,176,0
2026-08-17T00:25:52.7977875Z,0,0,495,176,0
2026-08-17T00:25:52.8025734Z,0,0,495,176,0
2026-08-17T00:25:52.8077125Z,0,0,495,176,0
2026-08-17T00:25:52.8127546Z,0,0,495,176,0
2026-08-17T00:25:52.817537Z,0,0,495,176,0
2026-08-17T00:25:52.8225627Z,0,0,495,176,0
2026-08-17T00:25:52.827699Z,0,0,495,176,0
2026-08-17T00:25:52.8325129Z,0,0,495,176,0
2026-08-17T00:25:52.8374811Z,0,0,495,176,0
2026-08-17T00:25:52.8424612Z,0,0,495,176,0
2026-08-17T00:25:52.8477399Z,0,0,495,176,0
2026-08-17T00:25:52.8527709Z,0,0,495,176,0
2026-08-17T00:25:52.8577566Z,0,0,495,176,0
2026-08-17T00:25:52.8629546Z,0,0,495,176,0
2026-08-17T00:25:52.8676191Z,0,0,495,176,0
2026-08-17T00:25:52.8725323Z,0,0,495,176,0
2026-08-17T00:25:52.878128Z,0,0,495,176,0
2026-08-17T00:25:52.8833435Z,0,0,495,176,0
2026-08-17T00:25:52.8883503Z,0,0,495,176,0
2026-08-17T00:25:52.8927255Z,0,0,495,176,0
2026-08-17T00:25:52.8979291Z,0,0,495,176,0
2026-08-17T00:25:52.9026439Z,0,0,495,176,0
2026-08-17T00:25:52.9081781Z,0,0,495,176,0
2026-08-17T00:25:52.9128678Z,0,0,495,176,0
2026-08-17T00:25:52.9176774Z,0,0,495,176,0
2026-08-17T00:25:52.9229392Z,0,0,495,176,0
2026-08-17T00:25:52.9280779Z,0,0,495,176,0
2026-08-17T00:25:52.9326211Z,0,0,495,176,0
2026-08-17T00:25:52.9377271Z,0,0,495,176,0
2026-08-17T00:25:52.9426074Z,0,0,495,176,0
2026-08-17T00:25:52.9484804Z,0,0,495,176,0
2026-08-17T00:25:52.9526196Z,0,0,495,176,0
2026-08-17T00:25:52.9578406Z,0,0,495,176,0
2026-08-17T00:25:52.9626938Z,0,0,495,176,0
2026-08-17T00:25:52.967945Z,0,0,495,176,0
2026-08-17T00:25:52.9724564Z,0,0,495,176,0
2026-08-17T00:25:52.9779148Z,0,0,495,176,0
2026-08-17T00:25:52.9828852Z,0,0,495,176,0
2026-08-17T00:25:52.9879038Z,0,0,495,176,0
2026-08-17T00:25:52.993105Z,0,0,495,176,0
2026-08-17T00:25:52.9977401Z,0,0,495,176,0
2026-08-17T00:25:53.0028717Z,0,0,495,176,0
2026-08-17T00:25:53.0077176Z,0,0,495,176,0
2026-08-17T00:25:53.0129767Z,0,0,495,176,0
2026-08-17T00:25:53.0177882Z,0,0,495,176,0
2026-08-17T00:25:53.0225157Z,0,0,495,176,0
2026-08-17T00:25:53.0278731Z,0,0,495,176,0
2026-08-17T00:25:53.032643Z,0,0,495,176,0
2026-08-17T00:25:53.0382804Z,0,0,495,176,0
2026-08-17T00:25:53.0428446Z,0,0,495,176,0
2026-08-17T00:25:53.0475451Z,0,0,495,176,0
2026-08-17T00:25:53.0529894Z,0,0,495,176,0
2026-08-17T00:25:53.0580453Z,0,0,495,176,0
2026-08-17T00:25:53.0626078Z,0,0,495,176,0
2026-08-17T00:25:53.067862Z,0,0,495,176,0
2026-08-17T00:25:53.0726482Z,0,0,495,176,0
2026-08-17T00:25:53.0779679Z,0,0,495,176,0
2026-08-17T00:25:53.0827384Z,0,0,495,176,0
2026-08-17T00:25:53.0880953Z,0,0,495,176,0
2026-08-17T00:25:53.0927237Z,0,0,495,176,0
2026-08-17T00:25:53.0978932Z,0,0,495,176,0
2026-08-17T00:25:53.1026545Z,0,0,495,176,0
2026-08-17T00:25:53.1078665Z,0,0,495,176,0
2026-08-17T00:25:53.1128313Z,0,0,495,176,0
2026-08-17T00:25:53.117696Z,0,0,495,176,0
2026-08-17T00:25:53.1226485Z,0,0,495,176,0
2026-08-17T00:25:53.128079Z,0,0,495,176,0
2026-08-17T00:25:53.1327021Z,0,0,495,176,0
2026-08-17T00:25:53.1379256Z,0,0,495,176,0
2026-08-17T00:25:53.1427074Z,0,0,495,176,0
2026-08-17T00:25:53.1478125Z,0,0,495,176,0
2026-08-17T00:25:53.1526894Z,0,0,495,176,0
2026-08-17T00:25:53.158298Z,0,0,495,176,0
2026-08-17T00:25:53.1629636Z,0,0,495,176,0
2026-08-17T00:25:53.167759Z,0,0,495,176,0
2026-08-17T00:25:53.1724017Z,0,0,495,176,0
2026-08-17T00:25:53.1778515Z,0,0,495,176,0
2026-08-17T00:25:53.1825884Z,0,0,495,176,0
2026-08-17T00:25:53.1878004Z,0,0,495,176,0
2026-08-17T00:25:53.1931236Z,0,0,495,176,0
2026-08-17T00:25:53.1977804Z,0,0,495,176,0
2026-08-17T00:25:53.2029862Z,0,0,495,176,0
2026-08-17T00:25:53.2076951Z,0,0,495,176,0
2026-08-17T00:25:53.2128019Z,0,0,495,176,0
2026-08-17T00:25:53.2179857Z,0,0,495,176,0
2026-08-17T00:25:53.2227511Z,0,0,495,176,0
2026-08-17T00:25:53.227573Z,0,0,495,176,0
2026-08-17T00:25:53.2329161Z,0,0,495,176,0
2026-08-17T00:25:53.2377268Z,0,0,495,176,0
2026-08-17T00:25:53.2429709Z,0,0,495,176,0
2026-08-17T00:25:53.2476882Z,0,0,495,176,0
2026-08-17T00:25:53.2526756Z,0,0,495,176,0
2026-08-17T00:25:53.2580935Z,0,0,495,176,0
2026-08-17T00:25:53.2627731Z,0,0,495,176,0
2026-08-17T00:25:53.2680025Z,0,0,495,176,0
2026-08-17T00:25:53.2726637Z,0,0,495,176,0
2026-08-17T00:25:53.2776036Z,0,0,495,176,0
2026-08-17T00:25:53.2829754Z,0,0,495,176,0
2026-08-17T00:25:53.2882614Z,0,0,495,176,0
2026-08-17T00:25:53.2932109Z,0,0,495,176,0
2026-08-17T00:25:53.2975014Z,0,0,495,176,0
2026-08-17T00:25:53.3031589Z,0,0,495,176,0
2026-08-17T00:25:53.3077484Z,0,0,495,176,0
2026-08-17T00:25:53.3129823Z,0,0,495,176,0
2026-08-17T00:25:53.3181672Z,0,0,495,176,0
2026-08-17T00:25:53.3228917Z,0,0,495,176,0
2026-08-17T00:25:53.3275338Z,0,0,495,176,0
2026-08-17T00:25:53.3328038Z,0,0,495,176,0
2026-08-17T00:25:53.3375457Z,0,0,495,176,0
2026-08-17T00:25:53.3426747Z,0,0,495,176,0
2026-08-17T00:25:53.3475884Z,0,0,495,176,0
2026-08-17T00:25:53.3532728Z,0,0,495,176,0
2026-08-17T00:25:53.3579006Z,0,0,495,176,0
2026-08-17T00:25:53.362682Z,0,0,495,176,0
2026-08-17T00:25:53.3678417Z,0,0,495,176,0
2026-08-17T00:25:53.3725202Z,0,0,495,176,0
2026-08-17T00:25:53.3786784Z,0,0,495,176,0
2026-08-17T00:25:53.3828979Z,0,0,495,176,0
2026-08-17T00:25:53.3878168Z,0,0,495,176,0
2026-08-17T00:25:53.3926616Z,0,0,495,176,0
2026-08-17T00:25:53.3979436Z,0,0,495,176,0
2026-08-17T00:25:53.4027171Z,0,0,495,176,0
2026-08-17T00:25:53.4079668Z,0,0,495,176,0
2026-08-17T00:25:53.4127826Z,0,0,495,176,0
2026-08-17T00:25:53.4175658Z,0,0,495,176,0
2026-08-17T00:25:53.4229017Z,0,0,495,176,0
2026-08-17T00:25:53.4277677Z,0,0,495,176,0
2026-08-17T00:25:53.4329494Z,0,0,495,176,0
2026-08-17T00:25:53.4377558Z,0,0,495,176,0
2026-08-17T00:25:53.4428064Z,0,0,495,176,0
2026-08-17T00:25:53.447689Z,0,0,495,176,0
2026-08-17T00:25:53.4529928Z,0,0,495,176,0
2026-08-17T00:25:53.4578046Z,0,0,495,176,0
2026-08-17T00:25:53.4631412Z,0,0,495,176,0
2026-08-17T00:25:53.4678439Z,0,0,495,176,0
2026-08-17T00:25:53.472562Z,0,0,495,176,0
2026-08-17T00:25:53.4779409Z,0,0,495,176,0
2026-08-17T00:25:53.4826528Z,0,0,495,176,0
2026-08-17T00:25:53.4876438Z,0,0,495,176,0
2026-08-17T00:25:53.4927745Z,0,0,495,176,0
2026-08-17T00:25:53.4975686Z,0,0,495,176,0
2026-08-17T00:25:53.5028943Z,0,0,495,176,0
2026-08-17T00:25:53.5075704Z,0,0,495,176,0
2026-08-17T00:25:53.5127765Z,0,0,495,176,0
2026-08-17T00:25:53.5176145Z,0,0,495,176,0
2026-08-17T00:25:53.5225491Z,0,0,495,176,0
2026-08-17T00:25:53.5277289Z,0,0,495,176,0
2026-08-17T00:25:53.5325357Z,0,0,495,176,0
2026-08-17T00:25:53.5378427Z,0,0,495,176,0
2026-08-17T00:25:53.5430001Z,0,0,495,176,0
2026-08-17T00:25:53.5477543Z,0,0,495,176,0
2026-08-17T00:25:53.553119Z,0,0,495,176,0
2026-08-17T00:25:53.5579308Z,0,0,495,176,0
2026-08-17T00:25:53.5628302Z,0,0,495,176,0
2026-08-17T00:25:53.5676357Z,0,0,495,176,0
2026-08-17T00:25:53.5729517Z,0,0,495,176,0
2026-08-17T00:25:53.5777073Z,0,0,495,176,0
2026-08-17T00:25:53.5825307Z,0,0,495,176,0
2026-08-17T00:25:53.5877804Z,0,0,495,176,0
2026-08-17T00:25:53.5926415Z,0,0,495,176,0
2026-08-17T00:25:53.5978593Z,0,0,495,176,0
2026-08-17T00:25:53.6026056Z,0,0,495,176,0
2026-08-17T00:25:53.6076125Z,0,0,495,176,0
2026-08-17T00:25:53.6128042Z,0,0,495,176,0
2026-08-17T00:25:53.617959Z,0,0,495,176,0
2026-08-17T00:25:53.6225948Z,0,0,495,176,0
2026-08-17T00:25:53.6276264Z,0,0,495,176,0
2026-08-17T00:25:53.6328841Z,0,0,495,176,0
2026-08-17T00:25:53.6382044Z,0,0,495,176,0
2026-08-17T00:25:53.642601Z,0,0,495,176,0
2026-08-17T00:25:53.6478814Z,0,0,495,176,0
2026-08-17T00:25:53.6527596Z,0,0,495,176,0
2026-08-17T00:25:53.6575796Z,0,0,495,176,0
2026-08-17T00:25:53.6627821Z,0,0,495,176,0
2026-08-17T00:25:53.6679169Z,0,0,495,176,0
2026-08-17T00:25:53.6729748Z,0,0,495,176,0
2026-08-17T00:25:53.6780747Z,0,0,495,176,0
2026-08-17T00:25:53.6827641Z,0,0,495,176,0
2026-08-17T00:25:53.6875372Z,0,0,495,176,0
2026-08-17T00:25:53.6930457Z,0,0,495,176,0
2026-08-17T00:25:53.697798Z,0,0,495,176,0
2026-08-17T00:25:53.7029696Z,0,0,495,176,0
2026-08-17T00:25:53.7076672Z,0,0,495,176,0
2026-08-17T00:25:53.7127418Z,0,0,495,176,0
2026-08-17T00:25:53.7176716Z,0,0,495,176,0
2026-08-17T00:25:53.7229454Z,0,0,495,176,0
2026-08-17T00:25:53.728028Z,0,0,495,176,0
2026-08-17T00:25:53.7327915Z,0,0,495,176,0
2026-08-17T00:25:53.7381194Z,0,0,495,176,0
2026-08-17T00:25:53.7429197Z,0,0,495,176,0
2026-08-17T00:25:53.7477457Z,0,0,495,176,0
2026-08-17T00:25:53.7525204Z,0,0,495,176,0
2026-08-17T00:25:53.7577245Z,0,0,495,176,0
2026-08-17T00:25:53.763151Z,0,0,495,176,0
2026-08-17T00:25:53.7677908Z,0,0,495,176,0
2026-08-17T00:25:53.7726438Z,0,0,495,176,0
2026-08-17T00:25:53.777891Z,0,0,495,176,0
2026-08-17T00:25:53.7826029Z,0,0,495,176,0
2026-08-17T00:25:53.7878146Z,0,0,495,176,0
2026-08-17T00:25:53.7924234Z,0,0,495,176,0
2026-08-17T00:25:53.7975381Z,0,0,495,176,0
2026-08-17T00:25:53.802786Z,0,0,495,176,0
2026-08-17T00:25:53.807933Z,0,0,495,176,0
2026-08-17T00:25:53.8128438Z,0,0,495,176,0
2026-08-17T00:25:53.8176042Z,0,0,495,176,0
2026-08-17T00:25:53.8225991Z,0,0,495,176,0
2026-08-17T00:25:53.8279856Z,0,0,495,176,0
2026-08-17T00:25:53.8327045Z,0,0,495,176,0
2026-08-17T00:25:53.8375888Z,0,0,495,176,0
2026-08-17T00:25:53.8428196Z,0,0,495,176,0
2026-08-17T00:25:53.8479528Z,0,0,495,176,0
2026-08-17T00:25:53.8527432Z,0,0,495,176,0
2026-08-17T00:25:53.8576417Z,0,0,495,176,0
2026-08-17T00:25:53.8629671Z,0,0,495,176,0
2026-08-17T00:25:53.8676686Z,0,0,495,176,0
2026-08-17T00:25:53.8724048Z,0,0,495,176,0
2026-08-17T00:25:53.8776398Z,0,0,495,176,0
2026-08-17T00:25:53.8828741Z,0,0,495,176,0
2026-08-17T00:25:53.8879875Z,0,0,495,176,0
2026-08-17T00:25:53.8928289Z,0,0,495,176,0
2026-08-17T00:25:53.8975813Z,0,0,495,176,0
2026-08-17T00:25:53.9028227Z,0,0,495,176,0
2026-08-17T00:25:53.9077213Z,0,0,495,176,0
2026-08-17T00:25:53.9127541Z,0,0,495,176,0
2026-08-17T00:25:53.9175464Z,0,0,495,176,0
2026-08-17T00:25:53.9224469Z,0,0,495,176,0
2026-08-17T00:25:53.9277374Z,0,0,495,176,0
2026-08-17T00:25:53.9325566Z,0,0,495,176,0
2026-08-17T00:25:53.9378473Z,0,0,495,176,0
2026-08-17T00:25:53.9427845Z,0,0,495,176,0
2026-08-17T00:25:53.9477507Z,0,0,495,176,0
2026-08-17T00:25:53.9529481Z,0,0,495,176,0
2026-08-17T00:25:53.9575852Z,0,0,495,176,0
2026-08-17T00:25:53.9624768Z,0,0,495,176,0
2026-08-17T00:25:53.96773Z,0,0,495,176,0
2026-08-17T00:25:53.9731289Z,0,0,495,176,0
2026-08-17T00:25:53.9779258Z,0,0,495,176,0
2026-08-17T00:25:53.9825488Z,0,0,495,176,0
2026-08-17T00:25:53.9877087Z,0,0,495,176,0
2026-08-17T00:25:53.9928906Z,0,0,495,176,0
2026-08-17T00:25:53.9977605Z,0,0,495,176,0
2026-08-17T00:25:54.002978Z,0,0,495,176,0
2026-08-17T00:25:54.0079567Z,0,0,495,176,0
2026-08-17T00:25:54.0125846Z,0,0,495,176,0
2026-08-17T00:25:54.0177475Z,0,0,495,176,0
2026-08-17T00:25:54.0225325Z,0,0,495,176,0
2026-08-17T00:25:54.0274802Z,0,0,495,176,0
2026-08-17T00:25:54.0326501Z,0,0,495,176,0
2026-08-17T00:25:54.0378478Z,0,0,495,176,0
2026-08-17T00:25:54.0431978Z,0,0,495,176,0
2026-08-17T00:25:54.0478751Z,0,0,495,176,0
2026-08-17T00:25:54.0526743Z,0,0,495,176,0
2026-08-17T00:25:54.0577863Z,0,0,495,176,0
2026-08-17T00:25:54.0625324Z,0,0,495,176,0
2026-08-17T00:25:54.0677469Z,0,0,495,176,0
2026-08-17T00:25:54.0731399Z,0,0,495,176,0
2026-08-17T00:25:54.0780001Z,0,0,495,176,0
2026-08-17T00:25:54.0826581Z,0,0,495,176,0
2026-08-17T00:25:54.0881899Z,0,0,495,176,0
2026-08-17T00:25:54.0927287Z,0,0,495,176,0
2026-08-17T00:25:54.0982069Z,0,0,495,176,0
2026-08-17T00:25:54.1032655Z,0,0,495,176,0
2026-08-17T00:25:54.1077434Z,0,0,495,176,0
2026-08-17T00:25:54.1126209Z,0,0,495,176,0
2026-08-17T00:25:54.1178846Z,0,0,495,176,0
2026-08-17T00:25:54.1225745Z,0,0,495,176,0
2026-08-17T00:25:54.1279538Z,0,0,495,176,0
2026-08-17T00:25:54.1329989Z,0,0,495,176,0
2026-08-17T00:25:54.1376318Z,0,0,495,176,0
2026-08-17T00:25:54.1430219Z,0,0,495,176,0
2026-08-17T00:25:54.1480135Z,0,0,495,176,0
2026-08-17T00:25:54.1530671Z,0,0,495,176,0
2026-08-17T00:25:54.1578285Z,0,0,495,176,0
2026-08-17T00:25:54.1629851Z,0,0,495,176,0
2026-08-17T00:25:54.1678183Z,0,0,495,176,0
2026-08-17T00:25:54.1726199Z,0,0,495,176,0
2026-08-17T00:25:54.1779274Z,0,0,495,176,0
2026-08-17T00:25:54.1827164Z,0,0,495,176,0
2026-08-17T00:25:54.188194Z,0,0,495,176,0
2026-08-17T00:25:54.1929593Z,0,0,495,176,0
2026-08-17T00:25:54.198128Z,0,0,495,176,0
2026-08-17T00:25:54.2028538Z,0,0,495,176,0
2026-08-17T00:25:54.2079686Z,0,0,495,176,0
2026-08-17T00:25:54.2129863Z,0,0,495,176,0
2026-08-17T00:25:54.2177794Z,0,0,495,176,0
2026-08-17T00:25:54.222542Z,0,0,495,176,0
2026-08-17T00:25:54.2277014Z,0,0,495,176,0
2026-08-17T00:25:54.2328537Z,0,0,495,176,0
2026-08-17T00:25:54.2376286Z,0,0,495,176,0
2026-08-17T00:25:54.2427776Z,0,0,495,176,0
2026-08-17T00:25:54.2476544Z,0,0,495,176,0
2026-08-17T00:25:54.2530204Z,0,0,495,176,0
2026-08-17T00:25:54.2579172Z,0,0,495,176,0
2026-08-17T00:25:54.2629486Z,0,0,495,176,0
2026-08-17T00:25:54.2676997Z,0,0,495,176,0
2026-08-17T00:25:54.2733245Z,0,0,495,176,0
2026-08-17T00:25:54.277694Z,0,0,495,176,0
2026-08-17T00:25:54.2826934Z,0,0,495,176,0
2026-08-17T00:25:54.2878723Z,0,0,495,176,0
2026-08-17T00:25:54.2929493Z,0,0,495,176,0
2026-08-17T00:25:54.2976602Z,0,0,495,176,0
2026-08-17T00:25:54.3028716Z,0,0,495,176,0
2026-08-17T00:25:54.3078467Z,0,0,495,176,0
2026-08-17T00:25:54.3130631Z,0,0,495,176,0
2026-08-17T00:25:54.3179159Z,0,0,495,176,0
2026-08-17T00:25:54.3229554Z,0,0,495,176,0
2026-08-17T00:25:54.3277365Z,0,0,495,176,0
2026-08-17T00:25:54.3329161Z,0,0,495,176,0
2026-08-17T00:25:54.3380014Z,0,0,495,176,0
2026-08-17T00:25:54.3424535Z,0,0,495,176,0
2026-08-17T00:25:54.3477608Z,0,0,495,176,0
2026-08-17T00:25:54.3531199Z,0,0,495,176,0
2026-08-17T00:25:54.3575862Z,0,0,495,176,0
2026-08-17T00:25:54.3628222Z,0,0,495,176,0
2026-08-17T00:25:54.3676979Z,0,0,495,176,0
2026-08-17T00:25:54.3730298Z,0,0,495,176,0
2026-08-17T00:25:54.3779659Z,0,0,495,176,0
2026-08-17T00:25:54.3826522Z,0,0,495,176,0
2026-08-17T00:25:54.3878678Z,0,0,495,176,0
2026-08-17T00:25:54.3927448Z,0,0,495,176,0
2026-08-17T00:25:54.3979387Z,0,0,495,176,0
2026-08-17T00:25:54.4028007Z,0,0,495,176,0
2026-08-17T00:25:54.4080305Z,0,0,495,176,0
2026-08-17T00:25:54.4127048Z,0,0,495,176,0
2026-08-17T00:25:54.4176425Z,0,0,495,176,0
2026-08-17T00:25:54.4227025Z,0,0,495,176,0
2026-08-17T00:25:54.4275206Z,0,0,495,176,0
2026-08-17T00:25:54.4327938Z,0,0,495,176,0
2026-08-17T00:25:54.4376211Z,0,0,495,176,0
2026-08-17T00:25:54.4426077Z,0,0,495,176,0
2026-08-17T00:25:54.4480764Z,0,0,495,176,0
2026-08-17T00:25:54.4528194Z,0,0,495,176,0
2026-08-17T00:25:54.4575501Z,0,0,495,176,0
2026-08-17T00:25:54.4628612Z,0,0,495,176,0
2026-08-17T00:25:54.4676707Z,0,0,495,176,0
2026-08-17T00:25:54.4725246Z,0,0,495,176,0
2026-08-17T00:25:54.4780559Z,0,0,495,176,0
2026-08-17T00:25:54.4834601Z,0,0,495,176,0
2026-08-17T00:25:54.4876702Z,0,0,495,176,0
2026-08-17T00:25:54.4924191Z,0,0,495,176,0
2026-08-17T00:25:54.4976851Z,0,0,495,176,0
2026-08-17T00:25:54.5030247Z,0,0,495,176,0
2026-08-17T00:25:54.5076313Z,0,0,495,176,0
2026-08-17T00:25:54.5135593Z,0,0,495,176,0
2026-08-17T00:25:54.517733Z,0,0,495,176,0
2026-08-17T00:25:54.5224983Z,0,0,495,176,0
2026-08-17T00:25:54.5275349Z,0,0,495,176,0
2026-08-17T00:25:54.5326997Z,0,0,495,176,0
2026-08-17T00:25:54.5375564Z,0,0,495,176,0
2026-08-17T00:25:54.5429894Z,0,0,495,176,0
2026-08-17T00:25:54.5477038Z,0,0,495,176,0
2026-08-17T00:25:54.5535918Z,0,0,495,176,0
2026-08-17T00:25:54.5577508Z,0,0,495,176,0
2026-08-17T00:25:54.5628986Z,0,0,495,176,0
2026-08-17T00:25:54.567702Z,0,0,495,176,0
2026-08-17T00:25:54.5728516Z,0,0,495,176,0
2026-08-17T00:25:54.5777423Z,0,0,495,176,0
2026-08-17T00:25:54.5830815Z,0,0,495,176,0
2026-08-17T00:25:54.5877611Z,0,0,495,176,0
2026-08-17T00:25:54.5928865Z,0,0,495,176,0
2026-08-17T00:25:54.5975852Z,0,0,495,176,0
2026-08-17T00:25:54.6029756Z,0,0,495,176,0
2026-08-17T00:25:54.6078194Z,0,0,495,176,0
2026-08-17T00:25:54.6128566Z,0,0,495,176,0
2026-08-17T00:25:54.6176552Z,0,0,495,176,0
2026-08-17T00:25:54.6230131Z,0,0,495,176,0
2026-08-17T00:25:54.627769Z,0,0,495,176,0
2026-08-17T00:25:54.6325911Z,0,0,495,176,0
2026-08-17T00:25:54.6379653Z,0,0,495,176,0
2026-08-17T00:25:54.6427664Z,0,0,495,176,0
2026-08-17T00:25:54.6478924Z,0,0,495,176,0
2026-08-17T00:25:54.653085Z,0,0,495,176,0
2026-08-17T00:25:54.6577934Z,0,0,495,176,0
2026-08-17T00:25:54.6627321Z,0,0,495,176,0
2026-08-17T00:25:54.6680334Z,0,0,495,176,0
2026-08-17T00:25:54.6728766Z,0,0,495,176,0
2026-08-17T00:25:54.6780562Z,0,0,495,176,0
2026-08-17T00:25:54.682748Z,0,0,495,176,0
2026-08-17T00:25:54.6876079Z,0,0,495,176,0
2026-08-17T00:25:54.6930459Z,0,0,495,176,0
2026-08-17T00:25:54.6977883Z,0,0,495,176,0
2026-08-17T00:25:54.7025764Z,0,0,495,176,0
2026-08-17T00:25:54.7078856Z,0,0,495,176,0
2026-08-17T00:25:54.7129107Z,0,0,495,176,0
2026-08-17T00:25:54.717668Z,0,0,495,176,0
2026-08-17T00:25:54.7229156Z,0,0,495,176,0
2026-08-17T00:25:54.7277966Z,0,0,495,176,0
2026-08-17T00:25:54.7325154Z,0,0,495,176,0
2026-08-17T00:25:54.7379073Z,0,0,495,176,0
2026-08-17T00:25:54.7426603Z,0,0,495,176,0
2026-08-17T00:25:54.7479359Z,0,0,495,176,0
2026-08-17T00:25:54.7527833Z,0,0,495,176,0
2026-08-17T00:25:54.7577074Z,0,0,495,176,0
2026-08-17T00:25:54.7629834Z,0,0,495,176,0
2026-08-17T00:25:54.7680596Z,0,0,495,176,0
2026-08-17T00:25:54.7728094Z,0,0,495,176,0
2026-08-17T00:25:54.7777941Z,0,0,495,176,0
2026-08-17T00:25:54.7829944Z,0,0,495,176,0
2026-08-17T00:25:54.7880718Z,0,0,495,176,0
2026-08-17T00:25:54.7925104Z,0,0,495,176,0
2026-08-17T00:25:54.7977334Z,0,0,495,176,0
2026-08-17T00:25:54.8030401Z,0,0,495,176,0
2026-08-17T00:25:54.8078379Z,0,0,495,176,0
2026-08-17T00:25:54.81305Z,0,0,495,176,0
2026-08-17T00:25:54.8177797Z,0,0,495,176,0
2026-08-17T00:25:54.8230328Z,0,0,495,176,0
2026-08-17T00:25:54.8279022Z,0,0,495,176,0
2026-08-17T00:25:54.8327665Z,0,0,495,176,0
2026-08-17T00:25:54.8380442Z,0,0,495,176,0
2026-08-17T00:25:54.8427949Z,0,0,495,176,0
2026-08-17T00:25:54.8477107Z,0,0,495,176,0
2026-08-17T00:25:54.8530519Z,0,0,495,176,0
2026-08-17T00:25:54.8577685Z,0,0,495,176,0
2026-08-17T00:25:54.8628971Z,0,0,495,176,0
2026-08-17T00:25:54.867588Z,0,0,495,176,0
2026-08-17T00:25:54.8728511Z,0,0,495,176,0
2026-08-17T00:25:54.8778975Z,0,0,495,176,0
2026-08-17T00:25:54.8825892Z,0,0,495,176,0
2026-08-17T00:25:54.8875913Z,0,0,495,176,0
2026-08-17T00:25:54.8926762Z,0,0,495,176,0
2026-08-17T00:25:54.8979962Z,0,0,495,176,0
2026-08-17T00:25:54.90271Z,0,0,495,176,0
2026-08-17T00:25:54.907795Z,0,0,495,176,0
2026-08-17T00:25:54.9130673Z,0,0,495,176,0
2026-08-17T00:25:54.9182581Z,0,0,495,176,0
2026-08-17T00:25:54.9229528Z,0,0,495,176,0
2026-08-17T00:25:54.9279591Z,0,0,495,176,0
2026-08-17T00:25:54.932697Z,0,0,495,176,0
2026-08-17T00:25:54.9379616Z,0,0,495,176,0
2026-08-17T00:25:54.9426828Z,0,0,495,176,0
2026-08-17T00:25:54.9520127Z,0,0,495,176,0
2026-08-17T00:25:54.9531697Z,0,0,495,176,0
2026-08-17T00:25:54.9573846Z,0,0,495,176,0
2026-08-17T00:25:54.9626458Z,0,0,495,176,0
2026-08-17T00:25:54.967923Z,0,0,495,176,0
2026-08-17T00:25:54.9726397Z,0,0,495,176,0
2026-08-17T00:25:54.9780163Z,0,0,495,176,0
2026-08-17T00:25:54.9828622Z,0,0,495,176,0
2026-08-17T00:25:54.9876228Z,0,0,495,176,0
2026-08-17T00:25:54.9928826Z,0,0,495,176,0
2026-08-17T00:25:54.9976541Z,0,0,495,176,0
2026-08-17T00:25:55.0029803Z,0,0,495,176,0
2026-08-17T00:25:55.007414Z,0,0,495,176,0
2026-08-17T00:25:55.0131386Z,0,0,495,176,0
2026-08-17T00:25:55.0179092Z,0,0,495,176,0
2026-08-17T00:25:55.0225128Z,0,0,495,176,0
2026-08-17T00:25:55.0275027Z,0,0,495,176,0
2026-08-17T00:25:55.0327686Z,0,0,495,176,0
2026-08-17T00:25:55.0375518Z,0,0,495,176,0
2026-08-17T00:25:55.0426002Z,0,0,495,176,0
2026-08-17T00:25:55.0479155Z,0,0,495,176,0
2026-08-17T00:25:55.0528142Z,0,0,495,176,0
2026-08-17T00:25:55.0576699Z,0,0,495,176,0
2026-08-17T00:25:55.0626404Z,0,0,495,176,0
2026-08-17T00:25:55.0679162Z,0,0,495,176,0
2026-08-17T00:25:55.0728007Z,0,0,495,176,0
2026-08-17T00:25:55.0777819Z,0,0,495,176,0
2026-08-17T00:25:55.0825671Z,0,0,495,176,0
2026-08-17T00:25:55.0879114Z,0,0,495,176,0
2026-08-17T00:25:55.0924326Z,0,0,495,176,0
2026-08-17T00:25:55.0980126Z,0,0,495,176,0
2026-08-17T00:25:55.1027146Z,0,0,495,176,0
2026-08-17T00:25:55.1079715Z,0,0,495,176,0
2026-08-17T00:25:55.1129051Z,0,0,495,176,0
2026-08-17T00:25:55.1178391Z,0,0,495,176,0
2026-08-17T00:25:55.1226006Z,0,0,495,176,0
2026-08-17T00:25:55.1278824Z,0,0,495,176,0
2026-08-17T00:25:55.1330822Z,0,0,495,176,0
2026-08-17T00:25:55.1380109Z,0,0,495,176,0
2026-08-17T00:25:55.1431347Z,0,0,495,176,0
2026-08-17T00:25:55.1478744Z,0,0,495,176,0
2026-08-17T00:25:55.1526732Z,0,0,495,176,0
2026-08-17T00:25:55.1578145Z,0,0,495,176,0
2026-08-17T00:25:55.1626701Z,0,0,495,176,0
2026-08-17T00:25:55.1675627Z,0,0,495,176,0
2026-08-17T00:25:55.172534Z,0,0,495,176,0
2026-08-17T00:25:55.1777347Z,0,0,495,176,0
2026-08-17T00:25:55.1825518Z,0,0,495,176,0
2026-08-17T00:25:55.1879241Z,0,0,495,176,0
2026-08-17T00:25:55.19307Z,0,0,495,176,0
2026-08-17T00:25:55.1976288Z,0,0,495,176,0
2026-08-17T00:25:55.2030029Z,0,0,495,176,0
2026-08-17T00:25:55.2078522Z,0,0,495,176,0
2026-08-17T00:25:55.2125717Z,0,0,495,176,0
2026-08-17T00:25:55.2178571Z,0,0,495,176,0
2026-08-17T00:25:55.2229794Z,0,0,495,176,0
2026-08-17T00:25:55.2274921Z,0,0,495,176,0
2026-08-17T00:25:55.2326152Z,0,0,495,176,0
2026-08-17T00:25:55.2378682Z,0,0,495,176,0
2026-08-17T00:25:55.2428506Z,0,0,495,176,0
2026-08-17T00:25:55.2479547Z,0,0,495,176,0
2026-08-17T00:25:55.2526614Z,0,0,495,176,0
2026-08-17T00:25:55.2577296Z,0,0,495,176,0
2026-08-17T00:25:55.2625172Z,0,0,495,176,0
2026-08-17T00:25:55.2678339Z,0,0,495,176,0
2026-08-17T00:25:55.272434Z,0,0,495,176,0
2026-08-17T00:25:55.2779268Z,0,0,495,176,0
2026-08-17T00:25:55.2827139Z,0,0,495,176,0
2026-08-17T00:25:55.2875203Z,0,0,495,176,0
2026-08-17T00:25:55.2929055Z,0,0,495,176,0
2026-08-17T00:25:55.2977949Z,0,0,495,176,0
2026-08-17T00:25:55.3030132Z,0,0,495,176,0
2026-08-17T00:25:55.3074078Z,0,0,495,176,0
2026-08-17T00:25:55.3128086Z,0,0,495,176,0
2026-08-17T00:25:55.3176067Z,0,0,495,176,0
2026-08-17T00:25:55.3231689Z,0,0,495,176,0
2026-08-17T00:25:55.3275086Z,0,0,495,176,0
2026-08-17T00:25:55.332723Z,0,0,495,176,0
2026-08-17T00:25:55.3376035Z,0,0,495,176,0
2026-08-17T00:25:55.3429974Z,0,0,495,176,0
2026-08-17T00:25:55.3477423Z,0,0,495,176,0
2026-08-17T00:25:55.3525938Z,0,0,495,176,0
2026-08-17T00:25:55.3576408Z,0,0,495,176,0
2026-08-17T00:25:55.3629049Z,0,0,495,176,0
2026-08-17T00:25:55.3677126Z,0,0,495,176,0
2026-08-17T00:25:55.3725073Z,0,0,495,176,0
2026-08-17T00:25:55.3778786Z,0,0,495,176,0
2026-08-17T00:25:55.3827104Z,0,0,495,176,0
2026-08-17T00:25:55.3879715Z,0,0,495,176,0
2026-08-17T00:25:55.3930746Z,0,0,495,176,0
2026-08-17T00:25:55.3978852Z,0,0,495,176,0
2026-08-17T00:25:55.4028098Z,0,0,495,176,0
2026-08-17T00:25:55.4081019Z,0,0,495,176,0
2026-08-17T00:25:55.4127495Z,0,0,495,176,0
2026-08-17T00:25:55.4179829Z,0,0,495,176,0
2026-08-17T00:25:55.4229172Z,0,0,495,176,0
2026-08-17T00:25:55.4277986Z,0,0,495,176,0
2026-08-17T00:25:55.4327445Z,0,0,495,176,0
2026-08-17T00:25:55.4376376Z,0,0,495,176,0
2026-08-17T00:25:55.4427615Z,0,0,495,176,0
2026-08-17T00:25:55.4476038Z,0,0,495,176,0
2026-08-17T00:25:55.4528634Z,0,0,495,176,0
2026-08-17T00:25:55.4577931Z,0,0,495,176,0
2026-08-17T00:25:55.4630311Z,0,0,495,176,0
2026-08-17T00:25:55.4677611Z,0,0,495,176,0
2026-08-17T00:25:55.4727074Z,0,0,495,176,0
2026-08-17T00:25:55.4777159Z,0,0,495,176,0
2026-08-17T00:25:55.4824977Z,0,0,495,176,0
2026-08-17T00:25:55.4877602Z,0,0,495,176,0
2026-08-17T00:25:55.4928458Z,0,0,495,176,0
2026-08-17T00:25:55.4977259Z,0,0,495,176,0
2026-08-17T00:25:55.5029919Z,0,0,495,176,0
2026-08-17T00:25:55.5080499Z,0,0,495,176,0
2026-08-17T00:25:55.5127671Z,0,0,495,176,0
2026-08-17T00:25:55.5175939Z,0,0,495,176,0
2026-08-17T00:25:55.5227778Z,0,0,495,176,0
2026-08-17T00:25:55.5279687Z,0,0,495,176,0
2026-08-17T00:25:55.5330465Z,0,0,495,176,0
2026-08-17T00:25:55.5377813Z,0,0,495,176,0
2026-08-17T00:25:55.542914Z,0,0,495,176,0
2026-08-17T00:25:55.5475852Z,0,0,495,176,0
2026-08-17T00:25:55.5525462Z,0,0,495,176,0
2026-08-17T00:25:55.5579464Z,0,0,495,176,0
2026-08-17T00:25:55.5626684Z,0,0,495,176,0
2026-08-17T00:25:55.5678768Z,0,0,495,176,0
2026-08-17T00:25:55.5730857Z,0,0,495,176,0
2026-08-17T00:25:55.5776036Z,0,0,495,176,0
2026-08-17T00:25:55.5829749Z,0,0,495,176,0
2026-08-17T00:25:55.587673Z,0,0,495,176,0
2026-08-17T00:25:55.5928257Z,0,0,495,176,0
2026-08-17T00:25:55.597632Z,0,0,495,176,0
2026-08-17T00:25:55.6029576Z,0,0,495,176,0
2026-08-17T00:25:55.6077662Z,0,0,495,176,0
2026-08-17T00:25:55.6125202Z,0,0,495,176,0
2026-08-17T00:25:55.617893Z,0,0,495,176,0
2026-08-17T00:25:55.6225521Z,0,0,495,176,0
2026-08-17T00:25:55.6278472Z,0,0,495,176,0
2026-08-17T00:25:55.6330124Z,0,0,495,176,0
2026-08-17T00:25:55.6378818Z,0,0,495,176,0
2026-08-17T00:25:55.6428214Z,0,0,495,176,0
2026-08-17T00:25:55.6476457Z,0,0,495,176,0
2026-08-17T00:25:55.6529479Z,0,0,495,176,0
2026-08-17T00:25:55.6686372Z,0,0,495,176,0
2026-08-17T00:25:55.6760731Z,0,0,495,176,0
2026-08-17T00:25:55.687672Z,0,0,495,176,0
2026-08-17T00:25:55.6941772Z,0,0,495,176,0
2026-08-17T00:25:55.7029598Z,0,0,495,176,0
2026-08-17T00:25:55.7119899Z,0,0,495,176,0
2026-08-17T00:25:55.7129886Z,0,0,495,176,0
2026-08-17T00:25:55.7175476Z,0,0,495,176,0
2026-08-17T00:25:55.7229217Z,0,0,495,176,0
2026-08-17T00:25:55.728415Z,0,0,495,176,0
2026-08-17T00:25:55.7329683Z,0,0,495,176,0
2026-08-17T00:25:55.7377768Z,0,0,495,176,0
2026-08-17T00:25:55.7429061Z,0,0,495,176,0
2026-08-17T00:25:55.7476239Z,0,0,495,176,0
2026-08-17T00:25:55.7528424Z,0,0,495,176,0
2026-08-17T00:25:55.7576478Z,0,0,495,176,0
2026-08-17T00:25:55.7626963Z,0,0,495,176,0
2026-08-17T00:25:55.7677031Z,0,0,495,176,0
2026-08-17T00:25:55.7727361Z,0,0,495,176,0
2026-08-17T00:25:55.7781653Z,0,0,495,176,0
2026-08-17T00:25:55.7826958Z,0,0,495,176,0
2026-08-17T00:25:55.7879104Z,0,0,495,176,0
2026-08-17T00:25:55.7933125Z,0,0,495,176,0
2026-08-17T00:25:55.7978623Z,0,0,495,176,0
2026-08-17T00:25:55.802768Z,0,0,495,176,0
2026-08-17T00:25:55.8081217Z,0,0,495,176,0
2026-08-17T00:25:55.8128032Z,0,0,495,176,0
2026-08-17T00:25:55.8177724Z,0,0,495,176,0
2026-08-17T00:25:55.8226305Z,0,0,495,176,0
2026-08-17T00:25:55.8279076Z,0,0,495,176,0
2026-08-17T00:25:55.8329007Z,0,0,495,176,0
2026-08-17T00:25:55.8378905Z,0,0,495,176,0
2026-08-17T00:25:55.8428846Z,0,0,495,176,0
2026-08-17T00:25:55.847526Z,0,0,495,176,0
2026-08-17T00:25:55.8527856Z,0,0,495,176,0
2026-08-17T00:25:55.8579251Z,0,0,495,176,0
2026-08-17T00:25:55.862608Z,0,0,495,176,0
2026-08-17T00:25:55.8677774Z,0,0,495,176,0
2026-08-17T00:25:55.8727951Z,0,0,495,176,0
2026-08-17T00:25:55.8777911Z,0,0,495,176,0
2026-08-17T00:25:55.8830132Z,0,0,495,176,0
2026-08-17T00:25:55.8880388Z,0,0,495,176,0
2026-08-17T00:25:55.8928063Z,0,0,495,176,0
2026-08-17T00:25:55.8979791Z,0,0,495,176,0
2026-08-17T00:25:55.9027737Z,0,0,495,176,0
2026-08-17T00:25:55.9079668Z,0,0,495,176,0
2026-08-17T00:25:55.9126696Z,0,0,495,176,0
2026-08-17T00:25:55.9179215Z,0,0,495,176,0
2026-08-17T00:25:55.9233311Z,0,0,495,176,0
2026-08-17T00:25:55.9275908Z,0,0,495,176,0
2026-08-17T00:25:55.9326894Z,0,0,495,176,0
2026-08-17T00:25:55.937763Z,0,0,495,176,0
2026-08-17T00:25:55.9429388Z,0,0,495,176,0
2026-08-17T00:25:55.9476683Z,0,0,495,176,0
2026-08-17T00:25:55.952831Z,0,0,495,176,0
2026-08-17T00:25:55.9577529Z,0,0,495,176,0
2026-08-17T00:25:55.9630659Z,0,0,495,176,0
2026-08-17T00:25:55.967753Z,0,0,495,176,0
2026-08-17T00:25:55.9725958Z,0,0,495,176,0
2026-08-17T00:25:55.9776273Z,0,0,495,176,0
2026-08-17T00:25:55.9828456Z,0,0,495,176,0
2026-08-17T00:25:55.9876983Z,0,0,495,176,0
2026-08-17T00:25:55.9929446Z,0,0,495,176,0
2026-08-17T00:25:55.9976923Z,0,0,495,176,0
2026-08-17T00:25:56.0031567Z,0,0,495,176,0
2026-08-17T00:25:56.007913Z,0,0,495,176,0
2026-08-17T00:25:56.0129107Z,0,0,495,176,0
2026-08-17T00:25:56.0179488Z,0,0,495,176,0
2026-08-17T00:25:56.0226746Z,0,0,495,176,0
2026-08-17T00:25:56.0279976Z,0,0,495,176,0
2026-08-17T00:25:56.033042Z,0,0,495,176,0
2026-08-17T00:25:56.0377783Z,0,0,495,176,0
2026-08-17T00:25:56.0429732Z,0,0,495,176,0
2026-08-17T00:25:56.0479362Z,0,0,495,176,0
2026-08-17T00:25:56.0526257Z,0,0,495,176,0
2026-08-17T00:25:56.0575821Z,0,0,495,176,0
2026-08-17T00:25:56.062959Z,0,0,495,176,0
2026-08-17T00:25:56.0680087Z,0,0,495,176,0
2026-08-17T00:25:56.0729535Z,0,0,495,176,0
2026-08-17T00:25:56.0779075Z,0,0,495,176,0
2026-08-17T00:25:56.0828786Z,0,0,495,176,0
2026-08-17T00:25:56.0877633Z,0,0,495,176,0
2026-08-17T00:25:56.0926108Z,0,0,495,176,0
2026-08-17T00:25:56.0979364Z,0,0,495,176,0
2026-08-17T00:25:56.102712Z,0,0,495,176,0
2026-08-17T00:25:56.108077Z,0,0,495,176,0
2026-08-17T00:25:56.112746Z,0,0,495,176,0
2026-08-17T00:25:56.1179709Z,0,0,495,176,0
2026-08-17T00:25:56.1226378Z,0,0,495,176,0
2026-08-17T00:25:56.1279809Z,0,0,495,176,0
2026-08-17T00:25:56.132694Z,0,0,495,176,0
2026-08-17T00:25:56.1379064Z,0,0,495,176,0
2026-08-17T00:25:56.1429637Z,0,0,495,176,0
2026-08-17T00:25:56.1482364Z,0,0,495,176,0
2026-08-17T00:25:56.1530732Z,0,0,495,176,0
2026-08-17T00:25:56.1578636Z,0,0,495,176,0
2026-08-17T00:25:56.1627286Z,0,0,495,176,0
2026-08-17T00:25:56.1679753Z,0,0,495,176,0
2026-08-17T00:25:56.1730215Z,0,0,495,176,0
2026-08-17T00:25:56.17763Z,0,0,495,176,0
2026-08-17T00:25:56.1830319Z,0,0,495,176,0
2026-08-17T00:25:56.1880238Z,0,0,495,176,0
2026-08-17T00:25:56.1925285Z,0,0,495,176,0
2026-08-17T00:25:56.1977349Z,0,0,495,176,0
2026-08-17T00:25:56.202928Z,0,0,495,176,0
2026-08-17T00:25:56.2078059Z,0,0,495,176,0
2026-08-17T00:25:56.2129745Z,0,0,495,176,0
2026-08-17T00:25:56.2182191Z,0,0,495,176,0
2026-08-17T00:25:56.2225859Z,0,0,495,176,0
2026-08-17T00:25:56.2279036Z,0,0,495,176,0
2026-08-17T00:25:56.2327826Z,0,0,495,176,0
2026-08-17T00:25:56.2378754Z,0,0,495,176,0
2026-08-17T00:25:56.2428484Z,0,0,495,176,0
2026-08-17T00:25:56.2477185Z,0,0,495,176,0
2026-08-17T00:25:56.2529658Z,0,0,495,176,0
2026-08-17T00:25:56.2577111Z,0,0,495,176,0
2026-08-17T00:25:56.2629286Z,0,0,495,176,0
2026-08-17T00:25:56.2676738Z,0,0,495,176,0
2026-08-17T00:25:56.273079Z,0,0,495,176,0
2026-08-17T00:25:56.2779812Z,0,0,495,176,0
2026-08-17T00:25:56.2827353Z,0,0,495,176,0
2026-08-17T00:25:56.2876576Z,0,0,495,176,0
2026-08-17T00:25:56.2929641Z,0,0,495,176,0
2026-08-17T00:25:56.2979001Z,0,0,495,176,0
2026-08-17T00:25:56.3027348Z,0,0,495,176,0
2026-08-17T00:25:56.3081853Z,0,0,495,176,0
2026-08-17T00:25:56.3126958Z,0,0,495,176,0
2026-08-17T00:25:56.3176809Z,0,0,495,176,0
2026-08-17T00:25:56.323194Z,0,0,495,176,0
2026-08-17T00:25:56.3280584Z,0,0,495,176,0
2026-08-17T00:25:56.3327746Z,0,0,495,176,0
2026-08-17T00:25:56.3375832Z,0,0,495,176,0
2026-08-17T00:25:56.3425444Z,0,0,495,176,0
2026-08-17T00:25:56.3476948Z,0,0,495,176,0
2026-08-17T00:25:56.3525379Z,0,0,495,176,0
2026-08-17T00:25:56.3579722Z,0,0,495,176,0
2026-08-17T00:25:56.3627007Z,0,0,495,176,0
2026-08-17T00:25:56.3678842Z,0,0,495,176,0
2026-08-17T00:25:56.372767Z,0,0,495,176,0
2026-08-17T00:25:56.3778611Z,0,0,495,176,0
2026-08-17T00:25:56.3827787Z,0,0,495,176,0
2026-08-17T00:25:56.3877872Z,0,0,495,176,0
2026-08-17T00:25:56.3930809Z,0,0,495,176,0
2026-08-17T00:25:56.397727Z,0,0,495,176,0
2026-08-17T00:25:56.4028704Z,0,0,495,176,0
2026-08-17T00:25:56.4083747Z,0,0,495,176,0
2026-08-17T00:25:56.4126531Z,0,0,495,176,0
2026-08-17T00:25:56.4176651Z,0,0,495,176,0
2026-08-17T00:25:56.4231601Z,0,0,495,176,0
2026-08-17T00:25:56.4279458Z,0,0,495,176,0
2026-08-17T00:25:56.4326263Z,0,0,495,176,0
2026-08-17T00:25:56.437791Z,0,0,495,176,0
2026-08-17T00:25:56.442919Z,0,0,495,176,0
2026-08-17T00:25:56.4476063Z,0,0,495,176,0
2026-08-17T00:25:56.4527555Z,0,0,495,176,0
2026-08-17T00:25:56.457887Z,0,0,495,176,0
2026-08-17T00:25:56.4627524Z,0,0,495,176,0
2026-08-17T00:25:56.4678885Z,0,0,495,176,0
2026-08-17T00:25:56.4725879Z,0,0,495,176,0
2026-08-17T00:25:56.4775537Z,0,0,495,176,0
2026-08-17T00:25:56.4828159Z,0,0,495,176,0
2026-08-17T00:25:56.4881018Z,0,0,495,176,0
2026-08-17T00:25:56.4929938Z,0,0,495,176,0
2026-08-17T00:25:56.497812Z,0,0,495,176,0
2026-08-17T00:25:56.5026077Z,0,0,495,176,0
2026-08-17T00:25:56.5077131Z,0,0,495,176,0
2026-08-17T00:25:56.5130187Z,0,0,495,176,0
2026-08-17T00:25:56.5178114Z,0,0,495,176,0
2026-08-17T00:25:56.5225733Z,0,0,495,176,0
2026-08-17T00:25:56.52757Z,0,0,495,176,0
2026-08-17T00:25:56.5327139Z,0,0,495,176,0
2026-08-17T00:25:56.5378544Z,0,0,495,176,0
2026-08-17T00:25:56.5427507Z,0,0,495,176,0
2026-08-17T00:25:56.5475339Z,0,0,495,176,0
2026-08-17T00:25:56.5528635Z,0,0,495,176,0
2026-08-17T00:25:56.5575266Z,0,0,495,176,0
2026-08-17T00:25:56.563111Z,0,0,495,176,0
2026-08-17T00:25:56.5678102Z,0,0,495,176,0
2026-08-17T00:25:56.5728363Z,0,0,495,176,0
2026-08-17T00:25:56.578171Z,0,0,495,176,0
2026-08-17T00:25:56.5825414Z,0,0,495,176,0
2026-08-17T00:25:56.5879219Z,0,0,495,176,0
2026-08-17T00:25:56.5927856Z,0,0,495,176,0
2026-08-17T00:25:56.5977805Z,0,0,495,176,0
2026-08-17T00:25:56.6026024Z,0,0,495,176,0
2026-08-17T00:25:56.6076909Z,0,0,495,176,0
2026-08-17T00:25:56.6129701Z,0,0,495,176,0
2026-08-17T00:25:56.6177519Z,0,0,495,176,0
2026-08-17T00:25:56.6227766Z,0,0,495,176,0
2026-08-17T00:25:56.6279797Z,0,0,495,176,0
2026-08-17T00:25:56.6329578Z,0,0,495,176,0
2026-08-17T00:25:56.6377613Z,0,0,495,176,0
2026-08-17T00:25:56.6428297Z,0,0,495,176,0
2026-08-17T00:25:56.6475438Z,0,0,495,176,0
2026-08-17T00:25:56.6529967Z,0,0,495,176,0
2026-08-17T00:25:56.6576262Z,0,0,495,176,0
2026-08-17T00:25:56.662523Z,0,0,495,176,0
2026-08-17T00:25:56.6680918Z,0,0,495,176,0
2026-08-17T00:25:56.672834Z,0,0,495,176,0
2026-08-17T00:25:56.6777327Z,0,0,495,176,0
2026-08-17T00:25:56.6826187Z,0,0,495,176,0
2026-08-17T00:25:56.6879606Z,0,0,495,176,0
2026-08-17T00:25:56.6927907Z,0,0,495,176,0
2026-08-17T00:25:56.697621Z,0,0,495,176,0
2026-08-17T00:25:56.7028845Z,0,0,495,176,0
2026-08-17T00:25:56.7077001Z,0,0,495,176,0
2026-08-17T00:25:56.7129803Z,0,0,495,176,0
2026-08-17T00:25:56.7177255Z,0,0,495,176,0
2026-08-17T00:25:56.7234342Z,0,0,495,176,0
2026-08-17T00:25:56.7278746Z,0,0,495,176,0
2026-08-17T00:25:56.732607Z,0,0,495,176,0
2026-08-17T00:25:56.7380131Z,0,0,495,176,0
2026-08-17T00:25:56.7425791Z,0,0,495,176,0
2026-08-17T00:25:56.7478043Z,0,0,495,176,0
2026-08-17T00:25:56.7526294Z,0,0,495,176,0
2026-08-17T00:25:56.7576084Z,0,0,495,176,0
2026-08-17T00:25:56.7626396Z,0,0,495,176,0
2026-08-17T00:25:56.7679826Z,0,0,495,176,0
2026-08-17T00:25:56.7734072Z,0,0,495,176,0
2026-08-17T00:25:56.7778492Z,0,0,495,176,0
2026-08-17T00:25:56.7827241Z,0,0,495,176,0
2026-08-17T00:25:56.7875748Z,0,0,495,176,0
2026-08-17T00:25:56.792715Z,0,0,495,176,0
2026-08-17T00:25:56.7975981Z,0,0,495,176,0
2026-08-17T00:25:56.8028487Z,0,0,495,176,0
2026-08-17T00:25:56.8075656Z,0,0,495,176,0
2026-08-17T00:25:56.8126304Z,0,0,495,176,0
2026-08-17T00:25:56.8180368Z,0,0,495,176,0
2026-08-17T00:25:56.8229014Z,0,0,495,176,0
2026-08-17T00:25:56.8281354Z,0,0,495,176,0
2026-08-17T00:25:56.8328771Z,0,0,495,176,0
2026-08-17T00:25:56.8374936Z,0,0,495,176,0
2026-08-17T00:25:56.84291Z,0,0,495,176,0
2026-08-17T00:25:56.8478607Z,0,0,495,176,0
2026-08-17T00:25:56.8526756Z,0,0,495,176,0
2026-08-17T00:25:56.857611Z,0,0,495,176,0
2026-08-17T00:25:56.8627624Z,0,0,495,176,0
2026-08-17T00:25:56.8680036Z,0,0,495,176,0
2026-08-17T00:25:56.8727757Z,0,0,495,176,0
2026-08-17T00:25:56.8779468Z,0,0,495,176,0
2026-08-17T00:25:56.8826598Z,0,0,495,176,0
2026-08-17T00:25:56.8879727Z,0,0,495,176,0
2026-08-17T00:25:56.8932065Z,0,0,495,176,0
2026-08-17T00:25:56.8977893Z,0,0,495,176,0
2026-08-17T00:25:56.9025775Z,0,0,495,176,0
2026-08-17T00:25:56.9077357Z,0,0,495,176,0
2026-08-17T00:25:56.9131209Z,0,0,495,176,0
2026-08-17T00:25:56.9176121Z,0,0,495,176,0
2026-08-17T00:25:56.9228897Z,0,0,495,176,0
2026-08-17T00:25:56.9280617Z,0,0,495,176,0
2026-08-17T00:25:56.933062Z,0,0,495,176,0
2026-08-17T00:25:56.9378643Z,0,0,495,176,0
2026-08-17T00:25:56.9431086Z,0,0,495,176,0
2026-08-17T00:25:56.9476869Z,0,0,495,176,0
2026-08-17T00:25:56.9527949Z,0,0,495,176,0
2026-08-17T00:25:56.9576167Z,0,0,495,176,0
2026-08-17T00:25:56.9629957Z,0,0,495,176,0
2026-08-17T00:25:56.9677429Z,0,0,495,176,0
2026-08-17T00:25:56.9727586Z,0,0,495,176,0
2026-08-17T00:25:56.9779464Z,0,0,495,176,0
2026-08-17T00:25:56.9828363Z,0,0,495,176,0
2026-08-17T00:25:56.9879821Z,0,0,495,176,0
2026-08-17T00:25:56.9928639Z,0,0,495,176,0
2026-08-17T00:25:56.9975533Z,0,0,495,176,0
2026-08-17T00:25:57.0028392Z,0,0,495,176,0
2026-08-17T00:25:57.0076473Z,0,0,495,176,0
2026-08-17T00:25:57.0127143Z,0,0,495,176,0
2026-08-17T00:25:57.0180527Z,0,0,495,176,0
2026-08-17T00:25:57.0231321Z,0,0,495,176,0
2026-08-17T00:25:57.0277946Z,0,0,495,176,0
2026-08-17T00:25:57.0329048Z,0,0,495,176,0
2026-08-17T00:25:57.0375745Z,0,0,495,176,0
2026-08-17T00:25:57.0433288Z,0,0,495,176,0
2026-08-17T00:25:57.0478339Z,0,0,495,176,0
2026-08-17T00:25:57.0526618Z,0,0,495,176,0
2026-08-17T00:25:57.0578375Z,0,0,495,176,0
2026-08-17T00:25:57.0630364Z,0,0,495,176,0
2026-08-17T00:25:57.0678998Z,0,0,495,176,0
2026-08-17T00:25:57.0726096Z,0,0,495,176,0
2026-08-17T00:25:57.0778927Z,0,0,495,176,0
2026-08-17T00:25:57.0826177Z,0,0,495,176,0
2026-08-17T00:25:57.0879614Z,0,0,495,176,0
2026-08-17T00:25:57.0927109Z,0,0,495,176,0
2026-08-17T00:25:57.0979683Z,0,0,495,176,0
2026-08-17T00:25:57.1026755Z,0,0,495,176,0
2026-08-17T00:25:57.1075761Z,0,0,495,176,0
2026-08-17T00:25:57.1128623Z,0,0,495,176,0
2026-08-17T00:25:57.1175956Z,0,0,495,176,0
2026-08-17T00:25:57.1227052Z,0,0,495,176,0
2026-08-17T00:25:57.127745Z,0,0,495,176,0
2026-08-17T00:25:57.1329052Z,0,0,495,176,0
2026-08-17T00:25:57.1377114Z,0,0,495,176,0
2026-08-17T00:25:57.1428793Z,0,0,495,176,0
2026-08-17T00:25:57.1476866Z,0,0,495,176,0
2026-08-17T00:25:57.1529496Z,0,0,495,176,0
2026-08-17T00:25:57.1580383Z,0,0,495,176,0
2026-08-17T00:25:57.1629607Z,0,0,495,176,0
2026-08-17T00:25:57.1677016Z,0,0,495,176,0
2026-08-17T00:25:57.172741Z,0,0,495,176,0
2026-08-17T00:25:57.1777296Z,0,0,495,176,0
2026-08-17T00:25:57.183096Z,0,0,495,176,0
2026-08-17T00:25:57.1878439Z,0,0,495,176,0
2026-08-17T00:25:57.1929365Z,0,0,495,176,0
2026-08-17T00:25:57.1978085Z,0,0,495,176,0
2026-08-17T00:25:57.2026011Z,0,0,495,176,0
2026-08-17T00:25:57.2074767Z,0,0,495,176,0
2026-08-17T00:25:57.2126898Z,0,0,495,176,0
2026-08-17T00:25:57.2179956Z,0,0,495,176,0
2026-08-17T00:25:57.2227224Z,0,0,495,176,0
2026-08-17T00:25:57.2275135Z,0,0,495,176,0
2026-08-17T00:25:57.2327028Z,0,0,495,176,0
2026-08-17T00:25:57.2379139Z,0,0,495,176,0
2026-08-17T00:25:57.2427985Z,0,0,495,176,0
2026-08-17T00:25:57.2475477Z,0,0,495,176,0
2026-08-17T00:25:57.2530645Z,0,0,495,176,0
2026-08-17T00:25:57.2580207Z,0,0,495,176,0
2026-08-17T00:25:57.2626325Z,0,0,495,176,0
2026-08-17T00:25:57.267931Z,0,0,495,176,0
2026-08-17T00:25:57.2728069Z,0,0,495,176,0
2026-08-17T00:25:57.2782546Z,0,0,495,176,0
2026-08-17T00:25:57.2826106Z,0,0,495,176,0
2026-08-17T00:25:57.287915Z,0,0,495,176,0
2026-08-17T00:25:57.2929902Z,0,0,495,176,0
2026-08-17T00:25:57.2977327Z,0,0,495,176,0
2026-08-17T00:25:57.3033018Z,0,0,495,176,0
2026-08-17T00:25:57.3079445Z,0,0,495,176,0
2026-08-17T00:25:57.3129093Z,0,0,495,176,0
2026-08-17T00:25:57.3177963Z,0,0,495,176,0
2026-08-17T00:25:57.3226907Z,0,0,495,176,0
2026-08-17T00:25:57.3276001Z,0,0,495,176,0
2026-08-17T00:25:57.3328472Z,0,0,495,176,0
2026-08-17T00:25:57.3375922Z,0,0,495,176,0
2026-08-17T00:25:57.342459Z,0,0,495,176,0
2026-08-17T00:25:57.347649Z,0,0,495,176,0
2026-08-17T00:25:57.352624Z,0,0,495,176,0
2026-08-17T00:25:57.3580902Z,0,0,495,176,0
2026-08-17T00:25:57.362905Z,0,0,495,176,0
2026-08-17T00:25:57.3677008Z,0,0,495,176,0
2026-08-17T00:25:57.3732419Z,0,0,495,176,0
2026-08-17T00:25:57.3775868Z,0,0,495,176,0
2026-08-17T00:25:57.3829102Z,0,0,495,176,0
2026-08-17T00:25:57.3876521Z,0,0,495,176,0
2026-08-17T00:25:57.3930337Z,0,0,495,176,0
2026-08-17T00:25:57.3979347Z,0,0,495,176,0
2026-08-17T00:25:57.4027898Z,0,0,495,176,0
2026-08-17T00:25:57.4079643Z,0,0,495,176,0
2026-08-17T00:25:57.4129423Z,0,0,495,176,0
2026-08-17T00:25:57.4178388Z,0,0,495,176,0
2026-08-17T00:25:57.423007Z,0,0,495,176,0
2026-08-17T00:25:57.4278024Z,0,0,495,176,0
2026-08-17T00:25:57.4326983Z,0,0,495,176,0
2026-08-17T00:25:57.4378796Z,0,0,495,176,0
2026-08-17T00:25:57.4431652Z,0,0,495,176,0
2026-08-17T00:25:57.4479907Z,0,0,495,176,0
2026-08-17T00:25:57.4528181Z,0,0,495,176,0
2026-08-17T00:25:57.4575308Z,0,0,495,176,0
2026-08-17T00:25:57.4626932Z,0,0,495,176,0
2026-08-17T00:25:57.4679853Z,0,0,495,176,0
2026-08-17T00:25:57.4726207Z,0,0,495,176,0
2026-08-17T00:25:57.4778192Z,0,0,495,176,0
2026-08-17T00:25:57.4828712Z,0,0,495,176,0
2026-08-17T00:25:57.4879254Z,0,0,495,176,0
2026-08-17T00:25:57.4931532Z,0,0,495,176,0
2026-08-17T00:25:57.4978841Z,0,0,495,176,0
2026-08-17T00:25:57.5033448Z,0,0,495,176,0
2026-08-17T00:25:57.5075876Z,0,0,495,176,0
2026-08-17T00:25:57.5130119Z,0,0,495,176,0
2026-08-17T00:25:57.5177961Z,0,0,495,176,0
2026-08-17T00:25:57.522678Z,0,0,495,176,0
2026-08-17T00:25:57.5275727Z,0,0,495,176,0
2026-08-17T00:25:57.5333743Z,0,0,495,176,0
2026-08-17T00:25:57.5379041Z,0,0,495,176,0
2026-08-17T00:25:57.5429795Z,0,0,495,176,0
2026-08-17T00:25:57.5476872Z,0,0,495,176,0
2026-08-17T00:25:57.5530205Z,0,0,495,176,0
2026-08-17T00:25:57.5576064Z,0,0,495,176,0
2026-08-17T00:25:57.563442Z,0,0,495,176,0
2026-08-17T00:25:57.567654Z,0,0,495,176,0
2026-08-17T00:25:57.5727312Z,0,0,495,176,0
2026-08-17T00:25:57.5776156Z,0,0,495,176,0
2026-08-17T00:25:57.5830166Z,0,0,495,176,0
2026-08-17T00:25:57.5879064Z,0,0,495,176,0
2026-08-17T00:25:57.5928977Z,0,0,495,176,0
2026-08-17T00:25:57.5980612Z,0,0,495,176,0
2026-08-17T00:25:57.6031749Z,0,0,495,176,0
2026-08-17T00:25:57.6075493Z,0,0,495,176,0
2026-08-17T00:25:57.6130839Z,0,0,495,176,0
2026-08-17T00:25:57.6178746Z,0,0,495,176,0
2026-08-17T00:25:57.6226141Z,0,0,495,176,0
2026-08-17T00:25:57.6286193Z,0,0,495,176,0
2026-08-17T00:25:57.6335878Z,0,0,495,176,0
2026-08-17T00:25:57.6381385Z,0,0,495,176,0
2026-08-17T00:25:57.642789Z,0,0,495,176,0
2026-08-17T00:25:57.6485303Z,0,0,495,176,0
2026-08-17T00:25:57.6528328Z,0,0,495,176,0
2026-08-17T00:25:57.6574205Z,0,0,495,176,0
2026-08-17T00:25:57.662819Z,0,0,495,176,0
2026-08-17T00:25:57.6676394Z,0,0,495,176,0
2026-08-17T00:25:57.6725113Z,0,0,495,176,0
2026-08-17T00:25:57.6778572Z,0,0,495,176,0
2026-08-17T00:25:57.6829476Z,0,0,495,176,0
2026-08-17T00:25:57.6880381Z,0,0,495,176,0
2026-08-17T00:25:57.6931503Z,0,0,495,176,0
2026-08-17T00:25:57.6986056Z,0,0,495,176,0
2026-08-17T00:25:57.7029366Z,0,0,495,176,0
2026-08-17T00:25:57.7078771Z,0,0,495,176,0
2026-08-17T00:25:57.7129263Z,0,0,495,176,0
2026-08-17T00:25:57.7182753Z,0,0,495,176,0
2026-08-17T00:25:57.722774Z,0,0,495,176,0
2026-08-17T00:25:57.7278351Z,0,0,495,176,0
2026-08-17T00:25:57.7327385Z,0,0,495,176,0
2026-08-17T00:25:57.7381024Z,0,0,495,176,0
2026-08-17T00:25:57.743074Z,0,0,495,176,0
2026-08-17T00:25:57.7477419Z,0,0,495,176,0
2026-08-17T00:25:57.7529991Z,0,0,495,176,0
2026-08-17T00:25:57.7581009Z,0,0,495,176,0
2026-08-17T00:25:57.7629445Z,0,0,495,176,0
2026-08-17T00:25:57.7677307Z,0,0,495,176,0
2026-08-17T00:25:57.7731528Z,0,0,495,176,0
2026-08-17T00:25:57.7776728Z,0,0,495,176,0
2026-08-17T00:25:57.7829681Z,0,0,495,176,0
2026-08-17T00:25:57.7879323Z,0,0,495,176,0
2026-08-17T00:25:57.7929251Z,0,0,495,176,0
2026-08-17T00:25:57.7975913Z,0,0,495,176,0
2026-08-17T00:25:57.8029384Z,0,0,495,176,0
2026-08-17T00:25:57.8076566Z,0,0,495,176,0
2026-08-17T00:25:57.8126334Z,0,0,495,176,0
2026-08-17T00:25:57.8178368Z,0,0,495,176,0
2026-08-17T00:25:57.8226225Z,0,0,495,176,0
2026-08-17T00:25:57.8280928Z,0,0,495,176,0
2026-08-17T00:25:57.8328236Z,0,0,495,176,0
2026-08-17T00:25:57.8382283Z,0,0,495,176,0
2026-08-17T00:25:57.8428971Z,0,0,495,176,0
2026-08-17T00:25:57.8477103Z,0,0,495,176,0
2026-08-17T00:25:57.8532374Z,0,0,495,176,0
2026-08-17T00:25:57.8577997Z,0,0,495,176,0
2026-08-17T00:25:57.8624889Z,0,0,495,176,0
2026-08-17T00:25:57.8679868Z,0,0,495,176,0
2026-08-17T00:25:57.8735045Z,0,0,495,176,0
2026-08-17T00:25:57.8780368Z,0,0,495,176,0
2026-08-17T00:25:57.8828083Z,0,0,495,176,0
2026-08-17T00:25:57.8881772Z,0,0,495,176,0
2026-08-17T00:25:57.892809Z,0,0,495,176,0
2026-08-17T00:25:57.8980601Z,0,0,495,176,0
2026-08-17T00:25:57.9028292Z,0,0,495,176,0
2026-08-17T00:25:57.90833Z,0,0,495,176,0
2026-08-17T00:25:57.9125324Z,0,0,495,176,0
2026-08-17T00:25:57.9178695Z,0,0,495,176,0
2026-08-17T00:25:57.9226173Z,0,0,495,176,0
2026-08-17T00:25:57.927803Z,0,0,495,176,0
2026-08-17T00:25:57.9331385Z,0,0,495,176,0
2026-08-17T00:25:57.9379663Z,0,0,495,176,0
2026-08-17T00:25:57.9428134Z,0,0,495,176,0
2026-08-17T00:25:57.9475591Z,0,0,495,176,0
2026-08-17T00:25:57.9534078Z,0,0,495,176,0
2026-08-17T00:25:57.9580372Z,0,0,495,176,0
2026-08-17T00:25:57.9632014Z,0,0,495,176,0
2026-08-17T00:25:57.9682295Z,0,0,495,176,0
2026-08-17T00:25:57.9727937Z,0,0,495,176,0
2026-08-17T00:25:57.9782961Z,0,0,495,176,0
2026-08-17T00:25:57.9833277Z,0,0,495,176,0
2026-08-17T00:25:57.9878888Z,0,0,495,176,0
2026-08-17T00:25:57.9927146Z,0,0,495,176,0
2026-08-17T00:25:57.9978815Z,0,0,495,176,0
2026-08-17T00:25:58.0026191Z,0,0,495,176,0
2026-08-17T00:25:58.0076525Z,0,0,495,176,0
2026-08-17T00:25:58.0128267Z,0,0,495,176,0
2026-08-17T00:25:58.0175382Z,0,0,495,176,0
2026-08-17T00:25:58.0232247Z,0,0,495,176,0
2026-08-17T00:25:58.0279606Z,0,0,495,176,0
2026-08-17T00:25:58.0326892Z,0,0,495,176,0
2026-08-17T00:25:58.0375397Z,0,0,495,176,0
2026-08-17T00:25:58.0431272Z,0,0,495,176,0
2026-08-17T00:25:58.0479717Z,0,0,495,176,0
2026-08-17T00:25:58.0526508Z,0,0,495,176,0
2026-08-17T00:25:58.0579109Z,0,0,495,176,0
2026-08-17T00:25:58.0628234Z,0,0,495,176,0
2026-08-17T00:25:58.0680103Z,0,0,495,176,0
2026-08-17T00:25:58.0727566Z,0,0,495,176,0
2026-08-17T00:25:58.0780697Z,0,0,495,176,0
2026-08-17T00:25:58.0825468Z,0,0,495,176,0
2026-08-17T00:25:58.0875239Z,0,0,495,176,0
2026-08-17T00:25:58.0928341Z,0,0,495,176,0
2026-08-17T00:25:58.0974994Z,0,0,495,176,0
2026-08-17T00:25:58.102795Z,0,0,495,176,0
2026-08-17T00:25:58.1076788Z,0,0,495,176,0
2026-08-17T00:25:58.1129056Z,0,0,495,176,0
2026-08-17T00:25:58.1177047Z,0,0,495,176,0
2026-08-17T00:25:58.1231106Z,0,0,495,176,0
2026-08-17T00:25:58.1277601Z,0,0,495,176,0
2026-08-17T00:25:58.132923Z,0,0,495,176,0
2026-08-17T00:25:58.1376802Z,0,0,495,176,0
2026-08-17T00:25:58.1427756Z,0,0,495,176,0
2026-08-17T00:25:58.1476041Z,0,0,495,176,0
2026-08-17T00:25:58.1528277Z,0,0,495,176,0
2026-08-17T00:25:58.1576517Z,0,0,495,176,0
2026-08-17T00:25:58.1627234Z,0,0,495,176,0
2026-08-17T00:25:58.1679268Z,0,0,495,176,0
2026-08-17T00:25:58.1726585Z,0,0,495,176,0
2026-08-17T00:25:58.1778726Z,0,0,495,176,0
2026-08-17T00:25:58.1831048Z,0,0,495,176,0
2026-08-17T00:25:58.1878653Z,0,0,495,176,0
2026-08-17T00:25:58.192793Z,0,0,495,176,0
2026-08-17T00:25:58.1980016Z,0,0,495,176,0
2026-08-17T00:25:58.2026939Z,0,0,495,176,0
2026-08-17T00:25:58.2079721Z,0,0,495,176,0
2026-08-17T00:25:58.2125449Z,0,0,495,176,0
2026-08-17T00:25:58.217872Z,0,0,495,176,0
2026-08-17T00:25:58.222641Z,0,0,495,176,0
2026-08-17T00:25:58.2280705Z,0,0,495,176,0
2026-08-17T00:25:58.2328239Z,0,0,495,176,0
2026-08-17T00:25:58.2376169Z,0,0,495,176,0
2026-08-17T00:25:58.2425688Z,0,0,495,176,0
2026-08-17T00:25:58.2476077Z,0,0,495,176,0
2026-08-17T00:25:58.2529135Z,0,0,495,176,0
2026-08-17T00:25:58.258018Z,0,0,495,176,0
2026-08-17T00:25:58.2627021Z,0,0,495,176,0
2026-08-17T00:25:58.2679193Z,0,0,495,176,0
2026-08-17T00:25:58.2728549Z,0,0,495,176,0
2026-08-17T00:25:58.2775581Z,0,0,495,176,0
2026-08-17T00:25:58.2827691Z,0,0,495,176,0
2026-08-17T00:25:58.2875545Z,0,0,495,176,0
2026-08-17T00:25:58.2931119Z,0,0,495,176,0
2026-08-17T00:25:58.2978092Z,0,0,495,176,0
2026-08-17T00:25:58.3029891Z,0,0,495,176,0
2026-08-17T00:25:58.3077101Z,0,0,495,176,0
2026-08-17T00:25:58.3130511Z,0,0,495,176,0
2026-08-17T00:25:58.3175853Z,0,0,495,176,0
2026-08-17T00:25:58.323143Z,0,0,495,176,0
2026-08-17T00:25:58.3278113Z,0,0,495,176,0
2026-08-17T00:25:58.332965Z,0,0,495,176,0
2026-08-17T00:25:58.3376989Z,0,0,495,176,0
2026-08-17T00:25:58.3429412Z,0,0,495,176,0
2026-08-17T00:25:58.3476643Z,0,0,495,176,0
2026-08-17T00:25:58.3530066Z,0,0,495,176,0
2026-08-17T00:25:58.3578582Z,0,0,495,176,0
2026-08-17T00:25:58.362909Z,0,0,495,176,0
2026-08-17T00:25:58.3676629Z,0,0,495,176,0
2026-08-17T00:25:58.3729396Z,0,0,495,176,0
2026-08-17T00:25:58.3774717Z,0,0,495,176,0
2026-08-17T00:25:58.3827766Z,0,0,495,176,0
2026-08-17T00:25:58.3879449Z,0,0,495,176,0
2026-08-17T00:25:58.3930888Z,0,0,495,176,0
2026-08-17T00:25:58.3980064Z,0,0,495,176,0
2026-08-17T00:25:58.4027866Z,0,0,495,176,0
2026-08-17T00:25:58.4075302Z,0,0,495,176,0
2026-08-17T00:25:58.4129444Z,0,0,495,176,0
2026-08-17T00:25:58.4177563Z,0,0,495,176,0
2026-08-17T00:25:58.4229536Z,0,0,495,176,0
2026-08-17T00:25:58.4277239Z,0,0,495,176,0
2026-08-17T00:25:58.4326373Z,0,0,495,176,0
2026-08-17T00:25:58.4378723Z,0,0,495,176,0
2026-08-17T00:25:58.4430109Z,0,0,495,176,0
2026-08-17T00:25:58.4479693Z,0,0,495,176,0
2026-08-17T00:25:58.4527564Z,0,0,495,176,0
2026-08-17T00:25:58.4578952Z,0,0,495,176,0
2026-08-17T00:25:58.46262Z,0,0,495,176,0
2026-08-17T00:25:58.4679657Z,0,0,495,176,0
2026-08-17T00:25:58.4729906Z,0,0,495,176,0
2026-08-17T00:25:58.4777482Z,0,0,495,176,0
2026-08-17T00:25:58.4828825Z,0,0,495,176,0
2026-08-17T00:25:58.4878199Z,0,0,495,176,0
2026-08-17T00:25:58.4925955Z,0,0,495,176,0
2026-08-17T00:25:58.4977244Z,0,0,495,176,0
2026-08-17T00:25:58.5027559Z,0,0,495,176,0
2026-08-17T00:25:58.507859Z,0,0,495,176,0
2026-08-17T00:25:58.5129954Z,0,0,495,176,0
2026-08-17T00:25:58.5179515Z,0,0,495,176,0
2026-08-17T00:25:58.5227393Z,0,0,495,176,0
2026-08-17T00:25:58.5276448Z,0,0,495,176,0
2026-08-17T00:25:58.5327693Z,0,0,495,176,0
2026-08-17T00:25:58.537871Z,0,0,495,176,0
2026-08-17T00:25:58.5426463Z,0,0,495,176,0
2026-08-17T00:25:58.5479024Z,0,0,495,176,0
2026-08-17T00:25:58.5534196Z,0,0,495,176,0
2026-08-17T00:25:58.5578517Z,0,0,495,176,0
2026-08-17T00:25:58.5628756Z,0,0,495,176,0
2026-08-17T00:25:58.5678511Z,0,0,495,176,0
2026-08-17T00:25:58.5727109Z,0,0,495,176,0
2026-08-17T00:25:58.5778287Z,0,0,495,176,0
2026-08-17T00:25:58.5825296Z,0,0,495,176,0
2026-08-17T00:25:58.5880341Z,0,0,495,176,0
2026-08-17T00:25:58.5927738Z,0,0,495,176,0
2026-08-17T00:25:58.5977597Z,0,0,495,176,0
2026-08-17T00:25:58.6028847Z,0,0,495,176,0
2026-08-17T00:25:58.6078106Z,0,0,495,176,0
2026-08-17T00:25:58.6127677Z,0,0,495,176,0
2026-08-17T00:25:58.6177318Z,0,0,495,176,0
2026-08-17T00:25:58.6226448Z,0,0,495,176,0
2026-08-17T00:25:58.627563Z,0,0,495,176,0
2026-08-17T00:25:58.632649Z,0,0,495,176,0
2026-08-17T00:25:58.6377451Z,0,0,495,176,0
2026-08-17T00:25:58.6429664Z,0,0,495,176,0
2026-08-17T00:25:58.6477626Z,0,0,495,176,0
2026-08-17T00:25:58.6526064Z,0,0,495,176,0
2026-08-17T00:25:58.6577723Z,0,0,495,176,0
2026-08-17T00:25:58.6629838Z,0,0,495,176,0
2026-08-17T00:25:58.6677237Z,0,0,495,176,0
2026-08-17T00:25:58.672607Z,0,0,495,176,0
2026-08-17T00:25:58.6777869Z,0,0,495,176,0
2026-08-17T00:25:58.6828744Z,0,0,495,176,0
2026-08-17T00:25:58.6879051Z,0,0,495,176,0
2026-08-17T00:25:58.6929805Z,0,0,495,176,0
2026-08-17T00:25:58.6977207Z,0,0,495,176,0
2026-08-17T00:25:58.7028673Z,0,0,495,176,0
2026-08-17T00:25:58.7075482Z,0,0,495,176,0
2026-08-17T00:25:58.7127152Z,0,0,495,176,0
2026-08-17T00:25:58.7175311Z,0,0,495,176,0
2026-08-17T00:25:58.7224893Z,0,0,495,176,0
2026-08-17T00:25:58.7277418Z,0,0,495,176,0
2026-08-17T00:25:58.7327778Z,0,0,495,176,0
2026-08-17T00:25:58.7376196Z,0,0,495,176,0
2026-08-17T00:25:58.7425257Z,0,0,495,176,0
2026-08-17T00:25:58.7479172Z,0,0,495,176,0
2026-08-17T00:25:58.7525397Z,0,0,495,176,0
2026-08-17T00:25:58.7576167Z,0,0,495,176,0
2026-08-17T00:25:58.7628266Z,0,0,495,176,0
2026-08-17T00:25:58.7677495Z,0,0,495,176,0
2026-08-17T00:25:58.772749Z,0,0,495,176,0
2026-08-17T00:25:58.7779365Z,0,0,495,176,0
2026-08-17T00:25:58.782682Z,0,0,495,176,0
2026-08-17T00:25:58.78792Z,0,0,495,176,0
2026-08-17T00:25:58.7928549Z,0,0,495,176,0
2026-08-17T00:25:58.7976044Z,0,0,495,176,0
2026-08-17T00:25:58.8029482Z,0,0,495,176,0
2026-08-17T00:25:58.8078079Z,0,0,495,176,0
2026-08-17T00:25:58.8130276Z,0,0,495,176,0
2026-08-17T00:25:58.8177574Z,0,0,495,176,0
2026-08-17T00:25:58.8224891Z,0,0,495,176,0
2026-08-17T00:25:58.8277464Z,0,0,495,176,0
2026-08-17T00:25:58.8325755Z,0,0,495,176,0
2026-08-17T00:25:58.837588Z,0,0,495,176,0
2026-08-17T00:25:58.8426878Z,0,0,495,176,0
2026-08-17T00:25:58.8478879Z,0,0,495,176,0
2026-08-17T00:25:58.8526573Z,0,0,495,176,0
2026-08-17T00:25:58.8579122Z,0,0,495,176,0
2026-08-17T00:25:58.8626516Z,0,0,495,176,0
2026-08-17T00:25:58.8679054Z,0,0,495,176,0
2026-08-17T00:25:58.8728722Z,0,0,495,176,0
2026-08-17T00:25:58.87759Z,0,0,495,176,0
2026-08-17T00:25:58.8829461Z,0,0,495,176,0
2026-08-17T00:25:58.8877006Z,0,0,495,176,0
2026-08-17T00:25:58.8930535Z,0,0,495,176,0
2026-08-17T00:25:58.8977909Z,0,0,495,176,0
2026-08-17T00:25:58.9027142Z,0,0,495,176,0
2026-08-17T00:25:58.9077427Z,0,0,495,176,0
2026-08-17T00:25:58.9129154Z,0,0,495,176,0
2026-08-17T00:25:58.917679Z,0,0,495,176,0
2026-08-17T00:25:58.9229213Z,0,0,495,176,0
2026-08-17T00:25:58.9275332Z,0,0,495,176,0
2026-08-17T00:25:58.9328948Z,0,0,495,176,0
2026-08-17T00:25:58.937696Z,0,0,495,176,0
2026-08-17T00:25:58.9428064Z,0,0,495,176,0
2026-08-17T00:25:58.9475327Z,0,0,495,176,0
2026-08-17T00:25:58.9527835Z,0,0,495,176,0
2026-08-17T00:25:58.9578613Z,0,0,495,176,0
2026-08-17T00:25:58.9626551Z,0,0,495,176,0
2026-08-17T00:25:58.9678854Z,0,0,495,176,0
2026-08-17T00:25:58.9730955Z,0,0,495,176,0
2026-08-17T00:25:58.9778872Z,0,0,495,176,0
2026-08-17T00:25:58.9826496Z,0,0,495,176,0
2026-08-17T00:25:58.9878575Z,0,0,495,176,0
2026-08-17T00:25:58.9927238Z,0,0,495,176,0
2026-08-17T00:25:58.9979924Z,0,0,495,176,0
2026-08-17T00:25:59.002829Z,0,0,495,176,0
2026-08-17T00:25:59.0079679Z,0,0,495,176,0
2026-08-17T00:25:59.0127651Z,0,0,495,176,0
2026-08-17T00:25:59.0177434Z,0,0,495,176,0
2026-08-17T00:25:59.0226328Z,0,0,495,176,0
2026-08-17T00:25:59.0284006Z,0,0,495,176,0
2026-08-17T00:25:59.0327562Z,0,0,495,176,0
2026-08-17T00:25:59.0383264Z,0,0,495,176,0
2026-08-17T00:25:59.0430788Z,0,0,495,176,0
2026-08-17T00:25:59.0479534Z,0,0,495,176,0
2026-08-17T00:25:59.0527434Z,0,0,495,176,0
2026-08-17T00:25:59.0579331Z,0,0,495,176,0
2026-08-17T00:25:59.0627664Z,0,0,495,176,0
2026-08-17T00:25:59.0680198Z,0,0,495,176,0
2026-08-17T00:25:59.0726445Z,0,0,495,176,0
2026-08-17T00:25:59.0777561Z,0,0,495,176,0
2026-08-17T00:25:59.0829419Z,0,0,495,176,0
2026-08-17T00:25:59.0880007Z,0,0,495,176,0
2026-08-17T00:25:59.093029Z,0,0,495,176,0
2026-08-17T00:25:59.098002Z,0,0,495,176,0
2026-08-17T00:25:59.1028509Z,0,0,495,176,0
2026-08-17T00:25:59.1078337Z,0,0,495,176,0
2026-08-17T00:25:59.1128108Z,0,0,495,176,0
2026-08-17T00:25:59.1179951Z,0,0,495,176,0
2026-08-17T00:25:59.1228903Z,0,0,495,176,0
2026-08-17T00:25:59.1279952Z,0,0,495,176,0
2026-08-17T00:25:59.1327171Z,0,0,495,176,0
2026-08-17T00:25:59.1380192Z,0,0,495,176,0
2026-08-17T00:25:59.1429398Z,0,0,495,176,0
2026-08-17T00:25:59.1479273Z,0,0,495,176,0
2026-08-17T00:25:59.1529145Z,0,0,495,176,0
2026-08-17T00:25:59.1574754Z,0,0,495,176,0
2026-08-17T00:25:59.1628197Z,0,0,495,176,0
2026-08-17T00:25:59.1679158Z,0,0,495,176,0
2026-08-17T00:25:59.1726503Z,0,0,495,176,0
2026-08-17T00:25:59.178139Z,0,0,495,176,0
2026-08-17T00:25:59.1828892Z,0,0,495,176,0
2026-08-17T00:25:59.1879694Z,0,0,495,176,0
2026-08-17T00:25:59.1930085Z,0,0,495,176,0
2026-08-17T00:25:59.197968Z,0,0,495,176,0
2026-08-17T00:25:59.2026773Z,0,0,495,176,0
2026-08-17T00:25:59.2078021Z,0,0,495,176,0
2026-08-17T00:25:59.2127333Z,0,0,495,176,0
2026-08-17T00:25:59.2179372Z,0,0,495,176,0
2026-08-17T00:25:59.2230025Z,0,0,495,176,0
2026-08-17T00:25:59.2280039Z,0,0,495,176,0
2026-08-17T00:25:59.2327535Z,0,0,495,176,0
2026-08-17T00:25:59.2375714Z,0,0,495,176,0
2026-08-17T00:25:59.2427999Z,0,0,495,176,0
2026-08-17T00:25:59.2478546Z,0,0,495,176,0
2026-08-17T00:25:59.2527258Z,0,0,495,176,0
2026-08-17T00:25:59.2574228Z,0,0,495,176,0
2026-08-17T00:25:59.2626737Z,0,0,495,176,0
2026-08-17T00:25:59.2678914Z,0,0,495,176,0
2026-08-17T00:25:59.2726668Z,0,0,495,176,0
2026-08-17T00:25:59.2781789Z,0,0,495,176,0
2026-08-17T00:25:59.2829068Z,0,0,495,176,0
2026-08-17T00:25:59.2876739Z,0,0,495,176,0
2026-08-17T00:25:59.2926413Z,0,0,495,176,0
2026-08-17T00:25:59.2979016Z,0,0,495,176,0
2026-08-17T00:25:59.3026135Z,0,0,495,176,0
2026-08-17T00:25:59.3078599Z,0,0,495,176,0
2026-08-17T00:25:59.3130231Z,0,0,495,176,0
2026-08-17T00:25:59.3177947Z,0,0,495,176,0
2026-08-17T00:25:59.3225363Z,0,0,495,176,0
2026-08-17T00:25:59.3280323Z,0,0,495,176,0
2026-08-17T00:25:59.3328654Z,0,0,495,176,0
2026-08-17T00:25:59.3376957Z,0,0,495,176,0
2026-08-17T00:25:59.3426769Z,0,0,495,176,0
2026-08-17T00:25:59.3479404Z,0,0,495,176,0
2026-08-17T00:25:59.3526736Z,0,0,495,176,0
2026-08-17T00:25:59.3575513Z,0,0,495,176,0
2026-08-17T00:25:59.3628891Z,0,0,495,176,0
2026-08-17T00:25:59.3677051Z,0,0,495,176,0
2026-08-17T00:25:59.3730208Z,0,0,495,176,0
2026-08-17T00:25:59.378007Z,0,0,495,176,0
2026-08-17T00:25:59.3828543Z,0,0,495,176,0
2026-08-17T00:25:59.3877623Z,0,0,495,176,0
2026-08-17T00:25:59.3925949Z,0,0,495,176,0
2026-08-17T00:25:59.3980958Z,0,0,495,176,0
2026-08-17T00:25:59.4028327Z,0,0,495,176,0
2026-08-17T00:25:59.4078157Z,0,0,495,176,0
2026-08-17T00:25:59.413135Z,0,0,495,176,0
2026-08-17T00:25:59.4178114Z,0,0,495,176,0
2026-08-17T00:25:59.4225493Z,0,0,495,176,0
2026-08-17T00:25:59.4281727Z,0,0,495,176,0
2026-08-17T00:25:59.4328944Z,0,0,495,176,0
2026-08-17T00:25:59.4376861Z,0,0,495,176,0
2026-08-17T00:25:59.4425127Z,0,0,495,176,0
2026-08-17T00:25:59.4478029Z,0,0,495,176,0
2026-08-17T00:25:59.4526095Z,0,0,495,176,0
2026-08-17T00:25:59.4579839Z,0,0,495,176,0
2026-08-17T00:25:59.4627569Z,0,0,495,176,0
2026-08-17T00:25:59.4678155Z,0,0,495,176,0
2026-08-17T00:25:59.4727098Z,0,0,495,176,0
2026-08-17T00:25:59.4775703Z,0,0,495,176,0
2026-08-17T00:25:59.4827938Z,0,0,495,176,0
2026-08-17T00:25:59.4875561Z,0,0,495,176,0
2026-08-17T00:25:59.492424Z,0,0,495,176,0
2026-08-17T00:25:59.4975733Z,0,0,495,176,0
2026-08-17T00:25:59.502853Z,0,0,495,176,0
2026-08-17T00:25:59.5077989Z,0,0,495,176,0
2026-08-17T00:25:59.5130668Z,0,0,495,176,0
2026-08-17T00:25:59.5179847Z,0,0,495,176,0
2026-08-17T00:25:59.5225423Z,0,0,495,176,0
2026-08-17T00:25:59.528Z,0,0,495,176,0
2026-08-17T00:25:59.5327669Z,0,0,495,176,0
2026-08-17T00:25:59.5378844Z,0,0,495,176,0
2026-08-17T00:25:59.5426066Z,0,0,495,176,0
2026-08-17T00:25:59.5479267Z,0,0,495,176,0
2026-08-17T00:25:59.5527581Z,0,0,495,176,0
2026-08-17T00:25:59.5577731Z,0,0,495,176,0
2026-08-17T00:25:59.5626312Z,0,0,495,176,0
2026-08-17T00:25:59.5678537Z,0,0,495,176,0
2026-08-17T00:25:59.5727247Z,0,0,495,176,0
2026-08-17T00:25:59.5781438Z,0,0,495,176,0
2026-08-17T00:25:59.5832161Z,0,0,495,176,0
2026-08-17T00:25:59.5879229Z,0,0,495,176,0
2026-08-17T00:25:59.5932989Z,0,0,495,176,0
2026-08-17T00:25:59.5979595Z,0,0,495,176,0
2026-08-17T00:25:59.6034651Z,0,0,495,176,0
2026-08-17T00:25:59.6079261Z,0,0,495,176,0
2026-08-17T00:25:59.6129464Z,0,0,495,176,0
2026-08-17T00:25:59.6181999Z,0,0,495,176,0
2026-08-17T00:25:59.6228458Z,0,0,495,176,0
2026-08-17T00:25:59.6276266Z,0,0,495,176,0
2026-08-17T00:25:59.6334725Z,0,0,495,176,0
2026-08-17T00:25:59.6380723Z,0,0,495,176,0
2026-08-17T00:25:59.6428613Z,0,0,495,176,0
2026-08-17T00:25:59.6478677Z,0,0,495,176,0
2026-08-17T00:25:59.6535242Z,0,0,495,176,0
2026-08-17T00:25:59.657917Z,0,0,495,176,0
2026-08-17T00:25:59.6628276Z,0,0,495,176,0
2026-08-17T00:25:59.6679185Z,0,0,495,176,0
2026-08-17T00:25:59.6728654Z,0,0,495,176,0
2026-08-17T00:25:59.6778328Z,0,0,495,176,0
2026-08-17T00:25:59.6835852Z,0,0,495,176,0
2026-08-17T00:25:59.6881275Z,0,0,495,176,0
2026-08-17T00:25:59.6929217Z,0,0,495,176,0
2026-08-17T00:25:59.6979619Z,0,0,495,176,0
2026-08-17T00:25:59.7030126Z,0,0,495,176,0
2026-08-17T00:25:59.7077101Z,0,0,495,176,0
2026-08-17T00:25:59.7128954Z,0,0,495,176,0
2026-08-17T00:25:59.7177654Z,0,0,495,176,0
2026-08-17T00:25:59.7228814Z,0,0,495,176,0
2026-08-17T00:25:59.7276406Z,0,0,495,176,0
2026-08-17T00:25:59.7332529Z,0,0,495,176,0
2026-08-17T00:25:59.7386382Z,0,0,495,176,0
2026-08-17T00:25:59.7426414Z,0,0,495,176,0
2026-08-17T00:25:59.7482121Z,0,0,495,176,0
2026-08-17T00:25:59.7533063Z,0,0,495,176,0
2026-08-17T00:25:59.7579853Z,0,0,495,176,0
2026-08-17T00:25:59.7627144Z,0,0,495,176,0
2026-08-17T00:25:59.767528Z,0,0,495,176,0
2026-08-17T00:25:59.7730996Z,0,0,495,176,0
2026-08-17T00:25:59.7778849Z,0,0,495,176,0
2026-08-17T00:25:59.7826219Z,0,0,495,176,0
2026-08-17T00:25:59.7876884Z,0,0,495,176,0
2026-08-17T00:25:59.7930816Z,0,0,495,176,0
2026-08-17T00:25:59.7978263Z,0,0,495,176,0
2026-08-17T00:25:59.8025582Z,0,0,495,176,0
2026-08-17T00:25:59.8078523Z,0,0,495,176,0
2026-08-17T00:25:59.8132552Z,0,0,495,176,0
2026-08-17T00:25:59.8179874Z,0,0,495,176,0
2026-08-17T00:25:59.8230236Z,0,0,495,176,0
2026-08-17T00:25:59.8281347Z,0,0,495,176,0
2026-08-17T00:25:59.8331853Z,0,0,495,176,0
2026-08-17T00:25:59.8376123Z,0,0,495,176,0
2026-08-17T00:25:59.8426731Z,0,0,495,176,0
2026-08-17T00:25:59.8481964Z,0,0,495,176,0
2026-08-17T00:25:59.8532737Z,0,0,495,176,0
2026-08-17T00:25:59.8578546Z,0,0,495,176,0
2026-08-17T00:25:59.8628665Z,0,0,495,176,0
2026-08-17T00:25:59.867804Z,0,0,495,176,0
2026-08-17T00:25:59.8725532Z,0,0,495,176,0
2026-08-17T00:25:59.8776667Z,0,0,495,176,0
2026-08-17T00:25:59.8831912Z,0,0,495,176,0
2026-08-17T00:25:59.8882133Z,0,0,495,176,0
2026-08-17T00:25:59.8933554Z,0,0,495,176,0
2026-08-17T00:25:59.8980512Z,0,0,495,176,0
2026-08-17T00:25:59.903262Z,0,0,495,176,0
2026-08-17T00:25:59.9078245Z,0,0,495,176,0
2026-08-17T00:25:59.9125784Z,0,0,495,176,0
2026-08-17T00:25:59.9181485Z,0,0,495,176,0
2026-08-17T00:25:59.9223925Z,0,0,495,176,0
2026-08-17T00:25:59.9280471Z,0,0,495,176,0
2026-08-17T00:25:59.932797Z,0,0,495,176,0
2026-08-17T00:25:59.9376315Z,0,0,495,176,0
2026-08-17T00:25:59.9428129Z,0,0,495,176,0
2026-08-17T00:25:59.9479846Z,0,0,495,176,0
2026-08-17T00:25:59.9527294Z,0,0,495,176,0
2026-08-17T00:25:59.9578256Z,0,0,495,176,0
2026-08-17T00:25:59.962931Z,0,0,495,176,0
2026-08-17T00:25:59.9676673Z,0,0,495,176,0
2026-08-17T00:25:59.9728691Z,0,0,495,176,0
2026-08-17T00:25:59.9778802Z,0,0,495,176,0
2026-08-17T00:25:59.9825995Z,0,0,495,176,0
2026-08-17T00:25:59.9876506Z,0,0,495,176,0
2026-08-17T00:25:59.9929324Z,0,0,495,176,0
2026-08-17T00:25:59.9976189Z,0,0,495,176,0
2026-08-17T00:26:00.0028837Z,0,0,495,176,0
2026-08-17T00:26:00.0077256Z,0,0,495,176,0
2026-08-17T00:26:00.0127708Z,0,0,495,176,0
2026-08-17T00:26:00.0175944Z,0,0,495,176,0
2026-08-17T00:26:00.0227418Z,0,0,495,176,0
2026-08-17T00:26:00.0281512Z,0,0,495,176,0
2026-08-17T00:26:00.0326502Z,0,0,495,176,0
2026-08-17T00:26:00.0378966Z,0,0,495,176,0
2026-08-17T00:26:00.043166Z,0,0,495,176,0
2026-08-17T00:26:00.0478815Z,0,0,495,176,0
2026-08-17T00:26:00.0529888Z,0,0,495,176,0
2026-08-17T00:26:00.0576963Z,0,0,495,176,0
2026-08-17T00:26:00.0628161Z,0,0,495,176,0
2026-08-17T00:26:00.0677096Z,0,0,495,176,0
2026-08-17T00:26:00.072536Z,0,0,495,176,0
2026-08-17T00:26:00.0779486Z,0,0,495,176,0
2026-08-17T00:26:00.0829465Z,0,0,495,176,0
2026-08-17T00:26:00.0877295Z,0,0,495,176,0
2026-08-17T00:26:00.0930024Z,0,0,495,176,0
2026-08-17T00:26:00.097711Z,0,0,495,176,0
2026-08-17T00:26:00.1025797Z,0,0,495,176,0
2026-08-17T00:26:00.1079647Z,0,0,495,176,0
2026-08-17T00:26:00.1126826Z,0,0,495,176,0
2026-08-17T00:26:00.1175184Z,0,0,495,176,0
2026-08-17T00:26:00.1229577Z,0,0,495,176,0
2026-08-17T00:26:00.127801Z,0,0,495,176,0
2026-08-17T00:26:00.1326231Z,0,0,495,176,0
2026-08-17T00:26:00.1377864Z,0,0,495,176,0
2026-08-17T00:26:00.1426658Z,0,0,495,176,0
2026-08-17T00:26:00.1479125Z,0,0,495,176,0
2026-08-17T00:26:00.1527366Z,0,0,495,176,0
2026-08-17T00:26:00.1579748Z,0,0,495,176,0
2026-08-17T00:26:00.1628593Z,0,0,495,176,0
2026-08-17T00:26:00.1676691Z,0,0,495,176,0
2026-08-17T00:26:00.1725424Z,0,0,495,176,0
2026-08-17T00:26:00.1778921Z,0,0,495,176,0
2026-08-17T00:26:00.1826509Z,0,0,495,176,0
2026-08-17T00:26:00.1878803Z,0,0,495,176,0
2026-08-17T00:26:00.19283Z,0,0,495,176,0
2026-08-17T00:26:00.1976002Z,0,0,495,176,0
2026-08-17T00:26:00.2029865Z,0,0,495,176,0
2026-08-17T00:26:00.2076413Z,0,0,495,176,0
2026-08-17T00:26:00.2127015Z,0,0,495,176,0
2026-08-17T00:26:00.2179849Z,0,0,495,176,0
2026-08-17T00:26:00.2231044Z,0,0,495,176,0
2026-08-17T00:26:00.227844Z,0,0,495,176,0
2026-08-17T00:26:00.2330305Z,0,0,495,176,0
2026-08-17T00:26:00.2378239Z,0,0,495,176,0
2026-08-17T00:26:00.2426256Z,0,0,495,176,0
2026-08-17T00:26:00.247555Z,0,0,495,176,0
2026-08-17T00:26:00.252868Z,0,0,495,176,0
2026-08-17T00:26:00.2576651Z,0,0,495,176,0
2026-08-17T00:26:00.2627124Z,0,0,495,176,0
2026-08-17T00:26:00.2679779Z,0,0,495,176,0
2026-08-17T00:26:00.2727054Z,0,0,495,176,0
2026-08-17T00:26:00.2777407Z,0,0,495,176,0
2026-08-17T00:26:00.282545Z,0,0,495,176,0
2026-08-17T00:26:00.2880418Z,0,0,495,176,0
2026-08-17T00:26:00.2928803Z,0,0,495,176,0
2026-08-17T00:26:00.2977081Z,0,0,495,176,0
2026-08-17T00:26:00.3025008Z,0,0,495,176,0
2026-08-17T00:26:00.3075247Z,0,0,495,176,0
2026-08-17T00:26:00.3129346Z,0,0,495,176,0
2026-08-17T00:26:00.317777Z,0,0,495,176,0
2026-08-17T00:26:00.3232252Z,0,0,495,176,0
2026-08-17T00:26:00.3276868Z,0,0,495,176,0
2026-08-17T00:26:00.3330416Z,0,0,495,176,0
2026-08-17T00:26:00.3378002Z,0,0,495,176,0
2026-08-17T00:26:00.3429744Z,0,0,495,176,0
2026-08-17T00:26:00.3477146Z,0,0,495,176,0
2026-08-17T00:26:00.3525922Z,0,0,495,176,0
2026-08-17T00:26:00.3578178Z,0,0,495,176,0
2026-08-17T00:26:00.3625582Z,0,0,495,176,0
2026-08-17T00:26:00.3678376Z,0,0,495,176,0
2026-08-17T00:26:00.3729163Z,0,0,495,176,0
2026-08-17T00:26:00.3776616Z,0,0,495,176,0
2026-08-17T00:26:00.3829844Z,0,0,495,176,0
2026-08-17T00:26:00.3877078Z,0,0,495,176,0
2026-08-17T00:26:00.3925754Z,0,0,495,176,0
2026-08-17T00:26:00.3979092Z,0,0,495,176,0
2026-08-17T00:26:00.4028401Z,0,0,495,176,0
2026-08-17T00:26:00.4077588Z,0,0,495,176,0
2026-08-17T00:26:00.4132046Z,0,0,495,176,0
2026-08-17T00:26:00.4180012Z,0,0,495,176,0
2026-08-17T00:26:00.4228349Z,0,0,495,176,0
2026-08-17T00:26:00.4276871Z,0,0,495,176,0
2026-08-17T00:26:00.4329795Z,0,0,495,176,0
2026-08-17T00:26:00.4381008Z,0,0,495,176,0
2026-08-17T00:26:00.4428078Z,0,0,495,176,0
2026-08-17T00:26:00.4482768Z,0,0,495,176,0
2026-08-17T00:26:00.4533279Z,0,0,495,176,0
2026-08-17T00:26:00.4580514Z,0,0,495,176,0
2026-08-17T00:26:00.4630449Z,0,0,495,176,0
2026-08-17T00:26:00.4680422Z,0,0,495,176,0
2026-08-17T00:26:00.4726767Z,0,0,495,176,0
2026-08-17T00:26:00.4781579Z,0,0,495,176,0
2026-08-17T00:26:00.4830022Z,0,0,495,176,0
2026-08-17T00:26:00.4881207Z,0,0,495,176,0
2026-08-17T00:26:00.4932224Z,0,0,495,176,0
2026-08-17T00:26:00.4979474Z,0,0,495,176,0
2026-08-17T00:26:00.5031635Z,0,0,495,176,0
2026-08-17T00:26:00.5076652Z,0,0,495,176,0
2026-08-17T00:26:00.5128305Z,0,0,495,176,0
2026-08-17T00:26:00.5174905Z,0,0,495,176,0
2026-08-17T00:26:00.5230062Z,0,0,495,176,0
2026-08-17T00:26:00.5277689Z,0,0,495,176,0
2026-08-17T00:26:00.5328776Z,0,0,495,176,0
2026-08-17T00:26:00.537522Z,0,0,495,176,0
2026-08-17T00:26:00.5426365Z,0,0,495,176,0
2026-08-17T00:26:00.5477368Z,0,0,495,176,0
2026-08-17T00:26:00.5528929Z,0,0,495,176,0
2026-08-17T00:26:00.5577117Z,0,0,495,176,0
2026-08-17T00:26:00.5629357Z,0,0,495,176,0
2026-08-17T00:26:00.5677008Z,0,0,495,176,0
2026-08-17T00:26:00.5730487Z,0,0,495,176,0
2026-08-17T00:26:00.5776801Z,0,0,495,176,0
2026-08-17T00:26:00.582888Z,0,0,495,176,0
2026-08-17T00:26:00.5875636Z,0,0,495,176,0
2026-08-17T00:26:00.5928125Z,0,0,495,176,0
2026-08-17T00:26:00.59778Z,0,0,495,176,0
2026-08-17T00:26:00.6025255Z,0,0,495,176,0
2026-08-17T00:26:00.6076379Z,0,0,495,176,0
2026-08-17T00:26:00.6127451Z,0,0,495,176,0
2026-08-17T00:26:00.6178892Z,0,0,495,176,0
2026-08-17T00:26:00.6228076Z,0,0,495,176,0
2026-08-17T00:26:00.6279555Z,0,0,495,176,0
2026-08-17T00:26:00.6325236Z,0,0,495,176,0
2026-08-17T00:26:00.6376819Z,0,0,495,176,0
2026-08-17T00:26:00.6431005Z,0,0,495,176,0
2026-08-17T00:26:00.6477738Z,0,0,495,176,0
2026-08-17T00:26:00.6524888Z,0,0,495,176,0
2026-08-17T00:26:00.6575357Z,0,0,495,176,0
2026-08-17T00:26:00.6626474Z,0,0,495,176,0
2026-08-17T00:26:00.667857Z,0,0,495,176,0
2026-08-17T00:26:00.6729194Z,0,0,495,176,0
2026-08-17T00:26:00.6776294Z,0,0,495,176,0
2026-08-17T00:26:00.6828594Z,0,0,495,176,0
2026-08-17T00:26:00.6875669Z,0,0,495,176,0
2026-08-17T00:26:00.6928621Z,0,0,495,176,0
2026-08-17T00:26:00.6977873Z,0,0,495,176,0
2026-08-17T00:26:00.7028773Z,0,0,495,176,0
2026-08-17T00:26:00.7076389Z,0,0,495,176,0
2026-08-17T00:26:00.7127843Z,0,0,495,176,0
2026-08-17T00:26:00.7179676Z,0,0,495,176,0
2026-08-17T00:26:00.722899Z,0,0,495,176,0
2026-08-17T00:26:00.7277656Z,0,0,495,176,0
2026-08-17T00:26:00.7330188Z,0,0,495,176,0
2026-08-17T00:26:00.7378301Z,0,0,495,176,0
2026-08-17T00:26:00.7428731Z,0,0,495,176,0
2026-08-17T00:26:00.7475719Z,0,0,495,176,0
2026-08-17T00:26:00.7527476Z,0,0,495,176,0
2026-08-17T00:26:00.7579592Z,0,0,495,176,0
2026-08-17T00:26:00.7626471Z,0,0,495,176,0
2026-08-17T00:26:00.76785Z,0,0,495,176,0
2026-08-17T00:26:00.7728302Z,0,0,495,176,0
2026-08-17T00:26:00.7778154Z,0,0,495,176,0
2026-08-17T00:26:00.7825495Z,0,0,495,176,0
2026-08-17T00:26:00.7876163Z,0,0,495,176,0
2026-08-17T00:26:00.7929588Z,0,0,495,176,0
2026-08-17T00:26:00.7977752Z,0,0,495,176,0
2026-08-17T00:26:00.8029869Z,0,0,495,176,0
2026-08-17T00:26:00.8080269Z,0,0,495,176,0
2026-08-17T00:26:00.8126682Z,0,0,495,176,0
2026-08-17T00:26:00.8177996Z,0,0,495,176,0
2026-08-17T00:26:00.8229007Z,0,0,495,176,0
2026-08-17T00:26:00.8279673Z,0,0,495,176,0
2026-08-17T00:26:00.8328941Z,0,0,495,176,0
2026-08-17T00:26:00.8373821Z,0,0,495,176,0
2026-08-17T00:26:00.8424648Z,0,0,495,176,0
2026-08-17T00:26:00.8477032Z,0,0,495,176,0
2026-08-17T00:26:00.8531806Z,0,0,495,176,0
2026-08-17T00:26:00.857645Z,0,0,495,176,0
2026-08-17T00:26:00.8626259Z,0,0,495,176,0
2026-08-17T00:26:00.8682185Z,0,0,495,176,0
2026-08-17T00:26:00.8729565Z,0,0,495,176,0
2026-08-17T00:26:00.8779541Z,0,0,495,176,0
2026-08-17T00:26:00.8827728Z,0,0,495,176,0
2026-08-17T00:26:00.8879884Z,0,0,495,176,0
2026-08-17T00:26:00.8928669Z,0,0,495,176,0
2026-08-17T00:26:00.8979357Z,0,0,495,176,0
2026-08-17T00:26:00.9026385Z,0,0,495,176,0
2026-08-17T00:26:00.9077191Z,0,0,495,176,0
2026-08-17T00:26:00.9129018Z,0,0,495,176,0
2026-08-17T00:26:00.917603Z,0,0,495,176,0
2026-08-17T00:26:00.9227946Z,0,0,495,176,0
2026-08-17T00:26:00.9278524Z,0,0,495,176,0
2026-08-17T00:26:00.932649Z,0,0,495,176,0
2026-08-17T00:26:00.9381275Z,0,0,495,176,0
2026-08-17T00:26:00.9426703Z,0,0,495,176,0
2026-08-17T00:26:00.9478254Z,0,0,495,176,0
2026-08-17T00:26:00.9525167Z,0,0,495,176,0
2026-08-17T00:26:00.9581671Z,0,0,495,176,0
2026-08-17T00:26:00.9629094Z,0,0,495,176,0
2026-08-17T00:26:00.9676921Z,0,0,495,176,0
2026-08-17T00:26:00.9733919Z,0,0,495,176,0
2026-08-17T00:26:00.978027Z,0,0,495,176,0
2026-08-17T00:26:00.9827347Z,0,0,495,176,0
2026-08-17T00:26:00.9879229Z,0,0,495,176,0
2026-08-17T00:26:00.9928578Z,0,0,495,176,0
2026-08-17T00:26:00.9986168Z,0,0,495,176,0
2026-08-17T00:26:01.006442Z,0,0,495,176,0
2026-08-17T00:26:01.010253Z,0,0,495,176,0
2026-08-17T00:26:01.013675Z,0,0,495,176,0
2026-08-17T00:26:01.0254349Z,0,0,495,176,0
2026-08-17T00:26:01.0280306Z,0,0,495,176,0
2026-08-17T00:26:01.0330009Z,0,0,495,176,0
2026-08-17T00:26:01.037859Z,0,0,495,176,0
2026-08-17T00:26:01.0427961Z,0,0,495,176,0
2026-08-17T00:26:01.0475662Z,0,0,495,176,0
2026-08-17T00:26:01.0529307Z,0,0,495,176,0
2026-08-17T00:26:01.0574138Z,0,0,495,176,0
2026-08-17T00:26:01.0628225Z,0,0,495,176,0
2026-08-17T00:26:01.0675441Z,0,0,495,176,0
2026-08-17T00:26:01.0729548Z,0,0,495,176,0
2026-08-17T00:26:01.0778309Z,0,0,495,176,0
2026-08-17T00:26:01.083256Z,0,0,495,176,0
2026-08-17T00:26:01.087567Z,0,0,495,176,0
2026-08-17T00:26:01.0932456Z,0,0,495,176,0
2026-08-17T00:26:01.0979478Z,0,0,495,176,0
2026-08-17T00:26:01.1027175Z,0,0,495,176,0
2026-08-17T00:26:01.1078525Z,0,0,495,176,0
2026-08-17T00:26:01.1125258Z,0,0,495,176,0
2026-08-17T00:26:01.1177346Z,0,0,495,176,0
2026-08-17T00:26:01.1223808Z,0,0,495,176,0
2026-08-17T00:26:01.1276838Z,0,0,495,176,0
2026-08-17T00:26:01.1326773Z,0,0,495,176,0
2026-08-17T00:26:01.1377276Z,0,0,495,176,0
2026-08-17T00:26:01.1429966Z,0,0,495,176,0
2026-08-17T00:26:01.1476371Z,0,0,495,176,0
2026-08-17T00:26:01.1528515Z,0,0,495,176,0
2026-08-17T00:26:01.1575127Z,0,0,495,176,0
2026-08-17T00:26:01.1626162Z,0,0,495,176,0
2026-08-17T00:26:01.1677423Z,0,0,495,176,0
2026-08-17T00:26:01.1727657Z,0,0,495,176,0
2026-08-17T00:26:01.1779423Z,0,0,495,176,0
2026-08-17T00:26:01.1826667Z,0,0,495,176,0
2026-08-17T00:26:01.1878737Z,0,0,495,176,0
2026-08-17T00:26:01.1929166Z,0,0,495,176,0
2026-08-17T00:26:01.1976152Z,0,0,495,176,0
2026-08-17T00:26:01.2027933Z,0,0,495,176,0
2026-08-17T00:26:01.2076952Z,0,0,495,176,0
2026-08-17T00:26:01.2128677Z,0,0,495,176,0
2026-08-17T00:26:01.2175321Z,0,0,495,176,0
2026-08-17T00:26:01.2225753Z,0,0,495,176,0
2026-08-17T00:26:01.2275543Z,0,0,495,176,0
2026-08-17T00:26:01.2326997Z,0,0,495,176,0
2026-08-17T00:26:01.2378617Z,0,0,495,176,0
2026-08-17T00:26:01.2429465Z,0,0,495,176,0
2026-08-17T00:26:01.2476138Z,0,0,495,176,0
2026-08-17T00:26:01.2527654Z,0,0,495,176,0
2026-08-17T00:26:01.2579411Z,0,0,495,176,0
2026-08-17T00:26:01.2626872Z,0,0,495,176,0
2026-08-17T00:26:01.2678603Z,0,0,495,176,0
2026-08-17T00:26:01.2728224Z,0,0,495,176,0
2026-08-17T00:26:01.2775203Z,0,0,495,176,0
2026-08-17T00:26:01.2827952Z,0,0,495,176,0
2026-08-17T00:26:01.2879127Z,0,0,495,176,0
2026-08-17T00:26:01.2930004Z,0,0,495,176,0
2026-08-17T00:26:01.2977417Z,0,0,495,176,0
2026-08-17T00:26:01.3025354Z,0,0,495,176,0
2026-08-17T00:26:01.307555Z,0,0,495,176,0
2026-08-17T00:26:01.3127426Z,0,0,495,176,0
2026-08-17T00:26:01.3179765Z,0,0,495,176,0
2026-08-17T00:26:01.3228071Z,0,0,495,176,0
2026-08-17T00:26:01.327602Z,0,0,495,176,0
2026-08-17T00:26:01.3329644Z,0,0,495,176,0
2026-08-17T00:26:01.3378077Z,0,0,495,176,0
2026-08-17T00:26:01.343005Z,0,0,495,176,0
2026-08-17T00:26:01.3477738Z,0,0,495,176,0
2026-08-17T00:26:01.3528906Z,0,0,495,176,0
2026-08-17T00:26:01.3576732Z,0,0,495,176,0
2026-08-17T00:26:01.3625063Z,0,0,495,176,0
2026-08-17T00:26:01.367849Z,0,0,495,176,0
2026-08-17T00:26:01.3732348Z,0,0,495,176,0
2026-08-17T00:26:01.3778544Z,0,0,495,176,0
2026-08-17T00:26:01.3825327Z,0,0,495,176,0
2026-08-17T00:26:01.3877646Z,0,0,495,176,0
2026-08-17T00:26:01.3927871Z,0,0,495,176,0
2026-08-17T00:26:01.3980113Z,0,0,495,176,0
2026-08-17T00:26:01.4026907Z,0,0,495,176,0
2026-08-17T00:26:01.4079902Z,0,0,495,176,0
2026-08-17T00:26:01.4126932Z,0,0,495,176,0
2026-08-17T00:26:01.4178902Z,0,0,495,176,0
2026-08-17T00:26:01.4232752Z,0,0,495,176,0
2026-08-17T00:26:01.4277478Z,0,0,495,176,0
2026-08-17T00:26:01.4325964Z,0,0,495,176,0
2026-08-17T00:26:01.438053Z,0,0,495,176,0
2026-08-17T00:26:01.4428186Z,0,0,495,176,0
2026-08-17T00:26:01.4478756Z,0,0,495,176,0
2026-08-17T00:26:01.453006Z,0,0,495,176,0
2026-08-17T00:26:01.4581188Z,0,0,495,176,0
2026-08-17T00:26:01.4627464Z,0,0,495,176,0
2026-08-17T00:26:01.4679345Z,0,0,495,176,0
2026-08-17T00:26:01.472935Z,0,0,495,176,0
2026-08-17T00:26:01.4776228Z,0,0,495,176,0
2026-08-17T00:26:01.4828688Z,0,0,495,176,0
2026-08-17T00:26:01.4880393Z,0,0,495,176,0
2026-08-17T00:26:01.4928918Z,0,0,495,176,0
2026-08-17T00:26:01.4975823Z,0,0,495,176,0
2026-08-17T00:26:01.5027666Z,0,0,495,176,0
2026-08-17T00:26:01.5084072Z,0,0,495,176,0
2026-08-17T00:26:01.5130856Z,0,0,495,176,0
2026-08-17T00:26:01.5177949Z,0,0,495,176,0
2026-08-17T00:26:01.5225165Z,0,0,495,176,0
2026-08-17T00:26:01.5277779Z,0,0,495,176,0
2026-08-17T00:26:01.5327325Z,0,0,495,176,0
2026-08-17T00:26:01.5378773Z,0,0,495,176,0
2026-08-17T00:26:01.5428703Z,0,0,495,176,0
2026-08-17T00:26:01.5478982Z,0,0,495,176,0
2026-08-17T00:26:01.5526294Z,0,0,495,176,0
2026-08-17T00:26:01.5580498Z,0,0,495,176,0
2026-08-17T00:26:01.5627139Z,0,0,495,176,0
2026-08-17T00:26:01.5679228Z,0,0,495,176,0
2026-08-17T00:26:01.5730201Z,0,0,495,176,0
2026-08-17T00:26:01.577733Z,0,0,495,176,0
2026-08-17T00:26:01.5830883Z,0,0,495,176,0
2026-08-17T00:26:01.5877283Z,0,0,495,176,0
2026-08-17T00:26:01.5927804Z,0,0,495,176,0
2026-08-17T00:26:01.5979627Z,0,0,495,176,0
2026-08-17T00:26:01.6030213Z,0,0,495,176,0
2026-08-17T00:26:01.6075731Z,0,0,495,176,0
2026-08-17T00:26:01.6126918Z,0,0,495,176,0
2026-08-17T00:26:01.617805Z,0,0,495,176,0
2026-08-17T00:26:01.6227647Z,0,0,495,176,0
2026-08-17T00:26:01.6275747Z,0,0,495,176,0
2026-08-17T00:26:01.6333048Z,0,0,495,176,0
2026-08-17T00:26:01.6379859Z,0,0,495,176,0
2026-08-17T00:26:01.6427041Z,0,0,495,176,0
2026-08-17T00:26:01.647762Z,0,0,495,176,0
2026-08-17T00:26:01.6526813Z,0,0,495,176,0
2026-08-17T00:26:01.657594Z,0,0,495,176,0
2026-08-17T00:26:01.6626478Z,0,0,495,176,0
2026-08-17T00:26:01.6679911Z,0,0,495,176,0
2026-08-17T00:26:01.6728709Z,0,0,495,176,0
2026-08-17T00:26:01.6775654Z,0,0,495,176,0
2026-08-17T00:26:01.682824Z,0,0,495,176,0
2026-08-17T00:26:01.687523Z,0,0,495,176,0
2026-08-17T00:26:01.6927562Z,0,0,495,176,0
2026-08-17T00:26:01.6978154Z,0,0,495,176,0
2026-08-17T00:26:01.7026107Z,0,0,495,176,0
2026-08-17T00:26:01.7079543Z,0,0,495,176,0
2026-08-17T00:26:01.712675Z,0,0,495,176,0
2026-08-17T00:26:01.7179768Z,0,0,495,176,0
2026-08-17T00:26:01.7228826Z,0,0,495,176,0
2026-08-17T00:26:01.7277407Z,0,0,495,176,0
2026-08-17T00:26:01.7326111Z,0,0,495,176,0
2026-08-17T00:26:01.7379588Z,0,0,495,176,0
2026-08-17T00:26:01.7424872Z,0,0,495,176,0
2026-08-17T00:26:01.7475719Z,0,0,495,176,0
2026-08-17T00:26:01.7527761Z,0,0,495,176,0
2026-08-17T00:26:01.757891Z,0,0,495,176,0
2026-08-17T00:26:01.7626368Z,0,0,495,176,0
2026-08-17T00:26:01.7679642Z,0,0,495,176,0
2026-08-17T00:26:01.7729001Z,0,0,495,176,0
2026-08-17T00:26:01.7775926Z,0,0,495,176,0
2026-08-17T00:26:01.7828596Z,0,0,495,176,0
2026-08-17T00:26:01.7875847Z,0,0,495,176,0
2026-08-17T00:26:01.792793Z,0,0,495,176,0
2026-08-17T00:26:01.7979443Z,0,0,495,176,0
2026-08-17T00:26:01.8026289Z,0,0,495,176,0
2026-08-17T00:26:01.8079114Z,0,0,495,176,0
2026-08-17T00:26:01.8126477Z,0,0,495,176,0
2026-08-17T00:26:01.817816Z,0,0,495,176,0
2026-08-17T00:26:01.8226597Z,0,0,495,176,0
2026-08-17T00:26:01.8276076Z,0,0,495,176,0
2026-08-17T00:26:01.8327826Z,0,0,495,176,0
2026-08-17T00:26:01.8378776Z,0,0,495,176,0
2026-08-17T00:26:01.842777Z,0,0,495,176,0
2026-08-17T00:26:01.8479369Z,0,0,495,176,0
2026-08-17T00:26:01.8527854Z,0,0,495,176,0
2026-08-17T00:26:01.8579726Z,0,0,495,176,0
2026-08-17T00:26:01.8626604Z,0,0,495,176,0
2026-08-17T00:26:01.8678533Z,0,0,495,176,0
2026-08-17T00:26:01.8729506Z,0,0,495,176,0
2026-08-17T00:26:01.8776246Z,0,0,495,176,0
2026-08-17T00:26:01.8828657Z,0,0,495,176,0
2026-08-17T00:26:01.8880246Z,0,0,495,176,0
2026-08-17T00:26:01.8927531Z,0,0,495,176,0
2026-08-17T00:26:01.8983092Z,0,0,495,176,0
2026-08-17T00:26:01.9031196Z,0,0,495,176,0
2026-08-17T00:26:01.9078637Z,0,0,495,176,0
2026-08-17T00:26:01.9129961Z,0,0,495,176,0
2026-08-17T00:26:01.9176608Z,0,0,495,176,0
2026-08-17T00:26:01.923337Z,0,0,495,176,0
2026-08-17T00:26:01.927832Z,0,0,495,176,0
2026-08-17T00:26:01.9330592Z,0,0,495,176,0
2026-08-17T00:26:01.9382983Z,0,0,495,176,0
2026-08-17T00:26:01.9429618Z,0,0,495,176,0
2026-08-17T00:26:01.9476516Z,0,0,495,176,0
2026-08-17T00:26:01.9527813Z,0,0,495,176,0
2026-08-17T00:26:01.957866Z,0,0,495,176,0
2026-08-17T00:26:01.9630184Z,0,0,495,176,0
2026-08-17T00:26:01.968203Z,0,0,495,176,0
2026-08-17T00:26:01.9731615Z,0,0,495,176,0
2026-08-17T00:26:01.9778276Z,0,0,495,176,0
2026-08-17T00:26:01.9829324Z,0,0,495,176,0
2026-08-17T00:26:01.9876238Z,0,0,495,176,0
2026-08-17T00:26:01.9926083Z,0,0,495,176,0
2026-08-17T00:26:01.997784Z,0,0,495,176,0
2026-08-17T00:26:02.0029246Z,0,0,495,176,0
2026-08-17T00:26:02.0078945Z,0,0,495,176,0
2026-08-17T00:26:02.0131104Z,0,0,495,176,0
2026-08-17T00:26:02.0178267Z,0,0,495,176,0
2026-08-17T00:26:02.0227271Z,0,0,495,176,0
2026-08-17T00:26:02.0277125Z,0,0,495,176,0
2026-08-17T00:26:02.0328363Z,0,0,495,176,0
2026-08-17T00:26:02.0378797Z,0,0,495,176,0
2026-08-17T00:26:02.0429373Z,0,0,495,176,0
2026-08-17T00:26:02.0481103Z,0,0,495,176,0
2026-08-17T00:26:02.0527499Z,0,0,495,176,0
2026-08-17T00:26:02.0582045Z,0,0,495,176,0
2026-08-17T00:26:02.0626987Z,0,0,495,176,0
2026-08-17T00:26:02.0679286Z,0,0,495,176,0
2026-08-17T00:26:02.0727413Z,0,0,495,176,0
2026-08-17T00:26:02.0775871Z,0,0,495,176,0
2026-08-17T00:26:02.0828874Z,0,0,495,176,0
2026-08-17T00:26:02.0876783Z,0,0,495,176,0
2026-08-17T00:26:02.0927806Z,0,0,495,176,0
2026-08-17T00:26:02.097916Z,0,0,495,176,0
2026-08-17T00:26:02.1030068Z,0,0,495,176,0
2026-08-17T00:26:02.1076241Z,0,0,495,176,0
2026-08-17T00:26:02.1127769Z,0,0,495,176,0
2026-08-17T00:26:02.1179346Z,0,0,495,176,0
2026-08-17T00:26:02.1226928Z,0,0,495,176,0
2026-08-17T00:26:02.1277373Z,0,0,495,176,0
2026-08-17T00:26:02.1328675Z,0,0,495,176,0
2026-08-17T00:26:02.137608Z,0,0,495,176,0
2026-08-17T00:26:02.1428644Z,0,0,495,176,0
2026-08-17T00:26:02.1475695Z,0,0,495,176,0
2026-08-17T00:26:02.1527072Z,0,0,495,176,0
2026-08-17T00:26:02.1579735Z,0,0,495,176,0
2026-08-17T00:26:02.1627074Z,0,0,495,176,0
2026-08-17T00:26:02.1674838Z,0,0,495,176,0
2026-08-17T00:26:02.1727235Z,0,0,495,176,0
2026-08-17T00:26:02.1779044Z,0,0,495,176,0
2026-08-17T00:26:02.1825849Z,0,0,495,176,0
2026-08-17T00:26:02.1877473Z,0,0,495,176,0
2026-08-17T00:26:02.19271Z,0,0,495,176,0
2026-08-17T00:26:02.1976727Z,0,0,495,176,0
2026-08-17T00:26:02.2028088Z,0,0,495,176,0
2026-08-17T00:26:02.2079594Z,0,0,495,176,0
2026-08-17T00:26:02.2126109Z,0,0,495,176,0
2026-08-17T00:26:02.2177526Z,0,0,495,176,0
2026-08-17T00:26:02.2225992Z,0,0,495,176,0
2026-08-17T00:26:02.2276806Z,0,0,495,176,0
2026-08-17T00:26:02.2328774Z,0,0,495,176,0
2026-08-17T00:26:02.2376622Z,0,0,495,176,0
2026-08-17T00:26:02.2429827Z,0,0,495,176,0
2026-08-17T00:26:02.247676Z,0,0,495,176,0
2026-08-17T00:26:02.2528133Z,0,0,495,176,0
2026-08-17T00:26:02.2574946Z,0,0,495,176,0
2026-08-17T00:26:02.2627537Z,0,0,495,176,0
2026-08-17T00:26:02.2679453Z,0,0,495,176,0
2026-08-17T00:26:02.2727272Z,0,0,495,176,0
2026-08-17T00:26:02.2779566Z,0,0,495,176,0
2026-08-17T00:26:02.2826337Z,0,0,495,176,0
2026-08-17T00:26:02.2878557Z,0,0,495,176,0
2026-08-17T00:26:02.2928487Z,0,0,495,176,0
2026-08-17T00:26:02.2975508Z,0,0,495,176,0
2026-08-17T00:26:02.3026926Z,0,0,495,176,0
2026-08-17T00:26:02.3076171Z,0,0,495,176,0
2026-08-17T00:26:02.3127988Z,0,0,495,176,0
2026-08-17T00:26:02.3175094Z,0,0,495,176,0
2026-08-17T00:26:02.3226602Z,0,0,495,176,0
2026-08-17T00:26:02.3277339Z,0,0,495,176,0
2026-08-17T00:26:02.3328695Z,0,0,495,176,0
2026-08-17T00:26:02.3384095Z,0,0,495,176,0
2026-08-17T00:26:02.3424947Z,0,0,495,176,0
2026-08-17T00:26:02.3476804Z,0,0,495,176,0
2026-08-17T00:26:02.352802Z,0,0,495,176,0
2026-08-17T00:26:02.3577018Z,0,0,495,176,0
2026-08-17T00:26:02.3627478Z,0,0,495,176,0
2026-08-17T00:26:02.3679237Z,0,0,495,176,0
2026-08-17T00:26:02.3732438Z,0,0,495,176,0
2026-08-17T00:26:02.3779412Z,0,0,495,176,0
2026-08-17T00:26:02.3826635Z,0,0,495,176,0
2026-08-17T00:26:02.387959Z,0,0,495,176,0
2026-08-17T00:26:02.3925662Z,0,0,495,176,0
2026-08-17T00:26:02.3979193Z,0,0,495,176,0
2026-08-17T00:26:02.4026412Z,0,0,495,176,0
2026-08-17T00:26:02.4078723Z,0,0,495,176,0
2026-08-17T00:26:02.4125866Z,0,0,495,176,0
2026-08-17T00:26:02.4177836Z,0,0,495,176,0
2026-08-17T00:26:02.4227357Z,0,0,495,176,0
2026-08-17T00:26:02.4277752Z,0,0,495,176,0
2026-08-17T00:26:02.4329917Z,0,0,495,176,0
2026-08-17T00:26:02.4377428Z,0,0,495,176,0
2026-08-17T00:26:02.4427708Z,0,0,495,176,0
2026-08-17T00:26:02.4475437Z,0,0,495,176,0
2026-08-17T00:26:02.4526955Z,0,0,495,176,0
2026-08-17T00:26:02.458141Z,0,0,495,176,0
2026-08-17T00:26:02.4625004Z,0,0,495,176,0
2026-08-17T00:26:02.4677258Z,0,0,495,176,0
2026-08-17T00:26:02.4732168Z,0,0,495,176,0
2026-08-17T00:26:02.4778441Z,0,0,495,176,0
2026-08-17T00:26:02.4825669Z,0,0,495,176,0
2026-08-17T00:26:02.4877328Z,0,0,495,176,0
2026-08-17T00:26:02.4928461Z,0,0,495,176,0
2026-08-17T00:26:02.4978195Z,0,0,495,176,0
2026-08-17T00:26:02.5030822Z,0,0,495,176,0
2026-08-17T00:26:02.5076315Z,0,0,495,176,0
2026-08-17T00:26:02.512875Z,0,0,495,176,0
2026-08-17T00:26:02.5176013Z,0,0,495,176,0
2026-08-17T00:26:02.5226133Z,0,0,495,176,0
2026-08-17T00:26:02.5278616Z,0,0,495,176,0
2026-08-17T00:26:02.5325915Z,0,0,495,176,0
2026-08-17T00:26:02.5378006Z,0,0,495,176,0
2026-08-17T00:26:02.5429017Z,0,0,495,176,0
2026-08-17T00:26:02.5476459Z,0,0,495,176,0
2026-08-17T00:26:02.5528212Z,0,0,495,176,0
2026-08-17T00:26:02.5578938Z,0,0,495,176,0
2026-08-17T00:26:02.562724Z,0,0,495,176,0
2026-08-17T00:26:02.5678659Z,0,0,495,176,0
2026-08-17T00:26:02.573089Z,0,0,495,176,0
2026-08-17T00:26:02.5777658Z,0,0,495,176,0
2026-08-17T00:26:02.5826887Z,0,0,495,176,0
2026-08-17T00:26:02.5878733Z,0,0,495,176,0
2026-08-17T00:26:02.5925004Z,0,0,495,176,0
2026-08-17T00:26:02.5977395Z,0,0,495,176,0
2026-08-17T00:26:02.602977Z,0,0,495,176,0
2026-08-17T00:26:02.6080214Z,0,0,495,176,0
2026-08-17T00:26:02.6126995Z,0,0,495,176,0
2026-08-17T00:26:02.6178523Z,0,0,495,176,0
2026-08-17T00:26:02.6227482Z,0,0,495,176,0
2026-08-17T00:26:02.6277203Z,0,0,495,176,0
2026-08-17T00:26:02.6329974Z,0,0,495,176,0
2026-08-17T00:26:02.6377476Z,0,0,495,176,0
2026-08-17T00:26:02.6429048Z,0,0,495,176,0
2026-08-17T00:26:02.6475855Z,0,0,495,176,0
2026-08-17T00:26:02.6527729Z,0,0,495,176,0
2026-08-17T00:26:02.6579831Z,0,0,495,176,0
2026-08-17T00:26:02.662744Z,0,0,495,176,0
2026-08-17T00:26:02.6679827Z,0,0,495,176,0
2026-08-17T00:26:02.6730718Z,0,0,495,176,0
2026-08-17T00:26:02.6777241Z,0,0,495,176,0
2026-08-17T00:26:02.68289Z,0,0,495,176,0
2026-08-17T00:26:02.68758Z,0,0,495,176,0
2026-08-17T00:26:02.6927669Z,0,0,495,176,0
2026-08-17T00:26:02.6979706Z,0,0,495,176,0
2026-08-17T00:26:02.702692Z,0,0,495,176,0
2026-08-17T00:26:02.7079084Z,0,0,495,176,0
2026-08-17T00:26:02.7125869Z,0,0,495,176,0
2026-08-17T00:26:02.71778Z,0,0,495,176,0
2026-08-17T00:26:02.7223991Z,0,0,495,176,0
2026-08-17T00:26:02.7276706Z,0,0,495,176,0
2026-08-17T00:26:02.732762Z,0,0,495,176,0
2026-08-17T00:26:02.7375713Z,0,0,495,176,0
2026-08-17T00:26:02.7429844Z,0,0,495,176,0
2026-08-17T00:26:02.7476663Z,0,0,495,176,0
2026-08-17T00:26:02.7528483Z,0,0,495,176,0
2026-08-17T00:26:02.7578593Z,0,0,495,176,0
2026-08-17T00:26:02.7625283Z,0,0,495,176,0
2026-08-17T00:26:02.7676401Z,0,0,495,176,0
2026-08-17T00:26:02.7729429Z,0,0,495,176,0
2026-08-17T00:26:02.7776056Z,0,0,495,176,0
2026-08-17T00:26:02.7828079Z,0,0,495,176,0
2026-08-17T00:26:02.7880053Z,0,0,495,176,0
2026-08-17T00:26:02.7931243Z,0,0,495,176,0
2026-08-17T00:26:02.7978435Z,0,0,495,176,0
2026-08-17T00:26:02.802611Z,0,0,495,176,0
2026-08-17T00:26:02.8079587Z,0,0,495,176,0
2026-08-17T00:26:02.8128035Z,0,0,495,176,0
2026-08-17T00:26:02.8180209Z,0,0,495,176,0
2026-08-17T00:26:02.8227365Z,0,0,495,176,0
2026-08-17T00:26:02.8276317Z,0,0,495,176,0
2026-08-17T00:26:02.8330895Z,0,0,495,176,0
2026-08-17T00:26:02.8380608Z,0,0,495,176,0
2026-08-17T00:26:02.8429129Z,0,0,495,176,0
2026-08-17T00:26:02.8476822Z,0,0,495,176,0
2026-08-17T00:26:02.8528643Z,0,0,495,176,0
2026-08-17T00:26:02.8579085Z,0,0,495,176,0
2026-08-17T00:26:02.8626647Z,0,0,495,176,0
2026-08-17T00:26:02.8679098Z,0,0,495,176,0
2026-08-17T00:26:02.8728192Z,0,0,495,176,0
2026-08-17T00:26:02.8775523Z,0,0,495,176,0
2026-08-17T00:26:02.8828507Z,0,0,495,176,0
2026-08-17T00:26:02.8876142Z,0,0,495,176,0
2026-08-17T00:26:02.8929282Z,0,0,495,176,0
2026-08-17T00:26:02.8976187Z,0,0,495,176,0
2026-08-17T00:26:02.9029646Z,0,0,495,176,0
2026-08-17T00:26:02.9080246Z,0,0,495,176,0
2026-08-17T00:26:02.9126821Z,0,0,495,176,0
2026-08-17T00:26:02.9178764Z,0,0,495,176,0
2026-08-17T00:26:02.9226619Z,0,0,495,176,0
2026-08-17T00:26:02.92814Z,0,0,495,176,0
2026-08-17T00:26:02.9329605Z,0,0,495,176,0
2026-08-17T00:26:02.9377981Z,0,0,495,176,0
2026-08-17T00:26:02.9427408Z,0,0,495,176,0
2026-08-17T00:26:02.9480924Z,0,0,495,176,0
2026-08-17T00:26:02.9529059Z,0,0,495,176,0
2026-08-17T00:26:02.95797Z,0,0,495,176,0
2026-08-17T00:26:02.9626086Z,0,0,495,176,0
2026-08-17T00:26:02.9677322Z,0,0,495,176,0
2026-08-17T00:26:02.9732099Z,0,0,495,176,0
2026-08-17T00:26:02.9778733Z,0,0,495,176,0
2026-08-17T00:26:02.9826493Z,0,0,495,176,0
2026-08-17T00:26:02.9879471Z,0,0,495,176,0
2026-08-17T00:26:02.9926376Z,0,0,495,176,0
2026-08-17T00:26:02.9978631Z,0,0,495,176,0
2026-08-17T00:26:03.0028978Z,0,0,495,176,0
2026-08-17T00:26:03.0077775Z,0,0,495,176,0
2026-08-17T00:26:03.0125243Z,0,0,495,176,0
2026-08-17T00:26:03.0177629Z,0,0,495,176,0
2026-08-17T00:26:03.0230263Z,0,0,495,176,0
2026-08-17T00:26:03.0277405Z,0,0,495,176,0
2026-08-17T00:26:03.0327962Z,0,0,495,176,0
2026-08-17T00:26:03.0375582Z,0,0,495,176,0
2026-08-17T00:26:03.0427454Z,0,0,495,176,0
2026-08-17T00:26:03.0475438Z,0,0,495,176,0
2026-08-17T00:26:03.0528395Z,0,0,495,176,0
2026-08-17T00:26:03.0582086Z,0,0,495,176,0
2026-08-17T00:26:03.0624691Z,0,0,495,176,0
2026-08-17T00:26:03.0676429Z,0,0,495,176,0
2026-08-17T00:26:03.0728091Z,0,0,495,176,0
2026-08-17T00:26:03.0779223Z,0,0,495,176,0
2026-08-17T00:26:03.0825276Z,0,0,495,176,0
2026-08-17T00:26:03.0876701Z,0,0,495,176,0
2026-08-17T00:26:03.0929234Z,0,0,495,176,0
2026-08-17T00:26:03.0976013Z,0,0,495,176,0
2026-08-17T00:26:03.1028514Z,0,0,495,176,0
2026-08-17T00:26:03.1080108Z,0,0,495,176,0
2026-08-17T00:26:03.1126803Z,0,0,495,176,0
2026-08-17T00:26:03.1178144Z,0,0,495,176,0
2026-08-17T00:26:03.123001Z,0,0,495,176,0
2026-08-17T00:26:03.1278308Z,0,0,495,176,0
2026-08-17T00:26:03.1325445Z,0,0,495,176,0
2026-08-17T00:26:03.1378588Z,0,0,495,176,0
2026-08-17T00:26:03.1429054Z,0,0,495,176,0
2026-08-17T00:26:03.1476132Z,0,0,495,176,0
2026-08-17T00:26:03.1527648Z,0,0,495,176,0
2026-08-17T00:26:03.1577461Z,0,0,495,176,0
2026-08-17T00:26:03.1628031Z,0,0,495,176,0
2026-08-17T00:26:03.1678721Z,0,0,495,176,0
2026-08-17T00:26:03.173103Z,0,0,495,176,0
2026-08-17T00:26:03.1777959Z,0,0,495,176,0
2026-08-17T00:26:03.1825782Z,0,0,495,176,0
2026-08-17T00:26:03.1878088Z,0,0,495,176,0
2026-08-17T00:26:03.1927652Z,0,0,495,176,0
2026-08-17T00:26:03.1979427Z,0,0,495,176,0
2026-08-17T00:26:03.2025771Z,0,0,495,176,0
2026-08-17T00:26:03.2078729Z,0,0,495,176,0
2026-08-17T00:26:03.2126566Z,0,0,495,176,0
2026-08-17T00:26:03.2177987Z,0,0,495,176,0
2026-08-17T00:26:03.2232352Z,0,0,495,176,0
2026-08-17T00:26:03.2278809Z,0,0,495,176,0
2026-08-17T00:26:03.2326889Z,0,0,495,176,0
2026-08-17T00:26:03.2380232Z,0,0,495,176,0
2026-08-17T00:26:03.2434617Z,0,0,495,176,0
2026-08-17T00:26:03.2477896Z,0,0,495,176,0
2026-08-17T00:26:03.2531137Z,0,0,495,176,0
2026-08-17T00:26:03.2583565Z,0,0,495,176,0
2026-08-17T00:26:03.2625767Z,0,0,495,176,0
2026-08-17T00:26:03.2678867Z,0,0,495,176,0
2026-08-17T00:26:03.272927Z,0,0,495,176,0
2026-08-17T00:26:03.2776316Z,0,0,495,176,0
2026-08-17T00:26:03.2828736Z,0,0,495,176,0
2026-08-17T00:26:03.2877569Z,0,0,495,176,0
2026-08-17T00:26:03.2928749Z,0,0,495,176,0
2026-08-17T00:26:03.2977683Z,0,0,495,176,0
2026-08-17T00:26:03.3035645Z,0,0,495,176,0
2026-08-17T00:26:03.3078486Z,0,0,495,176,0
2026-08-17T00:26:03.3126369Z,0,0,495,176,0
2026-08-17T00:26:03.317851Z,0,0,495,176,0
2026-08-17T00:26:03.3226011Z,0,0,495,176,0
2026-08-17T00:26:03.3285524Z,0,0,495,176,0
2026-08-17T00:26:03.3328444Z,0,0,495,176,0
2026-08-17T00:26:03.3377229Z,0,0,495,176,0
2026-08-17T00:26:03.3429186Z,0,0,495,176,0
2026-08-17T00:26:03.3476085Z,0,0,495,176,0
2026-08-17T00:26:03.3527907Z,0,0,495,176,0
2026-08-17T00:26:03.3578311Z,0,0,495,176,0
2026-08-17T00:26:03.3626203Z,0,0,495,176,0
2026-08-17T00:26:03.368181Z,0,0,495,176,0
2026-08-17T00:26:03.3731575Z,0,0,495,176,0
2026-08-17T00:26:03.3775342Z,0,0,495,176,0
2026-08-17T00:26:03.382714Z,0,0,495,176,0
2026-08-17T00:26:03.3879074Z,0,0,495,176,0
2026-08-17T00:26:03.3928367Z,0,0,495,176,0
2026-08-17T00:26:03.3979802Z,0,0,495,176,0
2026-08-17T00:26:03.4028154Z,0,0,495,176,0
2026-08-17T00:26:03.4078243Z,0,0,495,176,0
2026-08-17T00:26:03.4125586Z,0,0,495,176,0
2026-08-17T00:26:03.4177158Z,0,0,495,176,0
2026-08-17T00:26:03.4225376Z,0,0,495,176,0
2026-08-17T00:26:03.4275104Z,0,0,495,176,0
2026-08-17T00:26:03.4327326Z,0,0,495,176,0
2026-08-17T00:26:03.4377252Z,0,0,495,176,0
2026-08-17T00:26:03.4428182Z,0,0,495,176,0
2026-08-17T00:26:03.4479709Z,0,0,495,176,0
2026-08-17T00:26:03.4526666Z,0,0,495,176,0
2026-08-17T00:26:03.45806Z,0,0,495,176,0
2026-08-17T00:26:03.462682Z,0,0,495,176,0
2026-08-17T00:26:03.4681519Z,0,0,495,176,0
2026-08-17T00:26:03.4730686Z,0,0,495,176,0
2026-08-17T00:26:03.4777926Z,0,0,495,176,0
2026-08-17T00:26:03.482507Z,0,0,495,176,0
2026-08-17T00:26:03.4877107Z,0,0,495,176,0
2026-08-17T00:26:03.4926923Z,0,0,495,176,0
2026-08-17T00:26:03.4978468Z,0,0,495,176,0
2026-08-17T00:26:03.50306Z,0,0,495,176,0
2026-08-17T00:26:03.5078577Z,0,0,495,176,0
2026-08-17T00:26:03.5125615Z,0,0,495,176,0
2026-08-17T00:26:03.5177618Z,0,0,495,176,0
2026-08-17T00:26:03.5226049Z,0,0,495,176,0
2026-08-17T00:26:03.5277803Z,0,0,495,176,0
2026-08-17T00:26:03.5327553Z,0,0,495,176,0
2026-08-17T00:26:03.537892Z,0,0,495,176,0
2026-08-17T00:26:03.5427195Z,0,0,495,176,0
2026-08-17T00:26:03.5479326Z,0,0,495,176,0
2026-08-17T00:26:03.5531272Z,0,0,495,176,0
2026-08-17T00:26:03.5580731Z,0,0,495,176,0
2026-08-17T00:26:03.5625786Z,0,0,495,176,0
2026-08-17T00:26:03.5677495Z,0,0,495,176,0
2026-08-17T00:26:03.5727591Z,0,0,495,176,0
2026-08-17T00:26:03.5774791Z,0,0,495,176,0
2026-08-17T00:26:03.5828857Z,0,0,495,176,0
2026-08-17T00:26:03.5880168Z,0,0,495,176,0
2026-08-17T00:26:03.5926219Z,0,0,495,176,0
2026-08-17T00:26:03.5975147Z,0,0,495,176,0
2026-08-17T00:26:03.6025429Z,0,0,495,176,0
2026-08-17T00:26:03.6077949Z,0,0,495,176,0
2026-08-17T00:26:03.6129392Z,0,0,495,176,0
2026-08-17T00:26:03.6175662Z,0,0,495,176,0
2026-08-17T00:26:03.6229292Z,0,0,495,176,0
2026-08-17T00:26:03.6279302Z,0,0,495,176,0
2026-08-17T00:26:03.6326605Z,0,0,495,176,0
2026-08-17T00:26:03.6379797Z,0,0,495,176,0
2026-08-17T00:26:03.6426838Z,0,0,495,176,0
2026-08-17T00:26:03.6479012Z,0,0,495,176,0
2026-08-17T00:26:03.6525824Z,0,0,495,176,0
2026-08-17T00:26:03.657826Z,0,0,495,176,0
2026-08-17T00:26:03.6630098Z,0,0,495,176,0
2026-08-17T00:26:03.6677205Z,0,0,495,176,0
2026-08-17T00:26:03.6731288Z,0,0,495,176,0
2026-08-17T00:26:03.6777819Z,0,0,495,176,0
2026-08-17T00:26:03.6829396Z,0,0,495,176,0
2026-08-17T00:26:03.6875849Z,0,0,495,176,0
2026-08-17T00:26:03.6929059Z,0,0,495,176,0
2026-08-17T00:26:03.6975518Z,0,0,495,176,0
2026-08-17T00:26:03.702724Z,0,0,495,176,0
2026-08-17T00:26:03.7079031Z,0,0,495,176,0
2026-08-17T00:26:03.712625Z,0,0,495,176,0
2026-08-17T00:26:03.7177805Z,0,0,495,176,0
2026-08-17T00:26:03.723095Z,0,0,495,176,0
2026-08-17T00:26:03.7277177Z,0,0,495,176,0
2026-08-17T00:26:03.732758Z,0,0,495,176,0
2026-08-17T00:26:03.7377856Z,0,0,495,176,0
2026-08-17T00:26:03.7430856Z,0,0,495,176,0
2026-08-17T00:26:03.7477636Z,0,0,495,176,0
2026-08-17T00:26:03.75296Z,0,0,495,176,0
2026-08-17T00:26:03.7580916Z,0,0,495,176,0
2026-08-17T00:26:03.7625824Z,0,0,495,176,0
2026-08-17T00:26:03.7678562Z,0,0,495,176,0
2026-08-17T00:26:03.7731321Z,0,0,495,176,0
2026-08-17T00:26:03.7778029Z,0,0,495,176,0
2026-08-17T00:26:03.7830114Z,0,0,495,176,0
2026-08-17T00:26:03.787684Z,0,0,495,176,0
2026-08-17T00:26:03.7926837Z,0,0,495,176,0
2026-08-17T00:26:03.7978244Z,0,0,495,176,0
2026-08-17T00:26:03.8039696Z,0,0,495,176,0
2026-08-17T00:26:03.8079723Z,0,0,495,176,0
2026-08-17T00:26:03.812675Z,0,0,495,176,0
2026-08-17T00:26:03.8178605Z,0,0,495,176,0
2026-08-17T00:26:03.8223851Z,0,0,495,176,0
2026-08-17T00:26:03.8279314Z,0,0,495,176,0
2026-08-17T00:26:03.8325911Z,0,0,495,176,0
2026-08-17T00:26:03.8374699Z,0,0,495,176,0
2026-08-17T00:26:03.8427845Z,0,0,495,176,0
2026-08-17T00:26:03.848031Z,0,0,495,176,0
2026-08-17T00:26:03.8527282Z,0,0,495,176,0
2026-08-17T00:26:03.8581266Z,0,0,495,176,0
2026-08-17T00:26:03.8627685Z,0,0,495,176,0
2026-08-17T00:26:03.8679048Z,0,0,495,176,0
2026-08-17T00:26:03.8731594Z,0,0,495,176,0
2026-08-17T00:26:03.8776512Z,0,0,495,176,0
2026-08-17T00:26:03.8828623Z,0,0,495,176,0
2026-08-17T00:26:03.8875088Z,0,0,495,176,0
2026-08-17T00:26:03.89338Z,0,0,495,176,0
2026-08-17T00:26:03.897683Z,0,0,495,176,0
2026-08-17T00:26:03.9029406Z,0,0,495,176,0
2026-08-17T00:26:03.9080198Z,0,0,495,176,0
2026-08-17T00:26:03.9126798Z,0,0,495,176,0
2026-08-17T00:26:03.9178259Z,0,0,495,176,0
2026-08-17T00:26:03.9226417Z,0,0,495,176,0
2026-08-17T00:26:03.9276937Z,0,0,495,176,0
2026-08-17T00:26:03.9330036Z,0,0,495,176,0
2026-08-17T00:26:03.9381867Z,0,0,495,176,0
2026-08-17T00:26:03.9427543Z,0,0,495,176,0
2026-08-17T00:26:03.9479842Z,0,0,495,176,0
2026-08-17T00:26:03.9527086Z,0,0,495,176,0
2026-08-17T00:26:03.9577682Z,0,0,495,176,0
2026-08-17T00:26:03.9630058Z,0,0,495,176,0
2026-08-17T00:26:03.9677897Z,0,0,495,176,0
2026-08-17T00:26:03.9729545Z,0,0,495,176,0
2026-08-17T00:26:03.9776925Z,0,0,495,176,0
2026-08-17T00:26:03.9829582Z,0,0,495,176,0
2026-08-17T00:26:03.9880946Z,0,0,495,176,0
2026-08-17T00:26:03.9927459Z,0,0,495,176,0
2026-08-17T00:26:03.9982473Z,0,0,495,176,0
2026-08-17T00:26:04.0032951Z,0,0,495,176,0
2026-08-17T00:26:04.0076952Z,0,0,495,176,0
2026-08-17T00:26:04.0129793Z,0,0,495,176,0
2026-08-17T00:26:04.0177262Z,0,0,495,176,0
2026-08-17T00:26:04.0228871Z,0,0,495,176,0
2026-08-17T00:26:04.0280943Z,0,0,495,176,0
2026-08-17T00:26:04.0331924Z,0,0,495,176,0
2026-08-17T00:26:04.0380745Z,0,0,495,176,0
2026-08-17T00:26:04.0430326Z,0,0,495,176,0
2026-08-17T00:26:04.0478877Z,0,0,495,176,0
2026-08-17T00:26:04.0531018Z,0,0,495,176,0
2026-08-17T00:26:04.0578656Z,0,0,495,176,0
2026-08-17T00:26:04.0633344Z,0,0,495,176,0
2026-08-17T00:26:04.0675565Z,0,0,495,176,0
2026-08-17T00:26:04.0726753Z,0,0,495,176,0
2026-08-17T00:26:04.0778703Z,0,0,495,176,0
2026-08-17T00:26:04.0828767Z,0,0,495,176,0
2026-08-17T00:26:04.0881115Z,0,0,495,176,0
2026-08-17T00:26:04.0932064Z,0,0,495,176,0
2026-08-17T00:26:04.0979441Z,0,0,495,176,0
2026-08-17T00:26:04.1027201Z,0,0,495,176,0
2026-08-17T00:26:04.1077764Z,0,0,495,176,0
2026-08-17T00:26:04.1125633Z,0,0,495,176,0
2026-08-17T00:26:04.1177822Z,0,0,495,176,0
2026-08-17T00:26:04.1225489Z,0,0,495,176,0
2026-08-17T00:26:04.1277601Z,0,0,495,176,0
2026-08-17T00:26:04.1325479Z,0,0,495,176,0
2026-08-17T00:26:04.1378269Z,0,0,495,176,0
2026-08-17T00:26:04.1425931Z,0,0,495,176,0
2026-08-17T00:26:04.1479319Z,0,0,495,176,0
2026-08-17T00:26:04.1532095Z,0,0,495,176,0
2026-08-17T00:26:04.1578937Z,0,0,495,176,0
2026-08-17T00:26:04.1626349Z,0,0,495,176,0
2026-08-17T00:26:04.167774Z,0,0,495,176,0
2026-08-17T00:26:04.1729495Z,0,0,495,176,0
2026-08-17T00:26:04.1776534Z,0,0,495,176,0
2026-08-17T00:26:04.1830246Z,0,0,495,176,0
2026-08-17T00:26:04.1878848Z,0,0,495,176,0
2026-08-17T00:26:04.1926524Z,0,0,495,176,0
2026-08-17T00:26:04.1979602Z,0,0,495,176,0
2026-08-17T00:26:04.2029051Z,0,0,495,176,0
2026-08-17T00:26:04.2077562Z,0,0,495,176,0
2026-08-17T00:26:04.2127465Z,0,0,495,176,0
2026-08-17T00:26:04.2179274Z,0,0,495,176,0
2026-08-17T00:26:04.2229036Z,0,0,495,176,0
2026-08-17T00:26:04.2277043Z,0,0,495,176,0
2026-08-17T00:26:04.2330162Z,0,0,495,176,0
2026-08-17T00:26:04.2377335Z,0,0,495,176,0
2026-08-17T00:26:04.2428042Z,0,0,495,176,0
2026-08-17T00:26:04.2479743Z,0,0,495,176,0
2026-08-17T00:26:04.2526653Z,0,0,495,176,0
2026-08-17T00:26:04.2577909Z,0,0,495,176,0
2026-08-17T00:26:04.2635227Z,0,0,495,176,0
2026-08-17T00:26:04.2679858Z,0,0,495,176,0
2026-08-17T00:26:04.2729578Z,0,0,495,176,0
2026-08-17T00:26:04.2776605Z,0,0,495,176,0
2026-08-17T00:26:04.2829755Z,0,0,495,176,0
2026-08-17T00:26:04.2877005Z,0,0,495,176,0
2026-08-17T00:26:04.2927269Z,0,0,495,176,0
2026-08-17T00:26:04.2985096Z,0,0,495,176,0
2026-08-17T00:26:04.3027331Z,0,0,495,176,0
2026-08-17T00:26:04.3076861Z,0,0,495,176,0
2026-08-17T00:26:04.3129495Z,0,0,495,176,0
2026-08-17T00:26:04.3175777Z,0,0,495,176,0
2026-08-17T00:26:04.3228188Z,0,0,495,176,0
2026-08-17T00:26:04.3279597Z,0,0,495,176,0
2026-08-17T00:26:04.3326844Z,0,0,495,176,0
2026-08-17T00:26:04.3378786Z,0,0,495,176,0
2026-08-17T00:26:04.342603Z,0,0,495,176,0
2026-08-17T00:26:04.3477769Z,0,0,495,176,0
2026-08-17T00:26:04.3529276Z,0,0,495,176,0
2026-08-17T00:26:04.3580143Z,0,0,495,176,0
2026-08-17T00:26:04.3627178Z,0,0,495,176,0
2026-08-17T00:26:04.3678879Z,0,0,495,176,0
2026-08-17T00:26:04.372835Z,0,0,495,176,0
2026-08-17T00:26:04.3780207Z,0,0,495,176,0
2026-08-17T00:26:04.3826902Z,0,0,495,176,0
2026-08-17T00:26:04.3879206Z,0,0,495,176,0
2026-08-17T00:26:04.3928079Z,0,0,495,176,0
2026-08-17T00:26:04.3976262Z,0,0,495,176,0
2026-08-17T00:26:04.4028792Z,0,0,495,176,0
2026-08-17T00:26:04.4082371Z,0,0,495,176,0
2026-08-17T00:26:04.4127563Z,0,0,495,176,0
2026-08-17T00:26:04.417967Z,0,0,495,176,0
2026-08-17T00:26:04.422863Z,0,0,495,176,0
2026-08-17T00:26:04.4280729Z,0,0,495,176,0
2026-08-17T00:26:04.4331197Z,0,0,495,176,0
2026-08-17T00:26:04.4379294Z,0,0,495,176,0
2026-08-17T00:26:04.442794Z,0,0,495,176,0
2026-08-17T00:26:04.4479146Z,0,0,495,176,0
2026-08-17T00:26:04.4525454Z,0,0,495,176,0
2026-08-17T00:26:04.4579351Z,0,0,495,176,0
2026-08-17T00:26:04.4628737Z,0,0,495,176,0
2026-08-17T00:26:04.4679105Z,0,0,495,176,0
2026-08-17T00:26:04.4727691Z,0,0,495,176,0
2026-08-17T00:26:04.4779321Z,0,0,495,176,0
2026-08-17T00:26:04.4830812Z,0,0,495,176,0
2026-08-17T00:26:04.4877245Z,0,0,495,176,0
2026-08-17T00:26:04.492948Z,0,0,495,176,0
2026-08-17T00:26:04.4976358Z,0,0,495,176,0
2026-08-17T00:26:04.5028272Z,0,0,495,176,0
2026-08-17T00:26:04.5078832Z,0,0,495,176,0
2026-08-17T00:26:04.5125927Z,0,0,495,176,0
2026-08-17T00:26:04.5178315Z,0,0,495,176,0
2026-08-17T00:26:04.5233617Z,0,0,495,176,0
2026-08-17T00:26:04.5275332Z,0,0,495,176,0
2026-08-17T00:26:04.5327941Z,0,0,495,176,0
2026-08-17T00:26:04.538077Z,0,0,495,176,0
2026-08-17T00:26:04.5428205Z,0,0,495,176,0
2026-08-17T00:26:04.5480342Z,0,0,495,176,0
2026-08-17T00:26:04.5532043Z,0,0,495,176,0
2026-08-17T00:26:04.5581838Z,0,0,495,176,0
2026-08-17T00:26:04.5631718Z,0,0,495,176,0
2026-08-17T00:26:04.5682819Z,0,0,495,176,0
2026-08-17T00:26:04.5732064Z,0,0,495,176,0
2026-08-17T00:26:04.5778755Z,0,0,495,176,0
2026-08-17T00:26:04.583441Z,0,0,495,176,0
2026-08-17T00:26:04.5876754Z,0,0,495,176,0
2026-08-17T00:26:04.5932801Z,0,0,495,176,0
2026-08-17T00:26:04.597983Z,0,0,495,176,0
2026-08-17T00:26:04.6028344Z,0,0,495,176,0
2026-08-17T00:26:04.6082299Z,0,0,495,176,0
2026-08-17T00:26:04.6128958Z,0,0,495,176,0
2026-08-17T00:26:04.6180694Z,0,0,495,176,0
2026-08-17T00:26:04.623287Z,0,0,495,176,0
2026-08-17T00:26:04.628183Z,0,0,495,176,0
2026-08-17T00:26:04.6329126Z,0,0,495,176,0
2026-08-17T00:26:04.6380267Z,0,0,495,176,0
2026-08-17T00:26:04.6431599Z,0,0,495,176,0
2026-08-17T00:26:04.6478088Z,0,0,495,176,0
2026-08-17T00:26:04.6529521Z,0,0,495,176,0
2026-08-17T00:26:04.6576893Z,0,0,495,176,0
2026-08-17T00:26:04.6628643Z,0,0,495,176,0
2026-08-17T00:26:04.668114Z,0,0,495,176,0
2026-08-17T00:26:04.6726033Z,0,0,495,176,0
2026-08-17T00:26:04.6778854Z,0,0,495,176,0
2026-08-17T00:26:04.6832263Z,0,0,495,176,0
2026-08-17T00:26:04.6877767Z,0,0,495,176,0
2026-08-17T00:26:04.6927108Z,0,0,495,176,0
2026-08-17T00:26:04.6980546Z,0,0,495,176,0
2026-08-17T00:26:04.7036122Z,0,0,495,176,0
2026-08-17T00:26:04.707734Z,0,0,495,176,0
2026-08-17T00:26:04.7126508Z,0,0,495,176,0
2026-08-17T00:26:04.7179006Z,0,0,495,176,0
2026-08-17T00:26:04.7225637Z,0,0,495,176,0
2026-08-17T00:26:04.7277834Z,0,0,495,176,0
2026-08-17T00:26:04.7325327Z,0,0,495,176,0
2026-08-17T00:26:04.7378274Z,0,0,495,176,0
2026-08-17T00:26:04.743432Z,0,0,495,176,0
2026-08-17T00:26:04.7476202Z,0,0,495,176,0
2026-08-17T00:26:04.7528658Z,0,0,495,176,0
2026-08-17T00:26:04.7578553Z,0,0,495,176,0
2026-08-17T00:26:04.7628528Z,0,0,495,176,0
2026-08-17T00:26:04.7685271Z,0,0,495,176,0
2026-08-17T00:26:04.7728539Z,0,0,495,176,0
2026-08-17T00:26:04.7775666Z,0,0,495,176,0
2026-08-17T00:26:04.7828238Z,0,0,495,176,0
2026-08-17T00:26:04.7880221Z,0,0,495,176,0
2026-08-17T00:26:04.7924364Z,0,0,495,176,0
2026-08-17T00:26:04.7981057Z,0,0,495,176,0
2026-08-17T00:26:04.8030854Z,0,0,495,176,0
2026-08-17T00:26:04.8078802Z,0,0,495,176,0
2026-08-17T00:26:04.812678Z,0,0,495,176,0
2026-08-17T00:26:04.8179522Z,0,0,495,176,0
2026-08-17T00:26:04.8232065Z,0,0,495,176,0
2026-08-17T00:26:04.827651Z,0,0,495,176,0
2026-08-17T00:26:04.8335418Z,0,0,495,176,0
2026-08-17T00:26:04.8380062Z,0,0,495,176,0
2026-08-17T00:26:04.8427695Z,0,0,495,176,0
2026-08-17T00:26:04.8475629Z,0,0,495,176,0
2026-08-17T00:26:04.8532868Z,0,0,495,176,0
2026-08-17T00:26:04.8582393Z,0,0,495,176,0
2026-08-17T00:26:04.8636547Z,0,0,495,176,0
2026-08-17T00:26:04.8681837Z,0,0,495,176,0
2026-08-17T00:26:04.8728158Z,0,0,495,176,0
2026-08-17T00:26:04.8775805Z,0,0,495,176,0
2026-08-17T00:26:04.8828305Z,0,0,495,176,0
2026-08-17T00:26:04.8876275Z,0,0,495,176,0
2026-08-17T00:26:04.8928716Z,0,0,495,176,0
2026-08-17T00:26:04.8975649Z,0,0,495,176,0
2026-08-17T00:26:04.9027362Z,0,0,495,176,0
2026-08-17T00:26:04.9080006Z,0,0,495,176,0
2026-08-17T00:26:04.9126213Z,0,0,495,176,0
2026-08-17T00:26:04.9177561Z,0,0,495,176,0
2026-08-17T00:26:04.922949Z,0,0,495,176,0
2026-08-17T00:26:04.9277086Z,0,0,495,176,0
2026-08-17T00:26:04.93295Z,0,0,495,176,0
2026-08-17T00:26:04.937894Z,0,0,495,176,0
2026-08-17T00:26:04.9426036Z,0,0,495,176,0
2026-08-17T00:26:04.947879Z,0,0,495,176,0
2026-08-17T00:26:04.9529754Z,0,0,495,176,0
2026-08-17T00:26:04.9582142Z,0,0,495,176,0
2026-08-17T00:26:04.9629106Z,0,0,495,176,0
2026-08-17T00:26:04.9681964Z,0,0,495,176,0
2026-08-17T00:26:04.9731208Z,0,0,495,176,0
2026-08-17T00:26:04.977791Z,0,0,495,176,0
2026-08-17T00:26:04.9829763Z,0,0,495,176,0
2026-08-17T00:26:04.9879084Z,0,0,495,176,0
2026-08-17T00:26:04.9930895Z,0,0,495,176,0
2026-08-17T00:26:04.9980853Z,0,0,495,176,0
2026-08-17T00:26:05.0030731Z,0,0,495,176,0
2026-08-17T00:26:05.0079244Z,0,0,495,176,0
2026-08-17T00:26:05.012969Z,0,0,495,176,0
2026-08-17T00:26:05.018034Z,0,0,495,176,0
2026-08-17T00:26:05.0228616Z,0,0,495,176,0
2026-08-17T00:26:05.0275989Z,0,0,495,176,0
2026-08-17T00:26:05.0332788Z,0,0,495,176,0
2026-08-17T00:26:05.0380569Z,0,0,495,176,0
2026-08-17T00:26:05.0426486Z,0,0,495,176,0
2026-08-17T00:26:05.0478186Z,0,0,495,176,0
2026-08-17T00:26:05.0529827Z,0,0,495,176,0
2026-08-17T00:26:05.0582772Z,0,0,495,176,0
2026-08-17T00:26:05.0629384Z,0,0,495,176,0
2026-08-17T00:26:05.0676109Z,0,0,495,176,0
2026-08-17T00:26:05.0729824Z,0,0,495,176,0
2026-08-17T00:26:05.0780744Z,0,0,495,176,0
2026-08-17T00:26:05.0828442Z,0,0,495,176,0
2026-08-17T00:26:05.0881329Z,0,0,495,176,0
2026-08-17T00:26:05.0930527Z,0,0,495,176,0
2026-08-17T00:26:05.0977876Z,0,0,495,176,0
2026-08-17T00:26:05.1030276Z,0,0,495,176,0
2026-08-17T00:26:05.1078113Z,0,0,495,176,0
2026-08-17T00:26:05.1130011Z,0,0,495,176,0
2026-08-17T00:26:05.1182024Z,0,0,495,176,0
2026-08-17T00:26:05.1229454Z,0,0,495,176,0
2026-08-17T00:26:05.1281652Z,0,0,495,176,0
2026-08-17T00:26:05.1328472Z,0,0,495,176,0
2026-08-17T00:26:05.1380139Z,0,0,495,176,0
2026-08-17T00:26:05.1426267Z,0,0,495,176,0
2026-08-17T00:26:05.1478275Z,0,0,495,176,0
2026-08-17T00:26:05.1529984Z,0,0,495,176,0
2026-08-17T00:26:05.1579061Z,0,0,495,176,0
2026-08-17T00:26:05.1626087Z,0,0,495,176,0
2026-08-17T00:26:05.1678945Z,0,0,495,176,0
2026-08-17T00:26:05.1727117Z,0,0,495,176,0
2026-08-17T00:26:05.1778561Z,0,0,495,176,0
2026-08-17T00:26:05.1830144Z,0,0,495,176,0
2026-08-17T00:26:05.1877086Z,0,0,495,176,0
2026-08-17T00:26:05.1928693Z,0,0,495,176,0
2026-08-17T00:26:05.197595Z,0,0,495,176,0
2026-08-17T00:26:05.2027976Z,0,0,495,176,0
2026-08-17T00:26:05.2080287Z,0,0,495,176,0
2026-08-17T00:26:05.212662Z,0,0,495,176,0
2026-08-17T00:26:05.2177702Z,0,0,495,176,0
2026-08-17T00:26:05.2228036Z,0,0,495,176,0
2026-08-17T00:26:05.2274767Z,0,0,495,176,0
2026-08-17T00:26:05.2326546Z,0,0,495,176,0
2026-08-17T00:26:05.2378005Z,0,0,495,176,0
2026-08-17T00:26:05.24309Z,0,0,495,176,0
2026-08-17T00:26:05.2476144Z,0,0,495,176,0
2026-08-17T00:26:05.2527535Z,0,0,495,176,0
2026-08-17T00:26:05.2576422Z,0,0,495,176,0
2026-08-17T00:26:05.2628496Z,0,0,495,176,0
2026-08-17T00:26:05.2680221Z,0,0,495,176,0
2026-08-17T00:26:05.2727248Z,0,0,495,176,0
2026-08-17T00:26:05.2778727Z,0,0,495,176,0
2026-08-17T00:26:05.2825707Z,0,0,495,176,0
2026-08-17T00:26:05.2878952Z,0,0,495,176,0
2026-08-17T00:26:05.2925124Z,0,0,495,176,0
2026-08-17T00:26:05.2980785Z,0,0,495,176,0
2026-08-17T00:26:05.3035451Z,0,0,495,176,0
2026-08-17T00:26:05.3078023Z,0,0,495,176,0
2026-08-17T00:26:05.3125926Z,0,0,495,176,0
2026-08-17T00:26:05.317889Z,0,0,495,176,0
2026-08-17T00:26:05.3228118Z,0,0,495,176,0
2026-08-17T00:26:05.3278925Z,0,0,495,176,0
2026-08-17T00:26:05.3331552Z,0,0,495,176,0
2026-08-17T00:26:05.3378875Z,0,0,495,176,0
2026-08-17T00:26:05.3430597Z,0,0,495,176,0
2026-08-17T00:26:05.3477867Z,0,0,495,176,0
2026-08-17T00:26:05.3525824Z,0,0,495,176,0
2026-08-17T00:26:05.3576651Z,0,0,495,176,0
2026-08-17T00:26:05.3627421Z,0,0,495,176,0
2026-08-17T00:26:05.3679413Z,0,0,495,176,0
2026-08-17T00:26:05.3732859Z,0,0,495,176,0
2026-08-17T00:26:05.377917Z,0,0,495,176,0
2026-08-17T00:26:05.3826259Z,0,0,495,176,0
2026-08-17T00:26:05.3877952Z,0,0,495,176,0
2026-08-17T00:26:05.3928584Z,0,0,495,176,0
2026-08-17T00:26:05.3979687Z,0,0,495,176,0
2026-08-17T00:26:05.403168Z,0,0,495,176,0
2026-08-17T00:26:05.4077468Z,0,0,495,176,0
2026-08-17T00:26:05.4128997Z,0,0,495,176,0
2026-08-17T00:26:05.4180808Z,0,0,495,176,0
2026-08-17T00:26:05.422539Z,0,0,495,176,0
2026-08-17T00:26:05.4276254Z,0,0,495,176,0
2026-08-17T00:26:05.4327541Z,0,0,495,176,0
2026-08-17T00:26:05.4374075Z,0,0,495,176,0
2026-08-17T00:26:05.4427468Z,0,0,495,176,0
2026-08-17T00:26:05.4478884Z,0,0,495,176,0
2026-08-17T00:26:05.4526409Z,0,0,495,176,0
2026-08-17T00:26:05.457736Z,0,0,495,176,0
2026-08-17T00:26:05.4628817Z,0,0,495,176,0
2026-08-17T00:26:05.4676942Z,0,0,495,176,0
2026-08-17T00:26:05.4726694Z,0,0,495,176,0
2026-08-17T00:26:05.4778715Z,0,0,495,176,0
2026-08-17T00:26:05.4830675Z,0,0,495,176,0
2026-08-17T00:26:05.4878909Z,0,0,495,176,0
2026-08-17T00:26:05.4929319Z,0,0,495,176,0
2026-08-17T00:26:05.4975849Z,0,0,495,176,0
2026-08-17T00:26:05.5027734Z,0,0,495,176,0
2026-08-17T00:26:05.5080473Z,0,0,495,176,0
2026-08-17T00:26:05.5127727Z,0,0,495,176,0
2026-08-17T00:26:05.5179471Z,0,0,495,176,0
2026-08-17T00:26:05.5229096Z,0,0,495,176,0
2026-08-17T00:26:05.5276214Z,0,0,495,176,0
2026-08-17T00:26:05.5328415Z,0,0,495,176,0
2026-08-17T00:26:05.5376004Z,0,0,495,176,0
2026-08-17T00:26:05.5432637Z,0,0,495,176,0
2026-08-17T00:26:05.5480078Z,0,0,495,176,0
2026-08-17T00:26:05.5528618Z,0,0,495,176,0
2026-08-17T00:26:05.5581205Z,0,0,495,176,0
2026-08-17T00:26:05.5631111Z,0,0,495,176,0
2026-08-17T00:26:05.5680626Z,0,0,495,176,0
2026-08-17T00:26:05.57277Z,0,0,495,176,0
2026-08-17T00:26:05.5779634Z,0,0,495,176,0
2026-08-17T00:26:05.5825716Z,0,0,495,176,0
2026-08-17T00:26:05.5877898Z,0,0,495,176,0
2026-08-17T00:26:05.5933056Z,0,0,495,176,0
2026-08-17T00:26:05.5982989Z,0,0,495,176,0
2026-08-17T00:26:05.6033051Z,0,0,495,176,0
2026-08-17T00:26:05.6080577Z,0,0,495,176,0
2026-08-17T00:26:05.6130898Z,0,0,495,176,0
2026-08-17T00:26:05.6177919Z,0,0,495,176,0
2026-08-17T00:26:05.6228533Z,0,0,495,176,0
2026-08-17T00:26:05.6275639Z,0,0,495,176,0
2026-08-17T00:26:05.6328881Z,0,0,495,176,0
2026-08-17T00:26:05.6379689Z,0,0,495,176,0
2026-08-17T00:26:05.6425735Z,0,0,495,176,0
2026-08-17T00:26:05.6477664Z,0,0,495,176,0
2026-08-17T00:26:05.6528387Z,0,0,495,176,0
2026-08-17T00:26:05.6580706Z,0,0,495,176,0
2026-08-17T00:26:05.6631634Z,0,0,495,176,0
2026-08-17T00:26:05.6682427Z,0,0,495,176,0
2026-08-17T00:26:05.6726103Z,0,0,495,176,0
2026-08-17T00:26:05.6778291Z,0,0,495,176,0
2026-08-17T00:26:05.6830186Z,0,0,495,176,0
2026-08-17T00:26:05.6879102Z,0,0,495,176,0
2026-08-17T00:26:05.6927285Z,0,0,495,176,0
2026-08-17T00:26:05.6980868Z,0,0,495,176,0
2026-08-17T00:26:05.7029157Z,0,0,495,176,0
2026-08-17T00:26:05.7082656Z,0,0,495,176,0
2026-08-17T00:26:05.7128206Z,0,0,495,176,0
2026-08-17T00:26:05.7176071Z,0,0,495,176,0
2026-08-17T00:26:05.722874Z,0,0,495,176,0
2026-08-17T00:26:05.7283746Z,0,0,495,176,0
2026-08-17T00:26:05.7326008Z,0,0,495,176,0
2026-08-17T00:26:05.7378899Z,0,0,495,176,0
2026-08-17T00:26:05.7425996Z,0,0,495,176,0
2026-08-17T00:26:05.7478004Z,0,0,495,176,0
2026-08-17T00:26:05.7533631Z,0,0,495,176,0
2026-08-17T00:26:05.7578072Z,0,0,495,176,0
2026-08-17T00:26:05.7630062Z,0,0,495,176,0
2026-08-17T00:26:05.7677269Z,0,0,495,176,0
2026-08-17T00:26:05.7727962Z,0,0,495,176,0
2026-08-17T00:26:05.7779614Z,0,0,495,176,0
2026-08-17T00:26:05.7826197Z,0,0,495,176,0
2026-08-17T00:26:05.7878173Z,0,0,495,176,0
2026-08-17T00:26:05.7927878Z,0,0,495,176,0
2026-08-17T00:26:05.7977558Z,0,0,495,176,0
2026-08-17T00:26:05.8029501Z,0,0,495,176,0
2026-08-17T00:26:05.8080896Z,0,0,495,176,0
2026-08-17T00:26:05.8126047Z,0,0,495,176,0
2026-08-17T00:26:05.8177428Z,0,0,495,176,0
2026-08-17T00:26:05.8229431Z,0,0,495,176,0
2026-08-17T00:26:05.8276389Z,0,0,495,176,0
2026-08-17T00:26:05.8329253Z,0,0,495,176,0
2026-08-17T00:26:05.837885Z,0,0,495,176,0
2026-08-17T00:26:05.842754Z,0,0,495,176,0
2026-08-17T00:26:05.8478938Z,0,0,495,176,0
2026-08-17T00:26:05.8529416Z,0,0,495,176,0
2026-08-17T00:26:05.8576687Z,0,0,495,176,0
2026-08-17T00:26:05.8628208Z,0,0,495,176,0
2026-08-17T00:26:05.8680108Z,0,0,495,176,0
2026-08-17T00:26:05.8728342Z,0,0,495,176,0
2026-08-17T00:26:05.8780255Z,0,0,495,176,0
2026-08-17T00:26:05.8827303Z,0,0,495,176,0
2026-08-17T00:26:05.8878369Z,0,0,495,176,0
2026-08-17T00:26:05.8927269Z,0,0,495,176,0
2026-08-17T00:26:05.8976372Z,0,0,495,176,0
2026-08-17T00:26:05.9028397Z,0,0,495,176,0
2026-08-17T00:26:05.9077382Z,0,0,495,176,0
2026-08-17T00:26:05.9128634Z,0,0,495,176,0
2026-08-17T00:26:05.9179762Z,0,0,495,176,0
2026-08-17T00:26:05.9229005Z,0,0,495,176,0
2026-08-17T00:26:05.9278362Z,0,0,495,176,0
2026-08-17T00:26:05.9330793Z,0,0,495,176,0
2026-08-17T00:26:05.9377423Z,0,0,495,176,0
2026-08-17T00:26:05.9424608Z,0,0,495,176,0
2026-08-17T00:26:05.9476502Z,0,0,495,176,0
2026-08-17T00:26:05.9527836Z,0,0,495,176,0
2026-08-17T00:26:05.9578539Z,0,0,495,176,0
2026-08-17T00:26:05.962832Z,0,0,495,176,0
2026-08-17T00:26:05.9683099Z,0,0,495,176,0
2026-08-17T00:26:05.9727841Z,0,0,495,176,0
2026-08-17T00:26:05.9775511Z,0,0,495,176,0
2026-08-17T00:26:05.9827445Z,0,0,495,176,0
2026-08-17T00:26:05.9878229Z,0,0,495,176,0
2026-08-17T00:26:05.9927202Z,0,0,495,176,0
2026-08-17T00:26:05.9979982Z,0,0,495,176,0
2026-08-17T00:26:06.0028009Z,0,0,495,176,0
2026-08-17T00:26:06.0076439Z,0,0,495,176,0
2026-08-17T00:26:06.0125455Z,0,0,495,176,0
2026-08-17T00:26:06.0177358Z,0,0,495,176,0
2026-08-17T00:26:06.0227847Z,0,0,495,176,0
2026-08-17T00:26:06.0279623Z,0,0,495,176,0
2026-08-17T00:26:06.0325106Z,0,0,495,176,0
2026-08-17T00:26:06.0378451Z,0,0,495,176,0
2026-08-17T00:26:06.0426941Z,0,0,495,176,0
2026-08-17T00:26:06.0479959Z,0,0,495,176,0
2026-08-17T00:26:06.0525506Z,0,0,495,176,0
2026-08-17T00:26:06.0576055Z,0,0,495,176,0
2026-08-17T00:26:06.0628688Z,0,0,495,176,0
2026-08-17T00:26:06.0676316Z,0,0,495,176,0
2026-08-17T00:26:06.0729621Z,0,0,495,176,0
2026-08-17T00:26:06.0776865Z,0,0,495,176,0
2026-08-17T00:26:06.0830624Z,0,0,495,176,0
2026-08-17T00:26:06.0880682Z,0,0,495,176,0
2026-08-17T00:26:06.093196Z,0,0,495,176,0
2026-08-17T00:26:06.0980066Z,0,0,495,176,0
2026-08-17T00:26:06.1028288Z,0,0,495,176,0
2026-08-17T00:26:06.1076711Z,0,0,495,176,0
2026-08-17T00:26:06.1131643Z,0,0,495,176,0
2026-08-17T00:26:06.1179051Z,0,0,495,176,0
2026-08-17T00:26:06.1225973Z,0,0,495,176,0
2026-08-17T00:26:06.127843Z,0,0,495,176,0
2026-08-17T00:26:06.1325902Z,0,0,495,176,0
2026-08-17T00:26:06.1378694Z,0,0,495,176,0
2026-08-17T00:26:06.1428452Z,0,0,495,176,0
2026-08-17T00:26:06.1481808Z,0,0,495,176,0
2026-08-17T00:26:06.1531994Z,0,0,495,176,0
2026-08-17T00:26:06.1580633Z,0,0,495,176,0
2026-08-17T00:26:06.1628316Z,0,0,495,176,0
2026-08-17T00:26:06.1681241Z,0,0,495,176,0
2026-08-17T00:26:06.1730438Z,0,0,495,176,0
2026-08-17T00:26:06.1782033Z,0,0,495,176,0
2026-08-17T00:26:06.1829045Z,0,0,495,176,0
2026-08-17T00:26:06.1876422Z,0,0,495,176,0
2026-08-17T00:26:06.1934177Z,0,0,495,176,0
2026-08-17T00:26:06.1976511Z,0,0,495,176,0
2026-08-17T00:26:06.2029349Z,0,0,495,176,0
2026-08-17T00:26:06.2079269Z,0,0,495,176,0
2026-08-17T00:26:06.2133164Z,0,0,495,176,0
2026-08-17T00:26:06.217528Z,0,0,495,176,0
2026-08-17T00:26:06.222743Z,0,0,495,176,0
2026-08-17T00:26:06.2279563Z,0,0,495,176,0
2026-08-17T00:26:06.2332683Z,0,0,495,176,0
2026-08-17T00:26:06.2379971Z,0,0,495,176,0
2026-08-17T00:26:06.2425973Z,0,0,495,176,0
2026-08-17T00:26:06.2479398Z,0,0,495,176,0
2026-08-17T00:26:06.2534215Z,0,0,495,176,0
2026-08-17T00:26:06.2579188Z,0,0,495,176,0
2026-08-17T00:26:06.2626774Z,0,0,495,176,0
2026-08-17T00:26:06.2680498Z,0,0,495,176,0
2026-08-17T00:26:06.2732317Z,0,0,495,176,0
2026-08-17T00:26:06.2779035Z,0,0,495,176,0
2026-08-17T00:26:06.2826506Z,0,0,495,176,0
2026-08-17T00:26:06.2880165Z,0,0,495,176,0
2026-08-17T00:26:06.2926901Z,0,0,495,176,0
2026-08-17T00:26:06.2978793Z,0,0,495,176,0
2026-08-17T00:26:06.3030669Z,0,0,495,176,0
2026-08-17T00:26:06.308052Z,0,0,495,176,0
2026-08-17T00:26:06.3126859Z,0,0,495,176,0
2026-08-17T00:26:06.318406Z,0,0,495,176,0
2026-08-17T00:26:06.3228361Z,0,0,495,176,0
2026-08-17T00:26:06.3277733Z,0,0,495,176,0
2026-08-17T00:26:06.3326501Z,0,0,495,176,0
2026-08-17T00:26:06.3379812Z,0,0,495,176,0
2026-08-17T00:26:06.3428374Z,0,0,495,176,0
2026-08-17T00:26:06.3475079Z,0,0,495,176,0
2026-08-17T00:26:06.3530407Z,0,0,495,176,0
2026-08-17T00:26:06.3582518Z,0,0,495,176,0
2026-08-17T00:26:06.3627483Z,0,0,495,176,0
2026-08-17T00:26:06.3682291Z,0,0,495,176,0
2026-08-17T00:26:06.373213Z,0,0,495,176,0
2026-08-17T00:26:06.377949Z,0,0,495,176,0
2026-08-17T00:26:06.3826555Z,0,0,495,176,0
2026-08-17T00:26:06.3876846Z,0,0,495,176,0
2026-08-17T00:26:06.3927331Z,0,0,495,176,0
2026-08-17T00:26:06.3975664Z,0,0,495,176,0
2026-08-17T00:26:06.4028312Z,0,0,495,176,0
2026-08-17T00:26:06.4079452Z,0,0,495,176,0
2026-08-17T00:26:06.4126503Z,0,0,495,176,0
2026-08-17T00:26:06.4179652Z,0,0,495,176,0
2026-08-17T00:26:06.4226834Z,0,0,495,176,0
2026-08-17T00:26:06.4278214Z,0,0,495,176,0
2026-08-17T00:26:06.4328477Z,0,0,495,176,0
2026-08-17T00:26:06.4374237Z,0,0,495,176,0
2026-08-17T00:26:06.4425775Z,0,0,495,176,0
2026-08-17T00:26:06.4477717Z,0,0,495,176,0
2026-08-17T00:26:06.4525379Z,0,0,495,176,0
2026-08-17T00:26:06.4578065Z,0,0,495,176,0
2026-08-17T00:26:06.4627161Z,0,0,495,176,0
2026-08-17T00:26:06.467746Z,0,0,495,176,0
2026-08-17T00:26:06.4727717Z,0,0,495,176,0
2026-08-17T00:26:06.4779222Z,0,0,495,176,0
2026-08-17T00:26:06.4826043Z,0,0,495,176,0
2026-08-17T00:26:06.487744Z,0,0,495,176,0
2026-08-17T00:26:06.4927281Z,0,0,495,176,0
2026-08-17T00:26:06.4979603Z,0,0,495,176,0
2026-08-17T00:26:06.5030127Z,0,0,495,176,0
2026-08-17T00:26:06.508085Z,0,0,495,176,0
2026-08-17T00:26:06.5126259Z,0,0,495,176,0
2026-08-17T00:26:06.5178387Z,0,0,495,176,0
2026-08-17T00:26:06.5227462Z,0,0,495,176,0
2026-08-17T00:26:06.5276323Z,0,0,495,176,0
2026-08-17T00:26:06.5329134Z,0,0,495,176,0
2026-08-17T00:26:06.5381405Z,0,0,495,176,0
2026-08-17T00:26:06.5428593Z,0,0,495,176,0
2026-08-17T00:26:06.5475501Z,0,0,495,176,0
2026-08-17T00:26:06.5527967Z,0,0,495,176,0
2026-08-17T00:26:06.5582487Z,0,0,495,176,0
2026-08-17T00:26:06.562511Z,0,0,495,176,0
2026-08-17T00:26:06.5675949Z,0,0,495,176,0
2026-08-17T00:26:06.5727478Z,0,0,495,176,0
2026-08-17T00:26:06.5774929Z,0,0,495,176,0
2026-08-17T00:26:06.5829272Z,0,0,495,176,0
2026-08-17T00:26:06.5876506Z,0,0,495,176,0
2026-08-17T00:26:06.5930103Z,0,0,495,176,0
2026-08-17T00:26:06.5976035Z,0,0,495,176,0
2026-08-17T00:26:06.6029787Z,0,0,495,176,0
2026-08-17T00:26:06.6080265Z,0,0,495,176,0
2026-08-17T00:26:06.6126566Z,0,0,495,176,0
2026-08-17T00:26:06.6178202Z,0,0,495,176,0
2026-08-17T00:26:06.6226977Z,0,0,495,176,0
2026-08-17T00:26:06.6278828Z,0,0,495,176,0
2026-08-17T00:26:06.6331218Z,0,0,495,176,0
2026-08-17T00:26:06.6376398Z,0,0,495,176,0
2026-08-17T00:26:06.6429585Z,0,0,495,176,0
2026-08-17T00:26:06.6476714Z,0,0,495,176,0
2026-08-17T00:26:06.6531794Z,0,0,495,176,0
2026-08-17T00:26:06.657802Z,0,0,495,176,0
2026-08-17T00:26:06.6629704Z,0,0,495,176,0
2026-08-17T00:26:06.6681836Z,0,0,495,176,0
2026-08-17T00:26:06.6729285Z,0,0,495,176,0
2026-08-17T00:26:06.6778149Z,0,0,495,176,0
2026-08-17T00:26:06.683022Z,0,0,495,176,0
2026-08-17T00:26:06.6877522Z,0,0,495,176,0
2026-08-17T00:26:06.6929129Z,0,0,495,176,0
2026-08-17T00:26:06.6976614Z,0,0,495,176,0
2026-08-17T00:26:06.70288Z,0,0,495,176,0
2026-08-17T00:26:06.7082774Z,0,0,495,176,0
2026-08-17T00:26:06.7128763Z,0,0,495,176,0
2026-08-17T00:26:06.7176226Z,0,0,495,176,0
2026-08-17T00:26:06.7229018Z,0,0,495,176,0
2026-08-17T00:26:06.7279214Z,0,0,495,176,0
2026-08-17T00:26:06.7327901Z,0,0,495,176,0
2026-08-17T00:26:06.7382914Z,0,0,495,176,0
2026-08-17T00:26:06.7429838Z,0,0,495,176,0
2026-08-17T00:26:06.7478056Z,0,0,495,176,0
2026-08-17T00:26:06.752656Z,0,0,495,176,0
2026-08-17T00:26:06.757926Z,0,0,495,176,0
2026-08-17T00:26:06.762664Z,0,0,495,176,0
2026-08-17T00:26:06.7680508Z,0,0,495,176,0
2026-08-17T00:26:06.7730157Z,0,0,495,176,0
2026-08-17T00:26:06.7777464Z,0,0,495,176,0
2026-08-17T00:26:06.7827097Z,0,0,495,176,0
2026-08-17T00:26:06.7879201Z,0,0,495,176,0
2026-08-17T00:26:06.7931499Z,0,0,495,176,0
2026-08-17T00:26:06.7981565Z,0,0,495,176,0
2026-08-17T00:26:06.8032006Z,0,0,495,176,0
2026-08-17T00:26:06.8080721Z,0,0,495,176,0
2026-08-17T00:26:06.8127265Z,0,0,495,176,0
2026-08-17T00:26:06.8178755Z,0,0,495,176,0
2026-08-17T00:26:06.8224914Z,0,0,495,176,0
2026-08-17T00:26:06.8279869Z,0,0,495,176,0
2026-08-17T00:26:06.8330869Z,0,0,495,176,0
2026-08-17T00:26:06.8380942Z,0,0,495,176,0
2026-08-17T00:26:06.8428754Z,0,0,495,176,0
2026-08-17T00:26:06.8477077Z,0,0,495,176,0
2026-08-17T00:26:06.8535189Z,0,0,495,176,0
2026-08-17T00:26:06.8581028Z,0,0,495,176,0
2026-08-17T00:26:06.8628642Z,0,0,495,176,0
2026-08-17T00:26:06.8676547Z,0,0,495,176,0
2026-08-17T00:26:06.8728371Z,0,0,495,176,0
2026-08-17T00:26:06.8775946Z,0,0,495,176,0
2026-08-17T00:26:06.8828573Z,0,0,495,176,0
2026-08-17T00:26:06.8879381Z,0,0,495,176,0
2026-08-17T00:26:06.8928796Z,0,0,495,176,0
2026-08-17T00:26:06.8982305Z,0,0,495,176,0
2026-08-17T00:26:06.9033481Z,0,0,495,176,0
2026-08-17T00:26:06.9079941Z,0,0,495,176,0
2026-08-17T00:26:06.9127819Z,0,0,495,176,0
2026-08-17T00:26:06.9176021Z,0,0,495,176,0
2026-08-17T00:26:06.9230553Z,0,0,495,176,0
2026-08-17T00:26:06.9279065Z,0,0,495,176,0
2026-08-17T00:26:06.9328056Z,0,0,495,176,0
2026-08-17T00:26:06.937897Z,0,0,495,176,0
2026-08-17T00:26:06.9428562Z,0,0,495,176,0
2026-08-17T00:26:06.947923Z,0,0,495,176,0
2026-08-17T00:26:06.9530907Z,0,0,495,176,0
2026-08-17T00:26:06.9579979Z,0,0,495,176,0
2026-08-17T00:26:06.9626729Z,0,0,495,176,0
2026-08-17T00:26:06.9679869Z,0,0,495,176,0
2026-08-17T00:26:06.9733048Z,0,0,495,176,0
2026-08-17T00:26:06.9775579Z,0,0,495,176,0
2026-08-17T00:26:06.9828994Z,0,0,495,176,0
2026-08-17T00:26:06.9881487Z,0,0,495,176,0
2026-08-17T00:26:06.9925829Z,0,0,495,176,0
2026-08-17T00:26:06.9978554Z,0,0,495,176,0
2026-08-17T00:26:07.0026019Z,0,0,495,176,0
2026-08-17T00:26:07.0077382Z,0,0,495,176,0
2026-08-17T00:26:07.0129369Z,0,0,495,176,0
2026-08-17T00:26:07.0178892Z,0,0,495,176,0
2026-08-17T00:26:07.0230456Z,0,0,495,176,0
2026-08-17T00:26:07.0278743Z,0,0,495,176,0
2026-08-17T00:26:07.0327383Z,0,0,495,176,0
2026-08-17T00:26:07.037897Z,0,0,495,176,0
2026-08-17T00:26:07.0425709Z,0,0,495,176,0
2026-08-17T00:26:07.0479193Z,0,0,495,176,0
2026-08-17T00:26:07.0531599Z,0,0,495,176,0
2026-08-17T00:26:07.0581528Z,0,0,495,176,0
2026-08-17T00:26:07.0628824Z,0,0,495,176,0
2026-08-17T00:26:07.068224Z,0,0,495,176,0
2026-08-17T00:26:07.0728272Z,0,0,495,176,0
2026-08-17T00:26:07.0775674Z,0,0,495,176,0
2026-08-17T00:26:07.0833136Z,0,0,495,176,0
2026-08-17T00:26:07.0877152Z,0,0,495,176,0
2026-08-17T00:26:07.0929204Z,0,0,495,176,0
2026-08-17T00:26:07.0976739Z,0,0,495,176,0
2026-08-17T00:26:07.1030499Z,0,0,495,176,0
2026-08-17T00:26:07.1080196Z,0,0,495,176,0
2026-08-17T00:26:07.1125793Z,0,0,495,176,0
2026-08-17T00:26:07.1179044Z,0,0,495,176,0
2026-08-17T00:26:07.1231737Z,0,0,495,176,0
2026-08-17T00:26:07.1281588Z,0,0,495,176,0
2026-08-17T00:26:07.1332488Z,0,0,495,176,0
2026-08-17T00:26:07.1377676Z,0,0,495,176,0
2026-08-17T00:26:07.1429579Z,0,0,495,176,0
2026-08-17T00:26:07.1481897Z,0,0,495,176,0
2026-08-17T00:26:07.1531799Z,0,0,495,176,0
2026-08-17T00:26:07.1583153Z,0,0,495,176,0
2026-08-17T00:26:07.1628694Z,0,0,495,176,0
2026-08-17T00:26:07.1681279Z,0,0,495,176,0
2026-08-17T00:26:07.1730041Z,0,0,495,176,0
2026-08-17T00:26:07.178165Z,0,0,495,176,0
2026-08-17T00:26:07.182836Z,0,0,495,176,0
2026-08-17T00:26:07.1879819Z,0,0,495,176,0
2026-08-17T00:26:07.1928601Z,0,0,495,176,0
2026-08-17T00:26:07.1981486Z,0,0,495,176,0
2026-08-17T00:26:07.2032126Z,0,0,495,176,0
2026-08-17T00:26:07.2082263Z,0,0,495,176,0
2026-08-17T00:26:07.212849Z,0,0,495,176,0
2026-08-17T00:26:07.217936Z,0,0,495,176,0
2026-08-17T00:26:07.2232357Z,0,0,495,176,0
2026-08-17T00:26:07.2278118Z,0,0,495,176,0
2026-08-17T00:26:07.2331451Z,0,0,495,176,0
2026-08-17T00:26:07.2379405Z,0,0,495,176,0
2026-08-17T00:26:07.2426051Z,0,0,495,176,0
2026-08-17T00:26:07.2479953Z,0,0,495,176,0
2026-08-17T00:26:07.2531878Z,0,0,495,176,0
2026-08-17T00:26:07.2575205Z,0,0,495,176,0
2026-08-17T00:26:07.2627008Z,0,0,495,176,0
2026-08-17T00:26:07.2679136Z,0,0,495,176,0
2026-08-17T00:26:07.2730717Z,0,0,495,176,0
2026-08-17T00:26:07.2777401Z,0,0,495,176,0
2026-08-17T00:26:07.2829086Z,0,0,495,176,0
2026-08-17T00:26:07.2877543Z,0,0,495,176,0
2026-08-17T00:26:07.2926908Z,0,0,495,176,0
2026-08-17T00:26:07.2980301Z,0,0,495,176,0
2026-08-17T00:26:07.3027518Z,0,0,495,176,0
2026-08-17T00:26:07.3079433Z,0,0,495,176,0
2026-08-17T00:26:07.3125347Z,0,0,495,176,0
2026-08-17T00:26:07.3181784Z,0,0,495,176,0
2026-08-17T00:26:07.3230917Z,0,0,495,176,0
2026-08-17T00:26:07.3278057Z,0,0,495,176,0
2026-08-17T00:26:07.3330261Z,0,0,495,176,0
2026-08-17T00:26:07.3377611Z,0,0,495,176,0
2026-08-17T00:26:07.3427636Z,0,0,495,176,0
2026-08-17T00:26:07.3485121Z,0,0,495,176,0
2026-08-17T00:26:07.3526429Z,0,0,495,176,0
2026-08-17T00:26:07.3580372Z,0,0,495,176,0
2026-08-17T00:26:07.3627417Z,0,0,495,176,0
2026-08-17T00:26:07.3680068Z,0,0,495,176,0
2026-08-17T00:26:07.3730091Z,0,0,495,176,0
2026-08-17T00:26:07.3776817Z,0,0,495,176,0
2026-08-17T00:26:07.382868Z,0,0,495,176,0
2026-08-17T00:26:07.3875189Z,0,0,495,176,0
2026-08-17T00:26:07.3935974Z,0,0,495,176,0
2026-08-17T00:26:07.398158Z,0,0,495,176,0
2026-08-17T00:26:07.4032024Z,0,0,495,176,0
2026-08-17T00:26:07.4075663Z,0,0,495,176,0
2026-08-17T00:26:07.412884Z,0,0,495,176,0
2026-08-17T00:26:07.4176487Z,0,0,495,176,0
2026-08-17T00:26:07.4227556Z,0,0,495,176,0
2026-08-17T00:26:07.4285429Z,0,0,495,176,0
2026-08-17T00:26:07.4328883Z,0,0,495,176,0
2026-08-17T00:26:07.4379144Z,0,0,495,176,0
2026-08-17T00:26:07.442546Z,0,0,495,176,0
2026-08-17T00:26:07.4478072Z,0,0,495,176,0
2026-08-17T00:26:07.4530057Z,0,0,495,176,0
2026-08-17T00:26:07.4578997Z,0,0,495,176,0
2026-08-17T00:26:07.4626891Z,0,0,495,176,0
2026-08-17T00:26:07.467963Z,0,0,495,176,0
2026-08-17T00:26:07.4729458Z,0,0,495,176,0
2026-08-17T00:26:07.4776417Z,0,0,495,176,0
2026-08-17T00:26:07.4829112Z,0,0,495,176,0
2026-08-17T00:26:07.4876021Z,0,0,495,176,0
2026-08-17T00:26:07.4925687Z,0,0,495,176,0
2026-08-17T00:26:07.4979008Z,0,0,495,176,0
2026-08-17T00:26:07.5027068Z,0,0,495,176,0
2026-08-17T00:26:07.5081538Z,0,0,495,176,0
2026-08-17T00:26:07.5127099Z,0,0,495,176,0
2026-08-17T00:26:07.5179163Z,0,0,495,176,0
2026-08-17T00:26:07.5227593Z,0,0,495,176,0
2026-08-17T00:26:07.5279172Z,0,0,495,176,0
2026-08-17T00:26:07.5325318Z,0,0,495,176,0
2026-08-17T00:26:07.5378895Z,0,0,495,176,0
2026-08-17T00:26:07.5429567Z,0,0,495,176,0
2026-08-17T00:26:07.548192Z,0,0,495,176,0
2026-08-17T00:26:07.5528291Z,0,0,495,176,0
2026-08-17T00:26:07.5589716Z,0,0,495,176,0
2026-08-17T00:26:07.5630444Z,0,0,495,176,0
2026-08-17T00:26:07.5679662Z,0,0,495,176,0
2026-08-17T00:26:07.5729664Z,0,0,495,176,0
2026-08-17T00:26:07.577688Z,0,0,495,176,0
2026-08-17T00:26:07.5830844Z,0,0,495,176,0
2026-08-17T00:26:07.5882761Z,0,0,495,176,0
2026-08-17T00:26:07.5925531Z,0,0,495,176,0
2026-08-17T00:26:07.5977456Z,0,0,495,176,0
2026-08-17T00:26:07.6029303Z,0,0,495,176,0
2026-08-17T00:26:07.6076348Z,0,0,495,176,0
2026-08-17T00:26:07.6129037Z,0,0,495,176,0
2026-08-17T00:26:07.6180757Z,0,0,495,176,0
2026-08-17T00:26:07.6229171Z,0,0,495,176,0
2026-08-17T00:26:07.6280486Z,0,0,495,176,0
2026-08-17T00:26:07.6330449Z,0,0,495,176,0
2026-08-17T00:26:07.6377369Z,0,0,495,176,0
2026-08-17T00:26:07.6428915Z,0,0,495,176,0
2026-08-17T00:26:07.6480153Z,0,0,495,176,0
2026-08-17T00:26:07.6527527Z,0,0,495,176,0
2026-08-17T00:26:07.6576518Z,0,0,495,176,0
2026-08-17T00:26:07.6625984Z,0,0,495,176,0
2026-08-17T00:26:07.6678722Z,0,0,495,176,0
2026-08-17T00:26:07.6727278Z,0,0,495,176,0
2026-08-17T00:26:07.6779453Z,0,0,495,176,0
2026-08-17T00:26:07.6827412Z,0,0,495,176,0
2026-08-17T00:26:07.6875529Z,0,0,495,176,0
2026-08-17T00:26:07.6931149Z,0,0,495,176,0
2026-08-17T00:26:07.6977568Z,0,0,495,176,0
2026-08-17T00:26:07.7029422Z,0,0,495,176,0
2026-08-17T00:26:07.7078866Z,0,0,495,176,0
2026-08-17T00:26:07.7125527Z,0,0,495,176,0
2026-08-17T00:26:07.717733Z,0,0,495,176,0
2026-08-17T00:26:07.7229312Z,0,0,495,176,0
2026-08-17T00:26:07.7277209Z,0,0,495,176,0
2026-08-17T00:26:07.7329663Z,0,0,495,176,0
2026-08-17T00:26:07.7376675Z,0,0,495,176,0
2026-08-17T00:26:07.7424707Z,0,0,495,176,0
2026-08-17T00:26:07.747798Z,0,0,495,176,0
2026-08-17T00:26:07.7534361Z,0,0,495,176,0
2026-08-17T00:26:07.7580617Z,0,0,495,176,0
2026-08-17T00:26:07.7627198Z,0,0,495,176,0
2026-08-17T00:26:07.7678598Z,0,0,495,176,0
2026-08-17T00:26:07.7728725Z,0,0,495,176,0
2026-08-17T00:26:07.7775357Z,0,0,495,176,0
2026-08-17T00:26:07.7827178Z,0,0,495,176,0
2026-08-17T00:26:07.7883248Z,0,0,495,176,0
2026-08-17T00:26:07.79289Z,0,0,495,176,0
2026-08-17T00:26:07.7977836Z,0,0,495,176,0
2026-08-17T00:26:07.8029405Z,0,0,495,176,0
2026-08-17T00:26:07.8080413Z,0,0,495,176,0
2026-08-17T00:26:07.81276Z,0,0,495,176,0
2026-08-17T00:26:07.817547Z,0,0,495,176,0
2026-08-17T00:26:07.8230099Z,0,0,495,176,0
2026-08-17T00:26:07.8277841Z,0,0,495,176,0
2026-08-17T00:26:07.8325728Z,0,0,495,176,0
2026-08-17T00:26:07.8376689Z,0,0,495,176,0
2026-08-17T00:26:07.8425607Z,0,0,495,176,0
2026-08-17T00:26:07.8478441Z,0,0,495,176,0
2026-08-17T00:26:07.852679Z,0,0,495,176,0
2026-08-17T00:26:07.8577931Z,0,0,495,176,0
2026-08-17T00:26:07.8625854Z,0,0,495,176,0
2026-08-17T00:26:07.8680201Z,0,0,495,176,0
2026-08-17T00:26:07.8732093Z,0,0,495,176,0
2026-08-17T00:26:07.8779082Z,0,0,495,176,0
2026-08-17T00:26:07.8826045Z,0,0,495,176,0
2026-08-17T00:26:07.8881736Z,0,0,495,176,0
2026-08-17T00:26:07.8927157Z,0,0,495,176,0
2026-08-17T00:26:07.8979408Z,0,0,495,176,0
2026-08-17T00:26:07.9031552Z,0,0,495,176,0
2026-08-17T00:26:07.9079314Z,0,0,495,176,0
2026-08-17T00:26:07.912608Z,0,0,495,176,0
2026-08-17T00:26:07.9177844Z,0,0,495,176,0
2026-08-17T00:26:07.9229356Z,0,0,495,176,0
2026-08-17T00:26:07.9277358Z,0,0,495,176,0
2026-08-17T00:26:07.9329276Z,0,0,495,176,0
2026-08-17T00:26:07.9377724Z,0,0,495,176,0
2026-08-17T00:26:07.9426415Z,0,0,495,176,0
2026-08-17T00:26:07.9477868Z,0,0,495,176,0
2026-08-17T00:26:07.9529814Z,0,0,495,176,0
2026-08-17T00:26:07.9578488Z,0,0,495,176,0
2026-08-17T00:26:07.9625098Z,0,0,495,176,0
2026-08-17T00:26:07.9677707Z,0,0,495,176,0
2026-08-17T00:26:07.9726258Z,0,0,495,176,0
2026-08-17T00:26:07.9778237Z,0,0,495,176,0
2026-08-17T00:26:07.9829662Z,0,0,495,176,0
2026-08-17T00:26:07.9876181Z,0,0,495,176,0
2026-08-17T00:26:07.9925943Z,0,0,495,176,0
2026-08-17T00:26:07.9977134Z,0,0,495,176,0
2026-08-17T00:26:08.0026914Z,0,0,495,176,0
2026-08-17T00:26:08.0079163Z,0,0,495,176,0
2026-08-17T00:26:08.0125474Z,0,0,495,176,0
2026-08-17T00:26:08.0177546Z,0,0,495,176,0
2026-08-17T00:26:08.0228076Z,0,0,495,176,0
2026-08-17T00:26:08.0279293Z,0,0,495,176,0
2026-08-17T00:26:08.0326607Z,0,0,495,176,0
2026-08-17T00:26:08.0378743Z,0,0,495,176,0
2026-08-17T00:26:08.0430471Z,0,0,495,176,0
2026-08-17T00:26:08.0477903Z,0,0,495,176,0
2026-08-17T00:26:08.0528642Z,0,0,495,176,0
2026-08-17T00:26:08.057884Z,0,0,495,176,0
2026-08-17T00:26:08.0627048Z,0,0,495,176,0
2026-08-17T00:26:08.0676876Z,0,0,495,176,0
2026-08-17T00:26:08.0729396Z,0,0,495,176,0
2026-08-17T00:26:08.0779171Z,0,0,495,176,0
2026-08-17T00:26:08.0826584Z,0,0,495,176,0
2026-08-17T00:26:08.0880042Z,0,0,495,176,0
2026-08-17T00:26:08.0931361Z,0,0,495,176,0
2026-08-17T00:26:08.0979654Z,0,0,495,176,0
2026-08-17T00:26:08.1032896Z,0,0,495,176,0
2026-08-17T00:26:08.108155Z,0,0,495,176,0
2026-08-17T00:26:08.1128405Z,0,0,495,176,0
2026-08-17T00:26:08.1180196Z,0,0,495,176,0
2026-08-17T00:26:08.1230849Z,0,0,495,176,0
2026-08-17T00:26:08.1278188Z,0,0,495,176,0
2026-08-17T00:26:08.1331606Z,0,0,495,176,0
2026-08-17T00:26:08.1381761Z,0,0,495,176,0
2026-08-17T00:26:08.1426882Z,0,0,495,176,0
2026-08-17T00:26:08.1480424Z,0,0,495,176,0
2026-08-17T00:26:08.1532748Z,0,0,495,176,0
2026-08-17T00:26:08.1583529Z,0,0,495,176,0
2026-08-17T00:26:08.1632891Z,0,0,495,176,0
2026-08-17T00:26:08.1680665Z,0,0,495,176,0
2026-08-17T00:26:08.1727214Z,0,0,495,176,0
2026-08-17T00:26:08.1778817Z,0,0,495,176,0
2026-08-17T00:26:08.1826034Z,0,0,495,176,0
2026-08-17T00:26:08.1878538Z,0,0,495,176,0
2026-08-17T00:26:08.1929678Z,0,0,495,176,0
2026-08-17T00:26:08.1981926Z,0,0,495,176,0
2026-08-17T00:26:08.2032307Z,0,0,495,176,0
2026-08-17T00:26:08.2078934Z,0,0,495,176,0
2026-08-17T00:26:08.2126087Z,0,0,495,176,0
2026-08-17T00:26:08.2178533Z,0,0,495,176,0
2026-08-17T00:26:08.222944Z,0,0,495,176,0
2026-08-17T00:26:08.2281837Z,0,0,495,176,0
2026-08-17T00:26:08.2332488Z,0,0,495,176,0
2026-08-17T00:26:08.2378109Z,0,0,495,176,0
2026-08-17T00:26:08.2428956Z,0,0,495,176,0
2026-08-17T00:26:08.2476728Z,0,0,495,176,0
2026-08-17T00:26:08.2529694Z,0,0,495,176,0
2026-08-17T00:26:08.2579909Z,0,0,495,176,0
2026-08-17T00:26:08.2632663Z,0,0,495,176,0
2026-08-17T00:26:08.2683458Z,0,0,495,176,0
2026-08-17T00:26:08.2726297Z,0,0,495,176,0
2026-08-17T00:26:08.2775647Z,0,0,495,176,0
2026-08-17T00:26:08.2833196Z,0,0,495,176,0
2026-08-17T00:26:08.2877486Z,0,0,495,176,0
2026-08-17T00:26:08.2927687Z,0,0,495,176,0
2026-08-17T00:26:08.297612Z,0,0,495,176,0
2026-08-17T00:26:08.3029724Z,0,0,495,176,0
2026-08-17T00:26:08.3081574Z,0,0,495,176,0
2026-08-17T00:26:08.3129088Z,0,0,495,176,0
2026-08-17T00:26:08.3176931Z,0,0,495,176,0
2026-08-17T00:26:08.322899Z,0,0,495,176,0
2026-08-17T00:26:08.3276459Z,0,0,495,176,0
2026-08-17T00:26:08.333001Z,0,0,495,176,0
2026-08-17T00:26:08.3377919Z,0,0,495,176,0
2026-08-17T00:26:08.3425139Z,0,0,495,176,0
2026-08-17T00:26:08.3475634Z,0,0,495,176,0
2026-08-17T00:26:08.352948Z,0,0,495,176,0
2026-08-17T00:26:08.358043Z,0,0,495,176,0
2026-08-17T00:26:08.3627797Z,0,0,495,176,0
2026-08-17T00:26:08.367547Z,0,0,495,176,0
2026-08-17T00:26:08.37284Z,0,0,495,176,0
2026-08-17T00:26:08.3778471Z,0,0,495,176,0
2026-08-17T00:26:08.3829696Z,0,0,495,176,0
2026-08-17T00:26:08.387784Z,0,0,495,176,0
2026-08-17T00:26:08.3930987Z,0,0,495,176,0
2026-08-17T00:26:08.3978554Z,0,0,495,176,0
2026-08-17T00:26:08.4026884Z,0,0,495,176,0
2026-08-17T00:26:08.4077692Z,0,0,495,176,0
2026-08-17T00:26:08.4129315Z,0,0,495,176,0
2026-08-17T00:26:08.4176038Z,0,0,495,176,0
2026-08-17T00:26:08.4231514Z,0,0,495,176,0
2026-08-17T00:26:08.4275283Z,0,0,495,176,0
2026-08-17T00:26:08.432741Z,0,0,495,176,0
2026-08-17T00:26:08.437822Z,0,0,495,176,0
2026-08-17T00:26:08.4426522Z,0,0,495,176,0
2026-08-17T00:26:08.4478446Z,0,0,495,176,0
2026-08-17T00:26:08.4535421Z,0,0,495,176,0
2026-08-17T00:26:08.4580301Z,0,0,495,176,0
2026-08-17T00:26:08.4626899Z,0,0,495,176,0
2026-08-17T00:26:08.4679271Z,0,0,495,176,0
2026-08-17T00:26:08.4729111Z,0,0,495,176,0
2026-08-17T00:26:08.4776721Z,0,0,495,176,0
2026-08-17T00:26:08.4827972Z,0,0,495,176,0
2026-08-17T00:26:08.4875821Z,0,0,495,176,0
2026-08-17T00:26:08.4926358Z,0,0,495,176,0
2026-08-17T00:26:08.4978313Z,0,0,495,176,0
2026-08-17T00:26:08.5030498Z,0,0,495,176,0
2026-08-17T00:26:08.5078951Z,0,0,495,176,0
2026-08-17T00:26:08.5125681Z,0,0,495,176,0
2026-08-17T00:26:08.517802Z,0,0,495,176,0
2026-08-17T00:26:08.523055Z,0,0,495,176,0
2026-08-17T00:26:08.5278273Z,0,0,495,176,0
2026-08-17T00:26:08.5330326Z,0,0,495,176,0
2026-08-17T00:26:08.5377871Z,0,0,495,176,0
2026-08-17T00:26:08.5429205Z,0,0,495,176,0
2026-08-17T00:26:08.547575Z,0,0,495,176,0
2026-08-17T00:26:08.552725Z,0,0,495,176,0
2026-08-17T00:26:08.5578892Z,0,0,495,176,0
2026-08-17T00:26:08.5626292Z,0,0,495,176,0
2026-08-17T00:26:08.5677286Z,0,0,495,176,0
2026-08-17T00:26:08.5731444Z,0,0,495,176,0
2026-08-17T00:26:08.577808Z,0,0,495,176,0
2026-08-17T00:26:08.5829575Z,0,0,495,176,0
2026-08-17T00:26:08.587541Z,0,0,495,176,0
2026-08-17T00:26:08.5929019Z,0,0,495,176,0
2026-08-17T00:26:08.5976687Z,0,0,495,176,0
2026-08-17T00:26:08.6028587Z,0,0,495,176,0
2026-08-17T00:26:08.6078529Z,0,0,495,176,0
2026-08-17T00:26:08.612483Z,0,0,495,176,0
2026-08-17T00:26:08.6176468Z,0,0,495,176,0
2026-08-17T00:26:08.6228417Z,0,0,495,176,0
2026-08-17T00:26:08.6277606Z,0,0,495,176,0
2026-08-17T00:26:08.6325146Z,0,0,495,176,0
2026-08-17T00:26:08.6376534Z,0,0,495,176,0
2026-08-17T00:26:08.6427543Z,0,0,495,176,0
2026-08-17T00:26:08.6479209Z,0,0,495,176,0
2026-08-17T00:26:08.6530415Z,0,0,495,176,0
2026-08-17T00:26:08.6576039Z,0,0,495,176,0
2026-08-17T00:26:08.6627642Z,0,0,495,176,0
2026-08-17T00:26:08.6679323Z,0,0,495,176,0
2026-08-17T00:26:08.6730763Z,0,0,495,176,0
2026-08-17T00:26:08.6777204Z,0,0,495,176,0
2026-08-17T00:26:08.6828671Z,0,0,495,176,0
2026-08-17T00:26:08.6882062Z,0,0,495,176,0
2026-08-17T00:26:08.6926874Z,0,0,495,176,0
2026-08-17T00:26:08.6979221Z,0,0,495,176,0
2026-08-17T00:26:08.7027024Z,0,0,495,176,0
2026-08-17T00:26:08.7080041Z,0,0,495,176,0
2026-08-17T00:26:08.7132257Z,0,0,495,176,0
2026-08-17T00:26:08.7179225Z,0,0,495,176,0
2026-08-17T00:26:08.7231395Z,0,0,495,176,0
2026-08-17T00:26:08.7276675Z,0,0,495,176,0
2026-08-17T00:26:08.7329088Z,0,0,495,176,0
2026-08-17T00:26:08.7377121Z,0,0,495,176,0
2026-08-17T00:26:08.743027Z,0,0,495,176,0
2026-08-17T00:26:08.7477554Z,0,0,495,176,0
2026-08-17T00:26:08.7530123Z,0,0,495,176,0
2026-08-17T00:26:08.7581988Z,0,0,495,176,0
2026-08-17T00:26:08.7629077Z,0,0,495,176,0
2026-08-17T00:26:08.767725Z,0,0,495,176,0
2026-08-17T00:26:08.7728517Z,0,0,495,176,0
2026-08-17T00:26:08.7775532Z,0,0,495,176,0
2026-08-17T00:26:08.7828573Z,0,0,495,176,0
2026-08-17T00:26:08.7878341Z,0,0,495,176,0
2026-08-17T00:26:08.7925377Z,0,0,495,176,0
2026-08-17T00:26:08.7978514Z,0,0,495,176,0
2026-08-17T00:26:08.8031637Z,0,0,495,176,0
2026-08-17T00:26:08.8078803Z,0,0,495,176,0
2026-08-17T00:26:08.8125625Z,0,0,495,176,0
2026-08-17T00:26:08.8178903Z,0,0,495,176,0
2026-08-17T00:26:08.8227456Z,0,0,495,176,0
2026-08-17T00:26:08.8276809Z,0,0,495,176,0
2026-08-17T00:26:08.8330294Z,0,0,495,176,0
2026-08-17T00:26:08.8374369Z,0,0,495,176,0
2026-08-17T00:26:08.8427148Z,0,0,495,176,0
2026-08-17T00:26:08.8483821Z,0,0,495,176,0
2026-08-17T00:26:08.8525853Z,0,0,495,176,0
2026-08-17T00:26:08.8579771Z,0,0,495,176,0
2026-08-17T00:26:08.8627135Z,0,0,495,176,0
2026-08-17T00:26:08.8679179Z,0,0,495,176,0
2026-08-17T00:26:08.8729097Z,0,0,495,176,0
2026-08-17T00:26:08.8776464Z,0,0,495,176,0
2026-08-17T00:26:08.8828518Z,0,0,495,176,0
2026-08-17T00:26:08.8875014Z,0,0,495,176,0
2026-08-17T00:26:08.8928043Z,0,0,495,176,0
2026-08-17T00:26:08.8976978Z,0,0,495,176,0
2026-08-17T00:26:08.9029709Z,0,0,495,176,0
2026-08-17T00:26:08.9077375Z,0,0,495,176,0
2026-08-17T00:26:08.9129221Z,0,0,495,176,0
2026-08-17T00:26:08.9176811Z,0,0,495,176,0
2026-08-17T00:26:08.9228628Z,0,0,495,176,0
2026-08-17T00:26:08.9276761Z,0,0,495,176,0
2026-08-17T00:26:08.9325592Z,0,0,495,176,0
2026-08-17T00:26:08.9381025Z,0,0,495,176,0
2026-08-17T00:26:08.942791Z,0,0,495,176,0
2026-08-17T00:26:08.9484938Z,0,0,495,176,0
2026-08-17T00:26:08.9527514Z,0,0,495,176,0
2026-08-17T00:26:08.957826Z,0,0,495,176,0
2026-08-17T00:26:08.963549Z,0,0,495,176,0
2026-08-17T00:26:08.9677979Z,0,0,495,176,0
2026-08-17T00:26:08.9728187Z,0,0,495,176,0
2026-08-17T00:26:08.9776236Z,0,0,495,176,0
2026-08-17T00:26:08.9827744Z,0,0,495,176,0
2026-08-17T00:26:08.9875575Z,0,0,495,176,0
2026-08-17T00:26:08.9931417Z,0,0,495,176,0
2026-08-17T00:26:08.9979361Z,0,0,495,176,0
2026-08-17T00:26:09.0028295Z,0,0,495,176,0
2026-08-17T00:26:09.0082355Z,0,0,495,176,0
2026-08-17T00:26:09.0125508Z,0,0,495,176,0
2026-08-17T00:26:09.0181482Z,0,0,495,176,0
2026-08-17T00:26:09.0223868Z,0,0,495,176,0
2026-08-17T00:26:09.0279297Z,0,0,495,176,0
2026-08-17T00:26:09.0328358Z,0,0,495,176,0
2026-08-17T00:26:09.0383353Z,0,0,495,176,0
2026-08-17T00:26:09.042823Z,0,0,495,176,0
2026-08-17T00:26:09.0479449Z,0,0,495,176,0
2026-08-17T00:26:09.0526078Z,0,0,495,176,0
2026-08-17T00:26:09.0578533Z,0,0,495,176,0
2026-08-17T00:26:09.0630638Z,0,0,495,176,0
2026-08-17T00:26:09.0678283Z,0,0,495,176,0
2026-08-17T00:26:09.0729611Z,0,0,495,176,0
2026-08-17T00:26:09.0775665Z,0,0,495,176,0
2026-08-17T00:26:09.0829786Z,0,0,495,176,0
2026-08-17T00:26:09.0879606Z,0,0,495,176,0
2026-08-17T00:26:09.0927735Z,0,0,495,176,0
2026-08-17T00:26:09.0978261Z,0,0,495,176,0
2026-08-17T00:26:09.1027419Z,0,0,495,176,0
2026-08-17T00:26:09.1079391Z,0,0,495,176,0
2026-08-17T00:26:09.112677Z,0,0,495,176,0
2026-08-17T00:26:09.1179441Z,0,0,495,176,0
2026-08-17T00:26:09.122986Z,0,0,495,176,0
2026-08-17T00:26:09.1279039Z,0,0,495,176,0
2026-08-17T00:26:09.1329062Z,0,0,495,176,0
2026-08-17T00:26:09.1378566Z,0,0,495,176,0
2026-08-17T00:26:09.1434929Z,0,0,495,176,0
2026-08-17T00:26:09.1477024Z,0,0,495,176,0
2026-08-17T00:26:09.1529699Z,0,0,495,176,0
2026-08-17T00:26:09.1578853Z,0,0,495,176,0
2026-08-17T00:26:09.1626689Z,0,0,495,176,0
2026-08-17T00:26:09.1679374Z,0,0,495,176,0
2026-08-17T00:26:09.1728798Z,0,0,495,176,0
2026-08-17T00:26:09.1779914Z,0,0,495,176,0
2026-08-17T00:26:09.1826725Z,0,0,495,176,0
2026-08-17T00:26:09.1874773Z,0,0,495,176,0
2026-08-17T00:26:09.1931559Z,0,0,495,176,0
2026-08-17T00:26:09.1978367Z,0,0,495,176,0
2026-08-17T00:26:09.2030723Z,0,0,495,176,0
2026-08-17T00:26:09.20798Z,0,0,495,176,0
2026-08-17T00:26:09.2126544Z,0,0,495,176,0
2026-08-17T00:26:09.2178717Z,0,0,495,176,0
2026-08-17T00:26:09.2234841Z,0,0,495,176,0
2026-08-17T00:26:09.2277955Z,0,0,495,176,0
2026-08-17T00:26:09.2330788Z,0,0,495,176,0
2026-08-17T00:26:09.2380427Z,0,0,495,176,0
2026-08-17T00:26:09.2427005Z,0,0,495,176,0
2026-08-17T00:26:09.2476931Z,0,0,495,176,0
2026-08-17T00:26:09.2525981Z,0,0,495,176,0
2026-08-17T00:26:09.2579031Z,0,0,495,176,0
2026-08-17T00:26:09.2629546Z,0,0,495,176,0
2026-08-17T00:26:09.267986Z,0,0,495,176,0
2026-08-17T00:26:09.2725457Z,0,0,495,176,0
2026-08-17T00:26:09.2777349Z,0,0,495,176,0
2026-08-17T00:26:09.2829041Z,0,0,495,176,0
2026-08-17T00:26:09.2880116Z,0,0,495,176,0
2026-08-17T00:26:09.2928263Z,0,0,495,176,0
2026-08-17T00:26:09.2975192Z,0,0,495,176,0
2026-08-17T00:26:09.3026939Z,0,0,495,176,0
2026-08-17T00:26:09.3078733Z,0,0,495,176,0
2026-08-17T00:26:09.3130158Z,0,0,495,176,0
2026-08-17T00:26:09.3176978Z,0,0,495,176,0
2026-08-17T00:26:09.3230557Z,0,0,495,176,0
2026-08-17T00:26:09.3277577Z,0,0,495,176,0
2026-08-17T00:26:09.332956Z,0,0,495,176,0
2026-08-17T00:26:09.3376553Z,0,0,495,176,0
2026-08-17T00:26:09.3428037Z,0,0,495,176,0
2026-08-17T00:26:09.3479654Z,0,0,495,176,0
2026-08-17T00:26:09.3526619Z,0,0,495,176,0
2026-08-17T00:26:09.3580103Z,0,0,495,176,0
2026-08-17T00:26:09.3626568Z,0,0,495,176,0
2026-08-17T00:26:09.3678601Z,0,0,495,176,0
2026-08-17T00:26:09.3728376Z,0,0,495,176,0
2026-08-17T00:26:09.3775227Z,0,0,495,176,0
2026-08-17T00:26:09.3826751Z,0,0,495,176,0
2026-08-17T00:26:09.3876611Z,0,0,495,176,0
2026-08-17T00:26:09.3929096Z,0,0,495,176,0
2026-08-17T00:26:09.3977954Z,0,0,495,176,0
2026-08-17T00:26:09.4025753Z,0,0,495,176,0
2026-08-17T00:26:09.4078357Z,0,0,495,176,0
2026-08-17T00:26:09.4125372Z,0,0,495,176,0
2026-08-17T00:26:09.4182238Z,0,0,495,176,0
2026-08-17T00:26:09.4230162Z,0,0,495,176,0
2026-08-17T00:26:09.428456Z,0,0,495,176,0
2026-08-17T00:26:09.4327766Z,0,0,495,176,0
2026-08-17T00:26:09.437947Z,0,0,495,176,0
2026-08-17T00:26:09.442841Z,0,0,495,176,0
2026-08-17T00:26:09.4476382Z,0,0,495,176,0
2026-08-17T00:26:09.4528585Z,0,0,495,176,0
2026-08-17T00:26:09.4577102Z,0,0,495,176,0
2026-08-17T00:26:09.4631601Z,0,0,495,176,0
2026-08-17T00:26:09.4681726Z,0,0,495,176,0
2026-08-17T00:26:09.4725576Z,0,0,495,176,0
2026-08-17T00:26:09.4777649Z,0,0,495,176,0
2026-08-17T00:26:09.4830166Z,0,0,495,176,0
2026-08-17T00:26:09.4875344Z,0,0,495,176,0
2026-08-17T00:26:09.4927719Z,0,0,495,176,0
2026-08-17T00:26:09.4975728Z,0,0,495,176,0
2026-08-17T00:26:09.5028429Z,0,0,495,176,0
2026-08-17T00:26:09.5079638Z,0,0,495,176,0
2026-08-17T00:26:09.5126745Z,0,0,495,176,0
2026-08-17T00:26:09.5178837Z,0,0,495,176,0
2026-08-17T00:26:09.5227032Z,0,0,495,176,0
2026-08-17T00:26:09.528263Z,0,0,495,176,0
2026-08-17T00:26:09.5330292Z,0,0,495,176,0
2026-08-17T00:26:09.5375957Z,0,0,495,176,0
2026-08-17T00:26:09.5427639Z,0,0,495,176,0
2026-08-17T00:26:09.5480008Z,0,0,495,176,0
2026-08-17T00:26:09.5526778Z,0,0,495,176,0
2026-08-17T00:26:09.5582793Z,0,0,495,176,0
2026-08-17T00:26:09.5630032Z,0,0,495,176,0
2026-08-17T00:26:09.5679999Z,0,0,495,176,0
2026-08-17T00:26:09.5727952Z,0,0,495,176,0
2026-08-17T00:26:09.5775154Z,0,0,495,176,0
2026-08-17T00:26:09.583119Z,0,0,495,176,0
2026-08-17T00:26:09.5874454Z,0,0,495,176,0
2026-08-17T00:26:09.5926755Z,0,0,495,176,0
2026-08-17T00:26:09.5980096Z,0,0,495,176,0
2026-08-17T00:26:09.6032819Z,0,0,495,176,0
2026-08-17T00:26:09.6078086Z,0,0,495,176,0
2026-08-17T00:26:09.6128889Z,0,0,495,176,0
2026-08-17T00:26:09.6175578Z,0,0,495,176,0
2026-08-17T00:26:09.6234726Z,0,0,495,176,0
2026-08-17T00:26:09.627707Z,0,0,495,176,0
2026-08-17T00:26:09.6329127Z,0,0,495,176,0
2026-08-17T00:26:09.6376005Z,0,0,495,176,0
2026-08-17T00:26:09.6426403Z,0,0,495,176,0
2026-08-17T00:26:09.6478266Z,0,0,495,176,0
2026-08-17T00:26:09.6529657Z,0,0,495,176,0
2026-08-17T00:26:09.658086Z,0,0,495,176,0
2026-08-17T00:26:09.6630185Z,0,0,495,176,0
2026-08-17T00:26:09.6680687Z,0,0,495,176,0
2026-08-17T00:26:09.6727801Z,0,0,495,176,0
2026-08-17T00:26:09.6776602Z,0,0,495,176,0
2026-08-17T00:26:09.682804Z,0,0,495,176,0
2026-08-17T00:26:09.6879751Z,0,0,495,176,0
2026-08-17T00:26:09.6930133Z,0,0,495,176,0
2026-08-17T00:26:09.6976624Z,0,0,495,176,0
2026-08-17T00:26:09.7028537Z,0,0,495,176,0
2026-08-17T00:26:09.7079963Z,0,0,495,176,0
2026-08-17T00:26:09.7126461Z,0,0,495,176,0
2026-08-17T00:26:09.7178939Z,0,0,495,176,0
2026-08-17T00:26:09.7230197Z,0,0,495,176,0
2026-08-17T00:26:09.7278132Z,0,0,495,176,0
2026-08-17T00:26:09.7326919Z,0,0,495,176,0
2026-08-17T00:26:09.7380108Z,0,0,495,176,0
2026-08-17T00:26:09.7427323Z,0,0,495,176,0
2026-08-17T00:26:09.7475006Z,0,0,495,176,0
2026-08-17T00:26:09.7527262Z,0,0,495,176,0
2026-08-17T00:26:09.757941Z,0,0,495,176,0
2026-08-17T00:26:09.7627336Z,0,0,495,176,0
2026-08-17T00:26:09.7679656Z,0,0,495,176,0
2026-08-17T00:26:09.7733017Z,0,0,495,176,0
2026-08-17T00:26:09.7780342Z,0,0,495,176,0
2026-08-17T00:26:09.7827719Z,0,0,495,176,0
2026-08-17T00:26:09.7880229Z,0,0,495,176,0
2026-08-17T00:26:09.7926469Z,0,0,495,176,0
2026-08-17T00:26:09.7978597Z,0,0,495,176,0
2026-08-17T00:26:09.8026309Z,0,0,495,176,0
2026-08-17T00:26:09.8077175Z,0,0,495,176,0
2026-08-17T00:26:09.8129219Z,0,0,495,176,0
2026-08-17T00:26:09.8176433Z,0,0,495,176,0
2026-08-17T00:26:09.8227461Z,0,0,495,176,0
2026-08-17T00:26:09.8276455Z,0,0,495,176,0
2026-08-17T00:26:09.8333193Z,0,0,495,176,0
2026-08-17T00:26:09.8377053Z,0,0,495,176,0
2026-08-17T00:26:09.842486Z,0,0,495,176,0
2026-08-17T00:26:09.847633Z,0,0,495,176,0
2026-08-17T00:26:09.8541901Z,0,0,495,176,0
2026-08-17T00:26:09.8578803Z,0,0,495,176,0
2026-08-17T00:26:09.8625139Z,0,0,495,176,0
2026-08-17T00:26:09.8676866Z,0,0,495,176,0
2026-08-17T00:26:09.8732512Z,0,0,495,176,0
2026-08-17T00:26:09.8779222Z,0,0,495,176,0
2026-08-17T00:26:09.8830886Z,0,0,495,176,0
2026-08-17T00:26:09.8882075Z,0,0,495,176,0
2026-08-17T00:26:09.8931393Z,0,0,495,176,0
2026-08-17T00:26:09.8975391Z,0,0,495,176,0
2026-08-17T00:26:09.9035705Z,0,0,495,176,0
2026-08-17T00:26:09.9074956Z,0,0,495,176,0
2026-08-17T00:26:09.9125248Z,0,0,495,176,0
2026-08-17T00:26:09.9177296Z,0,0,495,176,0
2026-08-17T00:26:09.9227678Z,0,0,495,176,0
2026-08-17T00:26:09.927977Z,0,0,495,176,0
2026-08-17T00:26:09.9327389Z,0,0,495,176,0
2026-08-17T00:26:09.937885Z,0,0,495,176,0
2026-08-17T00:26:09.9477183Z,0,0,495,176,0
2026-08-17T00:26:09.9534505Z,0,0,495,176,0
2026-08-17T00:26:09.9579279Z,0,0,495,176,0
2026-08-17T00:26:09.9626476Z,0,0,495,176,0
2026-08-17T00:26:09.9679262Z,0,0,495,176,0
2026-08-17T00:26:09.9727714Z,0,0,495,176,0
2026-08-17T00:26:09.9785345Z,0,0,495,176,0
2026-08-17T00:26:09.9826755Z,0,0,495,176,0
2026-08-17T00:26:09.98755Z,0,0,495,176,0
2026-08-17T00:26:09.992744Z,0,0,495,176,0
2026-08-17T00:26:09.997837Z,0,0,495,176,0
2026-08-17T00:26:10.0025959Z,0,0,495,176,0
2026-08-17T00:26:10.0080196Z,0,0,495,176,0
2026-08-17T00:26:10.0127383Z,0,0,495,176,0
2026-08-17T00:26:10.0179982Z,0,0,495,176,0
2026-08-17T00:26:10.0230615Z,0,0,495,176,0
2026-08-17T00:26:10.0278432Z,0,0,495,176,0
2026-08-17T00:26:10.0329942Z,0,0,495,176,0
2026-08-17T00:26:10.0374674Z,0,0,495,176,0
2026-08-17T00:26:10.0430781Z,0,0,495,176,0
2026-08-17T00:26:10.047735Z,0,0,495,176,0
2026-08-17T00:26:10.0530002Z,0,0,495,176,0
2026-08-17T00:26:10.0576828Z,0,0,495,176,0
2026-08-17T00:26:10.0628663Z,0,0,495,176,0
2026-08-17T00:26:10.0677241Z,0,0,495,176,0
2026-08-17T00:26:10.0726445Z,0,0,495,176,0
2026-08-17T00:26:10.0777797Z,0,0,495,176,0
2026-08-17T00:26:10.0829577Z,0,0,495,176,0
2026-08-17T00:26:10.0879277Z,0,0,495,176,0
2026-08-17T00:26:10.0926359Z,0,0,495,176,0
2026-08-17T00:26:10.0978169Z,0,0,495,176,0
2026-08-17T00:26:10.1030291Z,0,0,495,176,0
2026-08-17T00:26:10.1078169Z,0,0,495,176,0
2026-08-17T00:26:10.1129081Z,0,0,495,176,0
2026-08-17T00:26:10.1175923Z,0,0,495,176,0
2026-08-17T00:26:10.1228009Z,0,0,495,176,0
2026-08-17T00:26:10.1276457Z,0,0,495,176,0
2026-08-17T00:26:10.1328975Z,0,0,495,176,0
2026-08-17T00:26:10.1375853Z,0,0,495,176,0
2026-08-17T00:26:10.1425321Z,0,0,495,176,0
2026-08-17T00:26:10.1476915Z,0,0,495,176,0
2026-08-17T00:26:10.1528794Z,0,0,495,176,0
2026-08-17T00:26:10.1576599Z,0,0,495,176,0
2026-08-17T00:26:10.1628527Z,0,0,495,176,0
2026-08-17T00:26:10.1677016Z,0,0,495,176,0
2026-08-17T00:26:10.1730434Z,0,0,495,176,0
2026-08-17T00:26:10.1777078Z,0,0,495,176,0
2026-08-17T00:26:10.1829596Z,0,0,495,176,0
2026-08-17T00:26:10.1880604Z,0,0,495,176,0
2026-08-17T00:26:10.1927552Z,0,0,495,176,0
2026-08-17T00:26:10.1980111Z,0,0,495,176,0
2026-08-17T00:26:10.2030575Z,0,0,495,176,0
2026-08-17T00:26:10.2077304Z,0,0,495,176,0
2026-08-17T00:26:10.2129112Z,0,0,495,176,0
2026-08-17T00:26:10.2180409Z,0,0,495,176,0
2026-08-17T00:26:10.2231446Z,0,0,495,176,0
2026-08-17T00:26:10.2281238Z,0,0,495,176,0
2026-08-17T00:26:10.2331056Z,0,0,495,176,0
2026-08-17T00:26:10.2378439Z,0,0,495,176,0
2026-08-17T00:26:10.2425838Z,0,0,495,176,0
2026-08-17T00:26:10.2479061Z,0,0,495,176,0
2026-08-17T00:26:10.2531235Z,0,0,495,176,0
2026-08-17T00:26:10.2579812Z,0,0,495,176,0
2026-08-17T00:26:10.2629269Z,0,0,495,176,0
2026-08-17T00:26:10.2677432Z,0,0,495,176,0
2026-08-17T00:26:10.2730285Z,0,0,495,176,0
2026-08-17T00:26:10.2777104Z,0,0,495,176,0
2026-08-17T00:26:10.2829143Z,0,0,495,176,0
2026-08-17T00:26:10.2884866Z,0,0,495,176,0
2026-08-17T00:26:10.2932645Z,0,0,495,176,0
2026-08-17T00:26:10.2981807Z,0,0,495,176,0
2026-08-17T00:26:10.3029057Z,0,0,495,176,0
2026-08-17T00:26:10.308305Z,0,0,495,176,0
2026-08-17T00:26:10.3129596Z,0,0,495,176,0
2026-08-17T00:26:10.3176056Z,0,0,495,176,0
2026-08-17T00:26:10.3228275Z,0,0,495,176,0
2026-08-17T00:26:10.3279422Z,0,0,495,176,0
2026-08-17T00:26:10.3332997Z,0,0,495,176,0
2026-08-17T00:26:10.3378687Z,0,0,495,176,0
2026-08-17T00:26:10.342993Z,0,0,495,176,0
2026-08-17T00:26:10.3476402Z,0,0,495,176,0
2026-08-17T00:26:10.3529308Z,0,0,495,176,0
2026-08-17T00:26:10.3580289Z,0,0,495,176,0
2026-08-17T00:26:10.3635549Z,0,0,495,176,0
2026-08-17T00:26:10.3676874Z,0,0,495,176,0
2026-08-17T00:26:10.3732202Z,0,0,495,176,0
2026-08-17T00:26:10.3778849Z,0,0,495,176,0
2026-08-17T00:26:10.38256Z,0,0,495,176,0
2026-08-17T00:26:10.3879375Z,0,0,495,176,0
2026-08-17T00:26:10.3927526Z,0,0,495,176,0
2026-08-17T00:26:10.3977038Z,0,0,495,176,0
2026-08-17T00:26:10.4028829Z,0,0,495,176,0
2026-08-17T00:26:10.4078237Z,0,0,495,176,0
2026-08-17T00:26:10.4129427Z,0,0,495,176,0
2026-08-17T00:26:10.4180341Z,0,0,495,176,0
2026-08-17T00:26:10.4228003Z,0,0,495,176,0
2026-08-17T00:26:10.4275636Z,0,0,495,176,0
2026-08-17T00:26:10.4328264Z,0,0,495,176,0
2026-08-17T00:26:10.4377671Z,0,0,495,176,0
2026-08-17T00:26:10.442423Z,0,0,495,176,0
2026-08-17T00:26:10.447787Z,0,0,495,176,0
2026-08-17T00:26:10.4526895Z,0,0,495,176,0
2026-08-17T00:26:10.4580129Z,0,0,495,176,0
2026-08-17T00:26:10.4626955Z,0,0,495,176,0
2026-08-17T00:26:10.4680445Z,0,0,495,176,0
2026-08-17T00:26:10.4725357Z,0,0,495,176,0
2026-08-17T00:26:10.477802Z,0,0,495,176,0
2026-08-17T00:26:10.4825848Z,0,0,495,176,0
2026-08-17T00:26:10.4879242Z,0,0,495,176,0
2026-08-17T00:26:10.492824Z,0,0,495,176,0
2026-08-17T00:26:10.4976919Z,0,0,495,176,0
2026-08-17T00:26:10.5030523Z,0,0,495,176,0
2026-08-17T00:26:10.5079183Z,0,0,495,176,0
2026-08-17T00:26:10.512617Z,0,0,495,176,0
2026-08-17T00:26:10.5178571Z,0,0,495,176,0
2026-08-17T00:26:10.522984Z,0,0,495,176,0
2026-08-17T00:26:10.5280519Z,0,0,495,176,0
2026-08-17T00:26:10.5327664Z,0,0,495,176,0
2026-08-17T00:26:10.5380178Z,0,0,495,176,0
2026-08-17T00:26:10.542839Z,0,0,495,176,0
2026-08-17T00:26:10.547708Z,0,0,495,176,0
2026-08-17T00:26:10.5525306Z,0,0,495,176,0
2026-08-17T00:26:10.5577547Z,0,0,495,176,0
2026-08-17T00:26:10.5629017Z,0,0,495,176,0
2026-08-17T00:26:10.5677241Z,0,0,495,176,0
2026-08-17T00:26:10.5729341Z,0,0,495,176,0
2026-08-17T00:26:10.5777573Z,0,0,495,176,0
2026-08-17T00:26:10.5829788Z,0,0,495,176,0
2026-08-17T00:26:10.5879844Z,0,0,495,176,0
2026-08-17T00:26:10.5930264Z,0,0,495,176,0
2026-08-17T00:26:10.5977499Z,0,0,495,176,0
2026-08-17T00:26:10.6025269Z,0,0,495,176,0
2026-08-17T00:26:10.608152Z,0,0,495,176,0
2026-08-17T00:26:10.6127691Z,0,0,495,176,0
2026-08-17T00:26:10.6179605Z,0,0,495,176,0
2026-08-17T00:26:10.622797Z,0,0,495,176,0
2026-08-17T00:26:10.6280087Z,0,0,495,176,0
2026-08-17T00:26:10.632849Z,0,0,495,176,0
2026-08-17T00:26:10.6378637Z,0,0,495,176,0
2026-08-17T00:26:10.6428019Z,0,0,495,176,0
2026-08-17T00:26:10.6474808Z,0,0,495,176,0
2026-08-17T00:26:10.6529914Z,0,0,495,176,0
2026-08-17T00:26:10.657776Z,0,0,495,176,0
2026-08-17T00:26:10.662978Z,0,0,495,176,0
2026-08-17T00:26:10.6677509Z,0,0,495,176,0
2026-08-17T00:26:10.6729942Z,0,0,495,176,0
2026-08-17T00:26:10.6777101Z,0,0,495,176,0
2026-08-17T00:26:10.6830165Z,0,0,495,176,0
2026-08-17T00:26:10.6883304Z,0,0,495,176,0
2026-08-17T00:26:10.6930161Z,0,0,495,176,0
2026-08-17T00:26:10.6978275Z,0,0,495,176,0
2026-08-17T00:26:10.7030383Z,0,0,495,176,0
2026-08-17T00:26:10.7080014Z,0,0,495,176,0
2026-08-17T00:26:10.7126213Z,0,0,495,176,0
2026-08-17T00:26:10.7177511Z,0,0,495,176,0
2026-08-17T00:26:10.7226292Z,0,0,495,176,0
2026-08-17T00:26:10.7279067Z,0,0,495,176,0
2026-08-17T00:26:10.7325927Z,0,0,495,176,0
2026-08-17T00:26:10.7374244Z,0,0,495,176,0
2026-08-17T00:26:10.7424926Z,0,0,495,176,0
2026-08-17T00:26:10.7478478Z,0,0,495,176,0
2026-08-17T00:26:10.7530483Z,0,0,495,176,0
2026-08-17T00:26:10.7581363Z,0,0,495,176,0
2026-08-17T00:26:10.7628985Z,0,0,495,176,0
2026-08-17T00:26:10.7678305Z,0,0,495,176,0
2026-08-17T00:26:10.7727891Z,0,0,495,176,0
2026-08-17T00:26:10.7779467Z,0,0,495,176,0
2026-08-17T00:26:10.7825547Z,0,0,495,176,0
2026-08-17T00:26:10.787708Z,0,0,495,176,0
2026-08-17T00:26:10.7925955Z,0,0,495,176,0
2026-08-17T00:26:10.79769Z,0,0,495,176,0
2026-08-17T00:26:10.8029182Z,0,0,495,176,0
2026-08-17T00:26:10.8082025Z,0,0,495,176,0
2026-08-17T00:26:10.8129404Z,0,0,495,176,0
2026-08-17T00:26:10.8182879Z,0,0,495,176,0
2026-08-17T00:26:10.8228492Z,0,0,495,176,0
2026-08-17T00:26:10.8277855Z,0,0,495,176,0
2026-08-17T00:26:10.8331452Z,0,0,495,176,0
2026-08-17T00:26:10.8380528Z,0,0,495,176,0
2026-08-17T00:26:10.8428298Z,0,0,495,176,0
2026-08-17T00:26:10.847964Z,0,0,495,176,0
2026-08-17T00:26:10.8526616Z,0,0,495,176,0
2026-08-17T00:26:10.8577402Z,0,0,495,176,0
2026-08-17T00:26:10.8633313Z,0,0,495,176,0
2026-08-17T00:26:10.868317Z,0,0,495,176,0
2026-08-17T00:26:10.8727669Z,0,0,495,176,0
2026-08-17T00:26:10.8780135Z,0,0,495,176,0
2026-08-17T00:26:10.8833823Z,0,0,495,176,0
2026-08-17T00:26:10.8877226Z,0,0,495,176,0
2026-08-17T00:26:10.8926686Z,0,0,495,176,0
2026-08-17T00:26:10.8977862Z,0,0,495,176,0
2026-08-17T00:26:10.9027417Z,0,0,495,176,0
2026-08-17T00:26:10.9081419Z,0,0,495,176,0
2026-08-17T00:26:10.9131929Z,0,0,495,176,0
2026-08-17T00:26:10.9179522Z,0,0,495,176,0
2026-08-17T00:26:10.9230328Z,0,0,495,176,0
2026-08-17T00:26:10.9277688Z,0,0,495,176,0
2026-08-17T00:26:10.9325331Z,0,0,495,176,0
2026-08-17T00:26:10.9375223Z,0,0,495,176,0
2026-08-17T00:26:10.9433652Z,0,0,495,176,0
2026-08-17T00:26:10.9476045Z,0,0,495,176,0
2026-08-17T00:26:10.9527767Z,0,0,495,176,0
2026-08-17T00:26:10.957629Z,0,0,495,176,0
2026-08-17T00:26:10.9627134Z,0,0,495,176,0
2026-08-17T00:26:10.9675796Z,0,0,495,176,0
2026-08-17T00:26:10.9726972Z,0,0,495,176,0
2026-08-17T00:26:10.9779002Z,0,0,495,176,0
2026-08-17T00:26:10.9825541Z,0,0,495,176,0
2026-08-17T00:26:10.987874Z,0,0,495,176,0
2026-08-17T00:26:10.9928742Z,0,0,495,176,0
2026-08-17T00:26:10.9976865Z,0,0,495,176,0
2026-08-17T00:26:11.0029255Z,0,0,495,176,0
2026-08-17T00:26:11.0078178Z,0,0,495,176,0
2026-08-17T00:26:11.0129445Z,0,0,495,176,0
2026-08-17T00:26:11.0175484Z,0,0,495,176,0
2026-08-17T00:26:11.02282Z,0,0,495,176,0
2026-08-17T00:26:11.0277767Z,0,0,495,176,0
2026-08-17T00:26:11.0329459Z,0,0,495,176,0
2026-08-17T00:26:11.0378223Z,0,0,495,176,0
2026-08-17T00:26:11.0431565Z,0,0,495,176,0
2026-08-17T00:26:11.0476664Z,0,0,495,176,0
2026-08-17T00:26:11.0528524Z,0,0,495,176,0
2026-08-17T00:26:11.0579353Z,0,0,495,176,0
2026-08-17T00:26:11.0625189Z,0,0,495,176,0
2026-08-17T00:26:11.0685087Z,0,0,495,176,0
2026-08-17T00:26:11.0727996Z,0,0,495,176,0
2026-08-17T00:26:11.0779877Z,0,0,495,176,0
2026-08-17T00:26:11.0830136Z,0,0,495,176,0
2026-08-17T00:26:11.0879055Z,0,0,495,176,0
2026-08-17T00:26:11.0926838Z,0,0,495,176,0
2026-08-17T00:26:11.098193Z,0,0,495,176,0
2026-08-17T00:26:11.1029309Z,0,0,495,176,0
2026-08-17T00:26:11.1081098Z,0,0,495,176,0
2026-08-17T00:26:11.1126128Z,0,0,495,176,0
2026-08-17T00:26:11.1179455Z,0,0,495,176,0
2026-08-17T00:26:11.122535Z,0,0,495,176,0
2026-08-17T00:26:11.1277044Z,0,0,495,176,0
2026-08-17T00:26:11.1330145Z,0,0,495,176,0
2026-08-17T00:26:11.1377946Z,0,0,495,176,0
2026-08-17T00:26:11.1428021Z,0,0,495,176,0
2026-08-17T00:26:11.1480782Z,0,0,495,176,0
2026-08-17T00:26:11.1529324Z,0,0,495,176,0
2026-08-17T00:26:11.158111Z,0,0,495,176,0
2026-08-17T00:26:11.1627298Z,0,0,495,176,0
2026-08-17T00:26:11.1680047Z,0,0,495,176,0
2026-08-17T00:26:11.1731461Z,0,0,495,176,0
2026-08-17T00:26:11.1778206Z,0,0,495,176,0
2026-08-17T00:26:11.1825651Z,0,0,495,176,0
2026-08-17T00:26:11.1877518Z,0,0,495,176,0
2026-08-17T00:26:11.1929232Z,0,0,495,176,0
2026-08-17T00:26:11.1982299Z,0,0,495,176,0
2026-08-17T00:26:11.203612Z,0,0,495,176,0
2026-08-17T00:26:11.2077934Z,0,0,495,176,0
2026-08-17T00:26:11.2130395Z,0,0,495,176,0
2026-08-17T00:26:11.2178246Z,0,0,495,176,0
2026-08-17T00:26:11.2227332Z,0,0,495,176,0
2026-08-17T00:26:11.2276954Z,0,0,495,176,0
2026-08-17T00:26:11.2329153Z,0,0,495,176,0
2026-08-17T00:26:11.2378277Z,0,0,495,176,0
2026-08-17T00:26:11.2427458Z,0,0,495,176,0
2026-08-17T00:26:11.2479591Z,0,0,495,176,0
2026-08-17T00:26:11.2525712Z,0,0,495,176,0
2026-08-17T00:26:11.2580348Z,0,0,495,176,0
2026-08-17T00:26:11.262687Z,0,0,495,176,0
2026-08-17T00:26:11.2676931Z,0,0,495,176,0
2026-08-17T00:26:11.2726424Z,0,0,495,176,0
2026-08-17T00:26:11.2779274Z,0,0,495,176,0
2026-08-17T00:26:11.282725Z,0,0,495,176,0
2026-08-17T00:26:11.2877525Z,0,0,495,176,0
2026-08-17T00:26:11.292542Z,0,0,495,176,0
2026-08-17T00:26:11.2977877Z,0,0,495,176,0
2026-08-17T00:26:11.3030442Z,0,0,495,176,0
2026-08-17T00:26:11.308313Z,0,0,495,176,0
2026-08-17T00:26:11.3132591Z,0,0,495,176,0
2026-08-17T00:26:11.3178592Z,0,0,495,176,0
2026-08-17T00:26:11.3228298Z,0,0,495,176,0
2026-08-17T00:26:11.3279426Z,0,0,495,176,0
2026-08-17T00:26:11.3332793Z,0,0,495,176,0
2026-08-17T00:26:11.3380248Z,0,0,495,176,0
2026-08-17T00:26:11.3428726Z,0,0,495,176,0
2026-08-17T00:26:11.3476575Z,0,0,495,176,0
2026-08-17T00:26:11.3530407Z,0,0,495,176,0
2026-08-17T00:26:11.3579738Z,0,0,495,176,0
2026-08-17T00:26:11.3626494Z,0,0,495,176,0
2026-08-17T00:26:11.3678502Z,0,0,495,176,0
2026-08-17T00:26:11.3727317Z,0,0,495,176,0
2026-08-17T00:26:11.3779168Z,0,0,495,176,0
2026-08-17T00:26:11.383086Z,0,0,495,176,0
2026-08-17T00:26:11.3877491Z,0,0,495,176,0
2026-08-17T00:26:11.3926397Z,0,0,495,176,0
2026-08-17T00:26:11.3977976Z,0,0,495,176,0
2026-08-17T00:26:11.4026143Z,0,0,495,176,0
2026-08-17T00:26:11.4079702Z,0,0,495,176,0
2026-08-17T00:26:11.412641Z,0,0,495,176,0
2026-08-17T00:26:11.4178942Z,0,0,495,176,0
2026-08-17T00:26:11.4230671Z,0,0,495,176,0
2026-08-17T00:26:11.4279471Z,0,0,495,176,0
2026-08-17T00:26:11.4325936Z,0,0,495,176,0
2026-08-17T00:26:11.4375736Z,0,0,495,176,0
2026-08-17T00:26:11.4427163Z,0,0,495,176,0
2026-08-17T00:26:11.4478746Z,0,0,495,176,0
2026-08-17T00:26:11.4525952Z,0,0,495,176,0
2026-08-17T00:26:11.4579344Z,0,0,495,176,0
2026-08-17T00:26:11.462627Z,0,0,495,176,0
2026-08-17T00:26:11.4677887Z,0,0,495,176,0
2026-08-17T00:26:11.472559Z,0,0,495,176,0
2026-08-17T00:26:11.4777756Z,0,0,495,176,0
2026-08-17T00:26:11.4829522Z,0,0,495,176,0
2026-08-17T00:26:11.4879556Z,0,0,495,176,0
2026-08-17T00:26:11.4928655Z,0,0,495,176,0
2026-08-17T00:26:11.4976383Z,0,0,495,176,0
2026-08-17T00:26:11.5028Z,0,0,495,176,0
2026-08-17T00:26:11.5077711Z,0,0,495,176,0
2026-08-17T00:26:11.5129855Z,0,0,495,176,0
2026-08-17T00:26:11.5181402Z,0,0,495,176,0
2026-08-17T00:26:11.5227516Z,0,0,495,176,0
2026-08-17T00:26:11.5276824Z,0,0,495,176,0
2026-08-17T00:26:11.5328519Z,0,0,495,176,0
2026-08-17T00:26:11.5378208Z,0,0,495,176,0
2026-08-17T00:26:11.5426646Z,0,0,495,176,0
2026-08-17T00:26:11.5477829Z,0,0,495,176,0
2026-08-17T00:26:11.5529447Z,0,0,495,176,0
2026-08-17T00:26:11.5578719Z,0,0,495,176,0
2026-08-17T00:26:11.5627081Z,0,0,495,176,0
2026-08-17T00:26:11.5679439Z,0,0,495,176,0
2026-08-17T00:26:11.5729769Z,0,0,495,176,0
2026-08-17T00:26:11.577661Z,0,0,495,176,0
2026-08-17T00:26:11.5824741Z,0,0,495,176,0
2026-08-17T00:26:11.587854Z,0,0,495,176,0
2026-08-17T00:26:11.5924945Z,0,0,495,176,0
2026-08-17T00:26:11.5977066Z,0,0,495,176,0
2026-08-17T00:26:11.6028382Z,0,0,495,176,0
2026-08-17T00:26:11.6076717Z,0,0,495,176,0
2026-08-17T00:26:11.6127547Z,0,0,495,176,0
2026-08-17T00:26:11.6178371Z,0,0,495,176,0
2026-08-17T00:26:11.6230142Z,0,0,495,176,0
2026-08-17T00:26:11.6277802Z,0,0,495,176,0
2026-08-17T00:26:11.6327298Z,0,0,495,176,0
2026-08-17T00:26:11.6377873Z,0,0,495,176,0
2026-08-17T00:26:11.6427961Z,0,0,495,176,0
2026-08-17T00:26:11.6479495Z,0,0,495,176,0
2026-08-17T00:26:11.6528631Z,0,0,495,176,0
2026-08-17T00:26:11.6582399Z,0,0,495,176,0
2026-08-17T00:26:11.6629148Z,0,0,495,176,0
2026-08-17T00:26:11.667594Z,0,0,495,176,0
2026-08-17T00:26:11.6728387Z,0,0,495,176,0
2026-08-17T00:26:11.677542Z,0,0,495,176,0
2026-08-17T00:26:11.6827654Z,0,0,495,176,0
2026-08-17T00:26:11.6876184Z,0,0,495,176,0
2026-08-17T00:26:11.6927256Z,0,0,495,176,0
2026-08-17T00:26:11.6977435Z,0,0,495,176,0
2026-08-17T00:26:11.7029634Z,0,0,495,176,0
2026-08-17T00:26:11.7084223Z,0,0,495,176,0
2026-08-17T00:26:11.7126075Z,0,0,495,176,0
2026-08-17T00:26:11.717887Z,0,0,495,176,0
2026-08-17T00:26:11.7228683Z,0,0,495,176,0
2026-08-17T00:26:11.7279138Z,0,0,495,176,0
2026-08-17T00:26:11.7329393Z,0,0,495,176,0
2026-08-17T00:26:11.7377698Z,0,0,495,176,0
2026-08-17T00:26:11.7428849Z,0,0,495,176,0
2026-08-17T00:26:11.7475481Z,0,0,495,176,0
2026-08-17T00:26:11.7527243Z,0,0,495,176,0
2026-08-17T00:26:11.7581479Z,0,0,495,176,0
2026-08-17T00:26:11.7625184Z,0,0,495,176,0
2026-08-17T00:26:11.76776Z,0,0,495,176,0
2026-08-17T00:26:11.7725844Z,0,0,495,176,0
2026-08-17T00:26:11.7778069Z,0,0,495,176,0
2026-08-17T00:26:11.7829815Z,0,0,495,176,0
2026-08-17T00:26:11.7879446Z,0,0,495,176,0
2026-08-17T00:26:11.7929726Z,0,0,495,176,0
2026-08-17T00:26:11.7977394Z,0,0,495,176,0
2026-08-17T00:26:11.802717Z,0,0,495,176,0
2026-08-17T00:26:11.8077122Z,0,0,495,176,0
2026-08-17T00:26:11.8128108Z,0,0,495,176,0
2026-08-17T00:26:11.8179622Z,0,0,495,176,0
2026-08-17T00:26:11.8228845Z,0,0,495,176,0
2026-08-17T00:26:11.8279393Z,0,0,495,176,0
2026-08-17T00:26:11.8331284Z,0,0,495,176,0
2026-08-17T00:26:11.8377435Z,0,0,495,176,0
2026-08-17T00:26:11.843157Z,0,0,495,176,0
2026-08-17T00:26:11.8478096Z,0,0,495,176,0
2026-08-17T00:26:11.8530099Z,0,0,495,176,0
2026-08-17T00:26:11.8577968Z,0,0,495,176,0
2026-08-17T00:26:11.8626151Z,0,0,495,176,0
2026-08-17T00:26:11.8679609Z,0,0,495,176,0
2026-08-17T00:26:11.8733065Z,0,0,495,176,0
2026-08-17T00:26:11.8779738Z,0,0,495,176,0
2026-08-17T00:26:11.8831188Z,0,0,495,176,0
2026-08-17T00:26:11.8880432Z,0,0,495,176,0
2026-08-17T00:26:11.8927514Z,0,0,495,176,0
2026-08-17T00:26:11.897935Z,0,0,495,176,0
2026-08-17T00:26:11.9027303Z,0,0,495,176,0
2026-08-17T00:26:11.9082681Z,0,0,495,176,0
2026-08-17T00:26:11.9129703Z,0,0,495,176,0
2026-08-17T00:26:11.917593Z,0,0,495,176,0
2026-08-17T00:26:11.9229855Z,0,0,495,176,0
2026-08-17T00:26:11.9277594Z,0,0,495,176,0
2026-08-17T00:26:11.9334827Z,0,0,495,176,0
2026-08-17T00:26:11.9377667Z,0,0,495,176,0
2026-08-17T00:26:11.9431145Z,0,0,495,176,0
2026-08-17T00:26:11.9483249Z,0,0,495,176,0
2026-08-17T00:26:11.953013Z,0,0,495,176,0
2026-08-17T00:26:11.9580081Z,0,0,495,176,0
2026-08-17T00:26:11.9630148Z,0,0,495,176,0
2026-08-17T00:26:11.9681223Z,0,0,495,176,0
2026-08-17T00:26:11.9727034Z,0,0,495,176,0
2026-08-17T00:26:11.977859Z,0,0,495,176,0
2026-08-17T00:26:11.982547Z,0,0,495,176,0
2026-08-17T00:26:11.9876262Z,0,0,495,176,0
2026-08-17T00:26:11.9927854Z,0,0,495,176,0
2026-08-17T00:26:11.998062Z,0,0,495,176,0
2026-08-17T00:26:12.0030641Z,0,0,495,176,0
2026-08-17T00:26:12.0080463Z,0,0,495,176,0
2026-08-17T00:26:12.0126708Z,0,0,495,176,0
2026-08-17T00:26:12.0178273Z,0,0,495,176,0
2026-08-17T00:26:12.0225116Z,0,0,495,176,0
2026-08-17T00:26:12.0277049Z,0,0,495,176,0
2026-08-17T00:26:12.0329073Z,0,0,495,176,0
2026-08-17T00:26:12.0374412Z,0,0,495,176,0
2026-08-17T00:26:12.0427723Z,0,0,495,176,0
2026-08-17T00:26:12.0475433Z,0,0,495,176,0
2026-08-17T00:26:12.0530338Z,0,0,495,176,0
2026-08-17T00:26:12.0579892Z,0,0,495,176,0
2026-08-17T00:26:12.0627929Z,0,0,495,176,0
2026-08-17T00:26:12.0678842Z,0,0,495,176,0
2026-08-17T00:26:12.0731583Z,0,0,495,176,0
2026-08-17T00:26:12.0778483Z,0,0,495,176,0
2026-08-17T00:26:12.0829401Z,0,0,495,176,0
2026-08-17T00:26:12.0878407Z,0,0,495,176,0
2026-08-17T00:26:12.0926234Z,0,0,495,176,0
2026-08-17T00:26:12.0977568Z,0,0,495,176,0
2026-08-17T00:26:12.1031157Z,0,0,495,176,0
2026-08-17T00:26:12.1082239Z,0,0,495,176,0
2026-08-17T00:26:12.1129144Z,0,0,495,176,0
2026-08-17T00:26:12.1180982Z,0,0,495,176,0
2026-08-17T00:26:12.1228918Z,0,0,495,176,0
2026-08-17T00:26:12.128385Z,0,0,495,176,0
2026-08-17T00:26:12.1334185Z,0,0,495,176,0
2026-08-17T00:26:12.1378646Z,0,0,495,176,0
2026-08-17T00:26:12.1430716Z,0,0,495,176,0
2026-08-17T00:26:12.1481163Z,0,0,495,176,0
2026-08-17T00:26:12.1528309Z,0,0,495,176,0
2026-08-17T00:26:12.1578935Z,0,0,495,176,0
2026-08-17T00:26:12.1628305Z,0,0,495,176,0
2026-08-17T00:26:12.1675336Z,0,0,495,176,0
2026-08-17T00:26:12.1731239Z,0,0,495,176,0
2026-08-17T00:26:12.177812Z,0,0,495,176,0
2026-08-17T00:26:12.1826289Z,0,0,495,176,0
2026-08-17T00:26:12.1876916Z,0,0,495,176,0
2026-08-17T00:26:12.192977Z,0,0,495,176,0
2026-08-17T00:26:12.1977965Z,0,0,495,176,0
2026-08-17T00:26:12.2027646Z,0,0,495,176,0
2026-08-17T00:26:12.2077317Z,0,0,495,176,0
2026-08-17T00:26:12.212903Z,0,0,495,176,0
2026-08-17T00:26:12.2175799Z,0,0,495,176,0
2026-08-17T00:26:12.2226949Z,0,0,495,176,0
2026-08-17T00:26:12.227924Z,0,0,495,176,0
2026-08-17T00:26:12.2326019Z,0,0,495,176,0
2026-08-17T00:26:12.238419Z,0,0,495,176,0
2026-08-17T00:26:12.2425537Z,0,0,495,176,0
2026-08-17T00:26:12.2476282Z,0,0,495,176,0
2026-08-17T00:26:12.2527412Z,0,0,495,176,0
2026-08-17T00:26:12.2578675Z,0,0,495,176,0
2026-08-17T00:26:12.2630636Z,0,0,495,176,0
2026-08-17T00:26:12.2679264Z,0,0,495,176,0
2026-08-17T00:26:12.2727197Z,0,0,495,176,0
2026-08-17T00:26:12.2778295Z,0,0,495,176,0
2026-08-17T00:26:12.2829518Z,0,0,495,176,0
2026-08-17T00:26:12.287876Z,0,0,495,176,0
2026-08-17T00:26:12.2938098Z,0,0,495,176,0
2026-08-17T00:26:12.2980192Z,0,0,495,176,0
2026-08-17T00:26:12.3027236Z,0,0,495,176,0
2026-08-17T00:26:12.3079179Z,0,0,495,176,0
2026-08-17T00:26:12.3126012Z,0,0,495,176,0
2026-08-17T00:26:12.3177811Z,0,0,495,176,0
2026-08-17T00:26:12.3228188Z,0,0,495,176,0
2026-08-17T00:26:12.327842Z,0,0,495,176,0
2026-08-17T00:26:12.3327405Z,0,0,495,176,0
2026-08-17T00:26:12.3378639Z,0,0,495,176,0
2026-08-17T00:26:12.342607Z,0,0,495,176,0
2026-08-17T00:26:12.3477911Z,0,0,495,176,0
2026-08-17T00:26:12.3525801Z,0,0,495,176,0
2026-08-17T00:26:12.3581347Z,0,0,495,176,0
2026-08-17T00:26:12.3627977Z,0,0,495,176,0
2026-08-17T00:26:12.3680121Z,0,0,495,176,0
2026-08-17T00:26:12.3729877Z,0,0,495,176,0
2026-08-17T00:26:12.3777148Z,0,0,495,176,0
2026-08-17T00:26:12.3828116Z,0,0,495,176,0
2026-08-17T00:26:12.3876206Z,0,0,495,176,0
2026-08-17T00:26:12.3929763Z,0,0,495,176,0
2026-08-17T00:26:12.3976378Z,0,0,495,176,0
2026-08-17T00:26:12.4027696Z,0,0,495,176,0
2026-08-17T00:26:12.4079735Z,0,0,495,176,0
2026-08-17T00:26:12.412627Z,0,0,495,176,0
2026-08-17T00:26:12.4178562Z,0,0,495,176,0
2026-08-17T00:26:12.4228663Z,0,0,495,176,0
2026-08-17T00:26:12.4277689Z,0,0,495,176,0
2026-08-17T00:26:12.4328772Z,0,0,495,176,0
2026-08-17T00:26:12.4381867Z,0,0,495,176,0
2026-08-17T00:26:12.4429893Z,0,0,495,176,0
2026-08-17T00:26:12.4477149Z,0,0,495,176,0
2026-08-17T00:26:12.4534751Z,0,0,495,176,0
2026-08-17T00:26:12.4580121Z,0,0,495,176,0
2026-08-17T00:26:12.4628502Z,0,0,495,176,0
2026-08-17T00:26:12.4679442Z,0,0,495,176,0
2026-08-17T00:26:12.4727081Z,0,0,495,176,0
2026-08-17T00:26:12.4778788Z,0,0,495,176,0
2026-08-17T00:26:12.4830506Z,0,0,495,176,0
2026-08-17T00:26:12.4879049Z,0,0,495,176,0
2026-08-17T00:26:12.492777Z,0,0,495,176,0
2026-08-17T00:26:12.497791Z,0,0,495,176,0
2026-08-17T00:26:12.5026074Z,0,0,495,176,0
2026-08-17T00:26:12.5083942Z,0,0,495,176,0
2026-08-17T00:26:12.512534Z,0,0,495,176,0
2026-08-17T00:26:12.5179119Z,0,0,495,176,0
2026-08-17T00:26:12.5230519Z,0,0,495,176,0
2026-08-17T00:26:12.527976Z,0,0,495,176,0
2026-08-17T00:26:12.5327207Z,0,0,495,176,0
2026-08-17T00:26:12.5380201Z,0,0,495,176,0
2026-08-17T00:26:12.5428786Z,0,0,495,176,0
2026-08-17T00:26:12.5476063Z,0,0,495,176,0
2026-08-17T00:26:12.5528077Z,0,0,495,176,0
2026-08-17T00:26:12.5580305Z,0,0,495,176,0
2026-08-17T00:26:12.5627004Z,0,0,495,176,0
2026-08-17T00:26:12.5679175Z,0,0,495,176,0
2026-08-17T00:26:12.5726464Z,0,0,495,176,0
2026-08-17T00:26:12.5779011Z,0,0,495,176,0
2026-08-17T00:26:12.5827005Z,0,0,495,176,0
2026-08-17T00:26:12.5876548Z,0,0,495,176,0
2026-08-17T00:26:12.5928111Z,0,0,495,176,0
2026-08-17T00:26:12.5977656Z,0,0,495,176,0
2026-08-17T00:26:12.6033015Z,0,0,495,176,0
2026-08-17T00:26:12.6078102Z,0,0,495,176,0
2026-08-17T00:26:12.6129266Z,0,0,495,176,0
2026-08-17T00:26:12.6180933Z,0,0,495,176,0
2026-08-17T00:26:12.6229379Z,0,0,495,176,0
2026-08-17T00:26:12.6277453Z,0,0,495,176,0
2026-08-17T00:26:12.6329707Z,0,0,495,176,0
2026-08-17T00:26:12.6377461Z,0,0,495,176,0
2026-08-17T00:26:12.6426254Z,0,0,495,176,0
2026-08-17T00:26:12.6480468Z,0,0,495,176,0
2026-08-17T00:26:12.6529016Z,0,0,495,176,0
2026-08-17T00:26:12.6580362Z,0,0,495,176,0
2026-08-17T00:26:12.6628154Z,0,0,495,176,0
2026-08-17T00:26:12.6678216Z,0,0,495,176,0
2026-08-17T00:26:12.6729736Z,0,0,495,176,0
2026-08-17T00:26:12.6776119Z,0,0,495,176,0
2026-08-17T00:26:12.6827874Z,0,0,495,176,0
2026-08-17T00:26:12.6876391Z,0,0,495,176,0
2026-08-17T00:26:12.6928217Z,0,0,495,176,0
2026-08-17T00:26:12.69823Z,0,0,495,176,0
2026-08-17T00:26:12.7030813Z,0,0,495,176,0
2026-08-17T00:26:12.7081622Z,0,0,495,176,0
2026-08-17T00:26:12.7129223Z,0,0,495,176,0
2026-08-17T00:26:12.7176973Z,0,0,495,176,0
2026-08-17T00:26:12.7229983Z,0,0,495,176,0
2026-08-17T00:26:12.7277308Z,0,0,495,176,0
2026-08-17T00:26:12.7328833Z,0,0,495,176,0
2026-08-17T00:26:12.7376856Z,0,0,495,176,0
2026-08-17T00:26:12.7429939Z,0,0,495,176,0
2026-08-17T00:26:12.7482089Z,0,0,495,176,0
2026-08-17T00:26:12.7531725Z,0,0,495,176,0
2026-08-17T00:26:12.7581638Z,0,0,495,176,0
2026-08-17T00:26:12.7628182Z,0,0,495,176,0
2026-08-17T00:26:12.7682364Z,0,0,495,176,0
2026-08-17T00:26:12.7727692Z,0,0,495,176,0
2026-08-17T00:26:12.7779601Z,0,0,495,176,0
2026-08-17T00:26:12.7826053Z,0,0,495,176,0
2026-08-17T00:26:12.7875709Z,0,0,495,176,0
2026-08-17T00:26:12.7932893Z,0,0,495,176,0
2026-08-17T00:26:12.7981146Z,0,0,495,176,0
2026-08-17T00:26:12.8031253Z,0,0,495,176,0
2026-08-17T00:26:12.8082389Z,0,0,495,176,0
2026-08-17T00:26:12.8129608Z,0,0,495,176,0
2026-08-17T00:26:12.8176927Z,0,0,495,176,0
2026-08-17T00:26:12.8230568Z,0,0,495,176,0
2026-08-17T00:26:12.827777Z,0,0,495,176,0
2026-08-17T00:26:12.8326343Z,0,0,495,176,0
2026-08-17T00:26:12.837781Z,0,0,495,176,0
2026-08-17T00:26:12.8427041Z,0,0,495,176,0
2026-08-17T00:26:12.8478642Z,0,0,495,176,0
2026-08-17T00:26:12.8530093Z,0,0,495,176,0
2026-08-17T00:26:12.8579937Z,0,0,495,176,0
2026-08-17T00:26:12.8626701Z,0,0,495,176,0
2026-08-17T00:26:12.8682024Z,0,0,495,176,0
2026-08-17T00:26:12.8731256Z,0,0,495,176,0
2026-08-17T00:26:12.8777657Z,0,0,495,176,0
2026-08-17T00:26:12.8829187Z,0,0,495,176,0
2026-08-17T00:26:12.887833Z,0,0,495,176,0
2026-08-17T00:26:12.8926212Z,0,0,495,176,0
2026-08-17T00:26:12.8979491Z,0,0,495,176,0
2026-08-17T00:26:12.9032467Z,0,0,495,176,0
2026-08-17T00:26:12.9077315Z,0,0,495,176,0
2026-08-17T00:26:12.9129383Z,0,0,495,176,0
2026-08-17T00:26:12.9183641Z,0,0,495,176,0
2026-08-17T00:26:12.9226728Z,0,0,495,176,0
2026-08-17T00:26:12.92778Z,0,0,495,176,0
2026-08-17T00:26:12.933441Z,0,0,495,176,0
2026-08-17T00:26:12.9374047Z,0,0,495,176,0
2026-08-17T00:26:12.94268Z,0,0,495,176,0
2026-08-17T00:26:12.9478292Z,0,0,495,176,0
2026-08-17T00:26:12.9526789Z,0,0,495,176,0
2026-08-17T00:26:12.9580605Z,0,0,495,176,0
2026-08-17T00:26:12.9628213Z,0,0,495,176,0
2026-08-17T00:26:12.9684427Z,0,0,495,176,0
2026-08-17T00:26:12.9730621Z,0,0,495,176,0
2026-08-17T00:26:12.9777697Z,0,0,495,176,0
2026-08-17T00:26:12.9830006Z,0,0,495,176,0
2026-08-17T00:26:12.9876174Z,0,0,495,176,0
2026-08-17T00:26:12.9929675Z,0,0,495,176,0
2026-08-17T00:26:12.9978353Z,0,0,495,176,0
2026-08-17T00:26:13.0028286Z,0,0,495,176,0
2026-08-17T00:26:13.0079472Z,0,0,495,176,0
2026-08-17T00:26:13.0126141Z,0,0,495,176,0
2026-08-17T00:26:13.017779Z,0,0,495,176,0
2026-08-17T00:26:13.0226667Z,0,0,495,176,0
2026-08-17T00:26:13.0278104Z,0,0,495,176,0
2026-08-17T00:26:13.0329939Z,0,0,495,176,0
2026-08-17T00:26:13.0382683Z,0,0,495,176,0
2026-08-17T00:26:13.0429143Z,0,0,495,176,0
2026-08-17T00:26:13.0476132Z,0,0,495,176,0
2026-08-17T00:26:13.0527976Z,0,0,495,176,0
2026-08-17T00:26:13.0578319Z,0,0,495,176,0
2026-08-17T00:26:13.0625626Z,0,0,495,176,0
2026-08-17T00:26:13.0680156Z,0,0,495,176,0
2026-08-17T00:26:13.0730544Z,0,0,495,176,0
2026-08-17T00:26:13.0777386Z,0,0,495,176,0
2026-08-17T00:26:13.08251Z,0,0,495,176,0
2026-08-17T00:26:13.0878693Z,0,0,495,176,0
2026-08-17T00:26:13.0927569Z,0,0,495,176,0
2026-08-17T00:26:13.0978244Z,0,0,495,176,0
2026-08-17T00:26:13.1026193Z,0,0,495,176,0
2026-08-17T00:26:13.107898Z,0,0,495,176,0
2026-08-17T00:26:13.1125995Z,0,0,495,176,0
2026-08-17T00:26:13.1176426Z,0,0,495,176,0
2026-08-17T00:26:13.1226983Z,0,0,495,176,0
2026-08-17T00:26:13.127755Z,0,0,495,176,0
2026-08-17T00:26:13.1327805Z,0,0,495,176,0
2026-08-17T00:26:13.1377737Z,0,0,495,176,0
2026-08-17T00:26:13.1430526Z,0,0,495,176,0
2026-08-17T00:26:13.1486755Z,0,0,495,176,0
2026-08-17T00:26:13.152974Z,0,0,495,176,0
2026-08-17T00:26:13.1581104Z,0,0,495,176,0
2026-08-17T00:26:13.162784Z,0,0,495,176,0
2026-08-17T00:26:13.1678295Z,0,0,495,176,0
2026-08-17T00:26:13.1730591Z,0,0,495,176,0
2026-08-17T00:26:13.1777134Z,0,0,495,176,0
2026-08-17T00:26:13.1829537Z,0,0,495,176,0
2026-08-17T00:26:13.1878071Z,0,0,495,176,0
2026-08-17T00:26:13.1927755Z,0,0,495,176,0
2026-08-17T00:26:13.1978495Z,0,0,495,176,0
2026-08-17T00:26:13.2026152Z,0,0,495,176,0
2026-08-17T00:26:13.2077261Z,0,0,495,176,0
2026-08-17T00:26:13.2128943Z,0,0,495,176,0
2026-08-17T00:26:13.217615Z,0,0,495,176,0
2026-08-17T00:26:13.2230656Z,0,0,495,176,0
2026-08-17T00:26:13.2278417Z,0,0,495,176,0
2026-08-17T00:26:13.2329821Z,0,0,495,176,0
2026-08-17T00:26:13.2374864Z,0,0,495,176,0
2026-08-17T00:26:13.2429242Z,0,0,495,176,0
2026-08-17T00:26:13.2476073Z,0,0,495,176,0
2026-08-17T00:26:13.2527559Z,0,0,495,176,0
2026-08-17T00:26:13.2577217Z,0,0,495,176,0
2026-08-17T00:26:13.2629744Z,0,0,495,176,0
2026-08-17T00:26:13.2678629Z,0,0,495,176,0
2026-08-17T00:26:13.2731484Z,0,0,495,176,0
2026-08-17T00:26:13.2782017Z,0,0,495,176,0
2026-08-17T00:26:13.2828937Z,0,0,495,176,0
2026-08-17T00:26:13.2877156Z,0,0,495,176,0
2026-08-17T00:26:13.293011Z,0,0,495,176,0
2026-08-17T00:26:13.297815Z,0,0,495,176,0
2026-08-17T00:26:13.3029774Z,0,0,495,176,0
2026-08-17T00:26:13.30813Z,0,0,495,176,0
2026-08-17T00:26:13.3130957Z,0,0,495,176,0
2026-08-17T00:26:13.317891Z,0,0,495,176,0
2026-08-17T00:26:13.3230354Z,0,0,495,176,0
2026-08-17T00:26:13.3277998Z,0,0,495,176,0
2026-08-17T00:26:13.3325779Z,0,0,495,176,0
2026-08-17T00:26:13.3380388Z,0,0,495,176,0
2026-08-17T00:26:13.342791Z,0,0,495,176,0
2026-08-17T00:26:13.3475364Z,0,0,495,176,0
2026-08-17T00:26:13.3527574Z,0,0,495,176,0
2026-08-17T00:26:13.3578389Z,0,0,495,176,0
2026-08-17T00:26:13.3630249Z,0,0,495,176,0
2026-08-17T00:26:13.3678222Z,0,0,495,176,0
2026-08-17T00:26:13.3726408Z,0,0,495,176,0
2026-08-17T00:26:13.377883Z,0,0,495,176,0
2026-08-17T00:26:13.3826059Z,0,0,495,176,0
2026-08-17T00:26:13.3879833Z,0,0,495,176,0
2026-08-17T00:26:13.3927948Z,0,0,495,176,0
2026-08-17T00:26:13.3977577Z,0,0,495,176,0
2026-08-17T00:26:13.4029348Z,0,0,495,176,0
2026-08-17T00:26:13.4080316Z,0,0,495,176,0
2026-08-17T00:26:13.4127075Z,0,0,495,176,0
2026-08-17T00:26:13.4179539Z,0,0,495,176,0
2026-08-17T00:26:13.4225777Z,0,0,495,176,0
2026-08-17T00:26:13.4275964Z,0,0,495,176,0
2026-08-17T00:26:13.4327661Z,0,0,495,176,0
2026-08-17T00:26:13.4378184Z,0,0,495,176,0
2026-08-17T00:26:13.4426852Z,0,0,495,176,0
2026-08-17T00:26:13.4478135Z,0,0,495,176,0
2026-08-17T00:26:13.4529831Z,0,0,495,176,0
2026-08-17T00:26:13.4578449Z,0,0,495,176,0
2026-08-17T00:26:13.4626149Z,0,0,495,176,0
2026-08-17T00:26:13.4676184Z,0,0,495,176,0
2026-08-17T00:26:13.4730476Z,0,0,495,176,0
2026-08-17T00:26:13.4777014Z,0,0,495,176,0
2026-08-17T00:26:13.4829226Z,0,0,495,176,0
2026-08-17T00:26:13.4877504Z,0,0,495,176,0
2026-08-17T00:26:13.492842Z,0,0,495,176,0
2026-08-17T00:26:13.4978389Z,0,0,495,176,0
2026-08-17T00:26:13.5031614Z,0,0,495,176,0
2026-08-17T00:26:13.508355Z,0,0,495,176,0
2026-08-17T00:26:13.5125905Z,0,0,495,176,0
2026-08-17T00:26:13.5177123Z,0,0,495,176,0
2026-08-17T00:26:13.5228993Z,0,0,495,176,0
2026-08-17T00:26:13.5279073Z,0,0,495,176,0
2026-08-17T00:26:13.5329989Z,0,0,495,176,0
2026-08-17T00:26:13.5379363Z,0,0,495,176,0
2026-08-17T00:26:13.5428272Z,0,0,495,176,0
2026-08-17T00:26:13.5474785Z,0,0,495,176,0
2026-08-17T00:26:13.5531871Z,0,0,495,176,0
2026-08-17T00:26:13.5577644Z,0,0,495,176,0
2026-08-17T00:26:13.5625377Z,0,0,495,176,0
2026-08-17T00:26:13.5677164Z,0,0,495,176,0
2026-08-17T00:26:13.5731817Z,0,0,495,176,0
2026-08-17T00:26:13.5779858Z,0,0,495,176,0
2026-08-17T00:26:13.5829725Z,0,0,495,176,0
2026-08-17T00:26:13.5876304Z,0,0,495,176,0
2026-08-17T00:26:13.5926991Z,0,0,495,176,0
2026-08-17T00:26:13.5978905Z,0,0,495,176,0
2026-08-17T00:26:13.6025817Z,0,0,495,176,0
2026-08-17T00:26:13.6077075Z,0,0,495,176,0
2026-08-17T00:26:13.6128229Z,0,0,495,176,0
2026-08-17T00:26:13.6177406Z,0,0,495,176,0
2026-08-17T00:26:13.6230261Z,0,0,495,176,0
2026-08-17T00:26:13.627675Z,0,0,495,176,0
2026-08-17T00:26:13.6331451Z,0,0,495,176,0
2026-08-17T00:26:13.6375353Z,0,0,495,176,0
2026-08-17T00:26:13.642986Z,0,0,495,176,0
2026-08-17T00:26:13.6476475Z,0,0,495,176,0
2026-08-17T00:26:13.6528186Z,0,0,495,176,0
2026-08-17T00:26:13.6578033Z,0,0,495,176,0
2026-08-17T00:26:13.6625695Z,0,0,495,176,0
2026-08-17T00:26:13.6678274Z,0,0,495,176,0
2026-08-17T00:26:13.6726351Z,0,0,495,176,0
2026-08-17T00:26:13.6780032Z,0,0,495,176,0
2026-08-17T00:26:13.6828011Z,0,0,495,176,0
2026-08-17T00:26:13.6875548Z,0,0,495,176,0
2026-08-17T00:26:13.693006Z,0,0,495,176,0
2026-08-17T00:26:13.6976785Z,0,0,495,176,0
2026-08-17T00:26:13.7033358Z,0,0,495,176,0
2026-08-17T00:26:13.7076917Z,0,0,495,176,0
2026-08-17T00:26:13.712819Z,0,0,495,176,0
2026-08-17T00:26:13.7180264Z,0,0,495,176,0
2026-08-17T00:26:13.7233202Z,0,0,495,176,0
2026-08-17T00:26:13.7275841Z,0,0,495,176,0
2026-08-17T00:26:13.7327628Z,0,0,495,176,0
2026-08-17T00:26:13.7375843Z,0,0,495,176,0
2026-08-17T00:26:13.7428647Z,0,0,495,176,0
2026-08-17T00:26:13.7480035Z,0,0,495,176,0
2026-08-17T00:26:13.7526573Z,0,0,495,176,0
2026-08-17T00:26:13.757906Z,0,0,495,176,0
2026-08-17T00:26:13.7625761Z,0,0,495,176,0
2026-08-17T00:26:13.76764Z,0,0,495,176,0
2026-08-17T00:26:13.7730989Z,0,0,495,176,0
2026-08-17T00:26:13.7777111Z,0,0,495,176,0
2026-08-17T00:26:13.7828222Z,0,0,495,176,0
2026-08-17T00:26:13.7877853Z,0,0,495,176,0
2026-08-17T00:26:13.7930162Z,0,0,495,176,0
2026-08-17T00:26:13.7977267Z,0,0,495,176,0
2026-08-17T00:26:13.8033194Z,0,0,495,176,0
2026-08-17T00:26:13.8080658Z,0,0,495,176,0
2026-08-17T00:26:13.8127143Z,0,0,495,176,0
2026-08-17T00:26:13.8179554Z,0,0,495,176,0
2026-08-17T00:26:13.8227322Z,0,0,495,176,0
2026-08-17T00:26:13.8279796Z,0,0,495,176,0
2026-08-17T00:26:13.8328059Z,0,0,495,176,0
2026-08-17T00:26:13.8374523Z,0,0,495,176,0
2026-08-17T00:26:13.842875Z,0,0,495,176,0
2026-08-17T00:26:13.8475194Z,0,0,495,176,0
2026-08-17T00:26:13.8535376Z,0,0,495,176,0
2026-08-17T00:26:13.8579022Z,0,0,495,176,0
2026-08-17T00:26:13.8626887Z,0,0,495,176,0
2026-08-17T00:26:13.8680513Z,0,0,495,176,0
2026-08-17T00:26:13.873055Z,0,0,495,176,0
2026-08-17T00:26:13.8777043Z,0,0,495,176,0
2026-08-17T00:26:13.8829046Z,0,0,495,176,0
2026-08-17T00:26:13.8874176Z,0,0,495,176,0
2026-08-17T00:26:13.8925248Z,0,0,495,176,0
2026-08-17T00:26:13.8978422Z,0,0,495,176,0
2026-08-17T00:26:13.9030758Z,0,0,495,176,0
2026-08-17T00:26:13.9077938Z,0,0,495,176,0
2026-08-17T00:26:13.9129392Z,0,0,495,176,0
2026-08-17T00:26:13.9176793Z,0,0,495,176,0
2026-08-17T00:26:13.9227023Z,0,0,495,176,0
2026-08-17T00:26:13.9279827Z,0,0,495,176,0
2026-08-17T00:26:13.9330759Z,0,0,495,176,0
2026-08-17T00:26:13.9381888Z,0,0,495,176,0
2026-08-17T00:26:13.9428409Z,0,0,495,176,0
2026-08-17T00:26:13.9480317Z,0,0,495,176,0
2026-08-17T00:26:13.9532029Z,0,0,495,176,0
2026-08-17T00:26:13.9576929Z,0,0,495,176,0
2026-08-17T00:26:13.962869Z,0,0,495,176,0
2026-08-17T00:26:13.9675416Z,0,0,495,176,0
2026-08-17T00:26:13.9729146Z,0,0,495,176,0
2026-08-17T00:26:13.9775788Z,0,0,495,176,0
2026-08-17T00:26:13.982756Z,0,0,495,176,0
2026-08-17T00:26:13.9876165Z,0,0,495,176,0
2026-08-17T00:26:13.9930313Z,0,0,495,176,0
2026-08-17T00:26:13.9977292Z,0,0,495,176,0
2026-08-17T00:26:14.0028803Z,0,0,495,176,0
2026-08-17T00:26:14.0078818Z,0,0,495,176,0
2026-08-17T00:26:14.0125809Z,0,0,495,176,0
2026-08-17T00:26:14.0176408Z,0,0,495,176,0
2026-08-17T00:26:14.0230365Z,0,0,495,176,0
2026-08-17T00:26:14.0277906Z,0,0,495,176,0
2026-08-17T00:26:14.033023Z,0,0,495,176,0
2026-08-17T00:26:14.0375906Z,0,0,495,176,0
2026-08-17T00:26:14.0433684Z,0,0,495,176,0
2026-08-17T00:26:14.0475949Z,0,0,495,176,0
2026-08-17T00:26:14.0528759Z,0,0,495,176,0
2026-08-17T00:26:14.0579096Z,0,0,495,176,0
2026-08-17T00:26:14.062857Z,0,0,495,176,0
2026-08-17T00:26:14.0685498Z,0,0,495,176,0
2026-08-17T00:26:14.0729182Z,0,0,495,176,0
2026-08-17T00:26:14.0775998Z,0,0,495,176,0
2026-08-17T00:26:14.0830207Z,0,0,495,176,0
2026-08-17T00:26:14.0874593Z,0,0,495,176,0
2026-08-17T00:26:14.0927241Z,0,0,495,176,0
2026-08-17T00:26:14.0977368Z,0,0,495,176,0
2026-08-17T00:26:14.1029636Z,0,0,495,176,0
2026-08-17T00:26:14.1078906Z,0,0,495,176,0
2026-08-17T00:26:14.1130127Z,0,0,495,176,0
2026-08-17T00:26:14.1177654Z,0,0,495,176,0
2026-08-17T00:26:14.1232846Z,0,0,495,176,0
2026-08-17T00:26:14.1279488Z,0,0,495,176,0
2026-08-17T00:26:14.1326327Z,0,0,495,176,0
2026-08-17T00:26:14.138275Z,0,0,495,176,0
2026-08-17T00:26:14.1429617Z,0,0,495,176,0
2026-08-17T00:26:14.1477124Z,0,0,495,176,0
2026-08-17T00:26:14.152959Z,0,0,495,176,0
2026-08-17T00:26:14.1576763Z,0,0,495,176,0
2026-08-17T00:26:14.1628718Z,0,0,495,176,0
2026-08-17T00:26:14.1678414Z,0,0,495,176,0
2026-08-17T00:26:14.172908Z,0,0,495,176,0
2026-08-17T00:26:14.1776054Z,0,0,495,176,0
2026-08-17T00:26:14.1828021Z,0,0,495,176,0
2026-08-17T00:26:14.1877234Z,0,0,495,176,0
2026-08-17T00:26:14.1926707Z,0,0,495,176,0
2026-08-17T00:26:14.1979498Z,0,0,495,176,0
2026-08-17T00:26:14.203001Z,0,0,495,176,0
2026-08-17T00:26:14.2079351Z,0,0,495,176,0
2026-08-17T00:26:14.2126147Z,0,0,495,176,0
2026-08-17T00:26:14.2176698Z,0,0,495,176,0
2026-08-17T00:26:14.2228585Z,0,0,495,176,0
2026-08-17T00:26:14.2275505Z,0,0,495,176,0
2026-08-17T00:26:14.2329658Z,0,0,495,176,0
2026-08-17T00:26:14.2376821Z,0,0,495,176,0
2026-08-17T00:26:14.2427688Z,0,0,495,176,0
2026-08-17T00:26:14.2475067Z,0,0,495,176,0
2026-08-17T00:26:14.2527444Z,0,0,495,176,0
2026-08-17T00:26:14.2581839Z,0,0,495,176,0
2026-08-17T00:26:14.2629591Z,0,0,495,176,0
2026-08-17T00:26:14.2676968Z,0,0,495,176,0
2026-08-17T00:26:14.2729464Z,0,0,495,176,0
2026-08-17T00:26:14.2776629Z,0,0,495,176,0
2026-08-17T00:26:14.2829432Z,0,0,495,176,0
2026-08-17T00:26:14.2876524Z,0,0,495,176,0
2026-08-17T00:26:14.292911Z,0,0,495,176,0
2026-08-17T00:26:14.2975803Z,0,0,495,176,0
2026-08-17T00:26:14.3030584Z,0,0,495,176,0
2026-08-17T00:26:14.3081469Z,0,0,495,176,0
2026-08-17T00:26:14.3127792Z,0,0,495,176,0
2026-08-17T00:26:14.3179109Z,0,0,495,176,0
2026-08-17T00:26:14.3226408Z,0,0,495,176,0
2026-08-17T00:26:14.3277612Z,0,0,495,176,0
2026-08-17T00:26:14.3331245Z,0,0,495,176,0
2026-08-17T00:26:14.3377648Z,0,0,495,176,0
2026-08-17T00:26:14.3431075Z,0,0,495,176,0
2026-08-17T00:26:14.3476926Z,0,0,495,176,0
2026-08-17T00:26:14.3528601Z,0,0,495,176,0
2026-08-17T00:26:14.3576031Z,0,0,495,176,0
2026-08-17T00:26:14.3628749Z,0,0,495,176,0
2026-08-17T00:26:14.3676577Z,0,0,495,176,0
2026-08-17T00:26:14.3727938Z,0,0,495,176,0
2026-08-17T00:26:14.3775202Z,0,0,495,176,0
2026-08-17T00:26:14.3827849Z,0,0,495,176,0
2026-08-17T00:26:14.38787Z,0,0,495,176,0
2026-08-17T00:26:14.39255Z,0,0,495,176,0
2026-08-17T00:26:14.3982129Z,0,0,495,176,0
2026-08-17T00:26:14.4025911Z,0,0,495,176,0
2026-08-17T00:26:14.4082943Z,0,0,495,176,0
2026-08-17T00:26:14.4130322Z,0,0,495,176,0
2026-08-17T00:26:14.418212Z,0,0,495,176,0
2026-08-17T00:26:14.4229313Z,0,0,495,176,0
2026-08-17T00:26:14.4277901Z,0,0,495,176,0
2026-08-17T00:26:14.433295Z,0,0,495,176,0
2026-08-17T00:26:14.4375019Z,0,0,495,176,0
2026-08-17T00:26:14.4428571Z,0,0,495,176,0
2026-08-17T00:26:14.4476095Z,0,0,495,176,0
2026-08-17T00:26:14.4528381Z,0,0,495,176,0
2026-08-17T00:26:14.4584114Z,0,0,495,176,0
2026-08-17T00:26:14.4629514Z,0,0,495,176,0
2026-08-17T00:26:14.4677719Z,0,0,495,176,0
2026-08-17T00:26:14.4728439Z,0,0,495,176,0
2026-08-17T00:26:14.477603Z,0,0,495,176,0
2026-08-17T00:26:14.482858Z,0,0,495,176,0
2026-08-17T00:26:14.4874607Z,0,0,495,176,0
2026-08-17T00:26:14.4926185Z,0,0,495,176,0
2026-08-17T00:26:14.4977489Z,0,0,495,176,0
2026-08-17T00:26:14.5030216Z,0,0,495,176,0
2026-08-17T00:26:14.5078053Z,0,0,495,176,0
2026-08-17T00:26:14.5126301Z,0,0,495,176,0
2026-08-17T00:26:14.5177556Z,0,0,495,176,0
2026-08-17T00:26:14.5233941Z,0,0,495,176,0
2026-08-17T00:26:14.5277795Z,0,0,495,176,0
2026-08-17T00:26:14.533533Z,0,0,495,176,0
2026-08-17T00:26:14.5379364Z,0,0,495,176,0
2026-08-17T00:26:14.5427169Z,0,0,495,176,0
2026-08-17T00:26:14.5484576Z,0,0,495,176,0
2026-08-17T00:26:14.5530596Z,0,0,495,176,0
2026-08-17T00:26:14.5581515Z,0,0,495,176,0
2026-08-17T00:26:14.5629111Z,0,0,495,176,0
2026-08-17T00:26:14.5677001Z,0,0,495,176,0
2026-08-17T00:26:14.5728494Z,0,0,495,176,0
2026-08-17T00:26:14.5775097Z,0,0,495,176,0
2026-08-17T00:26:14.5828241Z,0,0,495,176,0
2026-08-17T00:26:14.5880712Z,0,0,495,176,0
2026-08-17T00:26:14.5929167Z,0,0,495,176,0
2026-08-17T00:26:14.5976309Z,0,0,495,176,0
2026-08-17T00:26:14.6027514Z,0,0,495,176,0
2026-08-17T00:26:14.6077169Z,0,0,495,176,0
2026-08-17T00:26:14.6129251Z,0,0,495,176,0
2026-08-17T00:26:14.6176508Z,0,0,495,176,0
2026-08-17T00:26:14.6229622Z,0,0,495,176,0
2026-08-17T00:26:14.6276095Z,0,0,495,176,0
2026-08-17T00:26:14.6328052Z,0,0,495,176,0
2026-08-17T00:26:14.6375933Z,0,0,495,176,0
2026-08-17T00:26:14.6428175Z,0,0,495,176,0
2026-08-17T00:26:14.6479319Z,0,0,495,176,0
2026-08-17T00:26:14.6526032Z,0,0,495,176,0
2026-08-17T00:26:14.6579117Z,0,0,495,176,0
2026-08-17T00:26:14.6626431Z,0,0,495,176,0
2026-08-17T00:26:14.6679404Z,0,0,495,176,0
2026-08-17T00:26:14.6728008Z,0,0,495,176,0
2026-08-17T00:26:14.6776569Z,0,0,495,176,0
2026-08-17T00:26:14.6826875Z,0,0,495,176,0
2026-08-17T00:26:14.6875719Z,0,0,495,176,0
2026-08-17T00:26:14.6926888Z,0,0,495,176,0
2026-08-17T00:26:14.6977352Z,0,0,495,176,0
2026-08-17T00:26:14.7028066Z,0,0,495,176,0
2026-08-17T00:26:14.7077819Z,0,0,495,176,0
2026-08-17T00:26:14.7129796Z,0,0,495,176,0
2026-08-17T00:26:14.7176229Z,0,0,495,176,0
2026-08-17T00:26:14.7227669Z,0,0,495,176,0
2026-08-17T00:26:14.72749Z,0,0,495,176,0
2026-08-17T00:26:14.73263Z,0,0,495,176,0
2026-08-17T00:26:14.7378562Z,0,0,495,176,0
2026-08-17T00:26:14.7427756Z,0,0,495,176,0
2026-08-17T00:26:14.7475349Z,0,0,495,176,0
2026-08-17T00:26:14.7526841Z,0,0,495,176,0
2026-08-17T00:26:14.7576783Z,0,0,495,176,0
2026-08-17T00:26:14.7629142Z,0,0,495,176,0
2026-08-17T00:26:14.7679402Z,0,0,495,176,0
2026-08-17T00:26:14.772677Z,0,0,495,176,0
2026-08-17T00:26:14.7778041Z,0,0,495,176,0
2026-08-17T00:26:14.7825278Z,0,0,495,176,0
2026-08-17T00:26:14.7875457Z,0,0,495,176,0
2026-08-17T00:26:14.7929704Z,0,0,495,176,0
2026-08-17T00:26:14.7979459Z,0,0,495,176,0
2026-08-17T00:26:14.8030123Z,0,0,495,176,0
2026-08-17T00:26:14.8077592Z,0,0,495,176,0
2026-08-17T00:26:14.8129029Z,0,0,495,176,0
2026-08-17T00:26:14.8175787Z,0,0,495,176,0
2026-08-17T00:26:14.8228216Z,0,0,495,176,0
2026-08-17T00:26:14.8276183Z,0,0,495,176,0
2026-08-17T00:26:14.8327927Z,0,0,495,176,0
2026-08-17T00:26:14.8373879Z,0,0,495,176,0
2026-08-17T00:26:14.8426354Z,0,0,495,176,0
2026-08-17T00:26:14.8476916Z,0,0,495,176,0
2026-08-17T00:26:14.8529202Z,0,0,495,176,0
2026-08-17T00:26:14.8575766Z,0,0,495,176,0
2026-08-17T00:26:14.8626575Z,0,0,495,176,0
2026-08-17T00:26:14.8677351Z,0,0,495,176,0
2026-08-17T00:26:14.8727366Z,0,0,495,176,0
2026-08-17T00:26:14.8779184Z,0,0,495,176,0
2026-08-17T00:26:14.8826816Z,0,0,495,176,0
2026-08-17T00:26:14.8877795Z,0,0,495,176,0
2026-08-17T00:26:14.8926051Z,0,0,495,176,0
2026-08-17T00:26:14.8980144Z,0,0,495,176,0
2026-08-17T00:26:14.9027254Z,0,0,495,176,0
2026-08-17T00:26:14.9078146Z,0,0,495,176,0
2026-08-17T00:26:14.9125915Z,0,0,495,176,0
2026-08-17T00:26:14.9182123Z,0,0,495,176,0
2026-08-17T00:26:14.9232824Z,0,0,495,176,0
2026-08-17T00:26:14.9276727Z,0,0,495,176,0
2026-08-17T00:26:14.9325249Z,0,0,495,176,0
2026-08-17T00:26:14.9380547Z,0,0,495,176,0
2026-08-17T00:26:14.9427163Z,0,0,495,176,0
2026-08-17T00:26:14.9479586Z,0,0,495,176,0
2026-08-17T00:26:14.9527841Z,0,0,495,176,0
2026-08-17T00:26:14.9579809Z,0,0,495,176,0
2026-08-17T00:26:14.9628811Z,0,0,495,176,0
2026-08-17T00:26:14.967948Z,0,0,495,176,0
2026-08-17T00:26:14.9729165Z,0,0,495,176,0
2026-08-17T00:26:14.977634Z,0,0,495,176,0
2026-08-17T00:26:14.9829323Z,0,0,495,176,0
2026-08-17T00:26:14.987853Z,0,0,495,176,0
2026-08-17T00:26:14.9925662Z,0,0,495,176,0
2026-08-17T00:26:14.9977315Z,0,0,495,176,0
2026-08-17T00:26:15.0029734Z,0,0,495,176,0
2026-08-17T00:26:15.0079831Z,0,0,495,176,0
2026-08-17T00:26:15.0126367Z,0,0,495,176,0
2026-08-17T00:26:15.0176847Z,0,0,495,176,0
2026-08-17T00:26:15.0228146Z,0,0,495,176,0
2026-08-17T00:26:15.0277305Z,0,0,495,176,0
2026-08-17T00:26:15.0325417Z,0,0,495,176,0
2026-08-17T00:26:15.0380378Z,0,0,495,176,0
2026-08-17T00:26:15.0427252Z,0,0,495,176,0
2026-08-17T00:26:15.0479216Z,0,0,495,176,0
2026-08-17T00:26:15.0526385Z,0,0,495,176,0
2026-08-17T00:26:15.0579847Z,0,0,495,176,0
2026-08-17T00:26:15.0625026Z,0,0,495,176,0
2026-08-17T00:26:15.0677357Z,0,0,495,176,0
2026-08-17T00:26:15.072998Z,0,0,495,176,0
2026-08-17T00:26:15.0776636Z,0,0,495,176,0
2026-08-17T00:26:15.0828433Z,0,0,495,176,0
2026-08-17T00:26:15.0876082Z,0,0,495,176,0
2026-08-17T00:26:15.0930193Z,0,0,495,176,0
2026-08-17T00:26:15.0977465Z,0,0,495,176,0
2026-08-17T00:26:15.1029359Z,0,0,495,176,0
2026-08-17T00:26:15.1077969Z,0,0,495,176,0
2026-08-17T00:26:15.1125883Z,0,0,495,176,0
2026-08-17T00:26:15.1175109Z,0,0,495,176,0
2026-08-17T00:26:15.1227946Z,0,0,495,176,0
2026-08-17T00:26:15.1277795Z,0,0,495,176,0
2026-08-17T00:26:15.132593Z,0,0,495,176,0
2026-08-17T00:26:15.1379018Z,0,0,495,176,0
2026-08-17T00:26:15.1425587Z,0,0,495,176,0
2026-08-17T00:26:15.147927Z,0,0,495,176,0
2026-08-17T00:26:15.1525512Z,0,0,495,176,0
2026-08-17T00:26:15.1579594Z,0,0,495,176,0
2026-08-17T00:26:15.1626161Z,0,0,495,176,0
2026-08-17T00:26:15.1677152Z,0,0,495,176,0
2026-08-17T00:26:15.1728564Z,0,0,495,176,0
2026-08-17T00:26:15.1774902Z,0,0,495,176,0
2026-08-17T00:26:15.1826669Z,0,0,495,176,0
2026-08-17T00:26:15.1879438Z,0,0,495,176,0
2026-08-17T00:26:15.1930398Z,0,0,495,176,0
2026-08-17T00:26:15.1978151Z,0,0,495,176,0
2026-08-17T00:26:15.2025295Z,0,0,495,176,0
2026-08-17T00:26:15.2184295Z,0,0,495,176,0
2026-08-17T00:26:15.2228696Z,0,0,495,176,0
2026-08-17T00:26:15.2278284Z,0,0,495,176,0
2026-08-17T00:26:15.2333528Z,0,0,495,176,0
2026-08-17T00:26:15.2379009Z,0,0,495,176,0
2026-08-17T00:26:15.242627Z,0,0,495,176,0
2026-08-17T00:26:15.2477667Z,0,0,495,176,0
2026-08-17T00:26:15.252864Z,0,0,495,176,0
2026-08-17T00:26:15.2578281Z,0,0,495,176,0
2026-08-17T00:26:15.2626792Z,0,0,495,176,0
2026-08-17T00:26:15.2681733Z,0,0,495,176,0
2026-08-17T00:26:15.2729653Z,0,0,495,176,0
2026-08-17T00:26:15.277991Z,0,0,495,176,0
2026-08-17T00:26:15.2828821Z,0,0,495,176,0
2026-08-17T00:26:15.2878762Z,0,0,495,176,0
2026-08-17T00:26:15.2928668Z,0,0,495,176,0
2026-08-17T00:26:15.2979916Z,0,0,495,176,0
2026-08-17T00:26:15.3030875Z,0,0,495,176,0
2026-08-17T00:26:15.3079556Z,0,0,495,176,0
2026-08-17T00:26:15.3129789Z,0,0,495,176,0
2026-08-17T00:26:15.3180284Z,0,0,495,176,0
2026-08-17T00:26:15.3227494Z,0,0,495,176,0
2026-08-17T00:26:15.3275294Z,0,0,495,176,0
2026-08-17T00:26:15.3328114Z,0,0,495,176,0
2026-08-17T00:26:15.338168Z,0,0,495,176,0
2026-08-17T00:26:15.3430035Z,0,0,495,176,0
2026-08-17T00:26:15.3478845Z,0,0,495,176,0
2026-08-17T00:26:15.3531198Z,0,0,495,176,0
2026-08-17T00:26:15.3578504Z,0,0,495,176,0
2026-08-17T00:26:15.3631549Z,0,0,495,176,0
2026-08-17T00:26:15.3680669Z,0,0,495,176,0
2026-08-17T00:26:15.3728395Z,0,0,495,176,0
2026-08-17T00:26:15.3776366Z,0,0,495,176,0
2026-08-17T00:26:15.3829083Z,0,0,495,176,0
2026-08-17T00:26:15.3876674Z,0,0,495,176,0
2026-08-17T00:26:15.3931813Z,0,0,495,176,0
2026-08-17T00:26:15.398117Z,0,0,495,176,0
2026-08-17T00:26:15.403187Z,0,0,495,176,0
2026-08-17T00:26:15.4079461Z,0,0,495,176,0
2026-08-17T00:26:15.412736Z,0,0,495,176,0
2026-08-17T00:26:15.4179643Z,0,0,495,176,0
2026-08-17T00:26:15.4235857Z,0,0,495,176,0
2026-08-17T00:26:15.4281865Z,0,0,495,176,0
2026-08-17T00:26:15.4332479Z,0,0,495,176,0
2026-08-17T00:26:15.4380585Z,0,0,495,176,0
2026-08-17T00:26:15.4427075Z,0,0,495,176,0
2026-08-17T00:26:15.4479156Z,0,0,495,176,0
2026-08-17T00:26:15.4526457Z,0,0,495,176,0
2026-08-17T00:26:15.4577245Z,0,0,495,176,0
2026-08-17T00:26:15.4632535Z,0,0,495,176,0
2026-08-17T00:26:15.4679417Z,0,0,495,176,0
2026-08-17T00:26:15.473229Z,0,0,495,176,0
2026-08-17T00:26:15.4779072Z,0,0,495,176,0
2026-08-17T00:26:15.4826481Z,0,0,495,176,0
2026-08-17T00:26:15.4881386Z,0,0,495,176,0
2026-08-17T00:26:15.4928106Z,0,0,495,176,0
2026-08-17T00:26:15.4978764Z,0,0,495,176,0
2026-08-17T00:26:15.5028839Z,0,0,495,176,0
2026-08-17T00:26:15.5077498Z,0,0,495,176,0
2026-08-17T00:26:15.5125352Z,0,0,495,176,0
2026-08-17T00:26:15.5178149Z,0,0,495,176,0
2026-08-17T00:26:15.5229018Z,0,0,495,176,0
2026-08-17T00:26:15.5275494Z,0,0,495,176,0
2026-08-17T00:26:15.5328199Z,0,0,495,176,0
2026-08-17T00:26:15.5375109Z,0,0,495,176,0
2026-08-17T00:26:15.5428972Z,0,0,495,176,0
2026-08-17T00:26:15.5477698Z,0,0,495,176,0
2026-08-17T00:26:15.552971Z,0,0,495,176,0
2026-08-17T00:26:15.5581099Z,0,0,495,176,0
2026-08-17T00:26:15.562882Z,0,0,495,176,0
2026-08-17T00:26:15.5685128Z,0,0,495,176,0
2026-08-17T00:26:15.5725809Z,0,0,495,176,0
2026-08-17T00:26:15.5775658Z,0,0,495,176,0
2026-08-17T00:26:15.5828784Z,0,0,495,176,0
2026-08-17T00:26:15.5874728Z,0,0,495,176,0
2026-08-17T00:26:15.5936272Z,0,0,495,176,0
2026-08-17T00:26:15.5977206Z,0,0,495,176,0
2026-08-17T00:26:15.6025496Z,0,0,495,176,0
2026-08-17T00:26:15.6077826Z,0,0,495,176,0
2026-08-17T00:26:15.6125799Z,0,0,495,176,0
2026-08-17T00:26:15.6176915Z,0,0,495,176,0
2026-08-17T00:26:15.623092Z,0,0,495,176,0
2026-08-17T00:26:15.6276239Z,0,0,495,176,0
2026-08-17T00:26:15.6335836Z,0,0,495,176,0
2026-08-17T00:26:15.6380279Z,0,0,495,176,0
2026-08-17T00:26:15.6427136Z,0,0,495,176,0
2026-08-17T00:26:15.6475021Z,0,0,495,176,0
2026-08-17T00:26:15.652956Z,0,0,495,176,0
2026-08-17T00:26:15.6576878Z,0,0,495,176,0
2026-08-17T00:26:15.6625578Z,0,0,495,176,0
2026-08-17T00:26:15.6676884Z,0,0,495,176,0
2026-08-17T00:26:15.6726713Z,0,0,495,176,0
2026-08-17T00:26:15.6778929Z,0,0,495,176,0
2026-08-17T00:26:15.6827052Z,0,0,495,176,0
2026-08-17T00:26:15.6874017Z,0,0,495,176,0
2026-08-17T00:26:15.6925834Z,0,0,495,176,0
2026-08-17T00:26:15.6975458Z,0,0,495,176,0
2026-08-17T00:26:15.7026142Z,0,0,495,176,0
2026-08-17T00:26:15.7080808Z,0,0,495,176,0
2026-08-17T00:26:15.7127626Z,0,0,495,176,0
2026-08-17T00:26:15.718033Z,0,0,495,176,0
2026-08-17T00:26:15.7231907Z,0,0,495,176,0
2026-08-17T00:26:15.7278294Z,0,0,495,176,0
2026-08-17T00:26:15.7330264Z,0,0,495,176,0
2026-08-17T00:26:15.7379281Z,0,0,495,176,0
2026-08-17T00:26:15.7426547Z,0,0,495,176,0
2026-08-17T00:26:15.7479439Z,0,0,495,176,0
2026-08-17T00:26:15.7526902Z,0,0,495,176,0
2026-08-17T00:26:15.758015Z,0,0,495,176,0
2026-08-17T00:26:15.7627213Z,0,0,495,176,0
2026-08-17T00:26:15.7678876Z,0,0,495,176,0
2026-08-17T00:26:15.7731237Z,0,0,495,176,0
2026-08-17T00:26:15.7776948Z,0,0,495,176,0
2026-08-17T00:26:15.7828907Z,0,0,495,176,0
2026-08-17T00:26:15.7882297Z,0,0,495,176,0
2026-08-17T00:26:15.7927347Z,0,0,495,176,0
2026-08-17T00:26:15.7979308Z,0,0,495,176,0
2026-08-17T00:26:15.8026948Z,0,0,495,176,0
2026-08-17T00:26:15.808021Z,0,0,495,176,0
2026-08-17T00:26:15.8127013Z,0,0,495,176,0
2026-08-17T00:26:15.8178973Z,0,0,495,176,0
2026-08-17T00:26:15.8232953Z,0,0,495,176,0
2026-08-17T00:26:15.8280292Z,0,0,495,176,0
2026-08-17T00:26:15.8327Z,0,0,495,176,0
2026-08-17T00:26:15.8380122Z,0,0,495,176,0
2026-08-17T00:26:15.8425615Z,0,0,495,176,0
2026-08-17T00:26:15.8475907Z,0,0,495,176,0
2026-08-17T00:26:15.8528111Z,0,0,495,176,0
2026-08-17T00:26:15.8577792Z,0,0,495,176,0
2026-08-17T00:26:15.8629066Z,0,0,495,176,0
2026-08-17T00:26:15.8676892Z,0,0,495,176,0
2026-08-17T00:26:15.8728713Z,0,0,495,176,0
2026-08-17T00:26:15.8775936Z,0,0,495,176,0
2026-08-17T00:26:15.8828239Z,0,0,495,176,0
2026-08-17T00:26:15.8877448Z,0,0,495,176,0
2026-08-17T00:26:15.892955Z,0,0,495,176,0
2026-08-17T00:26:15.8975659Z,0,0,495,176,0
2026-08-17T00:26:15.90285Z,0,0,495,176,0
2026-08-17T00:26:15.9078382Z,0,0,495,176,0
2026-08-17T00:26:15.9126343Z,0,0,495,176,0
2026-08-17T00:26:15.9177625Z,0,0,495,176,0
2026-08-17T00:26:15.9228279Z,0,0,495,176,0
2026-08-17T00:26:15.9279828Z,0,0,495,176,0
2026-08-17T00:26:15.9332765Z,0,0,495,176,0
2026-08-17T00:26:15.937812Z,0,0,495,176,0
2026-08-17T00:26:15.9428318Z,0,0,495,176,0
2026-08-17T00:26:15.9476084Z,0,0,495,176,0
2026-08-17T00:26:15.952833Z,0,0,495,176,0
2026-08-17T00:26:15.9581869Z,0,0,495,176,0
2026-08-17T00:26:15.9628919Z,0,0,495,176,0
2026-08-17T00:26:15.9679335Z,0,0,495,176,0
2026-08-17T00:26:15.9727398Z,0,0,495,176,0
2026-08-17T00:26:15.9779738Z,0,0,495,176,0
2026-08-17T00:26:15.9828505Z,0,0,495,176,0
2026-08-17T00:26:15.9878302Z,0,0,495,176,0
2026-08-17T00:26:15.9930222Z,0,0,495,176,0
2026-08-17T00:26:15.9982082Z,0,0,495,176,0
2026-08-17T00:26:16.0032229Z,0,0,495,176,0
2026-08-17T00:26:16.0083749Z,0,0,495,176,0
2026-08-17T00:26:16.0125771Z,0,0,495,176,0
2026-08-17T00:26:16.0176964Z,0,0,495,176,0
2026-08-17T00:26:16.0228566Z,0,0,495,176,0
2026-08-17T00:26:16.0280267Z,0,0,495,176,0
2026-08-17T00:26:16.0330153Z,0,0,495,176,0
2026-08-17T00:26:16.0379508Z,0,0,495,176,0
2026-08-17T00:26:16.0426579Z,0,0,495,176,0
2026-08-17T00:26:16.0484761Z,0,0,495,176,0
2026-08-17T00:26:16.0527212Z,0,0,495,176,0
2026-08-17T00:26:16.0584435Z,0,0,495,176,0
2026-08-17T00:26:16.063494Z,0,0,495,176,0
2026-08-17T00:26:16.0679853Z,0,0,495,176,0
2026-08-17T00:26:16.0728591Z,0,0,495,176,0
2026-08-17T00:26:16.0775837Z,0,0,495,176,0
2026-08-17T00:26:16.0828612Z,0,0,495,176,0
2026-08-17T00:26:16.0878563Z,0,0,495,176,0
2026-08-17T00:26:16.092634Z,0,0,495,176,0
2026-08-17T00:26:16.0980989Z,0,0,495,176,0
2026-08-17T00:26:16.1031486Z,0,0,495,176,0
2026-08-17T00:26:16.1078582Z,0,0,495,176,0
2026-08-17T00:26:16.1126833Z,0,0,495,176,0
2026-08-17T00:26:16.1184379Z,0,0,495,176,0
2026-08-17T00:26:16.1231899Z,0,0,495,176,0
2026-08-17T00:26:16.1279224Z,0,0,495,176,0
2026-08-17T00:26:16.1326037Z,0,0,495,176,0
2026-08-17T00:26:16.1380043Z,0,0,495,176,0
2026-08-17T00:26:16.1427005Z,0,0,495,176,0
2026-08-17T00:26:16.1479928Z,0,0,495,176,0
2026-08-17T00:26:16.1526905Z,0,0,495,176,0
2026-08-17T00:26:16.1582022Z,0,0,495,176,0
2026-08-17T00:26:16.1629906Z,0,0,495,176,0
2026-08-17T00:26:16.1675567Z,0,0,495,176,0
2026-08-17T00:26:16.1726945Z,0,0,495,176,0
2026-08-17T00:26:16.1775987Z,0,0,495,176,0
2026-08-17T00:26:16.1827144Z,0,0,495,176,0
2026-08-17T00:26:16.1875358Z,0,0,495,176,0
2026-08-17T00:26:16.1924929Z,0,0,495,176,0
2026-08-17T00:26:16.1978334Z,0,0,495,176,0
2026-08-17T00:26:16.2025402Z,0,0,495,176,0
2026-08-17T00:26:16.2077984Z,0,0,495,176,0
2026-08-17T00:26:16.213016Z,0,0,495,176,0
2026-08-17T00:26:16.2177513Z,0,0,495,176,0
2026-08-17T00:26:16.2230756Z,0,0,495,176,0
2026-08-17T00:26:16.2277924Z,0,0,495,176,0
2026-08-17T00:26:16.2326222Z,0,0,495,176,0
2026-08-17T00:26:16.2380291Z,0,0,495,176,0
2026-08-17T00:26:16.2427771Z,0,0,495,176,0
2026-08-17T00:26:16.2475517Z,0,0,495,176,0
2026-08-17T00:26:16.2528937Z,0,0,495,176,0
2026-08-17T00:26:16.2579929Z,0,0,495,176,0
2026-08-17T00:26:16.2629062Z,0,0,495,176,0
2026-08-17T00:26:16.2676978Z,0,0,495,176,0
2026-08-17T00:26:16.2725338Z,0,0,495,176,0
2026-08-17T00:26:16.2777211Z,0,0,495,176,0
2026-08-17T00:26:16.2826904Z,0,0,495,176,0
2026-08-17T00:26:16.2879176Z,0,0,495,176,0
2026-08-17T00:26:16.2926634Z,0,0,495,176,0
2026-08-17T00:26:16.2977308Z,0,0,495,176,0
2026-08-17T00:26:16.3026542Z,0,0,495,176,0
2026-08-17T00:26:16.3075831Z,0,0,495,176,0
2026-08-17T00:26:16.3127681Z,0,0,495,176,0
2026-08-17T00:26:16.3179562Z,0,0,495,176,0
2026-08-17T00:26:16.3227524Z,0,0,495,176,0
2026-08-17T00:26:16.3279435Z,0,0,495,176,0
2026-08-17T00:26:16.332664Z,0,0,495,176,0
2026-08-17T00:26:16.337925Z,0,0,495,176,0
2026-08-17T00:26:16.3425786Z,0,0,495,176,0
2026-08-17T00:26:16.3481359Z,0,0,495,176,0
2026-08-17T00:26:16.3528095Z,0,0,495,176,0
2026-08-17T00:26:16.3581351Z,0,0,495,176,0
2026-08-17T00:26:16.3627988Z,0,0,495,176,0
2026-08-17T00:26:16.3676149Z,0,0,495,176,0
2026-08-17T00:26:16.3730413Z,0,0,495,176,0
2026-08-17T00:26:16.3776915Z,0,0,495,176,0
2026-08-17T00:26:16.3828783Z,0,0,495,176,0
2026-08-17T00:26:16.3875542Z,0,0,495,176,0
2026-08-17T00:26:16.3927226Z,0,0,495,176,0
2026-08-17T00:26:16.3975989Z,0,0,495,176,0
2026-08-17T00:26:16.4027498Z,0,0,495,176,0
2026-08-17T00:26:16.407694Z,0,0,495,176,0
2026-08-17T00:26:16.4130364Z,0,0,495,176,0
2026-08-17T00:26:16.4178119Z,0,0,495,176,0
2026-08-17T00:26:16.4231262Z,0,0,495,176,0
2026-08-17T00:26:16.4276919Z,0,0,495,176,0
2026-08-17T00:26:16.4328555Z,0,0,495,176,0
2026-08-17T00:26:16.4377614Z,0,0,495,176,0
2026-08-17T00:26:16.4429028Z,0,0,495,176,0
2026-08-17T00:26:16.447546Z,0,0,495,176,0
2026-08-17T00:26:16.452885Z,0,0,495,176,0
2026-08-17T00:26:16.4576641Z,0,0,495,176,0
2026-08-17T00:26:16.4629277Z,0,0,495,176,0
2026-08-17T00:26:16.4676191Z,0,0,495,176,0
2026-08-17T00:26:16.4726483Z,0,0,495,176,0
2026-08-17T00:26:16.4776926Z,0,0,495,176,0
2026-08-17T00:26:16.4828161Z,0,0,495,176,0
2026-08-17T00:26:16.4878006Z,0,0,495,176,0
2026-08-17T00:26:16.4929116Z,0,0,495,176,0
2026-08-17T00:26:16.4976362Z,0,0,495,176,0
2026-08-17T00:26:16.5027399Z,0,0,495,176,0
2026-08-17T00:26:16.5077267Z,0,0,495,176,0
2026-08-17T00:26:16.5128818Z,0,0,495,176,0
2026-08-17T00:26:16.5176176Z,0,0,495,176,0
2026-08-17T00:26:16.5230706Z,0,0,495,176,0
2026-08-17T00:26:16.5277746Z,0,0,495,176,0
2026-08-17T00:26:16.5329375Z,0,0,495,176,0
2026-08-17T00:26:16.5378757Z,0,0,495,176,0
2026-08-17T00:26:16.542667Z,0,0,495,176,0
2026-08-17T00:26:16.5477199Z,0,0,495,176,0
2026-08-17T00:26:16.5528316Z,0,0,495,176,0
2026-08-17T00:26:16.5582074Z,0,0,495,176,0
2026-08-17T00:26:16.5628534Z,0,0,495,176,0
2026-08-17T00:26:16.5675569Z,0,0,495,176,0
2026-08-17T00:26:16.5728937Z,0,0,495,176,0
2026-08-17T00:26:16.5775186Z,0,0,495,176,0
2026-08-17T00:26:16.5832357Z,0,0,495,176,0
2026-08-17T00:26:16.5878622Z,0,0,495,176,0
2026-08-17T00:26:16.5925348Z,0,0,495,176,0
2026-08-17T00:26:16.5977094Z,0,0,495,176,0
2026-08-17T00:26:16.6030356Z,0,0,495,176,0
2026-08-17T00:26:16.6077013Z,0,0,495,176,0
2026-08-17T00:26:16.6128935Z,0,0,495,176,0
2026-08-17T00:26:16.6179847Z,0,0,495,176,0
2026-08-17T00:26:16.6231206Z,0,0,495,176,0
2026-08-17T00:26:16.6278218Z,0,0,495,176,0
2026-08-17T00:26:16.6329713Z,0,0,495,176,0
2026-08-17T00:26:16.6378785Z,0,0,495,176,0
2026-08-17T00:26:16.6430028Z,0,0,495,176,0
2026-08-17T00:26:16.6476393Z,0,0,495,176,0
2026-08-17T00:26:16.6527949Z,0,0,495,176,0
2026-08-17T00:26:16.6578238Z,0,0,495,176,0
2026-08-17T00:26:16.6627423Z,0,0,495,176,0
2026-08-17T00:26:16.6679368Z,0,0,495,176,0
2026-08-17T00:26:16.6731876Z,0,0,495,176,0
2026-08-17T00:26:16.6777234Z,0,0,495,176,0
2026-08-17T00:26:16.6828453Z,0,0,495,176,0
2026-08-17T00:26:16.6880052Z,0,0,495,176,0
2026-08-17T00:26:16.6929995Z,0,0,495,176,0
2026-08-17T00:26:16.6977877Z,0,0,495,176,0
2026-08-17T00:26:16.7030004Z,0,0,495,176,0
2026-08-17T00:26:16.7081547Z,0,0,495,176,0
2026-08-17T00:26:16.7128663Z,0,0,495,176,0
2026-08-17T00:26:16.7179984Z,0,0,495,176,0
2026-08-17T00:26:16.7230702Z,0,0,495,176,0
2026-08-17T00:26:16.7279078Z,0,0,495,176,0
2026-08-17T00:26:16.732566Z,0,0,495,176,0
2026-08-17T00:26:16.7382613Z,0,0,495,176,0
2026-08-17T00:26:16.7429322Z,0,0,495,176,0
2026-08-17T00:26:16.7476349Z,0,0,495,176,0
2026-08-17T00:26:16.7528157Z,0,0,495,176,0
2026-08-17T00:26:16.7581035Z,0,0,495,176,0
2026-08-17T00:26:16.7627967Z,0,0,495,176,0
2026-08-17T00:26:16.7679862Z,0,0,495,176,0
2026-08-17T00:26:16.7731937Z,0,0,495,176,0
2026-08-17T00:26:16.7778408Z,0,0,495,176,0
2026-08-17T00:26:16.7825064Z,0,0,495,176,0
2026-08-17T00:26:16.7876176Z,0,0,495,176,0
2026-08-17T00:26:16.7928619Z,0,0,495,176,0
2026-08-17T00:26:16.7980976Z,0,0,495,176,0
2026-08-17T00:26:16.8030558Z,0,0,495,176,0
2026-08-17T00:26:16.8082823Z,0,0,495,176,0
2026-08-17T00:26:16.8129058Z,0,0,495,176,0
2026-08-17T00:26:16.8175296Z,0,0,495,176,0
2026-08-17T00:26:16.82245Z,0,0,495,176,0
2026-08-17T00:26:16.8275358Z,0,0,495,176,0
2026-08-17T00:26:16.8329368Z,0,0,495,176,0
2026-08-17T00:26:16.8377054Z,0,0,495,176,0
2026-08-17T00:26:16.842953Z,0,0,495,176,0
2026-08-17T00:26:16.8476966Z,0,0,495,176,0
2026-08-17T00:26:16.852632Z,0,0,495,176,0
2026-08-17T00:26:16.8578804Z,0,0,495,176,0
2026-08-17T00:26:16.8626021Z,0,0,495,176,0
2026-08-17T00:26:16.8678025Z,0,0,495,176,0
2026-08-17T00:26:16.8732534Z,0,0,495,176,0
2026-08-17T00:26:16.8776431Z,0,0,495,176,0
2026-08-17T00:26:16.8827645Z,0,0,495,176,0
2026-08-17T00:26:16.8879089Z,0,0,495,176,0
2026-08-17T00:26:16.8926399Z,0,0,495,176,0
2026-08-17T00:26:16.8978079Z,0,0,495,176,0
2026-08-17T00:26:16.9031491Z,0,0,495,176,0
2026-08-17T00:26:16.9079023Z,0,0,495,176,0
2026-08-17T00:26:16.9127007Z,0,0,495,176,0
2026-08-17T00:26:16.9180668Z,0,0,495,176,0
2026-08-17T00:26:16.9228716Z,0,0,495,176,0
2026-08-17T00:26:16.9275876Z,0,0,495,176,0
2026-08-17T00:26:16.9329206Z,0,0,495,176,0
2026-08-17T00:26:16.937896Z,0,0,495,176,0
2026-08-17T00:26:16.9425966Z,0,0,495,176,0
2026-08-17T00:26:16.947943Z,0,0,495,176,0
2026-08-17T00:26:16.9531548Z,0,0,495,176,0
2026-08-17T00:26:16.9577171Z,0,0,495,176,0
2026-08-17T00:26:16.9629459Z,0,0,495,176,0
2026-08-17T00:26:16.9678879Z,0,0,495,176,0
2026-08-17T00:26:16.9730564Z,0,0,495,176,0
2026-08-17T00:26:16.9782908Z,0,0,495,176,0
2026-08-17T00:26:16.9828763Z,0,0,495,176,0
2026-08-17T00:26:16.9878951Z,0,0,495,176,0
2026-08-17T00:26:16.9926189Z,0,0,495,176,0
2026-08-17T00:26:16.9977991Z,0,0,495,176,0
2026-08-17T00:26:17.0027523Z,0,0,495,176,0
2026-08-17T00:26:17.008086Z,0,0,495,176,0
2026-08-17T00:26:17.0133131Z,0,0,495,176,0
2026-08-17T00:26:17.0178299Z,0,0,495,176,0
2026-08-17T00:26:17.0231239Z,0,0,495,176,0
2026-08-17T00:26:17.0276706Z,0,0,495,176,0
2026-08-17T00:26:17.0330207Z,0,0,495,176,0
2026-08-17T00:26:17.0380058Z,0,0,495,176,0
2026-08-17T00:26:17.0427374Z,0,0,495,176,0
2026-08-17T00:26:17.0475344Z,0,0,495,176,0
2026-08-17T00:26:17.0527425Z,0,0,495,176,0
2026-08-17T00:26:17.0576127Z,0,0,495,176,0
2026-08-17T00:26:17.0633544Z,0,0,495,176,0
2026-08-17T00:26:17.0675652Z,0,0,495,176,0
2026-08-17T00:26:17.073183Z,0,0,495,176,0
2026-08-17T00:26:17.0777117Z,0,0,495,176,0
2026-08-17T00:26:17.0828202Z,0,0,495,176,0
2026-08-17T00:26:17.0874486Z,0,0,495,176,0
2026-08-17T00:26:17.092652Z,0,0,495,176,0
2026-08-17T00:26:17.0977173Z,0,0,495,176,0
2026-08-17T00:26:17.1034568Z,0,0,495,176,0
2026-08-17T00:26:17.1080485Z,0,0,495,176,0
2026-08-17T00:26:17.1127586Z,0,0,495,176,0
2026-08-17T00:26:17.1179887Z,0,0,495,176,0
2026-08-17T00:26:17.1228878Z,0,0,495,176,0
2026-08-17T00:26:17.1276327Z,0,0,495,176,0
2026-08-17T00:26:17.1329101Z,0,0,495,176,0
2026-08-17T00:26:17.1379896Z,0,0,495,176,0
2026-08-17T00:26:17.1427308Z,0,0,495,176,0
2026-08-17T00:26:17.148116Z,0,0,495,176,0
2026-08-17T00:26:17.1534402Z,0,0,495,176,0
2026-08-17T00:26:17.1580967Z,0,0,495,176,0
2026-08-17T00:26:17.1627455Z,0,0,495,176,0
2026-08-17T00:26:17.1678411Z,0,0,495,176,0
2026-08-17T00:26:17.1726405Z,0,0,495,176,0
2026-08-17T00:26:17.1781432Z,0,0,495,176,0
2026-08-17T00:26:17.1828276Z,0,0,495,176,0
2026-08-17T00:26:17.1878599Z,0,0,495,176,0
2026-08-17T00:26:17.1928215Z,0,0,495,176,0
2026-08-17T00:26:17.1977634Z,0,0,495,176,0
2026-08-17T00:26:17.2026364Z,0,0,495,176,0
2026-08-17T00:26:17.2082108Z,0,0,495,176,0
2026-08-17T00:26:17.2128937Z,0,0,495,176,0
2026-08-17T00:26:17.2176107Z,0,0,495,176,0
2026-08-17T00:26:17.2227984Z,0,0,495,176,0
2026-08-17T00:26:17.2277754Z,0,0,495,176,0
2026-08-17T00:26:17.2326518Z,0,0,495,176,0
2026-08-17T00:26:17.2383344Z,0,0,495,176,0
2026-08-17T00:26:17.2430041Z,0,0,495,176,0
2026-08-17T00:26:17.247729Z,0,0,495,176,0
2026-08-17T00:26:17.2530048Z,0,0,495,176,0
2026-08-17T00:26:17.2577809Z,0,0,495,176,0
2026-08-17T00:26:17.2628894Z,0,0,495,176,0
2026-08-17T00:26:17.2677011Z,0,0,495,176,0
2026-08-17T00:26:17.272668Z,0,0,495,176,0
2026-08-17T00:26:17.2779019Z,0,0,495,176,0
2026-08-17T00:26:17.2828925Z,0,0,495,176,0
2026-08-17T00:26:17.2876425Z,0,0,495,176,0
2026-08-17T00:26:17.2931727Z,0,0,495,176,0
2026-08-17T00:26:17.2977064Z,0,0,495,176,0
2026-08-17T00:26:17.3030029Z,0,0,495,176,0
2026-08-17T00:26:17.3082202Z,0,0,495,176,0
2026-08-17T00:26:17.3128239Z,0,0,495,176,0
2026-08-17T00:26:17.3179666Z,0,0,495,176,0
2026-08-17T00:26:17.3225986Z,0,0,495,176,0
2026-08-17T00:26:17.3277222Z,0,0,495,176,0
2026-08-17T00:26:17.332761Z,0,0,495,176,0
2026-08-17T00:26:17.3383679Z,0,0,495,176,0
2026-08-17T00:26:17.3425351Z,0,0,495,176,0
2026-08-17T00:26:17.3477781Z,0,0,495,176,0
2026-08-17T00:26:17.3529627Z,0,0,495,176,0
2026-08-17T00:26:17.3578247Z,0,0,495,176,0
2026-08-17T00:26:17.362974Z,0,0,495,176,0
2026-08-17T00:26:17.3676927Z,0,0,495,176,0
2026-08-17T00:26:17.3731461Z,0,0,495,176,0
2026-08-17T00:26:17.3776773Z,0,0,495,176,0
2026-08-17T00:26:17.3828576Z,0,0,495,176,0
2026-08-17T00:26:17.3878732Z,0,0,495,176,0
2026-08-17T00:26:17.3928347Z,0,0,495,176,0
2026-08-17T00:26:17.3975709Z,0,0,495,176,0
2026-08-17T00:26:17.4027938Z,0,0,495,176,0
2026-08-17T00:26:17.4079285Z,0,0,495,176,0
2026-08-17T00:26:17.4126273Z,0,0,495,176,0
2026-08-17T00:26:17.417712Z,0,0,495,176,0
2026-08-17T00:26:17.4229858Z,0,0,495,176,0
2026-08-17T00:26:17.4276577Z,0,0,495,176,0
2026-08-17T00:26:17.4329461Z,0,0,495,176,0
2026-08-17T00:26:17.4380288Z,0,0,495,176,0
2026-08-17T00:26:17.4428324Z,0,0,495,176,0
2026-08-17T00:26:17.4475273Z,0,0,495,176,0
2026-08-17T00:26:17.4524786Z,0,0,495,176,0
2026-08-17T00:26:17.4582885Z,0,0,495,176,0
2026-08-17T00:26:17.4629675Z,0,0,495,176,0
2026-08-17T00:26:17.4676313Z,0,0,495,176,0
2026-08-17T00:26:17.4730792Z,0,0,495,176,0
2026-08-17T00:26:17.4777164Z,0,0,495,176,0
2026-08-17T00:26:17.4829271Z,0,0,495,176,0
2026-08-17T00:26:17.4878408Z,0,0,495,176,0
2026-08-17T00:26:17.4929541Z,0,0,495,176,0
2026-08-17T00:26:17.4982392Z,0,0,495,176,0
2026-08-17T00:26:17.5029288Z,0,0,495,176,0
2026-08-17T00:26:17.5081555Z,0,0,495,176,0
2026-08-17T00:26:17.5127706Z,0,0,495,176,0
2026-08-17T00:26:17.5179613Z,0,0,495,176,0
2026-08-17T00:26:17.5229691Z,0,0,495,176,0
2026-08-17T00:26:17.527646Z,0,0,495,176,0
2026-08-17T00:26:17.5328535Z,0,0,495,176,0
2026-08-17T00:26:17.5378567Z,0,0,495,176,0
2026-08-17T00:26:17.5429659Z,0,0,495,176,0
2026-08-17T00:26:17.5476683Z,0,0,495,176,0
2026-08-17T00:26:17.5528468Z,0,0,495,176,0
2026-08-17T00:26:17.5583695Z,0,0,495,176,0
2026-08-17T00:26:17.5625662Z,0,0,495,176,0
2026-08-17T00:26:17.5678097Z,0,0,495,176,0
2026-08-17T00:26:17.5732013Z,0,0,495,176,0
2026-08-17T00:26:17.5777347Z,0,0,495,176,0
2026-08-17T00:26:17.5829252Z,0,0,495,176,0
2026-08-17T00:26:17.5876424Z,0,0,495,176,0
2026-08-17T00:26:17.593162Z,0,0,495,176,0
2026-08-17T00:26:17.5977874Z,0,0,495,176,0
2026-08-17T00:26:17.6034074Z,0,0,495,176,0
2026-08-17T00:26:17.6077669Z,0,0,495,176,0
2026-08-17T00:26:17.6134305Z,0,0,495,176,0
2026-08-17T00:26:17.6175493Z,0,0,495,176,0
2026-08-17T00:26:17.6230194Z,0,0,495,176,0
2026-08-17T00:26:17.6276764Z,0,0,495,176,0
2026-08-17T00:26:17.63339Z,0,0,495,176,0
2026-08-17T00:26:17.6380965Z,0,0,495,176,0
2026-08-17T00:26:17.6428546Z,0,0,495,176,0
2026-08-17T00:26:17.6475834Z,0,0,495,176,0
2026-08-17T00:26:17.652746Z,0,0,495,176,0
2026-08-17T00:26:17.6576832Z,0,0,495,176,0
2026-08-17T00:26:17.6635406Z,0,0,495,176,0
2026-08-17T00:26:17.6677421Z,0,0,495,176,0
2026-08-17T00:26:17.6730658Z,0,0,495,176,0
2026-08-17T00:26:17.6776908Z,0,0,495,176,0
2026-08-17T00:26:17.6828469Z,0,0,495,176,0
2026-08-17T00:26:17.6874238Z,0,0,495,176,0
2026-08-17T00:26:17.6925691Z,0,0,495,176,0
2026-08-17T00:26:17.6977515Z,0,0,495,176,0
2026-08-17T00:26:17.7029636Z,0,0,495,176,0
2026-08-17T00:26:17.7078955Z,0,0,495,176,0
2026-08-17T00:26:17.7127825Z,0,0,495,176,0
2026-08-17T00:26:17.7179504Z,0,0,495,176,0
2026-08-17T00:26:17.72304Z,0,0,495,176,0
2026-08-17T00:26:17.7278665Z,0,0,495,176,0
2026-08-17T00:26:17.7325863Z,0,0,495,176,0
2026-08-17T00:26:17.7377314Z,0,0,495,176,0
2026-08-17T00:26:17.742877Z,0,0,495,176,0
2026-08-17T00:26:17.7475824Z,0,0,495,176,0
2026-08-17T00:26:17.7532866Z,0,0,495,176,0
2026-08-17T00:26:17.7578392Z,0,0,495,176,0
2026-08-17T00:26:17.7629885Z,0,0,495,176,0
2026-08-17T00:26:17.7676811Z,0,0,495,176,0
2026-08-17T00:26:17.7728834Z,0,0,495,176,0
2026-08-17T00:26:17.777522Z,0,0,495,176,0
2026-08-17T00:26:17.7827081Z,0,0,495,176,0
2026-08-17T00:26:17.78747Z,0,0,495,176,0
2026-08-17T00:26:17.7925134Z,0,0,495,176,0
2026-08-17T00:26:17.7975963Z,0,0,495,176,0
2026-08-17T00:26:17.802755Z,0,0,495,176,0
2026-08-17T00:26:17.8082676Z,0,0,495,176,0
2026-08-17T00:26:17.8127878Z,0,0,495,176,0
2026-08-17T00:26:17.8179475Z,0,0,495,176,0
2026-08-17T00:26:17.8227131Z,0,0,495,176,0
2026-08-17T00:26:17.827722Z,0,0,495,176,0
2026-08-17T00:26:17.8325294Z,0,0,495,176,0
2026-08-17T00:26:17.8374696Z,0,0,495,176,0
2026-08-17T00:26:17.8428728Z,0,0,495,176,0
2026-08-17T00:26:17.8480036Z,0,0,495,176,0
2026-08-17T00:26:17.852628Z,0,0,495,176,0
2026-08-17T00:26:17.8581091Z,0,0,495,176,0
2026-08-17T00:26:17.8628164Z,0,0,495,176,0
2026-08-17T00:26:17.8676949Z,0,0,495,176,0
2026-08-17T00:26:17.8728524Z,0,0,495,176,0
2026-08-17T00:26:17.8777716Z,0,0,495,176,0
2026-08-17T00:26:17.8829469Z,0,0,495,176,0
2026-08-17T00:26:17.8881779Z,0,0,495,176,0
2026-08-17T00:26:17.8927489Z,0,0,495,176,0
2026-08-17T00:26:17.8977603Z,0,0,495,176,0
2026-08-17T00:26:17.9028006Z,0,0,495,176,0
2026-08-17T00:26:17.9077243Z,0,0,495,176,0
2026-08-17T00:26:17.9128814Z,0,0,495,176,0
2026-08-17T00:26:17.9177009Z,0,0,495,176,0
2026-08-17T00:26:17.9231163Z,0,0,495,176,0
2026-08-17T00:26:17.9277511Z,0,0,495,176,0
2026-08-17T00:26:17.932896Z,0,0,495,176,0
2026-08-17T00:26:17.9378055Z,0,0,495,176,0
2026-08-17T00:26:17.9429536Z,0,0,495,176,0
2026-08-17T00:26:17.9475908Z,0,0,495,176,0
2026-08-17T00:26:17.9528046Z,0,0,495,176,0
2026-08-17T00:26:17.9580563Z,0,0,495,176,0
2026-08-17T00:26:17.9627164Z,0,0,495,176,0
2026-08-17T00:26:17.9678467Z,0,0,495,176,0
2026-08-17T00:26:17.9732333Z,0,0,495,176,0
2026-08-17T00:26:17.977773Z,0,0,495,176,0
2026-08-17T00:26:17.9828775Z,0,0,495,176,0
2026-08-17T00:26:17.9882692Z,0,0,495,176,0
2026-08-17T00:26:17.9927671Z,0,0,495,176,0
2026-08-17T00:26:17.9978125Z,0,0,495,176,0
2026-08-17T00:26:18.0025078Z,0,0,495,176,0
2026-08-17T00:26:18.0078429Z,0,0,495,176,0
2026-08-17T00:26:18.0125214Z,0,0,495,176,0
2026-08-17T00:26:18.0177668Z,0,0,495,176,0
2026-08-17T00:26:18.022527Z,0,0,495,176,0
2026-08-17T00:26:18.0277253Z,0,0,495,176,0
2026-08-17T00:26:18.0329382Z,0,0,495,176,0
2026-08-17T00:26:18.0377004Z,0,0,495,176,0
2026-08-17T00:26:18.0429169Z,0,0,495,176,0
2026-08-17T00:26:18.0476622Z,0,0,495,176,0
2026-08-17T00:26:18.0529097Z,0,0,495,176,0
2026-08-17T00:26:18.0575233Z,0,0,495,176,0
2026-08-17T00:26:18.062689Z,0,0,495,176,0
2026-08-17T00:26:18.0678048Z,0,0,495,176,0
2026-08-17T00:26:18.0727675Z,0,0,495,176,0
2026-08-17T00:26:18.0779042Z,0,0,495,176,0
2026-08-17T00:26:18.0829932Z,0,0,495,176,0
2026-08-17T00:26:18.0879918Z,0,0,495,176,0
2026-08-17T00:26:18.0926158Z,0,0,495,176,0
2026-08-17T00:26:18.097719Z,0,0,495,176,0
2026-08-17T00:26:18.1028933Z,0,0,495,176,0
2026-08-17T00:26:18.1083071Z,0,0,495,176,0
2026-08-17T00:26:18.1128191Z,0,0,495,176,0
2026-08-17T00:26:18.1184553Z,0,0,495,176,0
2026-08-17T00:26:18.1230815Z,0,0,495,176,0
2026-08-17T00:26:18.1277691Z,0,0,495,176,0
2026-08-17T00:26:18.1334336Z,0,0,495,176,0
2026-08-17T00:26:18.1384614Z,0,0,495,176,0
2026-08-17T00:26:18.142613Z,0,0,495,176,0
2026-08-17T00:26:18.1478239Z,0,0,495,176,0
2026-08-17T00:26:18.1530119Z,0,0,495,176,0
2026-08-17T00:26:18.1577411Z,0,0,495,176,0
2026-08-17T00:26:18.1628808Z,0,0,495,176,0
2026-08-17T00:26:18.1676775Z,0,0,495,176,0
2026-08-17T00:26:18.1731314Z,0,0,495,176,0
2026-08-17T00:26:18.1776678Z,0,0,495,176,0
2026-08-17T00:26:18.1829616Z,0,0,495,176,0
2026-08-17T00:26:18.1875746Z,0,0,495,176,0
2026-08-17T00:26:18.1928371Z,0,0,495,176,0
2026-08-17T00:26:18.1980812Z,0,0,495,176,0
2026-08-17T00:26:18.2027366Z,0,0,495,176,0
2026-08-17T00:26:18.2079821Z,0,0,495,176,0
2026-08-17T00:26:18.2127586Z,0,0,495,176,0
2026-08-17T00:26:18.2183011Z,0,0,495,176,0
2026-08-17T00:26:18.2229991Z,0,0,495,176,0
2026-08-17T00:26:18.2277696Z,0,0,495,176,0
2026-08-17T00:26:18.2326546Z,0,0,495,176,0
2026-08-17T00:26:18.2375603Z,0,0,495,176,0
2026-08-17T00:26:18.242854Z,0,0,495,176,0
2026-08-17T00:26:18.2475844Z,0,0,495,176,0
2026-08-17T00:26:18.2527954Z,0,0,495,176,0
2026-08-17T00:26:18.2577247Z,0,0,495,176,0
2026-08-17T00:26:18.2629404Z,0,0,495,176,0
2026-08-17T00:26:18.2677071Z,0,0,495,176,0
2026-08-17T00:26:18.2726836Z,0,0,495,176,0
2026-08-17T00:26:18.2777271Z,0,0,495,176,0
2026-08-17T00:26:18.2828646Z,0,0,495,176,0
2026-08-17T00:26:18.2876749Z,0,0,495,176,0
2026-08-17T00:26:18.2928528Z,0,0,495,176,0
2026-08-17T00:26:18.2978101Z,0,0,495,176,0
2026-08-17T00:26:18.302673Z,0,0,495,176,0
2026-08-17T00:26:18.3079778Z,0,0,495,176,0
2026-08-17T00:26:18.3126466Z,0,0,495,176,0
2026-08-17T00:26:18.3177351Z,0,0,495,176,0
2026-08-17T00:26:18.3231382Z,0,0,495,176,0
2026-08-17T00:26:18.3277599Z,0,0,495,176,0
2026-08-17T00:26:18.3327461Z,0,0,495,176,0
2026-08-17T00:26:18.3378977Z,0,0,495,176,0
2026-08-17T00:26:18.342586Z,0,0,495,176,0
2026-08-17T00:26:18.3477397Z,0,0,495,176,0
2026-08-17T00:26:18.352926Z,0,0,495,176,0
2026-08-17T00:26:18.3577718Z,0,0,495,176,0
2026-08-17T00:26:18.3629337Z,0,0,495,176,0
2026-08-17T00:26:18.3676149Z,0,0,495,176,0
2026-08-17T00:26:18.3728118Z,0,0,495,176,0
2026-08-17T00:26:18.3778662Z,0,0,495,176,0
2026-08-17T00:26:18.3826105Z,0,0,495,176,0
2026-08-17T00:26:18.3877401Z,0,0,495,176,0
2026-08-17T00:26:18.3927344Z,0,0,495,176,0
2026-08-17T00:26:18.3979833Z,0,0,495,176,0
2026-08-17T00:26:18.4027656Z,0,0,495,176,0
2026-08-17T00:26:18.4078554Z,0,0,495,176,0
2026-08-17T00:26:18.4126117Z,0,0,495,176,0
2026-08-17T00:26:18.4181822Z,0,0,495,176,0
2026-08-17T00:26:18.4229135Z,0,0,495,176,0
2026-08-17T00:26:18.4275801Z,0,0,495,176,0
2026-08-17T00:26:18.4327657Z,0,0,495,176,0
2026-08-17T00:26:18.4379496Z,0,0,495,176,0
2026-08-17T00:26:18.4426099Z,0,0,495,176,0
2026-08-17T00:26:18.4476538Z,0,0,495,176,0
2026-08-17T00:26:18.4528308Z,0,0,495,176,0
2026-08-17T00:26:18.458148Z,0,0,495,176,0
2026-08-17T00:26:18.4628064Z,0,0,495,176,0
2026-08-17T00:26:18.4675765Z,0,0,495,176,0
2026-08-17T00:26:18.472748Z,0,0,495,176,0
2026-08-17T00:26:18.4777875Z,0,0,495,176,0
2026-08-17T00:26:18.4829434Z,0,0,495,176,0
2026-08-17T00:26:18.4879605Z,0,0,495,176,0
2026-08-17T00:26:18.4926457Z,0,0,495,176,0
2026-08-17T00:26:18.4977068Z,0,0,495,176,0
2026-08-17T00:26:18.5028736Z,0,0,495,176,0
2026-08-17T00:26:18.5078643Z,0,0,495,176,0
2026-08-17T00:26:18.5125102Z,0,0,495,176,0
2026-08-17T00:26:18.5176892Z,0,0,495,176,0
2026-08-17T00:26:18.522599Z,0,0,495,176,0
2026-08-17T00:26:18.5276955Z,0,0,495,176,0
2026-08-17T00:26:18.5328545Z,0,0,495,176,0
2026-08-17T00:26:18.5378679Z,0,0,495,176,0
2026-08-17T00:26:18.5430288Z,0,0,495,176,0
2026-08-17T00:26:18.5477181Z,0,0,495,176,0
2026-08-17T00:26:18.5529625Z,0,0,495,176,0
2026-08-17T00:26:18.5579035Z,0,0,495,176,0
2026-08-17T00:26:18.5624819Z,0,0,495,176,0
2026-08-17T00:26:18.5678735Z,0,0,495,176,0
2026-08-17T00:26:18.5726687Z,0,0,495,176,0
2026-08-17T00:26:18.5777078Z,0,0,495,176,0
2026-08-17T00:26:18.5829811Z,0,0,495,176,0
2026-08-17T00:26:18.5876162Z,0,0,495,176,0
2026-08-17T00:26:18.5928133Z,0,0,495,176,0
2026-08-17T00:26:18.5980161Z,0,0,495,176,0
2026-08-17T00:26:18.6027324Z,0,0,495,176,0
2026-08-17T00:26:18.6081315Z,0,0,495,176,0
2026-08-17T00:26:18.6126812Z,0,0,495,176,0
2026-08-17T00:26:18.6177583Z,0,0,495,176,0
2026-08-17T00:26:18.6229023Z,0,0,495,176,0
2026-08-17T00:26:18.6277628Z,0,0,495,176,0
2026-08-17T00:26:18.6325783Z,0,0,495,176,0
2026-08-17T00:26:18.6376668Z,0,0,495,176,0
2026-08-17T00:26:18.6429648Z,0,0,495,176,0
2026-08-17T00:26:18.6476287Z,0,0,495,176,0
2026-08-17T00:26:18.652857Z,0,0,495,176,0
2026-08-17T00:26:18.6579981Z,0,0,495,176,0
2026-08-17T00:26:18.6630999Z,0,0,495,176,0
2026-08-17T00:26:18.6678394Z,0,0,495,176,0
2026-08-17T00:26:18.6727147Z,0,0,495,176,0
2026-08-17T00:26:18.6777679Z,0,0,495,176,0
2026-08-17T00:26:18.6829487Z,0,0,495,176,0
2026-08-17T00:26:18.6876868Z,0,0,495,176,0
2026-08-17T00:26:18.6932391Z,0,0,495,176,0
2026-08-17T00:26:18.6981141Z,0,0,495,176,0
2026-08-17T00:26:18.702704Z,0,0,495,176,0
2026-08-17T00:26:18.707911Z,0,0,495,176,0
2026-08-17T00:26:18.7126481Z,0,0,495,176,0
2026-08-17T00:26:18.7178337Z,0,0,495,176,0
2026-08-17T00:26:18.7231176Z,0,0,495,176,0
2026-08-17T00:26:18.7280071Z,0,0,495,176,0
2026-08-17T00:26:18.7336055Z,0,0,495,176,0
2026-08-17T00:26:18.7381422Z,0,0,495,176,0
2026-08-17T00:26:18.7427944Z,0,0,495,176,0
2026-08-17T00:26:18.7478659Z,0,0,495,176,0
2026-08-17T00:26:18.7530144Z,0,0,495,176,0
2026-08-17T00:26:18.7580485Z,0,0,495,176,0
2026-08-17T00:26:18.7630773Z,0,0,495,176,0
2026-08-17T00:26:18.7680689Z,0,0,495,176,0
2026-08-17T00:26:18.7729748Z,0,0,495,176,0
2026-08-17T00:26:18.7777057Z,0,0,495,176,0
2026-08-17T00:26:18.7830309Z,0,0,495,176,0
2026-08-17T00:26:18.7874635Z,0,0,495,176,0
2026-08-17T00:26:18.79299Z,0,0,495,176,0
2026-08-17T00:26:18.7979705Z,0,0,495,176,0
2026-08-17T00:26:18.8030384Z,0,0,495,176,0
2026-08-17T00:26:18.8079269Z,0,0,495,176,0
2026-08-17T00:26:18.8128682Z,0,0,495,176,0
2026-08-17T00:26:18.8178881Z,0,0,495,176,0
2026-08-17T00:26:18.8229015Z,0,0,495,176,0
2026-08-17T00:26:18.8276593Z,0,0,495,176,0
2026-08-17T00:26:18.8329605Z,0,0,495,176,0
2026-08-17T00:26:18.8376272Z,0,0,495,176,0
2026-08-17T00:26:18.8427838Z,0,0,495,176,0
2026-08-17T00:26:18.8478371Z,0,0,495,176,0
2026-08-17T00:26:18.8530081Z,0,0,495,176,0
2026-08-17T00:26:18.857604Z,0,0,495,176,0
2026-08-17T00:26:18.8626755Z,0,0,495,176,0
2026-08-17T00:26:18.8681255Z,0,0,495,176,0
2026-08-17T00:26:18.8727002Z,0,0,495,176,0
2026-08-17T00:26:18.8778696Z,0,0,495,176,0
2026-08-17T00:26:18.8826182Z,0,0,495,176,0
2026-08-17T00:26:18.8873955Z,0,0,495,176,0
2026-08-17T00:26:18.8928401Z,0,0,495,176,0
2026-08-17T00:26:18.8976274Z,0,0,495,176,0
2026-08-17T00:26:18.9028202Z,0,0,495,176,0
2026-08-17T00:26:18.9081724Z,0,0,495,176,0
2026-08-17T00:26:18.9127341Z,0,0,495,176,0
2026-08-17T00:26:18.9179173Z,0,0,495,176,0
2026-08-17T00:26:18.9231269Z,0,0,495,176,0
2026-08-17T00:26:18.9277158Z,0,0,495,176,0
2026-08-17T00:26:18.9332546Z,0,0,495,176,0
2026-08-17T00:26:18.9381526Z,0,0,495,176,0
2026-08-17T00:26:18.9428009Z,0,0,495,176,0
2026-08-17T00:26:18.9478594Z,0,0,495,176,0
2026-08-17T00:26:18.953111Z,0,0,495,176,0
2026-08-17T00:26:18.9579457Z,0,0,495,176,0
2026-08-17T00:26:18.9630482Z,0,0,495,176,0
2026-08-17T00:26:18.9678545Z,0,0,495,176,0
2026-08-17T00:26:18.972536Z,0,0,495,176,0
2026-08-17T00:26:18.9776865Z,0,0,495,176,0
2026-08-17T00:26:18.9828421Z,0,0,495,176,0
2026-08-17T00:26:18.987862Z,0,0,495,176,0
2026-08-17T00:26:18.9926816Z,0,0,495,176,0
2026-08-17T00:26:18.9977725Z,0,0,495,176,0
2026-08-17T00:26:19.0036628Z,0,0,495,176,0
2026-08-17T00:26:19.0074987Z,0,0,495,176,0
2026-08-17T00:26:19.0132619Z,0,0,495,176,0
2026-08-17T00:26:19.0178485Z,0,0,495,176,0
2026-08-17T00:26:19.0225643Z,0,0,495,176,0
2026-08-17T00:26:19.0276628Z,0,0,495,176,0
2026-08-17T00:26:19.0329638Z,0,0,495,176,0
2026-08-17T00:26:19.0376063Z,0,0,495,176,0
2026-08-17T00:26:19.0428277Z,0,0,495,176,0
2026-08-17T00:26:19.0480403Z,0,0,495,176,0
2026-08-17T00:26:19.0536223Z,0,0,495,176,0
2026-08-17T00:26:19.0577921Z,0,0,495,176,0
2026-08-17T00:26:19.0630671Z,0,0,495,176,0
2026-08-17T00:26:19.067716Z,0,0,495,176,0
2026-08-17T00:26:19.0727348Z,0,0,495,176,0
2026-08-17T00:26:19.0778022Z,0,0,495,176,0
2026-08-17T00:26:19.0825884Z,0,0,495,176,0
2026-08-17T00:26:19.087758Z,0,0,495,176,0
2026-08-17T00:26:19.0929545Z,0,0,495,176,0
2026-08-17T00:26:19.0983563Z,0,0,495,176,0
2026-08-17T00:26:19.1033149Z,0,0,495,176,0
2026-08-17T00:26:19.1080228Z,0,0,495,176,0
2026-08-17T00:26:19.1127667Z,0,0,495,176,0
2026-08-17T00:26:19.1178894Z,0,0,495,176,0
2026-08-17T00:26:19.1229523Z,0,0,495,176,0
2026-08-17T00:26:19.1275855Z,0,0,495,176,0
2026-08-17T00:26:19.1325761Z,0,0,495,176,0
2026-08-17T00:26:19.1378189Z,0,0,495,176,0
2026-08-17T00:26:19.1425134Z,0,0,495,176,0
2026-08-17T00:26:19.1478244Z,0,0,495,176,0
2026-08-17T00:26:19.1531507Z,0,0,495,176,0
2026-08-17T00:26:19.1578002Z,0,0,495,176,0
2026-08-17T00:26:19.1625555Z,0,0,495,176,0
2026-08-17T00:26:19.1677438Z,0,0,495,176,0
2026-08-17T00:26:19.1733217Z,0,0,495,176,0
2026-08-17T00:26:19.1778706Z,0,0,495,176,0
2026-08-17T00:26:19.1826254Z,0,0,495,176,0
2026-08-17T00:26:19.1874606Z,0,0,495,176,0
2026-08-17T00:26:19.1932206Z,0,0,495,176,0
2026-08-17T00:26:19.1984925Z,0,0,495,176,0
2026-08-17T00:26:19.2026957Z,0,0,495,176,0
2026-08-17T00:26:19.2083064Z,0,0,495,176,0
2026-08-17T00:26:19.2128543Z,0,0,495,176,0
2026-08-17T00:26:19.2185618Z,0,0,495,176,0
2026-08-17T00:26:19.2229639Z,0,0,495,176,0
2026-08-17T00:26:19.2277196Z,0,0,495,176,0
2026-08-17T00:26:19.2324918Z,0,0,495,176,0
2026-08-17T00:26:19.2381457Z,0,0,495,176,0
2026-08-17T00:26:19.242809Z,0,0,495,176,0
2026-08-17T00:26:19.2478851Z,0,0,495,176,0
2026-08-17T00:26:19.2530398Z,0,0,495,176,0
2026-08-17T00:26:19.2577677Z,0,0,495,176,0
2026-08-17T00:26:19.2636435Z,0,0,495,176,0
2026-08-17T00:26:19.2678449Z,0,0,495,176,0
2026-08-17T00:26:19.2729236Z,0,0,495,176,0
2026-08-17T00:26:19.2775375Z,0,0,495,176,0
2026-08-17T00:26:19.2828925Z,0,0,495,176,0
2026-08-17T00:26:19.2880857Z,0,0,495,176,0
2026-08-17T00:26:19.2928513Z,0,0,495,176,0
2026-08-17T00:26:19.2977089Z,0,0,495,176,0
2026-08-17T00:26:19.303328Z,0,0,495,176,0
2026-08-17T00:26:19.3079302Z,0,0,495,176,0
2026-08-17T00:26:19.3126829Z,0,0,495,176,0
2026-08-17T00:26:19.3178113Z,0,0,495,176,0
2026-08-17T00:26:19.3229347Z,0,0,495,176,0
2026-08-17T00:26:19.3278595Z,0,0,495,176,0
2026-08-17T00:26:19.332881Z,0,0,495,176,0
2026-08-17T00:26:19.337836Z,0,0,495,176,0
2026-08-17T00:26:19.3425497Z,0,0,495,176,0
2026-08-17T00:26:19.3477395Z,0,0,495,176,0
2026-08-17T00:26:19.3529489Z,0,0,495,176,0
2026-08-17T00:26:19.3578479Z,0,0,495,176,0
2026-08-17T00:26:19.3631065Z,0,0,495,176,0
2026-08-17T00:26:19.3677067Z,0,0,495,176,0
2026-08-17T00:26:19.3729255Z,0,0,495,176,0
2026-08-17T00:26:19.3775671Z,0,0,495,176,0
2026-08-17T00:26:19.3828103Z,0,0,495,176,0
2026-08-17T00:26:19.387721Z,0,0,495,176,0
2026-08-17T00:26:19.3929193Z,0,0,495,176,0
2026-08-17T00:26:19.3978609Z,0,0,495,176,0
2026-08-17T00:26:19.4030966Z,0,0,495,176,0
2026-08-17T00:26:19.4077134Z,0,0,495,176,0
2026-08-17T00:26:19.4124637Z,0,0,495,176,0
2026-08-17T00:26:19.4177449Z,0,0,495,176,0
2026-08-17T00:26:19.4229745Z,0,0,495,176,0
2026-08-17T00:26:19.4276667Z,0,0,495,176,0
2026-08-17T00:26:19.4327524Z,0,0,495,176,0
2026-08-17T00:26:19.4380916Z,0,0,495,176,0
2026-08-17T00:26:19.4427192Z,0,0,495,176,0
2026-08-17T00:26:19.4477915Z,0,0,495,176,0
2026-08-17T00:26:19.4529427Z,0,0,495,176,0
2026-08-17T00:26:19.4576802Z,0,0,495,176,0
2026-08-17T00:26:19.4628751Z,0,0,495,176,0
2026-08-17T00:26:19.4676383Z,0,0,495,176,0
2026-08-17T00:26:19.4730196Z,0,0,495,176,0
2026-08-17T00:26:19.4812868Z,0,0,495,176,0
2026-08-17T00:26:19.4827981Z,0,0,495,176,0
2026-08-17T00:26:19.4875384Z,0,0,495,176,0
2026-08-17T00:26:19.4926614Z,0,0,495,176,0
2026-08-17T00:26:19.4977701Z,0,0,495,176,0
2026-08-17T00:26:19.5032251Z,0,0,495,176,0
2026-08-17T00:26:19.5078356Z,0,0,495,176,0
2026-08-17T00:26:19.5125727Z,0,0,495,176,0
2026-08-17T00:26:19.5181947Z,0,0,495,176,0
2026-08-17T00:26:19.5228882Z,0,0,495,176,0
2026-08-17T00:26:19.5276399Z,0,0,495,176,0
2026-08-17T00:26:19.5329195Z,0,0,495,176,0
2026-08-17T00:26:19.5380725Z,0,0,495,176,0
2026-08-17T00:26:19.5427778Z,0,0,495,176,0
2026-08-17T00:26:19.5475792Z,0,0,495,176,0
2026-08-17T00:26:19.5532384Z,0,0,495,176,0
2026-08-17T00:26:19.5579635Z,0,0,495,176,0
2026-08-17T00:26:19.5627668Z,0,0,495,176,0
2026-08-17T00:26:19.5676699Z,0,0,495,176,0
2026-08-17T00:26:19.5731674Z,0,0,495,176,0
2026-08-17T00:26:19.577879Z,0,0,495,176,0
2026-08-17T00:26:19.5828564Z,0,0,495,176,0
2026-08-17T00:26:19.5875861Z,0,0,495,176,0
2026-08-17T00:26:19.5924909Z,0,0,495,176,0
2026-08-17T00:26:19.5977178Z,0,0,495,176,0
2026-08-17T00:26:19.6028775Z,0,0,495,176,0
2026-08-17T00:26:19.6076004Z,0,0,495,176,0
2026-08-17T00:26:19.6128259Z,0,0,495,176,0
2026-08-17T00:26:19.6178799Z,0,0,495,176,0
2026-08-17T00:26:19.6230321Z,0,0,495,176,0
2026-08-17T00:26:19.6277138Z,0,0,495,176,0
2026-08-17T00:26:19.6325764Z,0,0,495,176,0
2026-08-17T00:26:19.6381517Z,0,0,495,176,0
2026-08-17T00:26:19.6428067Z,0,0,495,176,0
2026-08-17T00:26:19.6478634Z,0,0,495,176,0
2026-08-17T00:26:19.6530453Z,0,0,495,176,0
2026-08-17T00:26:19.6578014Z,0,0,495,176,0
2026-08-17T00:26:19.6625543Z,0,0,495,176,0
2026-08-17T00:26:19.6679898Z,0,0,495,176,0
2026-08-17T00:26:19.6729311Z,0,0,495,176,0
2026-08-17T00:26:19.6775265Z,0,0,495,176,0
2026-08-17T00:26:19.6827446Z,0,0,495,176,0
2026-08-17T00:26:19.6879783Z,0,0,495,176,0
2026-08-17T00:26:19.6928465Z,0,0,495,176,0
2026-08-17T00:26:19.6976348Z,0,0,495,176,0
2026-08-17T00:26:19.7031813Z,0,0,495,176,0
2026-08-17T00:26:19.7078266Z,0,0,495,176,0
2026-08-17T00:26:19.7125935Z,0,0,495,176,0
2026-08-17T00:26:19.7177385Z,0,0,495,176,0
2026-08-17T00:26:19.7231689Z,0,0,495,176,0
2026-08-17T00:26:19.7277512Z,0,0,495,176,0
2026-08-17T00:26:19.7331099Z,0,0,495,176,0
2026-08-17T00:26:19.7378813Z,0,0,495,176,0
2026-08-17T00:26:19.7425935Z,0,0,495,176,0
2026-08-17T00:26:19.7478799Z,0,0,495,176,0
2026-08-17T00:26:19.7525982Z,0,0,495,176,0
2026-08-17T00:26:19.7577625Z,0,0,495,176,0
2026-08-17T00:26:19.7629813Z,0,0,495,176,0
2026-08-17T00:26:19.7676692Z,0,0,495,176,0
2026-08-17T00:26:19.7727798Z,0,0,495,176,0
2026-08-17T00:26:19.7778237Z,0,0,495,176,0
2026-08-17T00:26:19.7829786Z,0,0,495,176,0
2026-08-17T00:26:19.7880854Z,0,0,495,176,0
2026-08-17T00:26:19.7929596Z,0,0,495,176,0
2026-08-17T00:26:19.7976946Z,0,0,495,176,0
2026-08-17T00:26:19.8028872Z,0,0,495,176,0
2026-08-17T00:26:19.807753Z,0,0,495,176,0
2026-08-17T00:26:19.8129795Z,0,0,495,176,0
2026-08-17T00:26:19.8175668Z,0,0,495,176,0
2026-08-17T00:26:19.823032Z,0,0,495,176,0
2026-08-17T00:26:19.8276721Z,0,0,495,176,0
2026-08-17T00:26:19.8328363Z,0,0,495,176,0
2026-08-17T00:26:19.8375665Z,0,0,495,176,0
2026-08-17T00:26:19.8427118Z,0,0,495,176,0
2026-08-17T00:26:19.8478219Z,0,0,495,176,0
2026-08-17T00:26:19.8529095Z,0,0,495,176,0
2026-08-17T00:26:19.8578658Z,0,0,495,176,0
2026-08-17T00:26:19.8629769Z,0,0,495,176,0
2026-08-17T00:26:19.8676139Z,0,0,495,176,0
2026-08-17T00:26:19.8728543Z,0,0,495,176,0
2026-08-17T00:26:19.8779043Z,0,0,495,176,0
2026-08-17T00:26:19.8825351Z,0,0,495,176,0
2026-08-17T00:26:19.8879145Z,0,0,495,176,0
2026-08-17T00:26:19.8925847Z,0,0,495,176,0
2026-08-17T00:26:19.897646Z,0,0,495,176,0
2026-08-17T00:26:19.902995Z,0,0,495,176,0
2026-08-17T00:26:19.9077207Z,0,0,495,176,0
2026-08-17T00:26:19.9128896Z,0,0,495,176,0
2026-08-17T00:26:19.9175873Z,0,0,495,176,0
2026-08-17T00:26:19.9228895Z,0,0,495,176,0
2026-08-17T00:26:19.9275457Z,0,0,495,176,0
2026-08-17T00:26:19.9327735Z,0,0,495,176,0
2026-08-17T00:26:19.9379134Z,0,0,495,176,0
2026-08-17T00:26:19.9425454Z,0,0,495,176,0
2026-08-17T00:26:19.9478778Z,0,0,495,176,0
2026-08-17T00:26:19.9529896Z,0,0,495,176,0
2026-08-17T00:26:19.9578381Z,0,0,495,176,0
2026-08-17T00:26:19.9624989Z,0,0,495,176,0
2026-08-17T00:26:19.9677668Z,0,0,495,176,0
2026-08-17T00:26:19.9729076Z,0,0,495,176,0
2026-08-17T00:26:19.9775096Z,0,0,495,176,0
2026-08-17T00:26:19.9827588Z,0,0,495,176,0
2026-08-17T00:26:19.9878212Z,0,0,495,176,0
2026-08-17T00:26:19.9929662Z,0,0,495,176,0
2026-08-17T00:26:19.9982183Z,0,0,495,176,0
2026-08-17T00:26:20.0028972Z,0,0,495,176,0
2026-08-17T00:26:20.0081335Z,0,0,495,176,0
2026-08-17T00:26:20.0126486Z,0,0,495,176,0
2026-08-17T00:26:20.0176758Z,0,0,495,176,0
2026-08-17T00:26:20.0229673Z,0,0,495,176,0
2026-08-17T00:26:20.0278523Z,0,0,495,176,0
2026-08-17T00:26:20.0329949Z,0,0,495,176,0
2026-08-17T00:26:20.038006Z,0,0,495,176,0
2026-08-17T00:26:20.0426592Z,0,0,495,176,0
2026-08-17T00:26:20.0482096Z,0,0,495,176,0
2026-08-17T00:26:20.0529038Z,0,0,495,176,0
2026-08-17T00:26:20.0576789Z,0,0,495,176,0
2026-08-17T00:26:20.0626174Z,0,0,495,176,0
2026-08-17T00:26:20.0678009Z,0,0,495,176,0
2026-08-17T00:26:20.0728389Z,0,0,495,176,0
2026-08-17T00:26:20.0778861Z,0,0,495,176,0
2026-08-17T00:26:20.083153Z,0,0,495,176,0
2026-08-17T00:26:20.0878873Z,0,0,495,176,0
2026-08-17T00:26:20.09266Z,0,0,495,176,0
2026-08-17T00:26:20.0982673Z,0,0,495,176,0
2026-08-17T00:26:20.1034703Z,0,0,495,176,0
2026-08-17T00:26:20.1076815Z,0,0,495,176,0
2026-08-17T00:26:20.1128026Z,0,0,495,176,0
2026-08-17T00:26:20.1178475Z,0,0,495,176,0
2026-08-17T00:26:20.1228606Z,0,0,495,176,0
2026-08-17T00:26:20.1275327Z,0,0,495,176,0
2026-08-17T00:26:20.133096Z,0,0,495,176,0
2026-08-17T00:26:20.137956Z,0,0,495,176,0
2026-08-17T00:26:20.1426191Z,0,0,495,176,0
2026-08-17T00:26:20.1476708Z,0,0,495,176,0
2026-08-17T00:26:20.1528616Z,0,0,495,176,0
2026-08-17T00:26:20.1579306Z,0,0,495,176,0
2026-08-17T00:26:20.1625906Z,0,0,495,176,0
2026-08-17T00:26:20.1676846Z,0,0,495,176,0
2026-08-17T00:26:20.1728037Z,0,0,495,176,0
2026-08-17T00:26:20.1783505Z,0,0,495,176,0
2026-08-17T00:26:20.1826138Z,0,0,495,176,0
2026-08-17T00:26:20.1877798Z,0,0,495,176,0
2026-08-17T00:26:20.1926126Z,0,0,495,176,0
2026-08-17T00:26:20.1977536Z,0,0,495,176,0
2026-08-17T00:26:20.2032473Z,0,0,495,176,0
2026-08-17T00:26:20.2085073Z,0,0,495,176,0
2026-08-17T00:26:20.2126888Z,0,0,495,176,0
2026-08-17T00:26:20.2177287Z,0,0,495,176,0
2026-08-17T00:26:20.2229435Z,0,0,495,176,0
2026-08-17T00:26:20.2275835Z,0,0,495,176,0
2026-08-17T00:26:20.232778Z,0,0,495,176,0
2026-08-17T00:26:20.2379Z,0,0,495,176,0
2026-08-17T00:26:20.2426185Z,0,0,495,176,0
2026-08-17T00:26:20.2477364Z,0,0,495,176,0
2026-08-17T00:26:20.2530548Z,0,0,495,176,0
2026-08-17T00:26:20.2581023Z,0,0,495,176,0
2026-08-17T00:26:20.2627833Z,0,0,495,176,0
2026-08-17T00:26:20.2678895Z,0,0,495,176,0
2026-08-17T00:26:20.2726835Z,0,0,495,176,0
2026-08-17T00:26:20.2777993Z,0,0,495,176,0
2026-08-17T00:26:20.2829718Z,0,0,495,176,0
2026-08-17T00:26:20.2879425Z,0,0,495,176,0
2026-08-17T00:26:20.292662Z,0,0,495,176,0
2026-08-17T00:26:20.2978313Z,0,0,495,176,0
2026-08-17T00:26:20.3025668Z,0,0,495,176,0
2026-08-17T00:26:20.3075969Z,0,0,495,176,0
2026-08-17T00:26:20.3127564Z,0,0,495,176,0
2026-08-17T00:26:20.3178258Z,0,0,495,176,0
2026-08-17T00:26:20.3226583Z,0,0,495,176,0
2026-08-17T00:26:20.3277494Z,0,0,495,176,0
2026-08-17T00:26:20.3330369Z,0,0,495,176,0
2026-08-17T00:26:20.3379352Z,0,0,495,176,0
2026-08-17T00:26:20.3426285Z,0,0,495,176,0
2026-08-17T00:26:20.3477466Z,0,0,495,176,0
2026-08-17T00:26:20.3529227Z,0,0,495,176,0
2026-08-17T00:26:20.3579065Z,0,0,495,176,0
2026-08-17T00:26:20.3626399Z,0,0,495,176,0
2026-08-17T00:26:20.3677849Z,0,0,495,176,0
2026-08-17T00:26:20.3727512Z,0,0,495,176,0
2026-08-17T00:26:20.37786Z,0,0,495,176,0
2026-08-17T00:26:20.383137Z,0,0,495,176,0
2026-08-17T00:26:20.388191Z,0,0,495,176,0
2026-08-17T00:26:20.3928732Z,0,0,495,176,0
2026-08-17T00:26:20.3976812Z,0,0,495,176,0
2026-08-17T00:26:20.4029238Z,0,0,495,176,0
2026-08-17T00:26:20.4080509Z,0,0,495,176,0
2026-08-17T00:26:20.4132277Z,0,0,495,176,0
2026-08-17T00:26:20.4188337Z,0,0,495,176,0
2026-08-17T00:26:20.4227972Z,0,0,495,176,0
2026-08-17T00:26:20.4279258Z,0,0,495,176,0
2026-08-17T00:26:20.4326755Z,0,0,495,176,0
2026-08-17T00:26:20.4379253Z,0,0,495,176,0
2026-08-17T00:26:20.4427582Z,0,0,495,176,0
2026-08-17T00:26:20.4478872Z,0,0,495,176,0
2026-08-17T00:26:20.4528489Z,0,0,495,176,0
2026-08-17T00:26:20.4577046Z,0,0,495,176,0
2026-08-17T00:26:20.4629648Z,0,0,495,176,0
2026-08-17T00:26:20.4677668Z,0,0,495,176,0
2026-08-17T00:26:20.4728262Z,0,0,495,176,0
2026-08-17T00:26:20.4779092Z,0,0,495,176,0
2026-08-17T00:26:20.4829231Z,0,0,495,176,0
2026-08-17T00:26:20.48779Z,0,0,495,176,0
2026-08-17T00:26:20.4928637Z,0,0,495,176,0
2026-08-17T00:26:20.4980959Z,0,0,495,176,0
2026-08-17T00:26:20.5030839Z,0,0,495,176,0
2026-08-17T00:26:20.5080464Z,0,0,495,176,0
2026-08-17T00:26:20.5131492Z,0,0,495,176,0
2026-08-17T00:26:20.5177484Z,0,0,495,176,0
2026-08-17T00:26:20.5229826Z,0,0,495,176,0
2026-08-17T00:26:20.5282348Z,0,0,495,176,0
2026-08-17T00:26:20.5332863Z,0,0,495,176,0
2026-08-17T00:26:20.5380983Z,0,0,495,176,0
2026-08-17T00:26:20.5427706Z,0,0,495,176,0
2026-08-17T00:26:20.547831Z,0,0,495,176,0
2026-08-17T00:26:20.5530348Z,0,0,495,176,0
2026-08-17T00:26:20.5578089Z,0,0,495,176,0
2026-08-17T00:26:20.5628242Z,0,0,495,176,0
2026-08-17T00:26:20.5683154Z,0,0,495,176,0
2026-08-17T00:26:20.573013Z,0,0,495,176,0
2026-08-17T00:26:20.5779501Z,0,0,495,176,0
2026-08-17T00:26:20.5826693Z,0,0,495,176,0
2026-08-17T00:26:20.5877201Z,0,0,495,176,0
2026-08-17T00:26:20.5925793Z,0,0,495,176,0
2026-08-17T00:26:20.5977553Z,0,0,495,176,0
2026-08-17T00:26:20.6032682Z,0,0,495,176,0
2026-08-17T00:26:20.6079166Z,0,0,495,176,0
2026-08-17T00:26:20.6126271Z,0,0,495,176,0
2026-08-17T00:26:20.6182648Z,0,0,495,176,0
2026-08-17T00:26:20.6228318Z,0,0,495,176,0
2026-08-17T00:26:20.6276114Z,0,0,495,176,0
2026-08-17T00:26:20.6330677Z,0,0,495,176,0
2026-08-17T00:26:20.6379701Z,0,0,495,176,0
2026-08-17T00:26:20.6427696Z,0,0,495,176,0
2026-08-17T00:26:20.6484142Z,0,0,495,176,0
2026-08-17T00:26:20.6525838Z,0,0,495,176,0
2026-08-17T00:26:20.6578344Z,0,0,495,176,0
2026-08-17T00:26:20.6630296Z,0,0,495,176,0
2026-08-17T00:26:20.6681299Z,0,0,495,176,0
2026-08-17T00:26:20.6725252Z,0,0,495,176,0
2026-08-17T00:26:20.6777266Z,0,0,495,176,0
2026-08-17T00:26:20.6829442Z,0,0,495,176,0
2026-08-17T00:26:20.6878756Z,0,0,495,176,0
2026-08-17T00:26:20.6926973Z,0,0,495,176,0
2026-08-17T00:26:20.6980925Z,0,0,495,176,0
2026-08-17T00:26:20.7025996Z,0,0,495,176,0
2026-08-17T00:26:20.7075951Z,0,0,495,176,0
2026-08-17T00:26:20.7127657Z,0,0,495,176,0
2026-08-17T00:26:20.7178605Z,0,0,495,176,0
2026-08-17T00:26:20.7228813Z,0,0,495,176,0
2026-08-17T00:26:20.7276108Z,0,0,495,176,0
2026-08-17T00:26:20.7331497Z,0,0,495,176,0
2026-08-17T00:26:20.7380933Z,0,0,495,176,0
2026-08-17T00:26:20.7427848Z,0,0,495,176,0
2026-08-17T00:26:20.7478884Z,0,0,495,176,0
2026-08-17T00:26:20.7526197Z,0,0,495,176,0
2026-08-17T00:26:20.7579061Z,0,0,495,176,0
2026-08-17T00:26:20.7626972Z,0,0,495,176,0
2026-08-17T00:26:20.7677347Z,0,0,495,176,0
2026-08-17T00:26:20.7726309Z,0,0,495,176,0
2026-08-17T00:26:20.7776592Z,0,0,495,176,0
2026-08-17T00:26:20.782749Z,0,0,495,176,0
2026-08-17T00:26:20.7877553Z,0,0,495,176,0
2026-08-17T00:26:20.7925611Z,0,0,495,176,0
2026-08-17T00:26:20.7978211Z,0,0,495,176,0
2026-08-17T00:26:20.8032087Z,0,0,495,176,0
2026-08-17T00:26:20.8079405Z,0,0,495,176,0
2026-08-17T00:26:20.8127439Z,0,0,495,176,0
2026-08-17T00:26:20.8179043Z,0,0,495,176,0
2026-08-17T00:26:20.8229215Z,0,0,495,176,0
2026-08-17T00:26:20.82763Z,0,0,495,176,0
2026-08-17T00:26:20.8329463Z,0,0,495,176,0
2026-08-17T00:26:20.8375711Z,0,0,495,176,0
2026-08-17T00:26:20.8427205Z,0,0,495,176,0
2026-08-17T00:26:20.8477897Z,0,0,495,176,0
2026-08-17T00:26:20.8529614Z,0,0,495,176,0
2026-08-17T00:26:20.8578927Z,0,0,495,176,0
2026-08-17T00:26:20.8634052Z,0,0,495,176,0
2026-08-17T00:26:20.8676018Z,0,0,495,176,0
2026-08-17T00:26:20.8727553Z,0,0,495,176,0
2026-08-17T00:26:20.877858Z,0,0,495,176,0
2026-08-17T00:26:20.882854Z,0,0,495,176,0
2026-08-17T00:26:20.8878562Z,0,0,495,176,0
2026-08-17T00:26:20.8928623Z,0,0,495,176,0
2026-08-17T00:26:20.897854Z,0,0,495,176,0
2026-08-17T00:26:20.902872Z,0,0,495,176,0
2026-08-17T00:26:20.9080059Z,0,0,495,176,0
2026-08-17T00:26:20.9127438Z,0,0,495,176,0
2026-08-17T00:26:20.9178714Z,0,0,495,176,0
2026-08-17T00:26:20.9232034Z,0,0,495,176,0
2026-08-17T00:26:20.9277909Z,0,0,495,176,0
2026-08-17T00:26:20.9330794Z,0,0,495,176,0
2026-08-17T00:26:20.938542Z,0,0,495,176,0
2026-08-17T00:26:20.9427551Z,0,0,495,176,0
2026-08-17T00:26:20.947846Z,0,0,495,176,0
2026-08-17T00:26:20.9526612Z,0,0,495,176,0
2026-08-17T00:26:20.9579897Z,0,0,495,176,0
2026-08-17T00:26:20.9627111Z,0,0,495,176,0
2026-08-17T00:26:20.9678636Z,0,0,495,176,0
2026-08-17T00:26:20.9730247Z,0,0,495,176,0
2026-08-17T00:26:20.9777177Z,0,0,495,176,0
2026-08-17T00:26:20.9829748Z,0,0,495,176,0
2026-08-17T00:26:20.9881694Z,0,0,495,176,0
2026-08-17T00:26:20.9928513Z,0,0,495,176,0
2026-08-17T00:26:20.9979251Z,0,0,495,176,0
2026-08-17T00:26:21.0028889Z,0,0,495,176,0
2026-08-17T00:26:21.0078133Z,0,0,495,176,0
2026-08-17T00:26:21.0130919Z,0,0,495,176,0
2026-08-17T00:26:21.0184249Z,0,0,495,176,0
2026-08-17T00:26:21.0229398Z,0,0,495,176,0
2026-08-17T00:26:21.0276989Z,0,0,495,176,0
2026-08-17T00:26:21.0329396Z,0,0,495,176,0
2026-08-17T00:26:21.0381469Z,0,0,495,176,0
2026-08-17T00:26:21.0427909Z,0,0,495,176,0
2026-08-17T00:26:21.0478712Z,0,0,495,176,0
2026-08-17T00:26:21.0529382Z,0,0,495,176,0
2026-08-17T00:26:21.0578013Z,0,0,495,176,0
2026-08-17T00:26:21.0630279Z,0,0,495,176,0
2026-08-17T00:26:21.0677935Z,0,0,495,176,0
2026-08-17T00:26:21.0728665Z,0,0,495,176,0
2026-08-17T00:26:21.0776527Z,0,0,495,176,0
2026-08-17T00:26:21.0830864Z,0,0,495,176,0
2026-08-17T00:26:21.0878648Z,0,0,495,176,0
2026-08-17T00:26:21.092661Z,0,0,495,176,0
2026-08-17T00:26:21.0977756Z,0,0,495,176,0
2026-08-17T00:26:21.1028575Z,0,0,495,176,0
2026-08-17T00:26:21.107924Z,0,0,495,176,0
2026-08-17T00:26:21.112619Z,0,0,495,176,0
2026-08-17T00:26:21.1177776Z,0,0,495,176,0
2026-08-17T00:26:21.1228175Z,0,0,495,176,0
2026-08-17T00:26:21.1275805Z,0,0,495,176,0
2026-08-17T00:26:21.1326887Z,0,0,495,176,0
2026-08-17T00:26:21.1377882Z,0,0,495,176,0
2026-08-17T00:26:21.1429634Z,0,0,495,176,0
2026-08-17T00:26:21.148168Z,0,0,495,176,0
2026-08-17T00:26:21.1529898Z,0,0,495,176,0
2026-08-17T00:26:21.157745Z,0,0,495,176,0
2026-08-17T00:26:21.1630736Z,0,0,495,176,0
2026-08-17T00:26:21.1680425Z,0,0,495,176,0
2026-08-17T00:26:21.1729787Z,0,0,495,176,0
2026-08-17T00:26:21.1776574Z,0,0,495,176,0
2026-08-17T00:26:21.1833858Z,0,0,495,176,0
2026-08-17T00:26:21.187487Z,0,0,495,176,0
2026-08-17T00:26:21.1928028Z,0,0,495,176,0
2026-08-17T00:26:21.1980972Z,0,0,495,176,0
2026-08-17T00:26:21.2033218Z,0,0,495,176,0
2026-08-17T00:26:21.2077328Z,0,0,495,176,0
2026-08-17T00:26:21.2128849Z,0,0,495,176,0
2026-08-17T00:26:21.2176586Z,0,0,495,176,0
2026-08-17T00:26:21.2228688Z,0,0,495,176,0
2026-08-17T00:26:21.2275056Z,0,0,495,176,0
2026-08-17T00:26:21.2326971Z,0,0,495,176,0
2026-08-17T00:26:21.2379085Z,0,0,495,176,0
2026-08-17T00:26:21.242644Z,0,0,495,176,0
2026-08-17T00:26:21.2477092Z,0,0,495,176,0
2026-08-17T00:26:21.2529473Z,0,0,495,176,0
2026-08-17T00:26:21.2574876Z,0,0,495,176,0
2026-08-17T00:26:21.2628057Z,0,0,495,176,0
2026-08-17T00:26:21.2680094Z,0,0,495,176,0
2026-08-17T00:26:21.2727973Z,0,0,495,176,0
2026-08-17T00:26:21.2778422Z,0,0,495,176,0
2026-08-17T00:26:21.2834872Z,0,0,495,176,0
2026-08-17T00:26:21.2878445Z,0,0,495,176,0
2026-08-17T00:26:21.2927282Z,0,0,495,176,0
2026-08-17T00:26:21.2975283Z,0,0,495,176,0
2026-08-17T00:26:21.3026882Z,0,0,495,176,0
2026-08-17T00:26:21.3078438Z,0,0,495,176,0
2026-08-17T00:26:21.3129851Z,0,0,495,176,0
2026-08-17T00:26:21.3176569Z,0,0,495,176,0
2026-08-17T00:26:21.3231209Z,0,0,495,176,0
2026-08-17T00:26:21.3279341Z,0,0,495,176,0
2026-08-17T00:26:21.3326188Z,0,0,495,176,0
2026-08-17T00:26:21.3385351Z,0,0,495,176,0
2026-08-17T00:26:21.3426759Z,0,0,495,176,0
2026-08-17T00:26:21.3477202Z,0,0,495,176,0
2026-08-17T00:26:21.3528678Z,0,0,495,176,0
2026-08-17T00:26:21.3580475Z,0,0,495,176,0
2026-08-17T00:26:21.363007Z,0,0,495,176,0
2026-08-17T00:26:21.3680152Z,0,0,495,176,0
2026-08-17T00:26:21.3730314Z,0,0,495,176,0
2026-08-17T00:26:21.3775927Z,0,0,495,176,0
2026-08-17T00:26:21.3827315Z,0,0,495,176,0
2026-08-17T00:26:21.3880304Z,0,0,495,176,0
2026-08-17T00:26:21.3928021Z,0,0,495,176,0
2026-08-17T00:26:21.3980485Z,0,0,495,176,0
2026-08-17T00:26:21.4027851Z,0,0,495,176,0
2026-08-17T00:26:21.4083192Z,0,0,495,176,0
2026-08-17T00:26:21.41295Z,0,0,495,176,0
2026-08-17T00:26:21.418065Z,0,0,495,176,0
2026-08-17T00:26:21.4230701Z,0,0,495,176,0
2026-08-17T00:26:21.4280121Z,0,0,495,176,0
2026-08-17T00:26:21.432967Z,0,0,495,176,0
2026-08-17T00:26:21.43839Z,0,0,495,176,0
2026-08-17T00:26:21.4430238Z,0,0,495,176,0
2026-08-17T00:26:21.4476867Z,0,0,495,176,0
2026-08-17T00:26:21.452867Z,0,0,495,176,0
2026-08-17T00:26:21.4578064Z,0,0,495,176,0
2026-08-17T00:26:21.4629979Z,0,0,495,176,0
2026-08-17T00:26:21.4680167Z,0,0,495,176,0
2026-08-17T00:26:21.4732573Z,0,0,495,176,0
2026-08-17T00:26:21.4777703Z,0,0,495,176,0
2026-08-17T00:26:21.4829687Z,0,0,495,176,0
2026-08-17T00:26:21.4881287Z,0,0,495,176,0
2026-08-17T00:26:21.4926725Z,0,0,495,176,0
2026-08-17T00:26:21.4980628Z,0,0,495,176,0
2026-08-17T00:26:21.5028699Z,0,0,495,176,0
2026-08-17T00:26:21.5081001Z,0,0,495,176,0
2026-08-17T00:26:21.512506Z,0,0,495,176,0
2026-08-17T00:26:21.5181595Z,0,0,495,176,0
2026-08-17T00:26:21.5232018Z,0,0,495,176,0
2026-08-17T00:26:21.5280617Z,0,0,495,176,0
2026-08-17T00:26:21.5331028Z,0,0,495,176,0
2026-08-17T00:26:21.5380357Z,0,0,495,176,0
2026-08-17T00:26:21.5431819Z,0,0,495,176,0
2026-08-17T00:26:21.5477764Z,0,0,495,176,0
2026-08-17T00:26:21.5529658Z,0,0,495,176,0
2026-08-17T00:26:21.5575459Z,0,0,495,176,0
2026-08-17T00:26:21.56318Z,0,0,495,176,0
2026-08-17T00:26:21.567589Z,0,0,495,176,0
2026-08-17T00:26:21.5727084Z,0,0,495,176,0
2026-08-17T00:26:21.5782116Z,0,0,495,176,0
2026-08-17T00:26:21.5829574Z,0,0,495,176,0
2026-08-17T00:26:21.5880261Z,0,0,495,176,0
2026-08-17T00:26:21.5928251Z,0,0,495,176,0
2026-08-17T00:26:21.5979865Z,0,0,495,176,0
2026-08-17T00:26:21.6031108Z,0,0,495,176,0
2026-08-17T00:26:21.6077918Z,0,0,495,176,0
2026-08-17T00:26:21.6130107Z,0,0,495,176,0
2026-08-17T00:26:21.6176936Z,0,0,495,176,0
2026-08-17T00:26:21.6228983Z,0,0,495,176,0
2026-08-17T00:26:21.6283251Z,0,0,495,176,0
2026-08-17T00:26:21.6333219Z,0,0,495,176,0
2026-08-17T00:26:21.6379737Z,0,0,495,176,0
2026-08-17T00:26:21.6427659Z,0,0,495,176,0
2026-08-17T00:26:21.6483702Z,0,0,495,176,0
2026-08-17T00:26:21.6525481Z,0,0,495,176,0
2026-08-17T00:26:21.6581364Z,0,0,495,176,0
2026-08-17T00:26:21.6627564Z,0,0,495,176,0
2026-08-17T00:26:21.667752Z,0,0,495,176,0
2026-08-17T00:26:21.6726333Z,0,0,495,176,0
2026-08-17T00:26:21.6783175Z,0,0,495,176,0
2026-08-17T00:26:21.6825833Z,0,0,495,176,0
2026-08-17T00:26:21.687801Z,0,0,495,176,0
2026-08-17T00:26:21.6925925Z,0,0,495,176,0
2026-08-17T00:26:21.6976011Z,0,0,495,176,0
2026-08-17T00:26:21.7028397Z,0,0,495,176,0
2026-08-17T00:26:21.7077757Z,0,0,495,176,0
2026-08-17T00:26:21.7129624Z,0,0,495,176,0
2026-08-17T00:26:21.7175866Z,0,0,495,176,0
2026-08-17T00:26:21.7228106Z,0,0,495,176,0
2026-08-17T00:26:21.7275681Z,0,0,495,176,0
2026-08-17T00:26:21.7328836Z,0,0,495,176,0
2026-08-17T00:26:21.737569Z,0,0,495,176,0
2026-08-17T00:26:21.7427272Z,0,0,495,176,0
2026-08-17T00:26:21.7477856Z,0,0,495,176,0
2026-08-17T00:26:21.7534919Z,0,0,495,176,0
2026-08-17T00:26:21.7575818Z,0,0,495,176,0
2026-08-17T00:26:21.7628037Z,0,0,495,176,0
2026-08-17T00:26:21.7680994Z,0,0,495,176,0
2026-08-17T00:26:21.7731792Z,0,0,495,176,0
2026-08-17T00:26:21.7778389Z,0,0,495,176,0
2026-08-17T00:26:21.7835796Z,0,0,495,176,0
2026-08-17T00:26:21.7879226Z,0,0,495,176,0
2026-08-17T00:26:21.7926871Z,0,0,495,176,0
2026-08-17T00:26:21.7976295Z,0,0,495,176,0
2026-08-17T00:26:21.8029314Z,0,0,495,176,0
2026-08-17T00:26:21.8077627Z,0,0,495,176,0
2026-08-17T00:26:21.8129248Z,0,0,495,176,0
2026-08-17T00:26:21.8175631Z,0,0,495,176,0
2026-08-17T00:26:21.8227048Z,0,0,495,176,0
2026-08-17T00:26:21.8275399Z,0,0,495,176,0
2026-08-17T00:26:21.8332348Z,0,0,495,176,0
2026-08-17T00:26:21.8376022Z,0,0,495,176,0
2026-08-17T00:26:21.8428073Z,0,0,495,176,0
2026-08-17T00:26:21.8478445Z,0,0,495,176,0
2026-08-17T00:26:21.8529454Z,0,0,495,176,0
2026-08-17T00:26:21.8578008Z,0,0,495,176,0
2026-08-17T00:26:21.8625454Z,0,0,495,176,0
2026-08-17T00:26:21.8680257Z,0,0,495,176,0
2026-08-17T00:26:21.8728561Z,0,0,495,176,0
2026-08-17T00:26:21.8779018Z,0,0,495,176,0
2026-08-17T00:26:21.8830739Z,0,0,495,176,0
2026-08-17T00:26:21.8882546Z,0,0,495,176,0
2026-08-17T00:26:21.8929413Z,0,0,495,176,0
2026-08-17T00:26:21.8980561Z,0,0,495,176,0
2026-08-17T00:26:21.9031228Z,0,0,495,176,0
2026-08-17T00:26:21.9075182Z,0,0,495,176,0
2026-08-17T00:26:21.9126372Z,0,0,495,176,0
2026-08-17T00:26:21.9185025Z,0,0,495,176,0
2026-08-17T00:26:21.9227484Z,0,0,495,176,0
2026-08-17T00:26:21.9280323Z,0,0,495,176,0
2026-08-17T00:26:21.9328513Z,0,0,495,176,0
2026-08-17T00:26:21.9383515Z,0,0,495,176,0
2026-08-17T00:26:21.9431051Z,0,0,495,176,0
2026-08-17T00:26:21.9478333Z,0,0,495,176,0
2026-08-17T00:26:21.9527038Z,0,0,495,176,0
2026-08-17T00:26:21.9580791Z,0,0,495,176,0
2026-08-17T00:26:21.9627995Z,0,0,495,176,0
2026-08-17T00:26:21.9681147Z,0,0,495,176,0
2026-08-17T00:26:21.9730755Z,0,0,495,176,0
2026-08-17T00:26:21.9777697Z,0,0,495,176,0
2026-08-17T00:26:21.9830414Z,0,0,495,176,0
2026-08-17T00:26:21.9879633Z,0,0,495,176,0
2026-08-17T00:26:21.9930048Z,0,0,495,176,0
2026-08-17T00:26:21.9980198Z,0,0,495,176,0
2026-08-17T00:26:22.0026251Z,0,0,495,176,0
2026-08-17T00:26:22.0078712Z,0,0,495,176,0
2026-08-17T00:26:22.0125683Z,0,0,495,176,0
2026-08-17T00:26:22.0181173Z,0,0,495,176,0
2026-08-17T00:26:22.0230372Z,0,0,495,176,0
2026-08-17T00:26:22.0275688Z,0,0,495,176,0
2026-08-17T00:26:22.032861Z,0,0,495,176,0
2026-08-17T00:26:22.0379307Z,0,0,495,176,0
2026-08-17T00:26:22.0426096Z,0,0,495,176,0
2026-08-17T00:26:22.0477422Z,0,0,495,176,0
2026-08-17T00:26:22.052533Z,0,0,495,176,0
2026-08-17T00:26:22.0579247Z,0,0,495,176,0
2026-08-17T00:26:22.0626243Z,0,0,495,176,0
2026-08-17T00:26:22.0676321Z,0,0,495,176,0
2026-08-17T00:26:22.0726778Z,0,0,495,176,0
2026-08-17T00:26:22.0778094Z,0,0,495,176,0
2026-08-17T00:26:22.0825686Z,0,0,495,176,0
2026-08-17T00:26:22.0877715Z,0,0,495,176,0
2026-08-17T00:26:22.0926859Z,0,0,495,176,0
2026-08-17T00:26:22.0978299Z,0,0,495,176,0
2026-08-17T00:26:22.1025265Z,0,0,495,176,0
2026-08-17T00:26:22.1080343Z,0,0,495,176,0
2026-08-17T00:26:22.1126128Z,0,0,495,176,0
2026-08-17T00:26:22.1176584Z,0,0,495,176,0
2026-08-17T00:26:22.12303Z,0,0,495,176,0
2026-08-17T00:26:22.1275573Z,0,0,495,176,0
2026-08-17T00:26:22.1330047Z,0,0,495,176,0
2026-08-17T00:26:22.1378251Z,0,0,495,176,0
2026-08-17T00:26:22.1425096Z,0,0,495,176,0
2026-08-17T00:26:22.1477508Z,0,0,495,176,0
2026-08-17T00:26:22.1528926Z,0,0,495,176,0
2026-08-17T00:26:22.157861Z,0,0,495,176,0
2026-08-17T00:26:22.1630127Z,0,0,495,176,0
2026-08-17T00:26:22.1683246Z,0,0,495,176,0
2026-08-17T00:26:22.1731601Z,0,0,495,176,0
2026-08-17T00:26:22.1783527Z,0,0,495,176,0
2026-08-17T00:26:22.1830823Z,0,0,495,176,0
2026-08-17T00:26:22.1876475Z,0,0,495,176,0
2026-08-17T00:26:22.1926475Z,0,0,495,176,0
2026-08-17T00:26:22.1978524Z,0,0,495,176,0
2026-08-17T00:26:22.2025595Z,0,0,495,176,0
2026-08-17T00:26:22.2075997Z,0,0,495,176,0
2026-08-17T00:26:22.2128019Z,0,0,495,176,0
2026-08-17T00:26:22.2178446Z,0,0,495,176,0
2026-08-17T00:26:22.2225747Z,0,0,495,176,0
2026-08-17T00:26:22.2275751Z,0,0,495,176,0
2026-08-17T00:26:22.2327504Z,0,0,495,176,0
2026-08-17T00:26:22.2382338Z,0,0,495,176,0
2026-08-17T00:26:22.2429411Z,0,0,495,176,0
2026-08-17T00:26:22.2476436Z,0,0,495,176,0
2026-08-17T00:26:22.2528539Z,0,0,495,176,0
2026-08-17T00:26:22.2575906Z,0,0,495,176,0
2026-08-17T00:26:22.2627646Z,0,0,495,176,0
2026-08-17T00:26:22.2676145Z,0,0,495,176,0
2026-08-17T00:26:22.2727326Z,0,0,495,176,0
2026-08-17T00:26:22.2778073Z,0,0,495,176,0
2026-08-17T00:26:22.2825454Z,0,0,495,176,0
2026-08-17T00:26:22.2883352Z,0,0,495,176,0
2026-08-17T00:26:22.2928493Z,0,0,495,176,0
2026-08-17T00:26:22.2976094Z,0,0,495,176,0
2026-08-17T00:26:22.302951Z,0,0,495,176,0
2026-08-17T00:26:22.3080558Z,0,0,495,176,0
2026-08-17T00:26:22.3125913Z,0,0,495,176,0
2026-08-17T00:26:22.318186Z,0,0,495,176,0
2026-08-17T00:26:22.3229196Z,0,0,495,176,0
2026-08-17T00:26:22.3276687Z,0,0,495,176,0
2026-08-17T00:26:22.332847Z,0,0,495,176,0
2026-08-17T00:26:22.3376679Z,0,0,495,176,0
2026-08-17T00:26:22.3428486Z,0,0,495,176,0
2026-08-17T00:26:22.3479005Z,0,0,495,176,0
2026-08-17T00:26:22.3526077Z,0,0,495,176,0
2026-08-17T00:26:22.3577254Z,0,0,495,176,0
2026-08-17T00:26:22.3629448Z,0,0,495,176,0
2026-08-17T00:26:22.3676705Z,0,0,495,176,0
2026-08-17T00:26:22.372683Z,0,0,495,176,0
2026-08-17T00:26:22.3775284Z,0,0,495,176,0
2026-08-17T00:26:22.3826707Z,0,0,495,176,0
2026-08-17T00:26:22.3877454Z,0,0,495,176,0
2026-08-17T00:26:22.3927569Z,0,0,495,176,0
2026-08-17T00:26:22.3981244Z,0,0,495,176,0
2026-08-17T00:26:22.40238Z,0,0,495,176,0
2026-08-17T00:26:22.4078812Z,0,0,495,176,0
2026-08-17T00:26:22.4130586Z,0,0,495,176,0
2026-08-17T00:26:22.4181594Z,0,0,495,176,0
2026-08-17T00:26:22.4228444Z,0,0,495,176,0
2026-08-17T00:26:22.427593Z,0,0,495,176,0
2026-08-17T00:26:22.4329195Z,0,0,495,176,0
2026-08-17T00:26:22.4382463Z,0,0,495,176,0
2026-08-17T00:26:22.4429336Z,0,0,495,176,0
2026-08-17T00:26:22.4481489Z,0,0,495,176,0
2026-08-17T00:26:22.4528952Z,0,0,495,176,0
2026-08-17T00:26:22.4577096Z,0,0,495,176,0
2026-08-17T00:26:22.4629826Z,0,0,495,176,0
2026-08-17T00:26:22.4681028Z,0,0,495,176,0
2026-08-17T00:26:22.4726044Z,0,0,495,176,0
2026-08-17T00:26:22.4780055Z,0,0,495,176,0
2026-08-17T00:26:22.4832475Z,0,0,495,176,0
2026-08-17T00:26:22.4877866Z,0,0,495,176,0
2026-08-17T00:26:22.4932415Z,0,0,495,176,0
2026-08-17T00:26:22.4980006Z,0,0,495,176,0
2026-08-17T00:26:22.5029381Z,0,0,495,176,0
2026-08-17T00:26:22.5080335Z,0,0,495,176,0
2026-08-17T00:26:22.5130059Z,0,0,495,176,0
2026-08-17T00:26:22.5180344Z,0,0,495,176,0
2026-08-17T00:26:22.522828Z,0,0,495,176,0
2026-08-17T00:26:22.5280261Z,0,0,495,176,0
2026-08-17T00:26:22.5327768Z,0,0,495,176,0
2026-08-17T00:26:22.5379625Z,0,0,495,176,0
2026-08-17T00:26:22.5430725Z,0,0,495,176,0
2026-08-17T00:26:22.5476779Z,0,0,495,176,0
2026-08-17T00:26:22.5528881Z,0,0,495,176,0
2026-08-17T00:26:22.5582053Z,0,0,495,176,0
2026-08-17T00:26:22.5632447Z,0,0,495,176,0
2026-08-17T00:26:22.5681889Z,0,0,495,176,0
2026-08-17T00:26:22.5728566Z,0,0,495,176,0
2026-08-17T00:26:22.5779931Z,0,0,495,176,0
2026-08-17T00:26:22.5829101Z,0,0,495,176,0
2026-08-17T00:26:22.587641Z,0,0,495,176,0
2026-08-17T00:26:22.5929814Z,0,0,495,176,0
2026-08-17T00:26:22.5975806Z,0,0,495,176,0
2026-08-17T00:26:22.6030811Z,0,0,495,176,0
2026-08-17T00:26:22.6076666Z,0,0,495,176,0
2026-08-17T00:26:22.6129247Z,0,0,495,176,0
2026-08-17T00:26:22.6181443Z,0,0,495,176,0
2026-08-17T00:26:22.6227362Z,0,0,495,176,0
2026-08-17T00:26:22.6275788Z,0,0,495,176,0
2026-08-17T00:26:22.6328613Z,0,0,495,176,0
2026-08-17T00:26:22.6378129Z,0,0,495,176,0
2026-08-17T00:26:22.6427954Z,0,0,495,176,0
2026-08-17T00:26:22.6476141Z,0,0,495,176,0
2026-08-17T00:26:22.6528839Z,0,0,495,176,0
2026-08-17T00:26:22.6578072Z,0,0,495,176,0
2026-08-17T00:26:22.6630491Z,0,0,495,176,0
2026-08-17T00:26:22.6681242Z,0,0,495,176,0
2026-08-17T00:26:22.6731669Z,0,0,495,176,0
2026-08-17T00:26:22.6778399Z,0,0,495,176,0
2026-08-17T00:26:22.6824991Z,0,0,495,176,0
2026-08-17T00:26:22.6876736Z,0,0,495,176,0
2026-08-17T00:26:22.6931351Z,0,0,495,176,0
2026-08-17T00:26:22.6981599Z,0,0,495,176,0
2026-08-17T00:26:22.7029519Z,0,0,495,176,0
2026-08-17T00:26:22.7079204Z,0,0,495,176,0
2026-08-17T00:26:22.7126509Z,0,0,495,176,0
2026-08-17T00:26:22.7184128Z,0,0,495,176,0
2026-08-17T00:26:22.7231154Z,0,0,495,176,0
2026-08-17T00:26:22.7278526Z,0,0,495,176,0
2026-08-17T00:26:22.7329911Z,0,0,495,176,0
2026-08-17T00:26:22.7376769Z,0,0,495,176,0
2026-08-17T00:26:22.742869Z,0,0,495,176,0
2026-08-17T00:26:22.7479226Z,0,0,495,176,0
2026-08-17T00:26:22.7529514Z,0,0,495,176,0
2026-08-17T00:26:22.7574849Z,0,0,495,176,0
2026-08-17T00:26:22.7626415Z,0,0,495,176,0
2026-08-17T00:26:22.7681829Z,0,0,495,176,0
2026-08-17T00:26:22.7731834Z,0,0,495,176,0
2026-08-17T00:26:22.7778421Z,0,0,495,176,0
2026-08-17T00:26:22.7830917Z,0,0,495,176,0
2026-08-17T00:26:22.7876656Z,0,0,495,176,0
2026-08-17T00:26:22.7929041Z,0,0,495,176,0
2026-08-17T00:26:22.7985747Z,0,0,495,176,0
2026-08-17T00:26:22.8028543Z,0,0,495,176,0
2026-08-17T00:26:22.8078024Z,0,0,495,176,0
2026-08-17T00:26:22.8134665Z,0,0,495,176,0
2026-08-17T00:26:22.8178236Z,0,0,495,176,0
2026-08-17T00:26:22.8227851Z,0,0,495,176,0
2026-08-17T00:26:22.8279259Z,0,0,495,176,0
2026-08-17T00:26:22.8325823Z,0,0,495,176,0
2026-08-17T00:26:22.8380228Z,0,0,495,176,0
2026-08-17T00:26:22.8427181Z,0,0,495,176,0
2026-08-17T00:26:22.8478752Z,0,0,495,176,0
2026-08-17T00:26:22.852552Z,0,0,495,176,0
2026-08-17T00:26:22.8576427Z,0,0,495,176,0
2026-08-17T00:26:22.8629003Z,0,0,495,176,0
2026-08-17T00:26:22.8676657Z,0,0,495,176,0
2026-08-17T00:26:22.8730986Z,0,0,495,176,0
2026-08-17T00:26:22.8776174Z,0,0,495,176,0
2026-08-17T00:26:22.8827325Z,0,0,495,176,0
2026-08-17T00:26:22.8876263Z,0,0,495,176,0
2026-08-17T00:26:22.892879Z,0,0,495,176,0
2026-08-17T00:26:22.8979491Z,0,0,495,176,0
2026-08-17T00:26:22.9026106Z,0,0,495,176,0
2026-08-17T00:26:22.9080099Z,0,0,495,176,0
2026-08-17T00:26:22.9127036Z,0,0,495,176,0
2026-08-17T00:26:22.9182762Z,0,0,495,176,0
2026-08-17T00:26:22.9227813Z,0,0,495,176,0
2026-08-17T00:26:22.9279375Z,0,0,495,176,0
2026-08-17T00:26:22.9326441Z,0,0,495,176,0
2026-08-17T00:26:22.9378113Z,0,0,495,176,0
2026-08-17T00:26:22.942951Z,0,0,495,176,0
2026-08-17T00:26:22.9476314Z,0,0,495,176,0
2026-08-17T00:26:22.9527542Z,0,0,495,176,0
2026-08-17T00:26:22.9579121Z,0,0,495,176,0
2026-08-17T00:26:22.962606Z,0,0,495,176,0
2026-08-17T00:26:22.967596Z,0,0,495,176,0
2026-08-17T00:26:22.9732359Z,0,0,495,176,0
2026-08-17T00:26:22.9777782Z,0,0,495,176,0
2026-08-17T00:26:22.9830129Z,0,0,495,176,0
2026-08-17T00:26:22.9882326Z,0,0,495,176,0
2026-08-17T00:26:22.9928639Z,0,0,495,176,0
2026-08-17T00:26:22.9976716Z,0,0,495,176,0
2026-08-17T00:26:23.0029783Z,0,0,495,176,0
2026-08-17T00:26:23.0078074Z,0,0,495,176,0
2026-08-17T00:26:23.012948Z,0,0,495,176,0
2026-08-17T00:26:23.0177507Z,0,0,495,176,0
2026-08-17T00:26:23.0229295Z,0,0,495,176,0
2026-08-17T00:26:23.0275963Z,0,0,495,176,0
2026-08-17T00:26:23.0328869Z,0,0,495,176,0
2026-08-17T00:26:23.0379398Z,0,0,495,176,0
2026-08-17T00:26:23.0428268Z,0,0,495,176,0
2026-08-17T00:26:23.0480077Z,0,0,495,176,0
2026-08-17T00:26:23.0528237Z,0,0,495,176,0
2026-08-17T00:26:23.0581325Z,0,0,495,176,0
2026-08-17T00:26:23.0631158Z,0,0,495,176,0
2026-08-17T00:26:23.0683953Z,0,0,495,176,0
2026-08-17T00:26:23.0727996Z,0,0,495,176,0
2026-08-17T00:26:23.0778913Z,0,0,495,176,0
2026-08-17T00:26:23.082843Z,0,0,495,176,0
2026-08-17T00:26:23.0877331Z,0,0,495,176,0
2026-08-17T00:26:23.0925885Z,0,0,495,176,0
2026-08-17T00:26:23.0981336Z,0,0,495,176,0
2026-08-17T00:26:23.1028318Z,0,0,495,176,0
2026-08-17T00:26:23.1080359Z,0,0,495,176,0
2026-08-17T00:26:23.1131919Z,0,0,495,176,0
2026-08-17T00:26:23.1177603Z,0,0,495,176,0
2026-08-17T00:26:23.1228427Z,0,0,495,176,0
2026-08-17T00:26:23.1282847Z,0,0,495,176,0
2026-08-17T00:26:23.1328571Z,0,0,495,176,0
2026-08-17T00:26:23.137622Z,0,0,495,176,0
2026-08-17T00:26:23.1428447Z,0,0,495,176,0
2026-08-17T00:26:23.1478808Z,0,0,495,176,0
2026-08-17T00:26:23.1525014Z,0,0,495,176,0
2026-08-17T00:26:23.1578904Z,0,0,495,176,0
2026-08-17T00:26:23.1625092Z,0,0,495,176,0
2026-08-17T00:26:23.1678552Z,0,0,495,176,0
2026-08-17T00:26:23.1727042Z,0,0,495,176,0
2026-08-17T00:26:23.1777562Z,0,0,495,176,0
2026-08-17T00:26:23.1829509Z,0,0,495,176,0
2026-08-17T00:26:23.1881036Z,0,0,495,176,0
2026-08-17T00:26:23.1929795Z,0,0,495,176,0
2026-08-17T00:26:23.1978186Z,0,0,495,176,0
2026-08-17T00:26:23.2028698Z,0,0,495,176,0
2026-08-17T00:26:23.2083699Z,0,0,495,176,0
2026-08-17T00:26:23.2129978Z,0,0,495,176,0
2026-08-17T00:26:23.2176364Z,0,0,495,176,0
2026-08-17T00:26:23.2226829Z,0,0,495,176,0
2026-08-17T00:26:23.2275909Z,0,0,495,176,0
2026-08-17T00:26:23.232527Z,0,0,495,176,0
2026-08-17T00:26:23.23807Z,0,0,495,176,0
2026-08-17T00:26:23.242747Z,0,0,495,176,0
2026-08-17T00:26:23.2483245Z,0,0,495,176,0
2026-08-17T00:26:23.2527339Z,0,0,495,176,0
2026-08-17T00:26:23.2577518Z,0,0,495,176,0
2026-08-17T00:26:23.2630912Z,0,0,495,176,0
2026-08-17T00:26:23.2680857Z,0,0,495,176,0
2026-08-17T00:26:23.2735663Z,0,0,495,176,0
2026-08-17T00:26:23.2777479Z,0,0,495,176,0
2026-08-17T00:26:23.2829299Z,0,0,495,176,0
2026-08-17T00:26:23.2881091Z,0,0,495,176,0
2026-08-17T00:26:23.2929417Z,0,0,495,176,0
2026-08-17T00:26:23.2976169Z,0,0,495,176,0
2026-08-17T00:26:23.3027595Z,0,0,495,176,0
2026-08-17T00:26:23.3084478Z,0,0,495,176,0
2026-08-17T00:26:23.3127771Z,0,0,495,176,0
2026-08-17T00:26:23.3178929Z,0,0,495,176,0
2026-08-17T00:26:23.3230867Z,0,0,495,176,0
2026-08-17T00:26:23.3276035Z,0,0,495,176,0
2026-08-17T00:26:23.3328295Z,0,0,495,176,0
2026-08-17T00:26:23.3380716Z,0,0,495,176,0
2026-08-17T00:26:23.3428264Z,0,0,495,176,0
2026-08-17T00:26:23.3478868Z,0,0,495,176,0
2026-08-17T00:26:23.3527766Z,0,0,495,176,0
2026-08-17T00:26:23.3577804Z,0,0,495,176,0
2026-08-17T00:26:23.3625833Z,0,0,495,176,0
2026-08-17T00:26:23.3676485Z,0,0,495,176,0
2026-08-17T00:26:23.3726143Z,0,0,495,176,0
2026-08-17T00:26:23.3778347Z,0,0,495,176,0
2026-08-17T00:26:23.3830382Z,0,0,495,176,0
2026-08-17T00:26:23.3881278Z,0,0,495,176,0
2026-08-17T00:26:23.3928286Z,0,0,495,176,0
2026-08-17T00:26:23.3981622Z,0,0,495,176,0
2026-08-17T00:26:23.4029229Z,0,0,495,176,0
2026-08-17T00:26:23.4076275Z,0,0,495,176,0
2026-08-17T00:26:23.4128994Z,0,0,495,176,0
2026-08-17T00:26:23.4180159Z,0,0,495,176,0
2026-08-17T00:26:23.4229029Z,0,0,495,176,0
2026-08-17T00:26:23.4276Z,0,0,495,176,0
2026-08-17T00:26:23.4328139Z,0,0,495,176,0
2026-08-17T00:26:23.4380803Z,0,0,495,176,0
2026-08-17T00:26:23.4428085Z,0,0,495,176,0
2026-08-17T00:26:23.4478654Z,0,0,495,176,0
2026-08-17T00:26:23.4525668Z,0,0,495,176,0
2026-08-17T00:26:23.4576193Z,0,0,495,176,0
2026-08-17T00:26:23.462863Z,0,0,495,176,0
2026-08-17T00:26:23.4676633Z,0,0,495,176,0
2026-08-17T00:26:23.4729866Z,0,0,495,176,0
2026-08-17T00:26:23.4780478Z,0,0,495,176,0
2026-08-17T00:26:23.4827507Z,0,0,495,176,0
2026-08-17T00:26:23.487636Z,0,0,495,176,0
2026-08-17T00:26:23.4931126Z,0,0,495,176,0
2026-08-17T00:26:23.4979495Z,0,0,495,176,0
2026-08-17T00:26:23.5029632Z,0,0,495,176,0
2026-08-17T00:26:23.5081249Z,0,0,495,176,0
2026-08-17T00:26:23.5128293Z,0,0,495,176,0
2026-08-17T00:26:23.517907Z,0,0,495,176,0
2026-08-17T00:26:23.5228932Z,0,0,495,176,0
2026-08-17T00:26:23.5280466Z,0,0,495,176,0
2026-08-17T00:26:23.53309Z,0,0,495,176,0
2026-08-17T00:26:23.5380189Z,0,0,495,176,0
2026-08-17T00:26:23.5429817Z,0,0,495,176,0
2026-08-17T00:26:23.5480361Z,0,0,495,176,0
2026-08-17T00:26:23.5526577Z,0,0,495,176,0
2026-08-17T00:26:23.558252Z,0,0,495,176,0
2026-08-17T00:26:23.5630129Z,0,0,495,176,0
2026-08-17T00:26:23.5680327Z,0,0,495,176,0
2026-08-17T00:26:23.5729248Z,0,0,495,176,0
2026-08-17T00:26:23.5779066Z,0,0,495,176,0
2026-08-17T00:26:23.5824798Z,0,0,495,176,0
2026-08-17T00:26:23.5876828Z,0,0,495,176,0
2026-08-17T00:26:23.5929751Z,0,0,495,176,0
2026-08-17T00:26:23.598089Z,0,0,495,176,0
2026-08-17T00:26:23.6027752Z,0,0,495,176,0
2026-08-17T00:26:23.6076508Z,0,0,495,176,0
2026-08-17T00:26:23.6128604Z,0,0,495,176,0
2026-08-17T00:26:23.6178928Z,0,0,495,176,0
2026-08-17T00:26:23.6230358Z,0,0,495,176,0
2026-08-17T00:26:23.6282085Z,0,0,495,176,0
2026-08-17T00:26:23.6332261Z,0,0,495,176,0
2026-08-17T00:26:23.6380461Z,0,0,495,176,0
2026-08-17T00:26:23.6432288Z,0,0,495,176,0
2026-08-17T00:26:23.6478411Z,0,0,495,176,0
2026-08-17T00:26:23.6527404Z,0,0,495,176,0
2026-08-17T00:26:23.6576637Z,0,0,495,176,0
2026-08-17T00:26:23.6629694Z,0,0,495,176,0
2026-08-17T00:26:23.6679282Z,0,0,495,176,0
2026-08-17T00:26:23.6728756Z,0,0,495,176,0
2026-08-17T00:26:23.6784718Z,0,0,495,176,0
2026-08-17T00:26:23.682747Z,0,0,495,176,0
2026-08-17T00:26:23.6880396Z,0,0,495,176,0
2026-08-17T00:26:23.6932017Z,0,0,495,176,0
2026-08-17T00:26:23.6982569Z,0,0,495,176,0
2026-08-17T00:26:23.702955Z,0,0,495,176,0
2026-08-17T00:26:23.7082354Z,0,0,495,176,0
2026-08-17T00:26:23.7130684Z,0,0,495,176,0
2026-08-17T00:26:23.7182273Z,0,0,495,176,0
2026-08-17T00:26:23.7233045Z,0,0,495,176,0
2026-08-17T00:26:23.7276644Z,0,0,495,176,0
2026-08-17T00:26:23.7328867Z,0,0,495,176,0
2026-08-17T00:26:23.7380694Z,0,0,495,176,0
2026-08-17T00:26:23.7427801Z,0,0,495,176,0
2026-08-17T00:26:23.7478161Z,0,0,495,176,0
2026-08-17T00:26:23.7525399Z,0,0,495,176,0
2026-08-17T00:26:23.7577796Z,0,0,495,176,0
2026-08-17T00:26:23.7629395Z,0,0,495,176,0
2026-08-17T00:26:23.7680005Z,0,0,495,176,0
2026-08-17T00:26:23.7725908Z,0,0,495,176,0
2026-08-17T00:26:23.7776431Z,0,0,495,176,0
2026-08-17T00:26:23.7832909Z,0,0,495,176,0
2026-08-17T00:26:23.7881768Z,0,0,495,176,0
2026-08-17T00:26:23.7934156Z,0,0,495,176,0
2026-08-17T00:26:23.7985172Z,0,0,495,176,0
2026-08-17T00:26:23.802608Z,0,0,495,176,0
2026-08-17T00:26:23.8077453Z,0,0,495,176,0
2026-08-17T00:26:23.8134425Z,0,0,495,176,0
2026-08-17T00:26:23.8184768Z,0,0,495,176,0
2026-08-17T00:26:23.822977Z,0,0,495,176,0
2026-08-17T00:26:23.8277736Z,0,0,495,176,0
2026-08-17T00:26:23.832571Z,0,0,495,176,0
2026-08-17T00:26:23.8376257Z,0,0,495,176,0
2026-08-17T00:26:23.8427357Z,0,0,495,176,0
2026-08-17T00:26:23.8477742Z,0,0,495,176,0
2026-08-17T00:26:23.8526196Z,0,0,495,176,0
2026-08-17T00:26:23.8576381Z,0,0,495,176,0
2026-08-17T00:26:23.8628041Z,0,0,495,176,0
2026-08-17T00:26:23.867928Z,0,0,495,176,0
2026-08-17T00:26:23.8730585Z,0,0,495,176,0
2026-08-17T00:26:23.8775913Z,0,0,495,176,0
2026-08-17T00:26:23.8827108Z,0,0,495,176,0
2026-08-17T00:26:23.8877694Z,0,0,495,176,0
2026-08-17T00:26:23.8929531Z,0,0,495,176,0
2026-08-17T00:26:23.8981909Z,0,0,495,176,0
2026-08-17T00:26:23.903444Z,0,0,495,176,0
2026-08-17T00:26:23.9075457Z,0,0,495,176,0
2026-08-17T00:26:23.9127056Z,0,0,495,176,0
2026-08-17T00:26:23.9177576Z,0,0,495,176,0
2026-08-17T00:26:23.9226224Z,0,0,495,176,0
2026-08-17T00:26:23.9278568Z,0,0,495,176,0
2026-08-17T00:26:23.9328292Z,0,0,495,176,0
2026-08-17T00:26:23.9379984Z,0,0,495,176,0
2026-08-17T00:26:23.9427699Z,0,0,495,176,0
2026-08-17T00:26:23.9479448Z,0,0,495,176,0
2026-08-17T00:26:23.9527004Z,0,0,495,176,0
2026-08-17T00:26:23.9574698Z,0,0,495,176,0
2026-08-17T00:26:23.9628882Z,0,0,495,176,0
2026-08-17T00:26:23.9680734Z,0,0,495,176,0
2026-08-17T00:26:23.9728547Z,0,0,495,176,0
2026-08-17T00:26:23.9779366Z,0,0,495,176,0
2026-08-17T00:26:23.9829642Z,0,0,495,176,0
2026-08-17T00:26:23.9875865Z,0,0,495,176,0
2026-08-17T00:26:23.9928354Z,0,0,495,176,0
2026-08-17T00:26:23.9979239Z,0,0,495,176,0
2026-08-17T00:26:24.0027121Z,0,0,495,176,0
2026-08-17T00:26:24.0079502Z,0,0,495,176,0
2026-08-17T00:26:24.0126365Z,0,0,495,176,0
2026-08-17T00:26:24.0178396Z,0,0,495,176,0
2026-08-17T00:26:24.0228429Z,0,0,495,176,0
2026-08-17T00:26:24.027635Z,0,0,495,176,0
2026-08-17T00:26:24.032871Z,0,0,495,176,0
2026-08-17T00:26:24.0378083Z,0,0,495,176,0
2026-08-17T00:26:24.04296Z,0,0,495,176,0
2026-08-17T00:26:24.0474996Z,0,0,495,176,0
2026-08-17T00:26:24.052684Z,0,0,495,176,0
2026-08-17T00:26:24.0579746Z,0,0,495,176,0
2026-08-17T00:26:24.0627084Z,0,0,495,176,0
2026-08-17T00:26:24.0677799Z,0,0,495,176,0
2026-08-17T00:26:24.0729441Z,0,0,495,176,0
2026-08-17T00:26:24.0775209Z,0,0,495,176,0
2026-08-17T00:26:24.0828641Z,0,0,495,176,0
2026-08-17T00:26:24.0881703Z,0,0,495,176,0
2026-08-17T00:26:24.0928467Z,0,0,495,176,0
2026-08-17T00:26:24.0979941Z,0,0,495,176,0
2026-08-17T00:26:24.1027805Z,0,0,495,176,0
2026-08-17T00:26:24.1077372Z,0,0,495,176,0
2026-08-17T00:26:24.1129065Z,0,0,495,176,0
2026-08-17T00:26:24.1179561Z,0,0,495,176,0
2026-08-17T00:26:24.1228323Z,0,0,495,176,0
2026-08-17T00:26:24.1279192Z,0,0,495,176,0
2026-08-17T00:26:24.1331516Z,0,0,495,176,0
2026-08-17T00:26:24.1383841Z,0,0,495,176,0
2026-08-17T00:26:24.1430811Z,0,0,495,176,0
2026-08-17T00:26:24.1477679Z,0,0,495,176,0
2026-08-17T00:26:24.1528246Z,0,0,495,176,0
2026-08-17T00:26:24.1577412Z,0,0,495,176,0
2026-08-17T00:26:24.1626772Z,0,0,495,176,0
2026-08-17T00:26:24.1677506Z,0,0,495,176,0
2026-08-17T00:26:24.1725519Z,0,0,495,176,0
2026-08-17T00:26:24.1778355Z,0,0,495,176,0
2026-08-17T00:26:24.1825193Z,0,0,495,176,0
2026-08-17T00:26:24.187443Z,0,0,495,176,0
2026-08-17T00:26:24.1926747Z,0,0,495,176,0
2026-08-17T00:26:24.1978129Z,0,0,495,176,0
2026-08-17T00:26:24.2031418Z,0,0,495,176,0
2026-08-17T00:26:24.2078917Z,0,0,495,176,0
2026-08-17T00:26:24.2129832Z,0,0,495,176,0
2026-08-17T00:26:24.2178139Z,0,0,495,176,0
2026-08-17T00:26:24.2233048Z,0,0,495,176,0
2026-08-17T00:26:24.227936Z,0,0,495,176,0
2026-08-17T00:26:24.2327939Z,0,0,495,176,0
2026-08-17T00:26:24.2380557Z,0,0,495,176,0
2026-08-17T00:26:24.2428061Z,0,0,495,176,0
2026-08-17T00:26:24.2479777Z,0,0,495,176,0
2026-08-17T00:26:24.2526516Z,0,0,495,176,0
2026-08-17T00:26:24.2583652Z,0,0,495,176,0
2026-08-17T00:26:24.2626282Z,0,0,495,176,0
2026-08-17T00:26:24.2683112Z,0,0,495,176,0
2026-08-17T00:26:24.2729684Z,0,0,495,176,0
2026-08-17T00:26:24.2780088Z,0,0,495,176,0
2026-08-17T00:26:24.2827051Z,0,0,495,176,0
2026-08-17T00:26:24.2880248Z,0,0,495,176,0
2026-08-17T00:26:24.2926728Z,0,0,495,176,0
2026-08-17T00:26:24.2977298Z,0,0,495,176,0
2026-08-17T00:26:24.3028795Z,0,0,495,176,0
2026-08-17T00:26:24.3077289Z,0,0,495,176,0
2026-08-17T00:26:24.3129281Z,0,0,495,176,0
2026-08-17T00:26:24.3179527Z,0,0,495,176,0
2026-08-17T00:26:24.322702Z,0,0,495,176,0
2026-08-17T00:26:24.327921Z,0,0,495,176,0
2026-08-17T00:26:24.3326184Z,0,0,495,176,0
2026-08-17T00:26:24.3378995Z,0,0,495,176,0
2026-08-17T00:26:24.3425317Z,0,0,495,176,0
2026-08-17T00:26:24.3481827Z,0,0,495,176,0
2026-08-17T00:26:24.3526309Z,0,0,495,176,0
2026-08-17T00:26:24.3578708Z,0,0,495,176,0
2026-08-17T00:26:24.3627239Z,0,0,495,176,0
2026-08-17T00:26:24.367898Z,0,0,495,176,0
2026-08-17T00:26:24.3732022Z,0,0,495,176,0
2026-08-17T00:26:24.3777731Z,0,0,495,176,0
2026-08-17T00:26:24.3825564Z,0,0,495,176,0
2026-08-17T00:26:24.3875814Z,0,0,495,176,0
2026-08-17T00:26:24.3927959Z,0,0,495,176,0
2026-08-17T00:26:24.3980005Z,0,0,495,176,0
2026-08-17T00:26:24.4027562Z,0,0,495,176,0
2026-08-17T00:26:24.4079255Z,0,0,495,176,0
2026-08-17T00:26:24.4127266Z,0,0,495,176,0
2026-08-17T00:26:24.4178763Z,0,0,495,176,0
2026-08-17T00:26:24.4233485Z,0,0,495,176,0
2026-08-17T00:26:24.4278916Z,0,0,495,176,0
2026-08-17T00:26:24.4330837Z,0,0,495,176,0
2026-08-17T00:26:24.4375893Z,0,0,495,176,0
2026-08-17T00:26:24.4427672Z,0,0,495,176,0
2026-08-17T00:26:24.4477969Z,0,0,495,176,0
2026-08-17T00:26:24.4524945Z,0,0,495,176,0
2026-08-17T00:26:24.4578461Z,0,0,495,176,0
2026-08-17T00:26:24.4629197Z,0,0,495,176,0
2026-08-17T00:26:24.4678337Z,0,0,495,176,0
2026-08-17T00:26:24.4729666Z,0,0,495,176,0
2026-08-17T00:26:24.4778764Z,0,0,495,176,0
2026-08-17T00:26:24.4829228Z,0,0,495,176,0
2026-08-17T00:26:24.4876085Z,0,0,495,176,0
2026-08-17T00:26:24.4927738Z,0,0,495,176,0
2026-08-17T00:26:24.4978298Z,0,0,495,176,0
2026-08-17T00:26:24.5029695Z,0,0,495,176,0
2026-08-17T00:26:24.5076298Z,0,0,495,176,0
2026-08-17T00:26:24.5127494Z,0,0,495,176,0
2026-08-17T00:26:24.517782Z,0,0,495,176,0
2026-08-17T00:26:24.5229803Z,0,0,495,176,0
2026-08-17T00:26:24.5276721Z,0,0,495,176,0
2026-08-17T00:26:24.5329028Z,0,0,495,176,0
2026-08-17T00:26:24.5380899Z,0,0,495,176,0
2026-08-17T00:26:24.5427305Z,0,0,495,176,0
2026-08-17T00:26:24.5477672Z,0,0,495,176,0
2026-08-17T00:26:24.5526383Z,0,0,495,176,0
2026-08-17T00:26:24.557947Z,0,0,495,176,0
2026-08-17T00:26:24.5631771Z,0,0,495,176,0
2026-08-17T00:26:24.5682719Z,0,0,495,176,0
2026-08-17T00:26:24.5730126Z,0,0,495,176,0
2026-08-17T00:26:24.5780333Z,0,0,495,176,0
2026-08-17T00:26:24.5831899Z,0,0,495,176,0
2026-08-17T00:26:24.5876779Z,0,0,495,176,0
2026-08-17T00:26:24.5929003Z,0,0,495,176,0
2026-08-17T00:26:24.5980957Z,0,0,495,176,0
2026-08-17T00:26:24.6025247Z,0,0,495,176,0
2026-08-17T00:26:24.6074886Z,0,0,495,176,0
2026-08-17T00:26:24.6127599Z,0,0,495,176,0
2026-08-17T00:26:24.6179333Z,0,0,495,176,0
2026-08-17T00:26:24.6231101Z,0,0,495,176,0
2026-08-17T00:26:24.627718Z,0,0,495,176,0
2026-08-17T00:26:24.6328305Z,0,0,495,176,0
2026-08-17T00:26:24.6380584Z,0,0,495,176,0
2026-08-17T00:26:24.6428978Z,0,0,495,176,0
2026-08-17T00:26:24.647497Z,0,0,495,176,0
2026-08-17T00:26:24.6526178Z,0,0,495,176,0
2026-08-17T00:26:24.6579045Z,0,0,495,176,0
2026-08-17T00:26:24.6625511Z,0,0,495,176,0
2026-08-17T00:26:24.6682179Z,0,0,495,176,0
2026-08-17T00:26:24.6732986Z,0,0,495,176,0
2026-08-17T00:26:24.6778922Z,0,0,495,176,0
2026-08-17T00:26:24.6826304Z,0,0,495,176,0
2026-08-17T00:26:24.6878939Z,0,0,495,176,0
2026-08-17T00:26:24.6925772Z,0,0,495,176,0
2026-08-17T00:26:24.6976225Z,0,0,495,176,0
2026-08-17T00:26:24.7025764Z,0,0,495,176,0
2026-08-17T00:26:24.7076438Z,0,0,495,176,0
2026-08-17T00:26:24.7127824Z,0,0,495,176,0
2026-08-17T00:26:24.7178102Z,0,0,495,176,0
2026-08-17T00:26:24.7229333Z,0,0,495,176,0
2026-08-17T00:26:24.7278677Z,0,0,495,176,0
2026-08-17T00:26:24.7326849Z,0,0,495,176,0
2026-08-17T00:26:24.7376517Z,0,0,495,176,0
2026-08-17T00:26:24.7428421Z,0,0,495,176,0
2026-08-17T00:26:24.7479465Z,0,0,495,176,0
2026-08-17T00:26:24.7525939Z,0,0,495,176,0
2026-08-17T00:26:24.7576949Z,0,0,495,176,0
2026-08-17T00:26:24.7628214Z,0,0,495,176,0
2026-08-17T00:26:24.7678823Z,0,0,495,176,0
2026-08-17T00:26:24.7728711Z,0,0,495,176,0
2026-08-17T00:26:24.7784445Z,0,0,495,176,0
2026-08-17T00:26:24.7826302Z,0,0,495,176,0
2026-08-17T00:26:24.7876778Z,0,0,495,176,0
2026-08-17T00:26:24.7928555Z,0,0,495,176,0
2026-08-17T00:26:24.798001Z,0,0,495,176,0
2026-08-17T00:26:24.8026978Z,0,0,495,176,0
2026-08-17T00:26:24.8078295Z,0,0,495,176,0
2026-08-17T00:26:24.8125648Z,0,0,495,176,0
2026-08-17T00:26:24.8177328Z,0,0,495,176,0
2026-08-17T00:26:24.8232019Z,0,0,495,176,0
2026-08-17T00:26:24.8278211Z,0,0,495,176,0
2026-08-17T00:26:24.8327128Z,0,0,495,176,0
2026-08-17T00:26:24.837712Z,0,0,495,176,0
2026-08-17T00:26:24.8429077Z,0,0,495,176,0
2026-08-17T00:26:24.8485056Z,0,0,495,176,0
2026-08-17T00:26:24.8526637Z,0,0,495,176,0
2026-08-17T00:26:24.8579687Z,0,0,495,176,0
2026-08-17T00:26:24.862637Z,0,0,495,176,0
2026-08-17T00:26:24.867884Z,0,0,495,176,0
2026-08-17T00:26:24.8728937Z,0,0,495,176,0
2026-08-17T00:26:24.8775958Z,0,0,495,176,0
2026-08-17T00:26:24.8828353Z,0,0,495,176,0
2026-08-17T00:26:24.8878388Z,0,0,495,176,0
2026-08-17T00:26:24.8925695Z,0,0,495,176,0
2026-08-17T00:26:24.89798Z,0,0,495,176,0
2026-08-17T00:26:24.9027403Z,0,0,495,176,0
2026-08-17T00:26:24.9076638Z,0,0,495,176,0
2026-08-17T00:26:24.91281Z,0,0,495,176,0
2026-08-17T00:26:24.917886Z,0,0,495,176,0
2026-08-17T00:26:24.9228501Z,0,0,495,176,0
2026-08-17T00:26:24.9278329Z,0,0,495,176,0
2026-08-17T00:26:24.9331794Z,0,0,495,176,0
2026-08-17T00:26:24.9378106Z,0,0,495,176,0
2026-08-17T00:26:24.942555Z,0,0,495,176,0
2026-08-17T00:26:24.9477206Z,0,0,495,176,0
2026-08-17T00:26:24.9530544Z,0,0,495,176,0
2026-08-17T00:26:24.9577712Z,0,0,495,176,0
2026-08-17T00:26:24.9626587Z,0,0,495,176,0
2026-08-17T00:26:24.9678668Z,0,0,495,176,0
2026-08-17T00:26:24.9727131Z,0,0,495,176,0
2026-08-17T00:26:24.9779089Z,0,0,495,176,0
2026-08-17T00:26:24.983217Z,0,0,495,176,0
2026-08-17T00:26:24.9883683Z,0,0,495,176,0
2026-08-17T00:26:24.9928895Z,0,0,495,176,0
2026-08-17T00:26:24.9977372Z,0,0,495,176,0
2026-08-17T00:26:25.0027003Z,0,0,495,176,0
2026-08-17T00:26:25.0078325Z,0,0,495,176,0
2026-08-17T00:26:25.0129851Z,0,0,495,176,0
2026-08-17T00:26:25.0180331Z,0,0,495,176,0
2026-08-17T00:26:25.022824Z,0,0,495,176,0
2026-08-17T00:26:25.0279008Z,0,0,495,176,0
2026-08-17T00:26:25.0326381Z,0,0,495,176,0
2026-08-17T00:26:25.0380542Z,0,0,495,176,0
2026-08-17T00:26:25.0427614Z,0,0,495,176,0
2026-08-17T00:26:25.0475463Z,0,0,495,176,0
2026-08-17T00:26:25.0525911Z,0,0,495,176,0
2026-08-17T00:26:25.0578118Z,0,0,495,176,0
2026-08-17T00:26:25.0633169Z,0,0,495,176,0
2026-08-17T00:26:25.0685701Z,0,0,495,176,0
2026-08-17T00:26:25.0724693Z,0,0,495,176,0
2026-08-17T00:26:25.0780327Z,0,0,495,176,0
2026-08-17T00:26:25.0828301Z,0,0,495,176,0
2026-08-17T00:26:25.0877377Z,0,0,495,176,0
2026-08-17T00:26:25.0929367Z,0,0,495,176,0
2026-08-17T00:26:25.0975153Z,0,0,495,176,0
2026-08-17T00:26:25.102724Z,0,0,495,176,0
2026-08-17T00:26:25.1077115Z,0,0,495,176,0
2026-08-17T00:26:25.1129184Z,0,0,495,176,0
2026-08-17T00:26:25.1179582Z,0,0,495,176,0
2026-08-17T00:26:25.1230385Z,0,0,495,176,0
2026-08-17T00:26:25.1275896Z,0,0,495,176,0
2026-08-17T00:26:25.1325115Z,0,0,495,176,0
2026-08-17T00:26:25.1379617Z,0,0,495,176,0
2026-08-17T00:26:25.1426045Z,0,0,495,176,0
2026-08-17T00:26:25.1476404Z,0,0,495,176,0
2026-08-17T00:26:25.1530077Z,0,0,495,176,0
2026-08-17T00:26:25.1579752Z,0,0,495,176,0
2026-08-17T00:26:25.1626854Z,0,0,495,176,0
2026-08-17T00:26:25.1682438Z,0,0,495,176,0
2026-08-17T00:26:25.1729112Z,0,0,495,176,0
2026-08-17T00:26:25.1774998Z,0,0,495,176,0
2026-08-17T00:26:25.1826766Z,0,0,495,176,0
2026-08-17T00:26:25.1875506Z,0,0,495,176,0
2026-08-17T00:26:25.193008Z,0,0,495,176,0
2026-08-17T00:26:25.1978068Z,0,0,495,176,0
2026-08-17T00:26:25.2027139Z,0,0,495,176,0
2026-08-17T00:26:25.2079785Z,0,0,495,176,0
2026-08-17T00:26:25.2126732Z,0,0,495,176,0
2026-08-17T00:26:25.2177197Z,0,0,495,176,0
2026-08-17T00:26:25.2226658Z,0,0,495,176,0
2026-08-17T00:26:25.2278174Z,0,0,495,176,0
2026-08-17T00:26:25.2329376Z,0,0,495,176,0
2026-08-17T00:26:25.2377291Z,0,0,495,176,0
2026-08-17T00:26:25.2428707Z,0,0,495,176,0
2026-08-17T00:26:25.2479049Z,0,0,495,176,0
2026-08-17T00:26:25.2525561Z,0,0,495,176,0
2026-08-17T00:26:25.2577506Z,0,0,495,176,0
2026-08-17T00:26:25.2626037Z,0,0,495,176,0
2026-08-17T00:26:25.2677955Z,0,0,495,176,0
2026-08-17T00:26:25.2727977Z,0,0,495,176,0
2026-08-17T00:26:25.2775155Z,0,0,495,176,0
2026-08-17T00:26:25.2827674Z,0,0,495,176,0
2026-08-17T00:26:25.2881327Z,0,0,495,176,0
2026-08-17T00:26:25.2928333Z,0,0,495,176,0
2026-08-17T00:26:25.2978942Z,0,0,495,176,0
2026-08-17T00:26:25.3026465Z,0,0,495,176,0
2026-08-17T00:26:25.307734Z,0,0,495,176,0
2026-08-17T00:26:25.3128965Z,0,0,495,176,0
2026-08-17T00:26:25.3179261Z,0,0,495,176,0
2026-08-17T00:26:25.3228073Z,0,0,495,176,0
2026-08-17T00:26:25.3284335Z,0,0,495,176,0
2026-08-17T00:26:25.3326955Z,0,0,495,176,0
2026-08-17T00:26:25.3379868Z,0,0,495,176,0
2026-08-17T00:26:25.3426505Z,0,0,495,176,0
2026-08-17T00:26:25.348205Z,0,0,495,176,0
2026-08-17T00:26:25.3528256Z,0,0,495,176,0
2026-08-17T00:26:25.3578007Z,0,0,495,176,0
2026-08-17T00:26:25.3629747Z,0,0,495,176,0
2026-08-17T00:26:25.3675449Z,0,0,495,176,0
2026-08-17T00:26:25.3728396Z,0,0,495,176,0
2026-08-17T00:26:25.3779132Z,0,0,495,176,0
2026-08-17T00:26:25.3826582Z,0,0,495,176,0
2026-08-17T00:26:25.3879084Z,0,0,495,176,0
2026-08-17T00:26:25.3926225Z,0,0,495,176,0
2026-08-17T00:26:25.3978217Z,0,0,495,176,0
2026-08-17T00:26:25.4030441Z,0,0,495,176,0
2026-08-17T00:26:25.4076411Z,0,0,495,176,0
2026-08-17T00:26:25.4126428Z,0,0,495,176,0
2026-08-17T00:26:25.4174855Z,0,0,495,176,0
2026-08-17T00:26:25.422537Z,0,0,495,176,0
2026-08-17T00:26:25.4277122Z,0,0,495,176,0
2026-08-17T00:26:25.4327577Z,0,0,495,176,0
2026-08-17T00:26:25.43761Z,0,0,495,176,0
2026-08-17T00:26:25.4426152Z,0,0,495,176,0
2026-08-17T00:26:25.4477943Z,0,0,495,176,0
2026-08-17T00:26:25.4525381Z,0,0,495,176,0
2026-08-17T00:26:25.4577922Z,0,0,495,176,0
2026-08-17T00:26:25.4626115Z,0,0,495,176,0
2026-08-17T00:26:25.4678194Z,0,0,495,176,0
2026-08-17T00:26:25.4739053Z,0,0,495,176,0
2026-08-17T00:26:25.4774624Z,0,0,495,176,0
2026-08-17T00:26:25.4832764Z,0,0,495,176,0
2026-08-17T00:26:25.4881651Z,0,0,495,176,0
2026-08-17T00:26:25.4928711Z,0,0,495,176,0
2026-08-17T00:26:25.4978252Z,0,0,495,176,0
2026-08-17T00:26:25.5028183Z,0,0,495,176,0
2026-08-17T00:26:25.5079026Z,0,0,495,176,0
2026-08-17T00:26:25.5131642Z,0,0,495,176,0
2026-08-17T00:26:25.5182522Z,0,0,495,176,0
2026-08-17T00:26:25.5225622Z,0,0,495,176,0
2026-08-17T00:26:25.5276271Z,0,0,495,176,0
2026-08-17T00:26:25.5327954Z,0,0,495,176,0
2026-08-17T00:26:25.5378412Z,0,0,495,176,0
2026-08-17T00:26:25.5425982Z,0,0,495,176,0
2026-08-17T00:26:25.5482829Z,0,0,495,176,0
2026-08-17T00:26:25.5526093Z,0,0,495,176,0
2026-08-17T00:26:25.5576837Z,0,0,495,176,0
2026-08-17T00:26:25.5629303Z,0,0,495,176,0
2026-08-17T00:26:25.5675997Z,0,0,495,176,0
2026-08-17T00:26:25.5733518Z,0,0,495,176,0
2026-08-17T00:26:25.5777225Z,0,0,495,176,0
2026-08-17T00:26:25.583046Z,0,0,495,176,0
2026-08-17T00:26:25.5877418Z,0,0,495,176,0
2026-08-17T00:26:25.592617Z,0,0,495,176,0
2026-08-17T00:26:25.5978188Z,0,0,495,176,0
2026-08-17T00:26:25.6028202Z,0,0,495,176,0
2026-08-17T00:26:25.6080409Z,0,0,495,176,0
2026-08-17T00:26:25.6128008Z,0,0,495,176,0
2026-08-17T00:26:25.6179398Z,0,0,495,176,0
2026-08-17T00:26:25.623002Z,0,0,495,176,0
2026-08-17T00:26:25.6279088Z,0,0,495,176,0
2026-08-17T00:26:25.6330445Z,0,0,495,176,0
2026-08-17T00:26:25.6380982Z,0,0,495,176,0
2026-08-17T00:26:25.6428557Z,0,0,495,176,0
2026-08-17T00:26:25.6479697Z,0,0,495,176,0
2026-08-17T00:26:25.6526665Z,0,0,495,176,0
2026-08-17T00:26:25.6578538Z,0,0,495,176,0
2026-08-17T00:26:25.6631135Z,0,0,495,176,0
2026-08-17T00:26:25.6681861Z,0,0,495,176,0
2026-08-17T00:26:25.6729394Z,0,0,495,176,0
2026-08-17T00:26:25.6775745Z,0,0,495,176,0
2026-08-17T00:26:25.6828649Z,0,0,495,176,0
2026-08-17T00:26:25.6880127Z,0,0,495,176,0
2026-08-17T00:26:25.692817Z,0,0,495,176,0
2026-08-17T00:26:25.6982942Z,0,0,495,176,0
2026-08-17T00:26:25.7028179Z,0,0,495,176,0
2026-08-17T00:26:25.7078705Z,0,0,495,176,0
2026-08-17T00:26:25.7126238Z,0,0,495,176,0
2026-08-17T00:26:25.7178622Z,0,0,495,176,0
2026-08-17T00:26:25.7226758Z,0,0,495,176,0
2026-08-17T00:26:25.7283031Z,0,0,495,176,0
2026-08-17T00:26:25.7326053Z,0,0,495,176,0
2026-08-17T00:26:25.737863Z,0,0,495,176,0
2026-08-17T00:26:25.7426175Z,0,0,495,176,0
2026-08-17T00:26:25.747798Z,0,0,495,176,0
2026-08-17T00:26:25.7528792Z,0,0,495,176,0
2026-08-17T00:26:25.7576706Z,0,0,495,176,0
2026-08-17T00:26:25.762957Z,0,0,495,176,0
2026-08-17T00:26:25.7675585Z,0,0,495,176,0
2026-08-17T00:26:25.7729553Z,0,0,495,176,0
2026-08-17T00:26:25.7776012Z,0,0,495,176,0
2026-08-17T00:26:25.7828789Z,0,0,495,176,0
2026-08-17T00:26:25.7879623Z,0,0,495,176,0
2026-08-17T00:26:25.7929817Z,0,0,495,176,0
2026-08-17T00:26:25.7984356Z,0,0,495,176,0
2026-08-17T00:26:25.8024108Z,0,0,495,176,0
2026-08-17T00:26:25.8075824Z,0,0,495,176,0
2026-08-17T00:26:25.8133607Z,0,0,495,176,0
2026-08-17T00:26:25.8184712Z,0,0,495,176,0
2026-08-17T00:26:25.822828Z,0,0,495,176,0
2026-08-17T00:26:25.8280035Z,0,0,495,176,0
2026-08-17T00:26:25.8327984Z,0,0,495,176,0
2026-08-17T00:26:25.8378308Z,0,0,495,176,0
2026-08-17T00:26:25.8426247Z,0,0,495,176,0
2026-08-17T00:26:25.8477266Z,0,0,495,176,0
2026-08-17T00:26:25.8528386Z,0,0,495,176,0
2026-08-17T00:26:25.8579804Z,0,0,495,176,0
2026-08-17T00:26:25.8627936Z,0,0,495,176,0
2026-08-17T00:26:25.8680005Z,0,0,495,176,0
2026-08-17T00:26:25.8730602Z,0,0,495,176,0
2026-08-17T00:26:25.8776068Z,0,0,495,176,0
2026-08-17T00:26:25.8828311Z,0,0,495,176,0
2026-08-17T00:26:25.8879952Z,0,0,495,176,0
2026-08-17T00:26:25.892696Z,0,0,495,176,0
2026-08-17T00:26:25.8977575Z,0,0,495,176,0
2026-08-17T00:26:25.9029538Z,0,0,495,176,0
2026-08-17T00:26:25.9077159Z,0,0,495,176,0
2026-08-17T00:26:25.9129439Z,0,0,495,176,0
2026-08-17T00:26:25.9185366Z,0,0,495,176,0
2026-08-17T00:26:25.9227885Z,0,0,495,176,0
2026-08-17T00:26:25.9279077Z,0,0,495,176,0
2026-08-17T00:26:25.9332554Z,0,0,495,176,0
2026-08-17T00:26:25.938261Z,0,0,495,176,0
2026-08-17T00:26:25.9429665Z,0,0,495,176,0
2026-08-17T00:26:25.9475522Z,0,0,495,176,0
2026-08-17T00:26:25.9526323Z,0,0,495,176,0
2026-08-17T00:26:25.9579048Z,0,0,495,176,0
2026-08-17T00:26:25.9626836Z,0,0,495,176,0
2026-08-17T00:26:25.9678807Z,0,0,495,176,0
2026-08-17T00:26:25.9729345Z,0,0,495,176,0
2026-08-17T00:26:25.977591Z,0,0,495,176,0
2026-08-17T00:26:25.9829205Z,0,0,495,176,0
2026-08-17T00:26:25.987625Z,0,0,495,176,0
2026-08-17T00:26:25.9928513Z,0,0,495,176,0
2026-08-17T00:26:25.99802Z,0,0,495,176,0
2026-08-17T00:26:26.0027477Z,0,0,495,176,0
2026-08-17T00:26:26.0077366Z,0,0,495,176,0
2026-08-17T00:26:26.0128843Z,0,0,495,176,0
2026-08-17T00:26:26.0179238Z,0,0,495,176,0
2026-08-17T00:26:26.0232287Z,0,0,495,176,0
2026-08-17T00:26:26.0278392Z,0,0,495,176,0
2026-08-17T00:26:26.0326954Z,0,0,495,176,0
2026-08-17T00:26:26.0380885Z,0,0,495,176,0
2026-08-17T00:26:26.0427617Z,0,0,495,176,0
2026-08-17T00:26:26.0478489Z,0,0,495,176,0
2026-08-17T00:26:26.0525837Z,0,0,495,176,0
2026-08-17T00:26:26.0575767Z,0,0,495,176,0
2026-08-17T00:26:26.0628391Z,0,0,495,176,0
2026-08-17T00:26:26.0678986Z,0,0,495,176,0
2026-08-17T00:26:26.0729031Z,0,0,495,176,0
2026-08-17T00:26:26.0775739Z,0,0,495,176,0
2026-08-17T00:26:26.0829848Z,0,0,495,176,0
2026-08-17T00:26:26.0877538Z,0,0,495,176,0
2026-08-17T00:26:26.0926236Z,0,0,495,176,0
2026-08-17T00:26:26.097841Z,0,0,495,176,0
2026-08-17T00:26:26.1030867Z,0,0,495,176,0
2026-08-17T00:26:26.1079269Z,0,0,495,176,0
2026-08-17T00:26:26.1127614Z,0,0,495,176,0
2026-08-17T00:26:26.1179628Z,0,0,495,176,0
2026-08-17T00:26:26.1228857Z,0,0,495,176,0
2026-08-17T00:26:26.1280684Z,0,0,495,176,0
2026-08-17T00:26:26.132972Z,0,0,495,176,0
2026-08-17T00:26:26.1380821Z,0,0,495,176,0
2026-08-17T00:26:26.1428336Z,0,0,495,176,0
2026-08-17T00:26:26.1480053Z,0,0,495,176,0
2026-08-17T00:26:26.152905Z,0,0,495,176,0
2026-08-17T00:26:26.1578805Z,0,0,495,176,0
2026-08-17T00:26:26.1630758Z,0,0,495,176,0
2026-08-17T00:26:26.1676185Z,0,0,495,176,0
2026-08-17T00:26:26.1730967Z,0,0,495,176,0
2026-08-17T00:26:26.1781171Z,0,0,495,176,0
2026-08-17T00:26:26.1828457Z,0,0,495,176,0
2026-08-17T00:26:26.1882783Z,0,0,495,176,0
2026-08-17T00:26:26.1928311Z,0,0,495,176,0
2026-08-17T00:26:26.1983016Z,0,0,495,176,0
2026-08-17T00:26:26.2026248Z,0,0,495,176,0
2026-08-17T00:26:26.2081048Z,0,0,495,176,0
2026-08-17T00:26:26.2126523Z,0,0,495,176,0
2026-08-17T00:26:26.217766Z,0,0,495,176,0
2026-08-17T00:26:26.2229394Z,0,0,495,176,0
2026-08-17T00:26:26.2275888Z,0,0,495,176,0
2026-08-17T00:26:26.2329603Z,0,0,495,176,0
2026-08-17T00:26:26.2379591Z,0,0,495,176,0
2026-08-17T00:26:26.2426724Z,0,0,495,176,0
2026-08-17T00:26:26.2478517Z,0,0,495,176,0
2026-08-17T00:26:26.2525962Z,0,0,495,176,0
2026-08-17T00:26:26.2575479Z,0,0,495,176,0
2026-08-17T00:26:26.2627548Z,0,0,495,176,0
2026-08-17T00:26:26.2674548Z,0,0,495,176,0
2026-08-17T00:26:26.2730509Z,0,0,495,176,0
2026-08-17T00:26:26.2776405Z,0,0,495,176,0
2026-08-17T00:26:26.2824749Z,0,0,495,176,0
2026-08-17T00:26:26.288006Z,0,0,495,176,0
2026-08-17T00:26:26.2928017Z,0,0,495,176,0
2026-08-17T00:26:26.2980454Z,0,0,495,176,0
2026-08-17T00:26:26.3031209Z,0,0,495,176,0
2026-08-17T00:26:26.3078752Z,0,0,495,176,0
2026-08-17T00:26:26.3125943Z,0,0,495,176,0
2026-08-17T00:26:26.3177323Z,0,0,495,176,0
2026-08-17T00:26:26.3229977Z,0,0,495,176,0
2026-08-17T00:26:26.3276002Z,0,0,495,176,0
2026-08-17T00:26:26.3328984Z,0,0,495,176,0
2026-08-17T00:26:26.3380172Z,0,0,495,176,0
2026-08-17T00:26:26.3427523Z,0,0,495,176,0
2026-08-17T00:26:26.3479108Z,0,0,495,176,0
2026-08-17T00:26:26.3525505Z,0,0,495,176,0
2026-08-17T00:26:26.3574983Z,0,0,495,176,0
2026-08-17T00:26:26.363067Z,0,0,495,176,0
2026-08-17T00:26:26.3680369Z,0,0,495,176,0
2026-08-17T00:26:26.3726349Z,0,0,495,176,0
2026-08-17T00:26:26.3778732Z,0,0,495,176,0
2026-08-17T00:26:26.3827402Z,0,0,495,176,0
2026-08-17T00:26:26.3878961Z,0,0,495,176,0
2026-08-17T00:26:26.3926255Z,0,0,495,176,0
2026-08-17T00:26:26.3977759Z,0,0,495,176,0
2026-08-17T00:26:26.4026232Z,0,0,495,176,0
2026-08-17T00:26:26.4075724Z,0,0,495,176,0
2026-08-17T00:26:26.4128558Z,0,0,495,176,0
2026-08-17T00:26:26.4179737Z,0,0,495,176,0
2026-08-17T00:26:26.4232951Z,0,0,495,176,0
2026-08-17T00:26:26.4278858Z,0,0,495,176,0
2026-08-17T00:26:26.4332194Z,0,0,495,176,0
2026-08-17T00:26:26.4381139Z,0,0,495,176,0
2026-08-17T00:26:26.4428826Z,0,0,495,176,0
2026-08-17T00:26:26.4475501Z,0,0,495,176,0
2026-08-17T00:26:26.4529014Z,0,0,495,176,0
2026-08-17T00:26:26.4580365Z,0,0,495,176,0
2026-08-17T00:26:26.4627477Z,0,0,495,176,0
2026-08-17T00:26:26.4678654Z,0,0,495,176,0
2026-08-17T00:26:26.472965Z,0,0,495,176,0
2026-08-17T00:26:26.4776193Z,0,0,495,176,0
2026-08-17T00:26:26.482978Z,0,0,495,176,0
2026-08-17T00:26:26.4885818Z,0,0,495,176,0
2026-08-17T00:26:26.4927992Z,0,0,495,176,0
2026-08-17T00:26:26.4979667Z,0,0,495,176,0
2026-08-17T00:26:26.5029182Z,0,0,495,176,0
2026-08-17T00:26:26.5079402Z,0,0,495,176,0
2026-08-17T00:26:26.5127173Z,0,0,495,176,0
2026-08-17T00:26:26.5178981Z,0,0,495,176,0
2026-08-17T00:26:26.5232292Z,0,0,495,176,0
2026-08-17T00:26:26.5279646Z,0,0,495,176,0
2026-08-17T00:26:26.5337962Z,0,0,495,176,0
2026-08-17T00:26:26.5379584Z,0,0,495,176,0
2026-08-17T00:26:26.5428132Z,0,0,495,176,0
2026-08-17T00:26:26.5479877Z,0,0,495,176,0
2026-08-17T00:26:26.5530404Z,0,0,495,176,0
2026-08-17T00:26:26.5577092Z,0,0,495,176,0
2026-08-17T00:26:26.5629881Z,0,0,495,176,0
2026-08-17T00:26:26.5679418Z,0,0,495,176,0
2026-08-17T00:26:26.5730412Z,0,0,495,176,0
2026-08-17T00:26:26.5780163Z,0,0,495,176,0
2026-08-17T00:26:26.5829382Z,0,0,495,176,0
2026-08-17T00:26:26.587884Z,0,0,495,176,0
2026-08-17T00:26:26.592588Z,0,0,495,176,0
2026-08-17T00:26:26.597959Z,0,0,495,176,0
2026-08-17T00:26:26.6027839Z,0,0,495,176,0
2026-08-17T00:26:26.6076378Z,0,0,495,176,0
2026-08-17T00:26:26.612814Z,0,0,495,176,0
2026-08-17T00:26:26.6178942Z,0,0,495,176,0
2026-08-17T00:26:26.6228764Z,0,0,495,176,0
2026-08-17T00:26:26.6279649Z,0,0,495,176,0
2026-08-17T00:26:26.6329822Z,0,0,495,176,0
2026-08-17T00:26:26.6379423Z,0,0,495,176,0
2026-08-17T00:26:26.6426235Z,0,0,495,176,0
2026-08-17T00:26:26.647776Z,0,0,495,176,0
2026-08-17T00:26:26.6526357Z,0,0,495,176,0
2026-08-17T00:26:26.6576156Z,0,0,495,176,0
2026-08-17T00:26:26.6627793Z,0,0,495,176,0
2026-08-17T00:26:26.6680015Z,0,0,495,176,0
2026-08-17T00:26:26.6731566Z,0,0,495,176,0
2026-08-17T00:26:26.6778876Z,0,0,495,176,0
2026-08-17T00:26:26.6826287Z,0,0,495,176,0
2026-08-17T00:26:26.6881752Z,0,0,495,176,0
2026-08-17T00:26:26.6931782Z,0,0,495,176,0
2026-08-17T00:26:26.6982115Z,0,0,495,176,0
2026-08-17T00:26:26.7025566Z,0,0,495,176,0
2026-08-17T00:26:26.7079952Z,0,0,495,176,0
2026-08-17T00:26:26.7132186Z,0,0,495,176,0
2026-08-17T00:26:26.7178208Z,0,0,495,176,0
2026-08-17T00:26:26.7228434Z,0,0,495,176,0
2026-08-17T00:26:26.7282538Z,0,0,495,176,0
2026-08-17T00:26:26.7332747Z,0,0,495,176,0
2026-08-17T00:26:26.7377711Z,0,0,495,176,0
2026-08-17T00:26:26.7429532Z,0,0,495,176,0
2026-08-17T00:26:26.7475248Z,0,0,495,176,0
2026-08-17T00:26:26.7524947Z,0,0,495,176,0
2026-08-17T00:26:26.7583643Z,0,0,495,176,0
2026-08-17T00:26:26.7628891Z,0,0,495,176,0
2026-08-17T00:26:26.7682647Z,0,0,495,176,0
2026-08-17T00:26:26.7730011Z,0,0,495,176,0
2026-08-17T00:26:26.7776162Z,0,0,495,176,0
2026-08-17T00:26:26.7828889Z,0,0,495,176,0
2026-08-17T00:26:26.7877958Z,0,0,495,176,0
2026-08-17T00:26:26.7933682Z,0,0,495,176,0
2026-08-17T00:26:26.7978831Z,0,0,495,176,0
2026-08-17T00:26:26.8026692Z,0,0,495,176,0
2026-08-17T00:26:26.8075316Z,0,0,495,176,0
2026-08-17T00:26:26.8128062Z,0,0,495,176,0
2026-08-17T00:26:26.8179278Z,0,0,495,176,0
2026-08-17T00:26:26.8226847Z,0,0,495,176,0
2026-08-17T00:26:26.8283665Z,0,0,495,176,0
2026-08-17T00:26:26.8329338Z,0,0,495,176,0
2026-08-17T00:26:26.8374164Z,0,0,495,176,0
2026-08-17T00:26:26.8426262Z,0,0,495,176,0
2026-08-17T00:26:26.8477217Z,0,0,495,176,0
2026-08-17T00:26:26.8531126Z,0,0,495,176,0
2026-08-17T00:26:26.8575724Z,0,0,495,176,0
2026-08-17T00:26:26.8632Z,0,0,495,176,0
2026-08-17T00:26:26.8686011Z,0,0,495,176,0
2026-08-17T00:26:26.8729533Z,0,0,495,176,0
2026-08-17T00:26:26.8775768Z,0,0,495,176,0
2026-08-17T00:26:26.882855Z,0,0,495,176,0
2026-08-17T00:26:26.8878727Z,0,0,495,176,0
2026-08-17T00:26:26.8929093Z,0,0,495,176,0
2026-08-17T00:26:26.8978361Z,0,0,495,176,0
2026-08-17T00:26:26.9026543Z,0,0,495,176,0
2026-08-17T00:26:26.9078102Z,0,0,495,176,0
2026-08-17T00:26:26.9135002Z,0,0,495,176,0
2026-08-17T00:26:26.9175657Z,0,0,495,176,0
2026-08-17T00:26:26.9231151Z,0,0,495,176,0
2026-08-17T00:26:26.9280702Z,0,0,495,176,0
2026-08-17T00:26:26.9333211Z,0,0,495,176,0
2026-08-17T00:26:26.9378775Z,0,0,495,176,0
2026-08-17T00:26:26.9425792Z,0,0,495,176,0
2026-08-17T00:26:26.947915Z,0,0,495,176,0
2026-08-17T00:26:26.9531979Z,0,0,495,176,0
2026-08-17T00:26:26.9579492Z,0,0,495,176,0
2026-08-17T00:26:26.9628464Z,0,0,495,176,0
2026-08-17T00:26:26.9680035Z,0,0,495,176,0
2026-08-17T00:26:26.9729215Z,0,0,495,176,0
2026-08-17T00:26:26.9775947Z,0,0,495,176,0
2026-08-17T00:26:26.9828568Z,0,0,495,176,0
2026-08-17T00:26:26.9878851Z,0,0,495,176,0
2026-08-17T00:26:26.9929148Z,0,0,495,176,0
2026-08-17T00:26:26.9983209Z,0,0,495,176,0
2026-08-17T00:26:27.0026107Z,0,0,495,176,0
2026-08-17T00:26:27.0077385Z,0,0,495,176,0
2026-08-17T00:26:27.0129421Z,0,0,495,176,0
2026-08-17T00:26:27.0178005Z,0,0,495,176,0
2026-08-17T00:26:27.0226412Z,0,0,495,176,0
2026-08-17T00:26:27.0275372Z,0,0,495,176,0
2026-08-17T00:26:27.0329092Z,0,0,495,176,0
2026-08-17T00:26:27.0379263Z,0,0,495,176,0
2026-08-17T00:26:27.0426429Z,0,0,495,176,0
2026-08-17T00:26:27.0477939Z,0,0,495,176,0
2026-08-17T00:26:27.0525334Z,0,0,495,176,0
2026-08-17T00:26:27.0579742Z,0,0,495,176,0
2026-08-17T00:26:27.0632089Z,0,0,495,176,0
2026-08-17T00:26:27.0676045Z,0,0,495,176,0
2026-08-17T00:26:27.0727812Z,0,0,495,176,0
2026-08-17T00:26:27.0779572Z,0,0,495,176,0
2026-08-17T00:26:27.0829385Z,0,0,495,176,0
2026-08-17T00:26:27.0879156Z,0,0,495,176,0
2026-08-17T00:26:27.0926241Z,0,0,495,176,0
2026-08-17T00:26:27.097941Z,0,0,495,176,0
2026-08-17T00:26:27.1029507Z,0,0,495,176,0
2026-08-17T00:26:27.1076529Z,0,0,495,176,0
2026-08-17T00:26:27.1128585Z,0,0,495,176,0
2026-08-17T00:26:27.1179247Z,0,0,495,176,0
2026-08-17T00:26:27.1227621Z,0,0,495,176,0
2026-08-17T00:26:27.1279382Z,0,0,495,176,0
2026-08-17T00:26:27.1332677Z,0,0,495,176,0
2026-08-17T00:26:27.1379045Z,0,0,495,176,0
2026-08-17T00:26:27.1430139Z,0,0,495,176,0
2026-08-17T00:26:27.1481193Z,0,0,495,176,0
2026-08-17T00:26:27.1530517Z,0,0,495,176,0
2026-08-17T00:26:27.1582405Z,0,0,495,176,0
2026-08-17T00:26:27.1629588Z,0,0,495,176,0
2026-08-17T00:26:27.168366Z,0,0,495,176,0
2026-08-17T00:26:27.172809Z,0,0,495,176,0
2026-08-17T00:26:27.1780011Z,0,0,495,176,0
2026-08-17T00:26:27.1831226Z,0,0,495,176,0
2026-08-17T00:26:27.1882967Z,0,0,495,176,0
2026-08-17T00:26:27.1933131Z,0,0,495,176,0
2026-08-17T00:26:27.1980836Z,0,0,495,176,0
2026-08-17T00:26:27.2031368Z,0,0,495,176,0
2026-08-17T00:26:27.207864Z,0,0,495,176,0
2026-08-17T00:26:27.2125437Z,0,0,495,176,0
2026-08-17T00:26:27.2176899Z,0,0,495,176,0
2026-08-17T00:26:27.2228843Z,0,0,495,176,0
2026-08-17T00:26:27.2279901Z,0,0,495,176,0
2026-08-17T00:26:27.2327133Z,0,0,495,176,0
2026-08-17T00:26:27.2378332Z,0,0,495,176,0
2026-08-17T00:26:27.2425416Z,0,0,495,176,0
2026-08-17T00:26:27.2476924Z,0,0,495,176,0
2026-08-17T00:26:27.2524296Z,0,0,495,176,0
2026-08-17T00:26:27.2574665Z,0,0,495,176,0
2026-08-17T00:26:27.2627175Z,0,0,495,176,0
2026-08-17T00:26:27.2679019Z,0,0,495,176,0
2026-08-17T00:26:27.2735903Z,0,0,495,176,0
2026-08-17T00:26:27.2776629Z,0,0,495,176,0
2026-08-17T00:26:27.2828217Z,0,0,495,176,0
2026-08-17T00:26:27.2875669Z,0,0,495,176,0
2026-08-17T00:26:27.2928519Z,0,0,495,176,0
2026-08-17T00:26:27.297897Z,0,0,495,176,0
2026-08-17T00:26:27.302427Z,0,0,495,176,0
2026-08-17T00:26:27.3078715Z,0,0,495,176,0
2026-08-17T00:26:27.3130251Z,0,0,495,176,0
2026-08-17T00:26:27.3175977Z,0,0,495,176,0
2026-08-17T00:26:27.3227932Z,0,0,495,176,0
2026-08-17T00:26:27.3280204Z,0,0,495,176,0
2026-08-17T00:26:27.3331372Z,0,0,495,176,0
2026-08-17T00:26:27.3380741Z,0,0,495,176,0
2026-08-17T00:26:27.3427701Z,0,0,495,176,0
2026-08-17T00:26:27.347828Z,0,0,495,176,0
2026-08-17T00:26:27.3527845Z,0,0,495,176,0
2026-08-17T00:26:27.3578516Z,0,0,495,176,0
2026-08-17T00:26:27.3630164Z,0,0,495,176,0
2026-08-17T00:26:27.3677093Z,0,0,495,176,0
2026-08-17T00:26:27.3728067Z,0,0,495,176,0
2026-08-17T00:26:27.3784203Z,0,0,495,176,0
2026-08-17T00:26:27.3826686Z,0,0,495,176,0
2026-08-17T00:26:27.3878025Z,0,0,495,176,0
2026-08-17T00:26:27.3930219Z,0,0,495,176,0
2026-08-17T00:26:27.3976146Z,0,0,495,176,0
2026-08-17T00:26:27.4026411Z,0,0,495,176,0
2026-08-17T00:26:27.4079943Z,0,0,495,176,0
2026-08-17T00:26:27.41271Z,0,0,495,176,0
2026-08-17T00:26:27.4177945Z,0,0,495,176,0
2026-08-17T00:26:27.4228203Z,0,0,495,176,0
2026-08-17T00:26:27.4279276Z,0,0,495,176,0
2026-08-17T00:26:27.4331257Z,0,0,495,176,0
2026-08-17T00:26:27.4377091Z,0,0,495,176,0
2026-08-17T00:26:27.4428489Z,0,0,495,176,0
2026-08-17T00:26:27.4479499Z,0,0,495,176,0
2026-08-17T00:26:27.4529969Z,0,0,495,176,0
2026-08-17T00:26:27.4580149Z,0,0,495,176,0
2026-08-17T00:26:27.462695Z,0,0,495,176,0
2026-08-17T00:26:27.4686429Z,0,0,495,176,0
2026-08-17T00:26:27.4727832Z,0,0,495,176,0
2026-08-17T00:26:27.4779384Z,0,0,495,176,0
2026-08-17T00:26:27.4826089Z,0,0,495,176,0
2026-08-17T00:26:27.4876096Z,0,0,495,176,0
2026-08-17T00:26:27.4927894Z,0,0,495,176,0
2026-08-17T00:26:27.4978926Z,0,0,495,176,0
2026-08-17T00:26:27.5028454Z,0,0,495,176,0
2026-08-17T00:26:27.507535Z,0,0,495,176,0
2026-08-17T00:26:27.5127804Z,0,0,495,176,0
2026-08-17T00:26:27.5179125Z,0,0,495,176,0
2026-08-17T00:26:27.523028Z,0,0,495,176,0
2026-08-17T00:26:27.5275977Z,0,0,495,176,0
2026-08-17T00:26:27.5326006Z,0,0,495,176,0
2026-08-17T00:26:27.5377112Z,0,0,495,176,0
2026-08-17T00:26:27.5428756Z,0,0,495,176,0
2026-08-17T00:26:27.5479146Z,0,0,495,176,0
2026-08-17T00:26:27.5529955Z,0,0,495,176,0
2026-08-17T00:26:27.557597Z,0,0,495,176,0
2026-08-17T00:26:27.5627903Z,0,0,495,176,0
2026-08-17T00:26:27.5679303Z,0,0,495,176,0
2026-08-17T00:26:27.5728041Z,0,0,495,176,0
2026-08-17T00:26:27.5779107Z,0,0,495,176,0
2026-08-17T00:26:27.5828047Z,0,0,495,176,0
2026-08-17T00:26:27.5877762Z,0,0,495,176,0
2026-08-17T00:26:27.5925102Z,0,0,495,176,0
2026-08-17T00:26:27.5976327Z,0,0,495,176,0
2026-08-17T00:26:27.6025825Z,0,0,495,176,0
2026-08-17T00:26:27.6078056Z,0,0,495,176,0
2026-08-17T00:26:27.6129765Z,0,0,495,176,0
2026-08-17T00:26:27.6175541Z,0,0,495,176,0
2026-08-17T00:26:27.6231179Z,0,0,495,176,0
2026-08-17T00:26:27.6279134Z,0,0,495,176,0
2026-08-17T00:26:27.6326638Z,0,0,495,176,0
2026-08-17T00:26:27.6381406Z,0,0,495,176,0
2026-08-17T00:26:27.643044Z,0,0,495,176,0
2026-08-17T00:26:27.6477305Z,0,0,495,176,0
2026-08-17T00:26:27.65286Z,0,0,495,176,0
2026-08-17T00:26:27.6579841Z,0,0,495,176,0
2026-08-17T00:26:27.6630562Z,0,0,495,176,0
2026-08-17T00:26:27.668103Z,0,0,495,176,0
2026-08-17T00:26:27.6728171Z,0,0,495,176,0
2026-08-17T00:26:27.677955Z,0,0,495,176,0
2026-08-17T00:26:27.6826491Z,0,0,495,176,0
2026-08-17T00:26:27.687797Z,0,0,495,176,0
2026-08-17T00:26:27.6932539Z,0,0,495,176,0
2026-08-17T00:26:27.6983108Z,0,0,495,176,0
2026-08-17T00:26:27.7028305Z,0,0,495,176,0
2026-08-17T00:26:27.7078709Z,0,0,495,176,0
2026-08-17T00:26:27.7131514Z,0,0,495,176,0
2026-08-17T00:26:27.7177535Z,0,0,495,176,0
2026-08-17T00:26:27.7228939Z,0,0,495,176,0
2026-08-17T00:26:27.7280583Z,0,0,495,176,0
2026-08-17T00:26:27.733281Z,0,0,495,176,0
2026-08-17T00:26:27.7379716Z,0,0,495,176,0
2026-08-17T00:26:27.7426691Z,0,0,495,176,0
2026-08-17T00:26:27.7478324Z,0,0,495,176,0
2026-08-17T00:26:27.7524526Z,0,0,495,176,0
2026-08-17T00:26:27.7574553Z,0,0,495,176,0
2026-08-17T00:26:27.7627555Z,0,0,495,176,0
2026-08-17T00:26:27.7679596Z,0,0,495,176,0
2026-08-17T00:26:27.7729143Z,0,0,495,176,0
2026-08-17T00:26:27.7780412Z,0,0,495,176,0
2026-08-17T00:26:27.7830122Z,0,0,495,176,0
2026-08-17T00:26:27.7882546Z,0,0,495,176,0
2026-08-17T00:26:27.7932971Z,0,0,495,176,0
2026-08-17T00:26:27.7977375Z,0,0,495,176,0
2026-08-17T00:26:27.8024607Z,0,0,495,176,0
2026-08-17T00:26:27.8079265Z,0,0,495,176,0
2026-08-17T00:26:27.812604Z,0,0,495,176,0
2026-08-17T00:26:27.8177018Z,0,0,495,176,0
2026-08-17T00:26:27.8226247Z,0,0,495,176,0
2026-08-17T00:26:27.8279488Z,0,0,495,176,0
2026-08-17T00:26:27.8328801Z,0,0,495,176,0
2026-08-17T00:26:27.8377657Z,0,0,495,176,0
2026-08-17T00:26:27.8425377Z,0,0,495,176,0
2026-08-17T00:26:27.8477781Z,0,0,495,176,0
2026-08-17T00:26:27.8523941Z,0,0,495,176,0
2026-08-17T00:26:27.8575942Z,0,0,495,176,0
2026-08-17T00:26:27.8626773Z,0,0,495,176,0
2026-08-17T00:26:27.8678189Z,0,0,495,176,0
2026-08-17T00:26:27.87313Z,0,0,495,176,0
2026-08-17T00:26:27.8776192Z,0,0,495,176,0
2026-08-17T00:26:27.882513Z,0,0,495,176,0
2026-08-17T00:26:27.887724Z,0,0,495,176,0
2026-08-17T00:26:27.8934833Z,0,0,495,176,0
2026-08-17T00:26:27.8976007Z,0,0,495,176,0
2026-08-17T00:26:27.902567Z,0,0,495,176,0
2026-08-17T00:26:27.9081119Z,0,0,495,176,0
2026-08-17T00:26:27.9131674Z,0,0,495,176,0
2026-08-17T00:26:27.9176908Z,0,0,495,176,0
2026-08-17T00:26:27.9226773Z,0,0,495,176,0
2026-08-17T00:26:27.9286118Z,0,0,495,176,0
2026-08-17T00:26:27.9330813Z,0,0,495,176,0
2026-08-17T00:26:27.9376096Z,0,0,495,176,0
2026-08-17T00:26:27.9428964Z,0,0,495,176,0
2026-08-17T00:26:27.947539Z,0,0,495,176,0
2026-08-17T00:26:27.9527766Z,0,0,495,176,0
2026-08-17T00:26:27.957676Z,0,0,495,176,0
2026-08-17T00:26:27.9628525Z,0,0,495,176,0
2026-08-17T00:26:27.9679927Z,0,0,495,176,0
2026-08-17T00:26:27.9729262Z,0,0,495,176,0
2026-08-17T00:26:27.9778551Z,0,0,495,176,0
2026-08-17T00:26:27.9828357Z,0,0,495,176,0
2026-08-17T00:26:27.9875589Z,0,0,495,176,0
2026-08-17T00:26:27.9929163Z,0,0,495,176,0
2026-08-17T00:26:27.9979663Z,0,0,495,176,0
2026-08-17T00:26:28.0024036Z,0,0,495,176,0
2026-08-17T00:26:28.0075854Z,0,0,495,176,0
2026-08-17T00:26:28.0127062Z,0,0,495,176,0
2026-08-17T00:26:28.0176715Z,0,0,495,176,0
2026-08-17T00:26:28.0226312Z,0,0,495,176,0
2026-08-17T00:26:28.0278342Z,0,0,495,176,0
2026-08-17T00:26:28.0330166Z,0,0,495,176,0
2026-08-17T00:26:28.0379502Z,0,0,495,176,0
2026-08-17T00:26:28.0427463Z,0,0,495,176,0
2026-08-17T00:26:28.0479201Z,0,0,495,176,0
2026-08-17T00:26:28.0530471Z,0,0,495,176,0
2026-08-17T00:26:28.0579205Z,0,0,495,176,0
2026-08-17T00:26:28.0630018Z,0,0,495,176,0
2026-08-17T00:26:28.0679067Z,0,0,495,176,0
2026-08-17T00:26:28.0728496Z,0,0,495,176,0
2026-08-17T00:26:28.0779675Z,0,0,495,176,0
2026-08-17T00:26:28.0825328Z,0,0,495,176,0
2026-08-17T00:26:28.0878978Z,0,0,495,176,0
2026-08-17T00:26:28.0927856Z,0,0,495,176,0
2026-08-17T00:26:28.0982711Z,0,0,495,176,0
2026-08-17T00:26:28.1027526Z,0,0,495,176,0
2026-08-17T00:26:28.1075039Z,0,0,495,176,0
2026-08-17T00:26:28.1125206Z,0,0,495,176,0
2026-08-17T00:26:28.1175981Z,0,0,495,176,0
2026-08-17T00:26:28.1229338Z,0,0,495,176,0
2026-08-17T00:26:28.1275236Z,0,0,495,176,0
2026-08-17T00:26:28.1328768Z,0,0,495,176,0
2026-08-17T00:26:28.1377338Z,0,0,495,176,0
2026-08-17T00:26:28.1429077Z,0,0,495,176,0
2026-08-17T00:26:28.1479491Z,0,0,495,176,0
2026-08-17T00:26:28.1528181Z,0,0,495,176,0
2026-08-17T00:26:28.1578856Z,0,0,495,176,0
2026-08-17T00:26:28.1625494Z,0,0,495,176,0
2026-08-17T00:26:28.1676521Z,0,0,495,176,0
2026-08-17T00:26:28.1729807Z,0,0,495,176,0
2026-08-17T00:26:28.1775228Z,0,0,495,176,0
2026-08-17T00:26:28.1827269Z,0,0,495,176,0
2026-08-17T00:26:28.1877921Z,0,0,495,176,0
2026-08-17T00:26:28.1929969Z,0,0,495,176,0
2026-08-17T00:26:28.1980515Z,0,0,495,176,0
2026-08-17T00:26:28.2024736Z,0,0,495,176,0
2026-08-17T00:26:28.2075389Z,0,0,495,176,0
2026-08-17T00:26:28.2127293Z,0,0,495,176,0
2026-08-17T00:26:28.2182725Z,0,0,495,176,0
2026-08-17T00:26:28.2227519Z,0,0,495,176,0
2026-08-17T00:26:28.2279902Z,0,0,495,176,0
2026-08-17T00:26:28.2326587Z,0,0,495,176,0
2026-08-17T00:26:28.2377894Z,0,0,495,176,0
2026-08-17T00:26:28.2429444Z,0,0,495,176,0
2026-08-17T00:26:28.2479748Z,0,0,495,176,0
2026-08-17T00:26:28.2526417Z,0,0,495,176,0
2026-08-17T00:26:28.2582579Z,0,0,495,176,0
2026-08-17T00:26:28.2630393Z,0,0,495,176,0
2026-08-17T00:26:28.2676039Z,0,0,495,176,0
2026-08-17T00:26:28.2726354Z,0,0,495,176,0
2026-08-17T00:26:28.2783034Z,0,0,495,176,0
2026-08-17T00:26:28.2829225Z,0,0,495,176,0
2026-08-17T00:26:28.2881395Z,0,0,495,176,0
2026-08-17T00:26:28.2928304Z,0,0,495,176,0
2026-08-17T00:26:28.2976305Z,0,0,495,176,0
2026-08-17T00:26:28.3027384Z,0,0,495,176,0
2026-08-17T00:26:28.3078889Z,0,0,495,176,0
2026-08-17T00:26:28.3130711Z,0,0,495,176,0
2026-08-17T00:26:28.3176299Z,0,0,495,176,0
2026-08-17T00:26:28.3228598Z,0,0,495,176,0
2026-08-17T00:26:28.3275418Z,0,0,495,176,0
2026-08-17T00:26:28.3328808Z,0,0,495,176,0
2026-08-17T00:26:28.3379871Z,0,0,495,176,0
2026-08-17T00:26:28.3426503Z,0,0,495,176,0
2026-08-17T00:26:28.3477174Z,0,0,495,176,0
2026-08-17T00:26:28.3527801Z,0,0,495,176,0
2026-08-17T00:26:28.3575866Z,0,0,495,176,0
2026-08-17T00:26:28.3626434Z,0,0,495,176,0
2026-08-17T00:26:28.3679251Z,0,0,495,176,0
2026-08-17T00:26:28.3730245Z,0,0,495,176,0
2026-08-17T00:26:28.3780973Z,0,0,495,176,0
2026-08-17T00:26:28.3827826Z,0,0,495,176,0
2026-08-17T00:26:28.3881751Z,0,0,495,176,0
2026-08-17T00:26:28.3927637Z,0,0,495,176,0
2026-08-17T00:26:28.3983658Z,0,0,495,176,0
2026-08-17T00:26:28.4024225Z,0,0,495,176,0
2026-08-17T00:26:28.4076038Z,0,0,495,176,0
2026-08-17T00:26:28.4128095Z,0,0,495,176,0
2026-08-17T00:26:28.4178604Z,0,0,495,176,0
2026-08-17T00:26:28.4228884Z,0,0,495,176,0
2026-08-17T00:26:28.4279778Z,0,0,495,176,0
2026-08-17T00:26:28.4327583Z,0,0,495,176,0
2026-08-17T00:26:28.4379431Z,0,0,495,176,0
2026-08-17T00:26:28.4425898Z,0,0,495,176,0
2026-08-17T00:26:28.4481288Z,0,0,495,176,0
2026-08-17T00:26:28.4530453Z,0,0,495,176,0
2026-08-17T00:26:28.4577057Z,0,0,495,176,0
2026-08-17T00:26:28.4629071Z,0,0,495,176,0
2026-08-17T00:26:28.4681091Z,0,0,495,176,0
2026-08-17T00:26:28.4730401Z,0,0,495,176,0
2026-08-17T00:26:28.477646Z,0,0,495,176,0
2026-08-17T00:26:28.4829749Z,0,0,495,176,0
2026-08-17T00:26:28.48778Z,0,0,495,176,0
2026-08-17T00:26:28.492534Z,0,0,495,176,0
2026-08-17T00:26:28.4976478Z,0,0,495,176,0
2026-08-17T00:26:28.5027705Z,0,0,495,176,0
2026-08-17T00:26:28.5077965Z,0,0,495,176,0
2026-08-17T00:26:28.5125156Z,0,0,495,176,0
2026-08-17T00:26:28.5176623Z,0,0,495,176,0
2026-08-17T00:26:28.5230785Z,0,0,495,176,0
2026-08-17T00:26:28.5277375Z,0,0,495,176,0
2026-08-17T00:26:28.5326568Z,0,0,495,176,0
2026-08-17T00:26:28.5377003Z,0,0,495,176,0
2026-08-17T00:26:28.5428561Z,0,0,495,176,0
2026-08-17T00:26:28.5479433Z,0,0,495,176,0
2026-08-17T00:26:28.5524341Z,0,0,495,176,0
2026-08-17T00:26:28.557559Z,0,0,495,176,0
2026-08-17T00:26:28.5628099Z,0,0,495,176,0
2026-08-17T00:26:28.5680172Z,0,0,495,176,0
2026-08-17T00:26:28.5731777Z,0,0,495,176,0
2026-08-17T00:26:28.5778942Z,0,0,495,176,0
2026-08-17T00:26:28.5828236Z,0,0,495,176,0
2026-08-17T00:26:28.589099Z,0,0,495,176,0
2026-08-17T00:26:28.5928689Z,0,0,495,176,0
2026-08-17T00:26:28.5978802Z,0,0,495,176,0
2026-08-17T00:26:28.6025878Z,0,0,495,176,0
2026-08-17T00:26:28.6078881Z,0,0,495,176,0
2026-08-17T00:26:28.6126816Z,0,0,495,176,0
2026-08-17T00:26:28.6181151Z,0,0,495,176,0
2026-08-17T00:26:28.6224816Z,0,0,495,176,0
2026-08-17T00:26:28.6275652Z,0,0,495,176,0
2026-08-17T00:26:28.6334122Z,0,0,495,176,0
2026-08-17T00:26:28.6380056Z,0,0,495,176,0
2026-08-17T00:26:28.6427407Z,0,0,495,176,0
2026-08-17T00:26:28.6478845Z,0,0,495,176,0
2026-08-17T00:26:28.6526363Z,0,0,495,176,0
2026-08-17T00:26:28.6580328Z,0,0,495,176,0
2026-08-17T00:26:28.6628575Z,0,0,495,176,0
2026-08-17T00:26:28.6680683Z,0,0,495,176,0
2026-08-17T00:26:28.6732255Z,0,0,495,176,0
2026-08-17T00:26:28.6779476Z,0,0,495,176,0
2026-08-17T00:26:28.6830533Z,0,0,495,176,0
2026-08-17T00:26:28.6877848Z,0,0,495,176,0
2026-08-17T00:26:28.6930806Z,0,0,495,176,0
2026-08-17T00:26:28.698211Z,0,0,495,176,0
2026-08-17T00:26:28.7024565Z,0,0,495,176,0
2026-08-17T00:26:28.7075904Z,0,0,495,176,0
2026-08-17T00:26:28.7131425Z,0,0,495,176,0
2026-08-17T00:26:28.7177369Z,0,0,495,176,0
2026-08-17T00:26:28.7226798Z,0,0,495,176,0
2026-08-17T00:26:28.7281289Z,0,0,495,176,0
2026-08-17T00:26:28.7331634Z,0,0,495,176,0
2026-08-17T00:26:28.7377907Z,0,0,495,176,0
2026-08-17T00:26:28.7425335Z,0,0,495,176,0
2026-08-17T00:26:28.7481825Z,0,0,495,176,0
2026-08-17T00:26:28.7528514Z,0,0,495,176,0
2026-08-17T00:26:28.758224Z,0,0,495,176,0
2026-08-17T00:26:28.7632681Z,0,0,495,176,0
2026-08-17T00:26:28.7682168Z,0,0,495,176,0
2026-08-17T00:26:28.7728998Z,0,0,495,176,0
2026-08-17T00:26:28.7776316Z,0,0,495,176,0
2026-08-17T00:26:28.782898Z,0,0,495,176,0
2026-08-17T00:26:28.7875587Z,0,0,495,176,0
2026-08-17T00:26:28.7932649Z,0,0,495,176,0
2026-08-17T00:26:28.798334Z,0,0,495,176,0
2026-08-17T00:26:28.8028952Z,0,0,495,176,0
2026-08-17T00:26:28.8076672Z,0,0,495,176,0
2026-08-17T00:26:28.8131256Z,0,0,495,176,0
2026-08-17T00:26:28.8182142Z,0,0,495,176,0
2026-08-17T00:26:28.822858Z,0,0,495,176,0
2026-08-17T00:26:28.8280871Z,0,0,495,176,0
2026-08-17T00:26:28.8331429Z,0,0,495,176,0
2026-08-17T00:26:28.8379068Z,0,0,495,176,0
2026-08-17T00:26:28.8425907Z,0,0,495,176,0
2026-08-17T00:26:28.8476816Z,0,0,495,176,0
2026-08-17T00:26:28.8526629Z,0,0,495,176,0
2026-08-17T00:26:28.8582929Z,0,0,495,176,0
2026-08-17T00:26:28.8628395Z,0,0,495,176,0
2026-08-17T00:26:28.8679314Z,0,0,495,176,0
2026-08-17T00:26:28.8729888Z,0,0,495,176,0
2026-08-17T00:26:28.8777196Z,0,0,495,176,0
2026-08-17T00:26:28.882948Z,0,0,495,176,0
2026-08-17T00:26:28.8882291Z,0,0,495,176,0
2026-08-17T00:26:28.89291Z,0,0,495,176,0
2026-08-17T00:26:28.8985025Z,0,0,495,176,0
2026-08-17T00:26:28.9026863Z,0,0,495,176,0
2026-08-17T00:26:28.9078903Z,0,0,495,176,0
2026-08-17T00:26:28.9125361Z,0,0,495,176,0
2026-08-17T00:26:28.9177694Z,0,0,495,176,0
2026-08-17T00:26:28.9229667Z,0,0,495,176,0
2026-08-17T00:26:28.927526Z,0,0,495,176,0
2026-08-17T00:26:28.9331918Z,0,0,495,176,0
2026-08-17T00:26:28.9375253Z,0,0,495,176,0
2026-08-17T00:26:28.9426734Z,0,0,495,176,0
2026-08-17T00:26:28.9478421Z,0,0,495,176,0
2026-08-17T00:26:28.9528996Z,0,0,495,176,0
2026-08-17T00:26:28.9576325Z,0,0,495,176,0
2026-08-17T00:26:28.9629773Z,0,0,495,176,0
2026-08-17T00:26:28.9677604Z,0,0,495,176,0
2026-08-17T00:26:28.9726506Z,0,0,495,176,0
2026-08-17T00:26:28.9775521Z,0,0,495,176,0
2026-08-17T00:26:28.9825467Z,0,0,495,176,0
2026-08-17T00:26:28.9875806Z,0,0,495,176,0
2026-08-17T00:26:28.9927846Z,0,0,495,176,0
2026-08-17T00:26:28.9985374Z,0,0,495,176,0
2026-08-17T00:26:29.0024148Z,0,0,495,176,0
2026-08-17T00:26:29.0079144Z,0,0,495,176,0
2026-08-17T00:26:29.0127825Z,0,0,495,176,0
2026-08-17T00:26:29.0179635Z,0,0,495,176,0
2026-08-17T00:26:29.0228589Z,0,0,495,176,0
2026-08-17T00:26:29.0275242Z,0,0,495,176,0
2026-08-17T00:26:29.032602Z,0,0,495,176,0
2026-08-17T00:26:29.0378058Z,0,0,495,176,0
2026-08-17T00:26:29.0430258Z,0,0,495,176,0
2026-08-17T00:26:29.0475948Z,0,0,495,176,0
2026-08-17T00:26:29.0530648Z,0,0,495,176,0
2026-08-17T00:26:29.0577016Z,0,0,495,176,0
2026-08-17T00:26:29.062685Z,0,0,495,176,0
2026-08-17T00:26:29.0677488Z,0,0,495,176,0
2026-08-17T00:26:29.0730189Z,0,0,495,176,0
2026-08-17T00:26:29.0776197Z,0,0,495,176,0
2026-08-17T00:26:29.0828185Z,0,0,495,176,0
2026-08-17T00:26:29.0879547Z,0,0,495,176,0
2026-08-17T00:26:29.092653Z,0,0,495,176,0
2026-08-17T00:26:29.0978091Z,0,0,495,176,0
2026-08-17T00:26:29.1024345Z,0,0,495,176,0
2026-08-17T00:26:29.107524Z,0,0,495,176,0
2026-08-17T00:26:29.1126957Z,0,0,495,176,0
2026-08-17T00:26:29.1177399Z,0,0,495,176,0
2026-08-17T00:26:29.123379Z,0,0,495,176,0
2026-08-17T00:26:29.1278193Z,0,0,495,176,0
2026-08-17T00:26:29.1329794Z,0,0,495,176,0
2026-08-17T00:26:29.13755Z,0,0,495,176,0
2026-08-17T00:26:29.1427843Z,0,0,495,176,0
2026-08-17T00:26:29.1478476Z,0,0,495,176,0
2026-08-17T00:26:29.1526923Z,0,0,495,176,0
2026-08-17T00:26:29.1576055Z,0,0,495,176,0
2026-08-17T00:26:29.1628867Z,0,0,495,176,0
2026-08-17T00:26:29.1679002Z,0,0,495,176,0
2026-08-17T00:26:29.17291Z,0,0,495,176,0
2026-08-17T00:26:29.1775564Z,0,0,495,176,0
2026-08-17T00:26:29.1830368Z,0,0,495,176,0
2026-08-17T00:26:29.1874661Z,0,0,495,176,0
2026-08-17T00:26:29.1924279Z,0,0,495,176,0
2026-08-17T00:26:29.1979827Z,0,0,495,176,0
2026-08-17T00:26:29.2026424Z,0,0,495,176,0
2026-08-17T00:26:29.2080425Z,0,0,495,176,0
2026-08-17T00:26:29.2127482Z,0,0,495,176,0
2026-08-17T00:26:29.2178101Z,0,0,495,176,0
2026-08-17T00:26:29.2230326Z,0,0,495,176,0
2026-08-17T00:26:29.2277097Z,0,0,495,176,0
2026-08-17T00:26:29.2325917Z,0,0,495,176,0
2026-08-17T00:26:29.2377064Z,0,0,495,176,0
2026-08-17T00:26:29.2428177Z,0,0,495,176,0
2026-08-17T00:26:29.2478613Z,0,0,495,176,0
2026-08-17T00:26:29.2527278Z,0,0,495,176,0
2026-08-17T00:26:29.2575854Z,0,0,495,176,0
2026-08-17T00:26:29.2630778Z,0,0,495,176,0
2026-08-17T00:26:29.2676348Z,0,0,495,176,0
2026-08-17T00:26:29.2729395Z,0,0,495,176,0
2026-08-17T00:26:29.2775634Z,0,0,495,176,0
2026-08-17T00:26:29.2826912Z,0,0,495,176,0
2026-08-17T00:26:29.2879229Z,0,0,495,176,0
2026-08-17T00:26:29.2927059Z,0,0,495,176,0
2026-08-17T00:26:29.2977481Z,0,0,495,176,0
2026-08-17T00:26:29.3028558Z,0,0,495,176,0
2026-08-17T00:26:29.3079136Z,0,0,495,176,0
2026-08-17T00:26:29.3125816Z,0,0,495,176,0
2026-08-17T00:26:29.3176319Z,0,0,495,176,0
2026-08-17T00:26:29.322801Z,0,0,495,176,0
2026-08-17T00:26:29.3275374Z,0,0,495,176,0
2026-08-17T00:26:29.3328372Z,0,0,495,176,0
2026-08-17T00:26:29.337561Z,0,0,495,176,0
2026-08-17T00:26:29.3427072Z,0,0,495,176,0
2026-08-17T00:26:29.3477422Z,0,0,495,176,0
2026-08-17T00:26:29.3526899Z,0,0,495,176,0
2026-08-17T00:26:29.3576462Z,0,0,495,176,0
2026-08-17T00:26:29.3626991Z,0,0,495,176,0
2026-08-17T00:26:29.3677461Z,0,0,495,176,0
2026-08-17T00:26:29.3732365Z,0,0,495,176,0
2026-08-17T00:26:29.37764Z,0,0,495,176,0
2026-08-17T00:26:29.3827938Z,0,0,495,176,0
2026-08-17T00:26:29.3876975Z,0,0,495,176,0
2026-08-17T00:26:29.3928274Z,0,0,495,176,0
2026-08-17T00:26:29.3979723Z,0,0,495,176,0
2026-08-17T00:26:29.4032078Z,0,0,495,176,0
2026-08-17T00:26:29.4077392Z,0,0,495,176,0
2026-08-17T00:26:29.4134163Z,0,0,495,176,0
2026-08-17T00:26:29.4179386Z,0,0,495,176,0
2026-08-17T00:26:29.4226188Z,0,0,495,176,0
2026-08-17T00:26:29.427723Z,0,0,495,176,0
2026-08-17T00:26:29.4326776Z,0,0,495,176,0
2026-08-17T00:26:29.4376988Z,0,0,495,176,0
2026-08-17T00:26:29.4428634Z,0,0,495,176,0
2026-08-17T00:26:29.4484003Z,0,0,495,176,0
2026-08-17T00:26:29.4531748Z,0,0,495,176,0
2026-08-17T00:26:29.4575641Z,0,0,495,176,0
2026-08-17T00:26:29.4627619Z,0,0,495,176,0
2026-08-17T00:26:29.4678621Z,0,0,495,176,0
2026-08-17T00:26:29.4729559Z,0,0,495,176,0
2026-08-17T00:26:29.4780235Z,0,0,495,176,0
2026-08-17T00:26:29.4827312Z,0,0,495,176,0
2026-08-17T00:26:29.4881959Z,0,0,495,176,0
2026-08-17T00:26:29.4929551Z,0,0,495,176,0
2026-08-17T00:26:29.4976498Z,0,0,495,176,0
2026-08-17T00:26:29.5030049Z,0,0,495,176,0
2026-08-17T00:26:29.507716Z,0,0,495,176,0
2026-08-17T00:26:29.5129086Z,0,0,495,176,0
2026-08-17T00:26:29.5180151Z,0,0,495,176,0
2026-08-17T00:26:29.5232496Z,0,0,495,176,0
2026-08-17T00:26:29.5281918Z,0,0,495,176,0
2026-08-17T00:26:29.5332369Z,0,0,495,176,0
2026-08-17T00:26:29.53766Z,0,0,495,176,0
2026-08-17T00:26:29.5429119Z,0,0,495,176,0
2026-08-17T00:26:29.5480221Z,0,0,495,176,0
2026-08-17T00:26:29.5527806Z,0,0,495,176,0
2026-08-17T00:26:29.5580622Z,0,0,495,176,0
2026-08-17T00:26:29.5627783Z,0,0,495,176,0
2026-08-17T00:26:29.5678729Z,0,0,495,176,0
2026-08-17T00:26:29.573078Z,0,0,495,176,0
2026-08-17T00:26:29.5776476Z,0,0,495,176,0
2026-08-17T00:26:29.583279Z,0,0,495,176,0
2026-08-17T00:26:29.5880582Z,0,0,495,176,0
2026-08-17T00:26:29.5926532Z,0,0,495,176,0
2026-08-17T00:26:29.5977461Z,0,0,495,176,0
2026-08-17T00:26:29.6026417Z,0,0,495,176,0
2026-08-17T00:26:29.6078552Z,0,0,495,176,0
2026-08-17T00:26:29.6130201Z,0,0,495,176,0
2026-08-17T00:26:29.6176006Z,0,0,495,176,0
2026-08-17T00:26:29.6229178Z,0,0,495,176,0
2026-08-17T00:26:29.6279871Z,0,0,495,176,0
2026-08-17T00:26:29.6331788Z,0,0,495,176,0
2026-08-17T00:26:29.6376695Z,0,0,495,176,0
2026-08-17T00:26:29.6429297Z,0,0,495,176,0
2026-08-17T00:26:29.6479827Z,0,0,495,176,0
2026-08-17T00:26:29.6528386Z,0,0,495,176,0
2026-08-17T00:26:29.6576224Z,0,0,495,176,0
2026-08-17T00:26:29.6629138Z,0,0,495,176,0
2026-08-17T00:26:29.6680146Z,0,0,495,176,0
2026-08-17T00:26:29.67315Z,0,0,495,176,0
2026-08-17T00:26:29.6782198Z,0,0,495,176,0
2026-08-17T00:26:29.6830424Z,0,0,495,176,0
2026-08-17T00:26:29.6879782Z,0,0,495,176,0
2026-08-17T00:26:29.6927949Z,0,0,495,176,0
2026-08-17T00:26:29.6980215Z,0,0,495,176,0
2026-08-17T00:26:29.7027872Z,0,0,495,176,0
2026-08-17T00:26:29.7076184Z,0,0,495,176,0
2026-08-17T00:26:29.7128029Z,0,0,495,176,0
2026-08-17T00:26:29.7178824Z,0,0,495,176,0
2026-08-17T00:26:29.7228481Z,0,0,495,176,0
2026-08-17T00:26:29.7279528Z,0,0,495,176,0
2026-08-17T00:26:29.7332892Z,0,0,495,176,0
2026-08-17T00:26:29.7378159Z,0,0,495,176,0
2026-08-17T00:26:29.7429998Z,0,0,495,176,0
2026-08-17T00:26:29.7480632Z,0,0,495,176,0
2026-08-17T00:26:29.7525674Z,0,0,495,176,0
2026-08-17T00:26:29.7581293Z,0,0,495,176,0
2026-08-17T00:26:29.7628744Z,0,0,495,176,0
2026-08-17T00:26:29.7679564Z,0,0,495,176,0
2026-08-17T00:26:29.7730475Z,0,0,495,176,0
2026-08-17T00:26:29.7781165Z,0,0,495,176,0
2026-08-17T00:26:29.7828177Z,0,0,495,176,0
2026-08-17T00:26:29.7882856Z,0,0,495,176,0
2026-08-17T00:26:29.7929298Z,0,0,495,176,0
2026-08-17T00:26:29.7980046Z,0,0,495,176,0
2026-08-17T00:26:29.8031234Z,0,0,495,176,0
2026-08-17T00:26:29.8078256Z,0,0,495,176,0
2026-08-17T00:26:29.8125592Z,0,0,495,176,0
2026-08-17T00:26:29.8181025Z,0,0,495,176,0
2026-08-17T00:26:29.822798Z,0,0,495,176,0
2026-08-17T00:26:29.8275982Z,0,0,495,176,0
2026-08-17T00:26:29.8328946Z,0,0,495,176,0
2026-08-17T00:26:29.8374998Z,0,0,495,176,0
2026-08-17T00:26:29.8426482Z,0,0,495,176,0
2026-08-17T00:26:29.8476995Z,0,0,495,176,0
2026-08-17T00:26:29.8528941Z,0,0,495,176,0
2026-08-17T00:26:29.8578202Z,0,0,495,176,0
2026-08-17T00:26:29.8629572Z,0,0,495,176,0
2026-08-17T00:26:29.867686Z,0,0,495,176,0
2026-08-17T00:26:29.8729102Z,0,0,495,176,0
2026-08-17T00:26:29.8775534Z,0,0,495,176,0
2026-08-17T00:26:29.8827998Z,0,0,495,176,0
2026-08-17T00:26:29.8878848Z,0,0,495,176,0
2026-08-17T00:26:29.8929161Z,0,0,495,176,0
2026-08-17T00:26:29.8979175Z,0,0,495,176,0
2026-08-17T00:26:29.9029914Z,0,0,495,176,0
2026-08-17T00:26:29.9079409Z,0,0,495,176,0
2026-08-17T00:26:29.9127385Z,0,0,495,176,0
2026-08-17T00:26:29.9179129Z,0,0,495,176,0
2026-08-17T00:26:29.9227417Z,0,0,495,176,0
2026-08-17T00:26:29.9279744Z,0,0,495,176,0
2026-08-17T00:26:29.9334163Z,0,0,495,176,0
2026-08-17T00:26:29.9376757Z,0,0,495,176,0
2026-08-17T00:26:29.9435453Z,0,0,495,176,0
2026-08-17T00:26:29.9476864Z,0,0,495,176,0
2026-08-17T00:26:29.9533177Z,0,0,495,176,0
2026-08-17T00:26:29.9579115Z,0,0,495,176,0
2026-08-17T00:26:29.9627791Z,0,0,495,176,0
2026-08-17T00:26:29.9676387Z,0,0,495,176,0
2026-08-17T00:26:29.972678Z,0,0,495,176,0
2026-08-17T00:26:29.9775036Z,0,0,495,176,0
2026-08-17T00:26:29.9829051Z,0,0,495,176,0
2026-08-17T00:26:29.9875786Z,0,0,495,176,0
2026-08-17T00:26:29.9925886Z,0,0,495,176,0
2026-08-17T00:26:29.9985876Z,0,0,495,176,0
2026-08-17T00:26:30.002914Z,0,0,495,176,0
2026-08-17T00:26:30.0075531Z,0,0,495,176,0
2026-08-17T00:26:30.0128112Z,0,0,495,176,0
2026-08-17T00:26:30.0178147Z,0,0,495,176,0
2026-08-17T00:26:30.0227495Z,0,0,495,176,0
2026-08-17T00:26:30.0278735Z,0,0,495,176,0
2026-08-17T00:26:30.0327096Z,0,0,495,176,0
2026-08-17T00:26:30.0380797Z,0,0,495,176,0
2026-08-17T00:26:30.0426335Z,0,0,495,176,0
2026-08-17T00:26:30.0477554Z,0,0,495,176,0
2026-08-17T00:26:30.0526474Z,0,0,495,176,0
2026-08-17T00:26:30.0579374Z,0,0,495,176,0
2026-08-17T00:26:30.063153Z,0,0,495,176,0
2026-08-17T00:26:30.068078Z,0,0,495,176,0
2026-08-17T00:26:30.073338Z,0,0,495,176,0
2026-08-17T00:26:30.0779412Z,0,0,495,176,0
2026-08-17T00:26:30.0825763Z,0,0,495,176,0
2026-08-17T00:26:30.0880984Z,0,0,495,176,0
2026-08-17T00:26:30.0927647Z,0,0,495,176,0
2026-08-17T00:26:30.0979657Z,0,0,495,176,0
2026-08-17T00:26:30.1032142Z,0,0,495,176,0
2026-08-17T00:26:30.1077813Z,0,0,495,176,0
2026-08-17T00:26:30.1130169Z,0,0,495,176,0
2026-08-17T00:26:30.1180971Z,0,0,495,176,0
2026-08-17T00:26:30.123175Z,0,0,495,176,0
2026-08-17T00:26:30.128073Z,0,0,495,176,0
2026-08-17T00:26:30.1327955Z,0,0,495,176,0
2026-08-17T00:26:30.1379927Z,0,0,495,176,0
2026-08-17T00:26:30.1429409Z,0,0,495,176,0
2026-08-17T00:26:30.1478586Z,0,0,495,176,0
2026-08-17T00:26:30.1528264Z,0,0,495,176,0
2026-08-17T00:26:30.158132Z,0,0,495,176,0
2026-08-17T00:26:30.1631653Z,0,0,495,176,0
2026-08-17T00:26:30.1678196Z,0,0,495,176,0
2026-08-17T00:26:30.1728667Z,0,0,495,176,0
2026-08-17T00:26:30.1781375Z,0,0,495,176,0
2026-08-17T00:26:30.1828225Z,0,0,495,176,0
2026-08-17T00:26:30.1879203Z,0,0,495,176,0
2026-08-17T00:26:30.1926009Z,0,0,495,176,0
2026-08-17T00:26:30.1976551Z,0,0,495,176,0
2026-08-17T00:26:30.2031824Z,0,0,495,176,0
2026-08-17T00:26:30.2078321Z,0,0,495,176,0
2026-08-17T00:26:30.2125219Z,0,0,495,176,0
2026-08-17T00:26:30.2179619Z,0,0,495,176,0
2026-08-17T00:26:30.2230713Z,0,0,495,176,0
2026-08-17T00:26:30.2275696Z,0,0,495,176,0
2026-08-17T00:26:30.2328848Z,0,0,495,176,0
2026-08-17T00:26:30.2381938Z,0,0,495,176,0
2026-08-17T00:26:30.2428225Z,0,0,495,176,0
2026-08-17T00:26:30.2478624Z,0,0,495,176,0
2026-08-17T00:26:30.2525138Z,0,0,495,176,0
2026-08-17T00:26:30.2577075Z,0,0,495,176,0
2026-08-17T00:26:30.2628825Z,0,0,495,176,0
2026-08-17T00:26:30.2679463Z,0,0,495,176,0
2026-08-17T00:26:30.2731292Z,0,0,495,176,0
2026-08-17T00:26:30.2777808Z,0,0,495,176,0
2026-08-17T00:26:30.2830063Z,0,0,495,176,0
2026-08-17T00:26:30.2879472Z,0,0,495,176,0
2026-08-17T00:26:30.2931814Z,0,0,495,176,0
2026-08-17T00:26:30.2978027Z,0,0,495,176,0
2026-08-17T00:26:30.3026744Z,0,0,495,176,0
2026-08-17T00:26:30.3082294Z,0,0,495,176,0
2026-08-17T00:26:30.3129975Z,0,0,495,176,0
2026-08-17T00:26:30.3180766Z,0,0,495,176,0
2026-08-17T00:26:30.3231568Z,0,0,495,176,0
2026-08-17T00:26:30.3282961Z,0,0,495,176,0
2026-08-17T00:26:30.3332565Z,0,0,495,176,0
2026-08-17T00:26:30.3380324Z,0,0,495,176,0
2026-08-17T00:26:30.3432266Z,0,0,495,176,0
2026-08-17T00:26:30.3478249Z,0,0,495,176,0
2026-08-17T00:26:30.3525147Z,0,0,495,176,0
2026-08-17T00:26:30.3583178Z,0,0,495,176,0
2026-08-17T00:26:30.3633129Z,0,0,495,176,0
2026-08-17T00:26:30.3682844Z,0,0,495,176,0
2026-08-17T00:26:30.3729408Z,0,0,495,176,0
2026-08-17T00:26:30.3781392Z,0,0,495,176,0
2026-08-17T00:26:30.3829081Z,0,0,495,176,0
2026-08-17T00:26:30.3879574Z,0,0,495,176,0
2026-08-17T00:26:30.3937519Z,0,0,495,176,0
2026-08-17T00:26:30.3976419Z,0,0,495,176,0
2026-08-17T00:26:30.4025989Z,0,0,495,176,0
2026-08-17T00:26:30.4077682Z,0,0,495,176,0
2026-08-17T00:26:30.4126698Z,0,0,495,176,0
2026-08-17T00:26:30.4178243Z,0,0,495,176,0
2026-08-17T00:26:30.4230266Z,0,0,495,176,0
2026-08-17T00:26:30.4276632Z,0,0,495,176,0
2026-08-17T00:26:30.4330135Z,0,0,495,176,0
2026-08-17T00:26:30.4383278Z,0,0,495,176,0
2026-08-17T00:26:30.4425121Z,0,0,495,176,0
2026-08-17T00:26:30.4481356Z,0,0,495,176,0
2026-08-17T00:26:30.452766Z,0,0,495,176,0
2026-08-17T00:26:30.4575711Z,0,0,495,176,0
2026-08-17T00:26:30.4629222Z,0,0,495,176,0
2026-08-17T00:26:30.4684485Z,0,0,495,176,0
2026-08-17T00:26:30.4729767Z,0,0,495,176,0
2026-08-17T00:26:30.4781282Z,0,0,495,176,0
2026-08-17T00:26:30.4829058Z,0,0,495,176,0
2026-08-17T00:26:30.4878339Z,0,0,495,176,0
2026-08-17T00:26:30.492483Z,0,0,495,176,0
2026-08-17T00:26:30.4980389Z,0,0,495,176,0
2026-08-17T00:26:30.5030815Z,0,0,495,176,0
2026-08-17T00:26:30.5076283Z,0,0,495,176,0
2026-08-17T00:26:30.5127849Z,0,0,495,176,0
2026-08-17T00:26:30.517815Z,0,0,495,176,0
2026-08-17T00:26:30.5225064Z,0,0,495,176,0
2026-08-17T00:26:30.5275963Z,0,0,495,176,0
2026-08-17T00:26:30.5332456Z,0,0,495,176,0
2026-08-17T00:26:30.5378586Z,0,0,495,176,0
2026-08-17T00:26:30.5430578Z,0,0,495,176,0
2026-08-17T00:26:30.5484835Z,0,0,495,176,0
2026-08-17T00:26:30.5525314Z,0,0,495,176,0
2026-08-17T00:26:30.5575867Z,0,0,495,176,0
2026-08-17T00:26:30.5627819Z,0,0,495,176,0
2026-08-17T00:26:30.56787Z,0,0,495,176,0
2026-08-17T00:26:30.5729236Z,0,0,495,176,0
2026-08-17T00:26:30.5779953Z,0,0,495,176,0
2026-08-17T00:26:30.5831006Z,0,0,495,176,0
2026-08-17T00:26:30.5878781Z,0,0,495,176,0
2026-08-17T00:26:30.5925887Z,0,0,495,176,0
2026-08-17T00:26:30.597706Z,0,0,495,176,0
2026-08-17T00:26:30.6033637Z,0,0,495,176,0
2026-08-17T00:26:30.6077703Z,0,0,495,176,0
2026-08-17T00:26:30.6125566Z,0,0,495,176,0
2026-08-17T00:26:30.6188857Z,0,0,495,176,0
2026-08-17T00:26:30.6225901Z,0,0,495,176,0
2026-08-17T00:26:30.6277006Z,0,0,495,176,0
2026-08-17T00:26:30.6329434Z,0,0,495,176,0
2026-08-17T00:26:30.6378012Z,0,0,495,176,0
2026-08-17T00:26:30.642525Z,0,0,495,176,0
2026-08-17T00:26:30.6476939Z,0,0,495,176,0
2026-08-17T00:26:30.6527467Z,0,0,495,176,0
2026-08-17T00:26:30.6578895Z,0,0,495,176,0
2026-08-17T00:26:30.663127Z,0,0,495,176,0
2026-08-17T00:26:30.6682477Z,0,0,495,176,0
2026-08-17T00:26:30.6727647Z,0,0,495,176,0
2026-08-17T00:26:30.67791Z,0,0,495,176,0
2026-08-17T00:26:30.682631Z,0,0,495,176,0
2026-08-17T00:26:30.6878105Z,0,0,495,176,0
2026-08-17T00:26:30.6925054Z,0,0,495,176,0
2026-08-17T00:26:30.6982004Z,0,0,495,176,0
2026-08-17T00:26:30.7027067Z,0,0,495,176,0
2026-08-17T00:26:30.7079696Z,0,0,495,176,0
2026-08-17T00:26:30.7132066Z,0,0,495,176,0
2026-08-17T00:26:30.7182841Z,0,0,495,176,0
2026-08-17T00:26:30.7229629Z,0,0,495,176,0
2026-08-17T00:26:30.7275674Z,0,0,495,176,0
2026-08-17T00:26:30.7327924Z,0,0,495,176,0
2026-08-17T00:26:30.7379673Z,0,0,495,176,0
2026-08-17T00:26:30.7426889Z,0,0,495,176,0
2026-08-17T00:26:30.7478351Z,0,0,495,176,0
2026-08-17T00:26:30.7525057Z,0,0,495,176,0
2026-08-17T00:26:30.7577119Z,0,0,495,176,0
2026-08-17T00:26:30.7632848Z,0,0,495,176,0
2026-08-17T00:26:30.7679468Z,0,0,495,176,0
2026-08-17T00:26:30.7729655Z,0,0,495,176,0
2026-08-17T00:26:30.7780319Z,0,0,495,176,0
2026-08-17T00:26:30.7832488Z,0,0,495,176,0
2026-08-17T00:26:30.7877605Z,0,0,495,176,0
2026-08-17T00:26:30.7931541Z,0,0,495,176,0
2026-08-17T00:26:30.7981675Z,0,0,495,176,0
2026-08-17T00:26:30.8025768Z,0,0,495,176,0
2026-08-17T00:26:30.8078782Z,0,0,495,176,0
2026-08-17T00:26:30.8131079Z,0,0,495,176,0
2026-08-17T00:26:30.818197Z,0,0,495,176,0
2026-08-17T00:26:30.8232574Z,0,0,495,176,0
2026-08-17T00:26:30.8282478Z,0,0,495,176,0
2026-08-17T00:26:30.8332971Z,0,0,495,176,0
2026-08-17T00:26:30.8375744Z,0,0,495,176,0
2026-08-17T00:26:30.8433089Z,0,0,495,176,0
2026-08-17T00:26:30.8479229Z,0,0,495,176,0
2026-08-17T00:26:30.8530226Z,0,0,495,176,0
2026-08-17T00:26:30.858344Z,0,0,495,176,0
2026-08-17T00:26:30.8629111Z,0,0,495,176,0
2026-08-17T00:26:30.8675687Z,0,0,495,176,0
2026-08-17T00:26:30.8733108Z,0,0,495,176,0
2026-08-17T00:26:30.8779484Z,0,0,495,176,0
2026-08-17T00:26:30.882773Z,0,0,495,176,0
2026-08-17T00:26:30.8880103Z,0,0,495,176,0
2026-08-17T00:26:30.8930784Z,0,0,495,176,0
2026-08-17T00:26:30.8981816Z,0,0,495,176,0
2026-08-17T00:26:30.9025112Z,0,0,495,176,0
2026-08-17T00:26:30.9077376Z,0,0,495,176,0
2026-08-17T00:26:30.9126346Z,0,0,495,176,0
2026-08-17T00:26:30.9181974Z,0,0,495,176,0
2026-08-17T00:26:30.9225829Z,0,0,495,176,0
2026-08-17T00:26:30.9279205Z,0,0,495,176,0
2026-08-17T00:26:30.9326565Z,0,0,495,176,0
2026-08-17T00:26:30.9382881Z,0,0,495,176,0
2026-08-17T00:26:30.9425594Z,0,0,495,176,0
2026-08-17T00:26:30.9477211Z,0,0,495,176,0
2026-08-17T00:26:30.95257Z,0,0,495,176,0
2026-08-17T00:26:30.9577031Z,0,0,495,176,0
2026-08-17T00:26:30.9635074Z,0,0,495,176,0
2026-08-17T00:26:30.967607Z,0,0,495,176,0
2026-08-17T00:26:30.972765Z,0,0,495,176,0
2026-08-17T00:26:30.9779625Z,0,0,495,176,0
2026-08-17T00:26:30.9827382Z,0,0,495,176,0
2026-08-17T00:26:30.9877941Z,0,0,495,176,0
2026-08-17T00:26:30.9929773Z,0,0,495,176,0
2026-08-17T00:26:30.9976199Z,0,0,495,176,0
2026-08-17T00:26:31.0030302Z,0,0,495,176,0
2026-08-17T00:26:31.0077263Z,0,0,495,176,0
2026-08-17T00:26:31.0129363Z,0,0,495,176,0
2026-08-17T00:26:31.0179785Z,0,0,495,176,0
2026-08-17T00:26:31.0232661Z,0,0,495,176,0
2026-08-17T00:26:31.0278987Z,0,0,495,176,0
2026-08-17T00:26:31.0331493Z,0,0,495,176,0
2026-08-17T00:26:31.0379311Z,0,0,495,176,0
2026-08-17T00:26:31.0425912Z,0,0,495,176,0
2026-08-17T00:26:31.0481806Z,0,0,495,176,0
2026-08-17T00:26:31.0529629Z,0,0,495,176,0
2026-08-17T00:26:31.0576672Z,0,0,495,176,0
2026-08-17T00:26:31.0629946Z,0,0,495,176,0
2026-08-17T00:26:31.068748Z,0,0,495,176,0
2026-08-17T00:26:31.0724882Z,0,0,495,176,0
2026-08-17T00:26:31.077634Z,0,0,495,176,0
2026-08-17T00:26:31.0829675Z,0,0,495,176,0
2026-08-17T00:26:31.0878495Z,0,0,495,176,0
2026-08-17T00:26:31.092924Z,0,0,495,176,0
2026-08-17T00:26:31.0975788Z,0,0,495,176,0
2026-08-17T00:26:31.1026971Z,0,0,495,176,0
2026-08-17T00:26:31.1079867Z,0,0,495,176,0
2026-08-17T00:26:31.11264Z,0,0,495,176,0
2026-08-17T00:26:31.1177837Z,0,0,495,176,0
2026-08-17T00:26:31.1227896Z,0,0,495,176,0
2026-08-17T00:26:31.1279704Z,0,0,495,176,0
2026-08-17T00:26:31.1327133Z,0,0,495,176,0
2026-08-17T00:26:31.1378997Z,0,0,495,176,0
2026-08-17T00:26:31.1427216Z,0,0,495,176,0
2026-08-17T00:26:31.1478728Z,0,0,495,176,0
2026-08-17T00:26:31.1525887Z,0,0,495,176,0
2026-08-17T00:26:31.1575378Z,0,0,495,176,0
2026-08-17T00:26:31.1627801Z,0,0,495,176,0
2026-08-17T00:26:31.1679628Z,0,0,495,176,0
2026-08-17T00:26:31.1729444Z,0,0,495,176,0
2026-08-17T00:26:31.1781058Z,0,0,495,176,0
2026-08-17T00:26:31.1828978Z,0,0,495,176,0
2026-08-17T00:26:31.1883712Z,0,0,495,176,0
2026-08-17T00:26:31.1925388Z,0,0,495,176,0
2026-08-17T00:26:31.1979901Z,0,0,495,176,0
2026-08-17T00:26:31.2031349Z,0,0,495,176,0
2026-08-17T00:26:31.2077276Z,0,0,495,176,0
2026-08-17T00:26:31.2130242Z,0,0,495,176,0
2026-08-17T00:26:31.2180891Z,0,0,495,176,0
2026-08-17T00:26:31.2229448Z,0,0,495,176,0
2026-08-17T00:26:31.2280621Z,0,0,495,176,0
2026-08-17T00:26:31.2329895Z,0,0,495,176,0
2026-08-17T00:26:31.2374889Z,0,0,495,176,0
2026-08-17T00:26:31.2428477Z,0,0,495,176,0
2026-08-17T00:26:31.2479195Z,0,0,495,176,0
2026-08-17T00:26:31.2527152Z,0,0,495,176,0
2026-08-17T00:26:31.2578705Z,0,0,495,176,0
2026-08-17T00:26:31.262621Z,0,0,495,176,0
2026-08-17T00:26:31.2678085Z,0,0,495,176,0
2026-08-17T00:26:31.2733365Z,0,0,495,176,0
2026-08-17T00:26:31.277916Z,0,0,495,176,0
2026-08-17T00:26:31.2830854Z,0,0,495,176,0
2026-08-17T00:26:31.2877412Z,0,0,495,176,0
2026-08-17T00:26:31.293002Z,0,0,495,176,0
2026-08-17T00:26:31.2976305Z,0,0,495,176,0
2026-08-17T00:26:31.3024594Z,0,0,495,176,0
2026-08-17T00:26:31.3077599Z,0,0,495,176,0
2026-08-17T00:26:31.3130475Z,0,0,495,176,0
2026-08-17T00:26:31.3181209Z,0,0,495,176,0
2026-08-17T00:26:31.3229145Z,0,0,495,176,0
2026-08-17T00:26:31.3280037Z,0,0,495,176,0
2026-08-17T00:26:31.3332113Z,0,0,495,176,0
2026-08-17T00:26:31.337862Z,0,0,495,176,0
2026-08-17T00:26:31.3430703Z,0,0,495,176,0
2026-08-17T00:26:31.3476805Z,0,0,495,176,0
2026-08-17T00:26:31.3529487Z,0,0,495,176,0
2026-08-17T00:26:31.3578157Z,0,0,495,176,0
2026-08-17T00:26:31.3630755Z,0,0,495,176,0
2026-08-17T00:26:31.3685889Z,0,0,495,176,0
2026-08-17T00:26:31.3729934Z,0,0,495,176,0
2026-08-17T00:26:31.3781729Z,0,0,495,176,0
2026-08-17T00:26:31.3828825Z,0,0,495,176,0
2026-08-17T00:26:31.3880173Z,0,0,495,176,0
2026-08-17T00:26:31.3926925Z,0,0,495,176,0
2026-08-17T00:26:31.3979067Z,0,0,495,176,0
2026-08-17T00:26:31.4028799Z,0,0,495,176,0
2026-08-17T00:26:31.4077214Z,0,0,495,176,0
2026-08-17T00:26:31.4125222Z,0,0,495,176,0
2026-08-17T00:26:31.4176015Z,0,0,495,176,0
2026-08-17T00:26:31.4228494Z,0,0,495,176,0
2026-08-17T00:26:31.4282971Z,0,0,495,176,0
2026-08-17T00:26:31.4329401Z,0,0,495,176,0
2026-08-17T00:26:31.4377343Z,0,0,495,176,0
2026-08-17T00:26:31.442824Z,0,0,495,176,0
2026-08-17T00:26:31.4478651Z,0,0,495,176,0
2026-08-17T00:26:31.4524721Z,0,0,495,176,0
2026-08-17T00:26:31.458421Z,0,0,495,176,0
2026-08-17T00:26:31.4628625Z,0,0,495,176,0
2026-08-17T00:26:31.4680717Z,0,0,495,176,0
2026-08-17T00:26:31.4734814Z,0,0,495,176,0
2026-08-17T00:26:31.4776529Z,0,0,495,176,0
2026-08-17T00:26:31.4828333Z,0,0,495,176,0
2026-08-17T00:26:31.4879516Z,0,0,495,176,0
2026-08-17T00:26:31.4929903Z,0,0,495,176,0
2026-08-17T00:26:31.4978743Z,0,0,495,176,0
2026-08-17T00:26:31.5024949Z,0,0,495,176,0
2026-08-17T00:26:31.5076737Z,0,0,495,176,0
2026-08-17T00:26:31.5128703Z,0,0,495,176,0
2026-08-17T00:26:31.5179312Z,0,0,495,176,0
2026-08-17T00:26:31.5229373Z,0,0,495,176,0
2026-08-17T00:26:31.5276781Z,0,0,495,176,0
2026-08-17T00:26:31.5328877Z,0,0,495,176,0
2026-08-17T00:26:31.5378408Z,0,0,495,176,0
2026-08-17T00:26:31.5425472Z,0,0,495,176,0
2026-08-17T00:26:31.5477053Z,0,0,495,176,0
2026-08-17T00:26:31.5525741Z,0,0,495,176,0
2026-08-17T00:26:31.5579392Z,0,0,495,176,0
2026-08-17T00:26:31.5628808Z,0,0,495,176,0
2026-08-17T00:26:31.5678448Z,0,0,495,176,0
2026-08-17T00:26:31.5728634Z,0,0,495,176,0
2026-08-17T00:26:31.5775487Z,0,0,495,176,0
2026-08-17T00:26:31.5828644Z,0,0,495,176,0
2026-08-17T00:26:31.587564Z,0,0,495,176,0
2026-08-17T00:26:31.5927451Z,0,0,495,176,0
2026-08-17T00:26:31.5979547Z,0,0,495,176,0
2026-08-17T00:26:31.6028682Z,0,0,495,176,0
2026-08-17T00:26:31.607588Z,0,0,495,176,0
2026-08-17T00:26:31.6128754Z,0,0,495,176,0
2026-08-17T00:26:31.6180332Z,0,0,495,176,0
2026-08-17T00:26:31.6230214Z,0,0,495,176,0
2026-08-17T00:26:31.6277013Z,0,0,495,176,0
2026-08-17T00:26:31.6329212Z,0,0,495,176,0
2026-08-17T00:26:31.6379723Z,0,0,495,176,0
2026-08-17T00:26:31.6427531Z,0,0,495,176,0
2026-08-17T00:26:31.6479072Z,0,0,495,176,0
2026-08-17T00:26:31.6525044Z,0,0,495,176,0
2026-08-17T00:26:31.6578392Z,0,0,495,176,0
2026-08-17T00:26:31.6631676Z,0,0,495,176,0
2026-08-17T00:26:31.6678205Z,0,0,495,176,0
2026-08-17T00:26:31.6727952Z,0,0,495,176,0
2026-08-17T00:26:31.6780511Z,0,0,495,176,0
2026-08-17T00:26:31.6828098Z,0,0,495,176,0
2026-08-17T00:26:31.6877574Z,0,0,495,176,0
2026-08-17T00:26:31.6925709Z,0,0,495,176,0
2026-08-17T00:26:31.6977946Z,0,0,495,176,0
2026-08-17T00:26:31.7028123Z,0,0,495,176,0
2026-08-17T00:26:31.7076051Z,0,0,495,176,0
2026-08-17T00:26:31.7129218Z,0,0,495,176,0
2026-08-17T00:26:31.7180345Z,0,0,495,176,0
2026-08-17T00:26:31.7226657Z,0,0,495,176,0
2026-08-17T00:26:31.7281368Z,0,0,495,176,0
2026-08-17T00:26:31.7331958Z,0,0,495,176,0
2026-08-17T00:26:31.7380834Z,0,0,495,176,0
2026-08-17T00:26:31.7428402Z,0,0,495,176,0
2026-08-17T00:26:31.7480156Z,0,0,495,176,0
2026-08-17T00:26:31.7527699Z,0,0,495,176,0
2026-08-17T00:26:31.757919Z,0,0,495,176,0
2026-08-17T00:26:31.762686Z,0,0,495,176,0
2026-08-17T00:26:31.767817Z,0,0,495,176,0
2026-08-17T00:26:31.7731167Z,0,0,495,176,0
2026-08-17T00:26:31.7776367Z,0,0,495,176,0
2026-08-17T00:26:31.78265Z,0,0,495,176,0
2026-08-17T00:26:31.7878838Z,0,0,495,176,0
2026-08-17T00:26:31.7927274Z,0,0,495,176,0
2026-08-17T00:26:31.797926Z,0,0,495,176,0
2026-08-17T00:26:31.8026245Z,0,0,495,176,0
2026-08-17T00:26:31.807972Z,0,0,495,176,0
2026-08-17T00:26:31.8127077Z,0,0,495,176,0
2026-08-17T00:26:31.8178579Z,0,0,495,176,0
2026-08-17T00:26:31.8227685Z,0,0,495,176,0
2026-08-17T00:26:31.827957Z,0,0,495,176,0
2026-08-17T00:26:31.8327032Z,0,0,495,176,0
2026-08-17T00:26:31.837881Z,0,0,495,176,0
2026-08-17T00:26:31.8432039Z,0,0,495,176,0
2026-08-17T00:26:31.8477956Z,0,0,495,176,0
2026-08-17T00:26:31.8523763Z,0,0,495,176,0
2026-08-17T00:26:31.8574655Z,0,0,495,176,0
2026-08-17T00:26:31.8628365Z,0,0,495,176,0
2026-08-17T00:26:31.8680742Z,0,0,495,176,0
2026-08-17T00:26:31.8733269Z,0,0,495,176,0
2026-08-17T00:26:31.8779349Z,0,0,495,176,0
2026-08-17T00:26:31.8827292Z,0,0,495,176,0
2026-08-17T00:26:31.8880774Z,0,0,495,176,0
2026-08-17T00:26:31.8932944Z,0,0,495,176,0
2026-08-17T00:26:31.8983397Z,0,0,495,176,0
2026-08-17T00:26:31.9027459Z,0,0,495,176,0
2026-08-17T00:26:31.9079593Z,0,0,495,176,0
2026-08-17T00:26:31.913272Z,0,0,495,176,0
2026-08-17T00:26:31.9178629Z,0,0,495,176,0
2026-08-17T00:26:31.922584Z,0,0,495,176,0
2026-08-17T00:26:31.9284146Z,0,0,495,176,0
2026-08-17T00:26:31.9329514Z,0,0,495,176,0
2026-08-17T00:26:31.9379037Z,0,0,495,176,0
2026-08-17T00:26:31.942598Z,0,0,495,176,0
2026-08-17T00:26:31.9477558Z,0,0,495,176,0
2026-08-17T00:26:31.952654Z,0,0,495,176,0
2026-08-17T00:26:31.9576794Z,0,0,495,176,0
2026-08-17T00:26:31.9629968Z,0,0,495,176,0
2026-08-17T00:26:31.9676181Z,0,0,495,176,0
2026-08-17T00:26:31.9728762Z,0,0,495,176,0
2026-08-17T00:26:31.9780881Z,0,0,495,176,0
2026-08-17T00:26:31.9831574Z,0,0,495,176,0
2026-08-17T00:26:31.9882372Z,0,0,495,176,0
2026-08-17T00:26:31.9935239Z,0,0,495,176,0
2026-08-17T00:26:31.9976221Z,0,0,495,176,0
2026-08-17T00:26:32.0031186Z,0,0,495,176,0
2026-08-17T00:26:32.0080397Z,0,0,495,176,0
2026-08-17T00:26:32.0127598Z,0,0,495,176,0
2026-08-17T00:26:32.0185299Z,0,0,495,176,0
2026-08-17T00:26:32.0226399Z,0,0,495,176,0
2026-08-17T00:26:32.028527Z,0,0,495,176,0
2026-08-17T00:26:32.0328271Z,0,0,495,176,0
2026-08-17T00:26:32.0379555Z,0,0,495,176,0
2026-08-17T00:26:32.0428563Z,0,0,495,176,0
2026-08-17T00:26:32.0485447Z,0,0,495,176,0
2026-08-17T00:26:32.0528061Z,0,0,495,176,0
2026-08-17T00:26:32.0576189Z,0,0,495,176,0
2026-08-17T00:26:32.062915Z,0,0,495,176,0
2026-08-17T00:26:32.0681535Z,0,0,495,176,0
2026-08-17T00:26:32.072723Z,0,0,495,176,0
2026-08-17T00:26:32.0779302Z,0,0,495,176,0
2026-08-17T00:26:32.0826259Z,0,0,495,176,0
2026-08-17T00:26:32.0878512Z,0,0,495,176,0
2026-08-17T00:26:32.0928074Z,0,0,495,176,0
2026-08-17T00:26:32.0980451Z,0,0,495,176,0
2026-08-17T00:26:32.1029069Z,0,0,495,176,0
2026-08-17T00:26:32.1078762Z,0,0,495,176,0
2026-08-17T00:26:32.1128254Z,0,0,495,176,0
2026-08-17T00:26:32.1179692Z,0,0,495,176,0
2026-08-17T00:26:32.1228645Z,0,0,495,176,0
2026-08-17T00:26:32.1279766Z,0,0,495,176,0
2026-08-17T00:26:32.1327129Z,0,0,495,176,0
2026-08-17T00:26:32.137829Z,0,0,495,176,0
2026-08-17T00:26:32.1425488Z,0,0,495,176,0
2026-08-17T00:26:32.1476997Z,0,0,495,176,0
2026-08-17T00:26:32.1530508Z,0,0,495,176,0
2026-08-17T00:26:32.1576467Z,0,0,495,176,0
2026-08-17T00:26:32.1628106Z,0,0,495,176,0
2026-08-17T00:26:32.1677365Z,0,0,495,176,0
2026-08-17T00:26:32.1727509Z,0,0,495,176,0
2026-08-17T00:26:32.1778356Z,0,0,495,176,0
2026-08-17T00:26:32.182523Z,0,0,495,176,0
2026-08-17T00:26:32.1882112Z,0,0,495,176,0
2026-08-17T00:26:32.1925563Z,0,0,495,176,0
2026-08-17T00:26:32.1976713Z,0,0,495,176,0
2026-08-17T00:26:32.2029367Z,0,0,495,176,0
2026-08-17T00:26:32.2075284Z,0,0,495,176,0
2026-08-17T00:26:32.2127551Z,0,0,495,176,0
2026-08-17T00:26:32.217834Z,0,0,495,176,0
2026-08-17T00:26:32.2228287Z,0,0,495,176,0
2026-08-17T00:26:32.2279218Z,0,0,495,176,0
2026-08-17T00:26:32.232645Z,0,0,495,176,0
2026-08-17T00:26:32.2377936Z,0,0,495,176,0
2026-08-17T00:26:32.2425107Z,0,0,495,176,0
2026-08-17T00:26:32.2476663Z,0,0,495,176,0
2026-08-17T00:26:32.2527963Z,0,0,495,176,0
2026-08-17T00:26:32.2579057Z,0,0,495,176,0
2026-08-17T00:26:32.2629316Z,0,0,495,176,0
2026-08-17T00:26:32.2675406Z,0,0,495,176,0
2026-08-17T00:26:32.2730994Z,0,0,495,176,0
2026-08-17T00:26:32.2776627Z,0,0,495,176,0
2026-08-17T00:26:32.2828758Z,0,0,495,176,0
2026-08-17T00:26:32.2881611Z,0,0,495,176,0
2026-08-17T00:26:32.2928629Z,0,0,495,176,0
2026-08-17T00:26:32.2979354Z,0,0,495,176,0
2026-08-17T00:26:32.302819Z,0,0,495,176,0
2026-08-17T00:26:32.307873Z,0,0,495,176,0
2026-08-17T00:26:32.3125142Z,0,0,495,176,0
2026-08-17T00:26:32.3180732Z,0,0,495,176,0
2026-08-17T00:26:32.3227591Z,0,0,495,176,0
2026-08-17T00:26:32.3278339Z,0,0,495,176,0
2026-08-17T00:26:32.3326593Z,0,0,495,176,0
2026-08-17T00:26:32.3377856Z,0,0,495,176,0
2026-08-17T00:26:32.3424921Z,0,0,495,176,0
2026-08-17T00:26:32.3475389Z,0,0,495,176,0
2026-08-17T00:26:32.3524467Z,0,0,495,176,0
2026-08-17T00:26:32.3579156Z,0,0,495,176,0
2026-08-17T00:26:32.3625799Z,0,0,495,176,0
2026-08-17T00:26:32.3679262Z,0,0,495,176,0
2026-08-17T00:26:32.3728279Z,0,0,495,176,0
2026-08-17T00:26:32.3778778Z,0,0,495,176,0
2026-08-17T00:26:32.3824531Z,0,0,495,176,0
2026-08-17T00:26:32.3882743Z,0,0,495,176,0
2026-08-17T00:26:32.3925184Z,0,0,495,176,0
2026-08-17T00:26:32.3981923Z,0,0,495,176,0
2026-08-17T00:26:32.4025277Z,0,0,495,176,0
2026-08-17T00:26:32.4075751Z,0,0,495,176,0
2026-08-17T00:26:32.4128984Z,0,0,495,176,0
2026-08-17T00:26:32.4175843Z,0,0,495,176,0
2026-08-17T00:26:32.4231343Z,0,0,495,176,0
2026-08-17T00:26:32.4277789Z,0,0,495,176,0
2026-08-17T00:26:32.4330435Z,0,0,495,176,0
2026-08-17T00:26:32.4379623Z,0,0,495,176,0
2026-08-17T00:26:32.4428684Z,0,0,495,176,0
2026-08-17T00:26:32.4479963Z,0,0,495,176,0
2026-08-17T00:26:32.4531762Z,0,0,495,176,0
2026-08-17T00:26:32.458036Z,0,0,495,176,0
2026-08-17T00:26:32.4631482Z,0,0,495,176,0
2026-08-17T00:26:32.4678339Z,0,0,495,176,0
2026-08-17T00:26:32.4727405Z,0,0,495,176,0
2026-08-17T00:26:32.4778236Z,0,0,495,176,0
2026-08-17T00:26:32.4826635Z,0,0,495,176,0
2026-08-17T00:26:32.4883962Z,0,0,495,176,0
2026-08-17T00:26:32.492519Z,0,0,495,176,0
2026-08-17T00:26:32.4977821Z,0,0,495,176,0
2026-08-17T00:26:32.5029227Z,0,0,495,176,0
2026-08-17T00:26:32.5074705Z,0,0,495,176,0
2026-08-17T00:26:32.5125989Z,0,0,495,176,0
2026-08-17T00:26:32.5176374Z,0,0,495,176,0
2026-08-17T00:26:32.5232632Z,0,0,495,176,0
2026-08-17T00:26:32.5279337Z,0,0,495,176,0
2026-08-17T00:26:32.5325149Z,0,0,495,176,0
2026-08-17T00:26:32.5378356Z,0,0,495,176,0
2026-08-17T00:26:32.5429453Z,0,0,495,176,0
2026-08-17T00:26:32.5479725Z,0,0,495,176,0
2026-08-17T00:26:32.5524023Z,0,0,495,176,0
2026-08-17T00:26:32.5576444Z,0,0,495,176,0
2026-08-17T00:26:32.5628531Z,0,0,495,176,0
2026-08-17T00:26:32.5679317Z,0,0,495,176,0
2026-08-17T00:26:32.5728918Z,0,0,495,176,0
2026-08-17T00:26:32.5779562Z,0,0,495,176,0
2026-08-17T00:26:32.5830235Z,0,0,495,176,0
2026-08-17T00:26:32.5881137Z,0,0,495,176,0
2026-08-17T00:26:32.5927855Z,0,0,495,176,0
2026-08-17T00:26:32.5978416Z,0,0,495,176,0
2026-08-17T00:26:32.6032598Z,0,0,495,176,0
2026-08-17T00:26:32.6075234Z,0,0,495,176,0
2026-08-17T00:26:32.6128196Z,0,0,495,176,0
2026-08-17T00:26:32.6179711Z,0,0,495,176,0
2026-08-17T00:26:32.6227137Z,0,0,495,176,0
2026-08-17T00:26:32.6279367Z,0,0,495,176,0
2026-08-17T00:26:32.6327326Z,0,0,495,176,0
2026-08-17T00:26:32.6381708Z,0,0,495,176,0
2026-08-17T00:26:32.6428776Z,0,0,495,176,0
2026-08-17T00:26:32.6479902Z,0,0,495,176,0
2026-08-17T00:26:32.6531973Z,0,0,495,176,0
2026-08-17T00:26:32.6577652Z,0,0,495,176,0
2026-08-17T00:26:32.6630058Z,0,0,495,176,0
2026-08-17T00:26:32.6676935Z,0,0,495,176,0
2026-08-17T00:26:32.6728684Z,0,0,495,176,0
2026-08-17T00:26:32.6775274Z,0,0,495,176,0
2026-08-17T00:26:32.6826946Z,0,0,495,176,0
2026-08-17T00:26:32.687818Z,0,0,495,176,0
2026-08-17T00:26:32.6925222Z,0,0,495,176,0
2026-08-17T00:26:32.6975896Z,0,0,495,176,0
2026-08-17T00:26:32.7028532Z,0,0,495,176,0
2026-08-17T00:26:32.707918Z,0,0,495,176,0
2026-08-17T00:26:32.7126358Z,0,0,495,176,0
2026-08-17T00:26:32.7177223Z,0,0,495,176,0
2026-08-17T00:26:32.7230562Z,0,0,495,176,0
2026-08-17T00:26:32.727807Z,0,0,495,176,0
2026-08-17T00:26:32.7326308Z,0,0,495,176,0
2026-08-17T00:26:32.7376825Z,0,0,495,176,0
2026-08-17T00:26:32.7429278Z,0,0,495,176,0
2026-08-17T00:26:32.7479687Z,0,0,495,176,0
2026-08-17T00:26:32.7525979Z,0,0,495,176,0
2026-08-17T00:26:32.7576679Z,0,0,495,176,0
2026-08-17T00:26:32.7628149Z,0,0,495,176,0
2026-08-17T00:26:32.7678454Z,0,0,495,176,0
2026-08-17T00:26:32.7731621Z,0,0,495,176,0
2026-08-17T00:26:32.7777386Z,0,0,495,176,0
2026-08-17T00:26:32.7827968Z,0,0,495,176,0
2026-08-17T00:26:32.7877504Z,0,0,495,176,0
2026-08-17T00:26:32.792515Z,0,0,495,176,0
2026-08-17T00:26:32.7977377Z,0,0,495,176,0
2026-08-17T00:26:32.8026435Z,0,0,495,176,0
2026-08-17T00:26:32.8078341Z,0,0,495,176,0
2026-08-17T00:26:32.8125563Z,0,0,495,176,0
2026-08-17T00:26:32.8177122Z,0,0,495,176,0
2026-08-17T00:26:32.8229901Z,0,0,495,176,0
2026-08-17T00:26:32.8276644Z,0,0,495,176,0
2026-08-17T00:26:32.8331027Z,0,0,495,176,0
2026-08-17T00:26:32.8375478Z,0,0,495,176,0
2026-08-17T00:26:32.8428471Z,0,0,495,176,0
2026-08-17T00:26:32.8480198Z,0,0,495,176,0
2026-08-17T00:26:32.8526801Z,0,0,495,176,0
2026-08-17T00:26:32.857889Z,0,0,495,176,0
2026-08-17T00:26:32.8631652Z,0,0,495,176,0
2026-08-17T00:26:32.8682541Z,0,0,495,176,0
2026-08-17T00:26:32.8732266Z,0,0,495,176,0
2026-08-17T00:26:32.8778492Z,0,0,495,176,0
2026-08-17T00:26:32.8830188Z,0,0,495,176,0
2026-08-17T00:26:32.8878053Z,0,0,495,176,0
2026-08-17T00:26:32.8930132Z,0,0,495,176,0
2026-08-17T00:26:32.8976057Z,0,0,495,176,0
2026-08-17T00:26:32.9027739Z,0,0,495,176,0
2026-08-17T00:26:32.9078389Z,0,0,495,176,0
2026-08-17T00:26:32.9130318Z,0,0,495,176,0
2026-08-17T00:26:32.9176123Z,0,0,495,176,0
2026-08-17T00:26:32.9228285Z,0,0,495,176,0
2026-08-17T00:26:32.9279262Z,0,0,495,176,0
2026-08-17T00:26:32.9331215Z,0,0,495,176,0
2026-08-17T00:26:32.9382767Z,0,0,495,176,0
2026-08-17T00:26:32.9429328Z,0,0,495,176,0
2026-08-17T00:26:32.9474882Z,0,0,495,176,0
2026-08-17T00:26:32.9527889Z,0,0,495,176,0
2026-08-17T00:26:32.9576295Z,0,0,495,176,0
2026-08-17T00:26:32.9627693Z,0,0,495,176,0
2026-08-17T00:26:32.9681121Z,0,0,495,176,0
2026-08-17T00:26:32.9729617Z,0,0,495,176,0
2026-08-17T00:26:32.9776449Z,0,0,495,176,0
2026-08-17T00:26:32.9828219Z,0,0,495,176,0
2026-08-17T00:26:32.9880628Z,0,0,495,176,0
2026-08-17T00:26:32.9928164Z,0,0,495,176,0
2026-08-17T00:26:32.9979996Z,0,0,495,176,0
2026-08-17T00:26:33.0028386Z,0,0,495,176,0
2026-08-17T00:26:33.0078122Z,0,0,495,176,0
2026-08-17T00:26:33.0125576Z,0,0,495,176,0
2026-08-17T00:26:33.0178061Z,0,0,495,176,0
2026-08-17T00:26:33.0229494Z,0,0,495,176,0
2026-08-17T00:26:33.0278049Z,0,0,495,176,0
2026-08-17T00:26:33.0330349Z,0,0,495,176,0
2026-08-17T00:26:33.0381207Z,0,0,495,176,0
2026-08-17T00:26:33.0428328Z,0,0,495,176,0
2026-08-17T00:26:33.048509Z,0,0,495,176,0
2026-08-17T00:26:33.0526856Z,0,0,495,176,0
2026-08-17T00:26:33.0575942Z,0,0,495,176,0
2026-08-17T00:26:33.0628839Z,0,0,495,176,0
2026-08-17T00:26:33.0680806Z,0,0,495,176,0
2026-08-17T00:26:33.0731305Z,0,0,495,176,0
2026-08-17T00:26:33.07775Z,0,0,495,176,0
2026-08-17T00:26:33.0825873Z,0,0,495,176,0
2026-08-17T00:26:33.0876978Z,0,0,495,176,0
2026-08-17T00:26:33.0925843Z,0,0,495,176,0
2026-08-17T00:26:33.0979485Z,0,0,495,176,0
2026-08-17T00:26:33.1028083Z,0,0,495,176,0
2026-08-17T00:26:33.1079044Z,0,0,495,176,0
2026-08-17T00:26:33.1125896Z,0,0,495,176,0
2026-08-17T00:26:33.117677Z,0,0,495,176,0
2026-08-17T00:26:33.1231273Z,0,0,495,176,0
2026-08-17T00:26:33.127817Z,0,0,495,176,0
2026-08-17T00:26:33.1330501Z,0,0,495,176,0
2026-08-17T00:26:33.1379067Z,0,0,495,176,0
2026-08-17T00:26:33.1425992Z,0,0,495,176,0
2026-08-17T00:26:33.1476818Z,0,0,495,176,0
2026-08-17T00:26:33.1525126Z,0,0,495,176,0
2026-08-17T00:26:33.1577935Z,0,0,495,176,0
2026-08-17T00:26:33.1624833Z,0,0,495,176,0
2026-08-17T00:26:33.1679322Z,0,0,495,176,0
2026-08-17T00:26:33.1733611Z,0,0,495,176,0
2026-08-17T00:26:33.1778786Z,0,0,495,176,0
2026-08-17T00:26:33.1825189Z,0,0,495,176,0
2026-08-17T00:26:33.1880012Z,0,0,495,176,0
2026-08-17T00:26:33.1925755Z,0,0,495,176,0
2026-08-17T00:26:33.1978015Z,0,0,495,176,0
2026-08-17T00:26:33.2026929Z,0,0,495,176,0
2026-08-17T00:26:33.2075974Z,0,0,495,176,0
2026-08-17T00:26:33.2131031Z,0,0,495,176,0
2026-08-17T00:26:33.2176974Z,0,0,495,176,0
2026-08-17T00:26:33.2232701Z,0,0,495,176,0
2026-08-17T00:26:33.2278768Z,0,0,495,176,0
2026-08-17T00:26:33.2325999Z,0,0,495,176,0
2026-08-17T00:26:33.2381862Z,0,0,495,176,0
2026-08-17T00:26:33.2429236Z,0,0,495,176,0
2026-08-17T00:26:33.248015Z,0,0,495,176,0
2026-08-17T00:26:33.2541099Z,0,0,495,176,0
2026-08-17T00:26:33.2584338Z,0,0,495,176,0
2026-08-17T00:26:33.2627014Z,0,0,495,176,0
2026-08-17T00:26:33.2677898Z,0,0,495,176,0
2026-08-17T00:26:33.272645Z,0,0,495,176,0
2026-08-17T00:26:33.2777285Z,0,0,495,176,0
2026-08-17T00:26:33.2824864Z,0,0,495,176,0
2026-08-17T00:26:33.2875221Z,0,0,495,176,0
2026-08-17T00:26:33.2930469Z,0,0,495,176,0
2026-08-17T00:26:33.2980902Z,0,0,495,176,0
2026-08-17T00:26:33.3028642Z,0,0,495,176,0
2026-08-17T00:26:33.3078371Z,0,0,495,176,0
2026-08-17T00:26:33.3125744Z,0,0,495,176,0
2026-08-17T00:26:33.31774Z,0,0,495,176,0
2026-08-17T00:26:33.3227086Z,0,0,495,176,0
2026-08-17T00:26:33.3282675Z,0,0,495,176,0
2026-08-17T00:26:33.3330383Z,0,0,495,176,0
2026-08-17T00:26:33.3378201Z,0,0,495,176,0
2026-08-17T00:26:33.342968Z,0,0,495,176,0
2026-08-17T00:26:33.3480519Z,0,0,495,176,0
2026-08-17T00:26:33.3525462Z,0,0,495,176,0
2026-08-17T00:26:33.3576956Z,0,0,495,176,0
2026-08-17T00:26:33.3630378Z,0,0,495,176,0
2026-08-17T00:26:33.3676851Z,0,0,495,176,0
2026-08-17T00:26:33.3728783Z,0,0,495,176,0
2026-08-17T00:26:33.3780587Z,0,0,495,176,0
2026-08-17T00:26:33.3826572Z,0,0,495,176,0
2026-08-17T00:26:33.388174Z,0,0,495,176,0
2026-08-17T00:26:33.3931956Z,0,0,495,176,0
2026-08-17T00:26:33.3981855Z,0,0,495,176,0
2026-08-17T00:26:33.4030673Z,0,0,495,176,0
2026-08-17T00:26:33.4081833Z,0,0,495,176,0
2026-08-17T00:26:33.4128671Z,0,0,495,176,0
2026-08-17T00:26:33.417939Z,0,0,495,176,0
2026-08-17T00:26:33.4228003Z,0,0,495,176,0
2026-08-17T00:26:33.4278662Z,0,0,495,176,0
2026-08-17T00:26:33.4325526Z,0,0,495,176,0
2026-08-17T00:26:33.4381063Z,0,0,495,176,0
2026-08-17T00:26:33.4433159Z,0,0,495,176,0
2026-08-17T00:26:33.4479323Z,0,0,495,176,0
2026-08-17T00:26:33.4523862Z,0,0,495,176,0
2026-08-17T00:26:33.4575479Z,0,0,495,176,0
2026-08-17T00:26:33.4628963Z,0,0,495,176,0
2026-08-17T00:26:33.4680507Z,0,0,495,176,0
2026-08-17T00:26:33.4728728Z,0,0,495,176,0
2026-08-17T00:26:33.4775424Z,0,0,495,176,0
2026-08-17T00:26:33.4833408Z,0,0,495,176,0
2026-08-17T00:26:33.488145Z,0,0,495,176,0
2026-08-17T00:26:33.4933236Z,0,0,495,176,0
2026-08-17T00:26:33.497892Z,0,0,495,176,0
2026-08-17T00:26:33.5028692Z,0,0,495,176,0
2026-08-17T00:26:33.5084573Z,0,0,495,176,0
2026-08-17T00:26:33.5126147Z,0,0,495,176,0
2026-08-17T00:26:33.5178314Z,0,0,495,176,0
2026-08-17T00:26:33.5225851Z,0,0,495,176,0
2026-08-17T00:26:33.5278184Z,0,0,495,176,0
2026-08-17T00:26:33.5325296Z,0,0,495,176,0
2026-08-17T00:26:33.5377496Z,0,0,495,176,0
2026-08-17T00:26:33.54288Z,0,0,495,176,0
2026-08-17T00:26:33.5479342Z,0,0,495,176,0
2026-08-17T00:26:33.5527561Z,0,0,495,176,0
2026-08-17T00:26:33.5576158Z,0,0,495,176,0
2026-08-17T00:26:33.5630653Z,0,0,495,176,0
2026-08-17T00:26:33.5688909Z,0,0,495,176,0
2026-08-17T00:26:33.5731153Z,0,0,495,176,0
2026-08-17T00:26:33.5776578Z,0,0,495,176,0
2026-08-17T00:26:33.582969Z,0,0,495,176,0
2026-08-17T00:26:33.5879994Z,0,0,495,176,0
2026-08-17T00:26:33.5929516Z,0,0,495,176,0
2026-08-17T00:26:33.5976108Z,0,0,495,176,0
2026-08-17T00:26:33.6028011Z,0,0,495,176,0
2026-08-17T00:26:33.6077806Z,0,0,495,176,0
2026-08-17T00:26:33.6129262Z,0,0,495,176,0
2026-08-17T00:26:33.6179618Z,0,0,495,176,0
2026-08-17T00:26:33.6225589Z,0,0,495,176,0
2026-08-17T00:26:33.6276494Z,0,0,495,176,0
2026-08-17T00:26:33.6328919Z,0,0,495,176,0
2026-08-17T00:26:33.6374266Z,0,0,495,176,0
2026-08-17T00:26:33.642435Z,0,0,495,176,0
2026-08-17T00:26:33.6479809Z,0,0,495,176,0
2026-08-17T00:26:33.652611Z,0,0,495,176,0
2026-08-17T00:26:33.6578028Z,0,0,495,176,0
2026-08-17T00:26:33.6629176Z,0,0,495,176,0
2026-08-17T00:26:33.6679263Z,0,0,495,176,0
2026-08-17T00:26:33.6729094Z,0,0,495,176,0
2026-08-17T00:26:33.6776088Z,0,0,495,176,0
2026-08-17T00:26:33.6829923Z,0,0,495,176,0
2026-08-17T00:26:33.6882638Z,0,0,495,176,0
2026-08-17T00:26:33.6930746Z,0,0,495,176,0
2026-08-17T00:26:33.6977155Z,0,0,495,176,0
2026-08-17T00:26:33.7027682Z,0,0,495,176,0
2026-08-17T00:26:33.7078295Z,0,0,495,176,0
2026-08-17T00:26:33.7125615Z,0,0,495,176,0
2026-08-17T00:26:33.7177452Z,0,0,495,176,0
2026-08-17T00:26:33.7231511Z,0,0,495,176,0
2026-08-17T00:26:33.7278401Z,0,0,495,176,0
2026-08-17T00:26:33.733146Z,0,0,495,176,0
2026-08-17T00:26:33.7381585Z,0,0,495,176,0
2026-08-17T00:26:33.7428842Z,0,0,495,176,0
2026-08-17T00:26:33.7480211Z,0,0,495,176,0
2026-08-17T00:26:33.752474Z,0,0,495,176,0
2026-08-17T00:26:33.7580474Z,0,0,495,176,0
2026-08-17T00:26:33.7628017Z,0,0,495,176,0
2026-08-17T00:26:33.768023Z,0,0,495,176,0
2026-08-17T00:26:33.7731337Z,0,0,495,176,0
2026-08-17T00:26:33.7778706Z,0,0,495,176,0
2026-08-17T00:26:33.782693Z,0,0,495,176,0
2026-08-17T00:26:33.7877417Z,0,0,495,176,0
2026-08-17T00:26:33.7927321Z,0,0,495,176,0
2026-08-17T00:26:33.7979843Z,0,0,495,176,0
2026-08-17T00:26:33.8032334Z,0,0,495,176,0
2026-08-17T00:26:33.80813Z,0,0,495,176,0
2026-08-17T00:26:33.8128949Z,0,0,495,176,0
2026-08-17T00:26:33.8180582Z,0,0,495,176,0
2026-08-17T00:26:33.8230864Z,0,0,495,176,0
2026-08-17T00:26:33.8277979Z,0,0,495,176,0
2026-08-17T00:26:33.8331085Z,0,0,495,176,0
2026-08-17T00:26:33.837709Z,0,0,495,176,0
2026-08-17T00:26:33.8428682Z,0,0,495,176,0
2026-08-17T00:26:33.8479624Z,0,0,495,176,0
2026-08-17T00:26:33.8529975Z,0,0,495,176,0
2026-08-17T00:26:33.8576044Z,0,0,495,176,0
2026-08-17T00:26:33.8629621Z,0,0,495,176,0
2026-08-17T00:26:33.8679975Z,0,0,495,176,0
2026-08-17T00:26:33.8731953Z,0,0,495,176,0
2026-08-17T00:26:33.8777944Z,0,0,495,176,0
2026-08-17T00:26:33.8831033Z,0,0,495,176,0
2026-08-17T00:26:33.8878533Z,0,0,495,176,0
2026-08-17T00:26:33.8926302Z,0,0,495,176,0
2026-08-17T00:26:33.897832Z,0,0,495,176,0
2026-08-17T00:26:33.9030322Z,0,0,495,176,0
2026-08-17T00:26:33.9076411Z,0,0,495,176,0
2026-08-17T00:26:33.9130215Z,0,0,495,176,0
2026-08-17T00:26:33.9181241Z,0,0,495,176,0
2026-08-17T00:26:33.9228152Z,0,0,495,176,0
2026-08-17T00:26:33.9279723Z,0,0,495,176,0
2026-08-17T00:26:33.933141Z,0,0,495,176,0
2026-08-17T00:26:33.9377486Z,0,0,495,176,0
2026-08-17T00:26:33.9429847Z,0,0,495,176,0
2026-08-17T00:26:33.9479762Z,0,0,495,176,0
2026-08-17T00:26:33.9525711Z,0,0,495,176,0
2026-08-17T00:26:33.9580595Z,0,0,495,176,0
2026-08-17T00:26:33.9628491Z,0,0,495,176,0
2026-08-17T00:26:33.9677744Z,0,0,495,176,0
2026-08-17T00:26:33.9734179Z,0,0,495,176,0
2026-08-17T00:26:33.9780041Z,0,0,495,176,0
2026-08-17T00:26:33.9827674Z,0,0,495,176,0
2026-08-17T00:26:33.9879979Z,0,0,495,176,0
2026-08-17T00:26:33.9926325Z,0,0,495,176,0
2026-08-17T00:26:33.9978182Z,0,0,495,176,0
2026-08-17T00:26:34.0028089Z,0,0,495,176,0
2026-08-17T00:26:34.0079322Z,0,0,495,176,0
2026-08-17T00:26:34.0127706Z,0,0,495,176,0
2026-08-17T00:26:34.017702Z,0,0,495,176,0
2026-08-17T00:26:34.0229328Z,0,0,495,176,0
2026-08-17T00:26:34.0275842Z,0,0,495,176,0
2026-08-17T00:26:34.0329233Z,0,0,495,176,0
2026-08-17T00:26:34.0382415Z,0,0,495,176,0
2026-08-17T00:26:34.0428946Z,0,0,495,176,0
2026-08-17T00:26:34.0480017Z,0,0,495,176,0
2026-08-17T00:26:34.0524702Z,0,0,495,176,0
2026-08-17T00:26:34.0579139Z,0,0,495,176,0
2026-08-17T00:26:34.0629262Z,0,0,495,176,0
2026-08-17T00:26:34.0678692Z,0,0,495,176,0
2026-08-17T00:26:34.0726787Z,0,0,495,176,0
2026-08-17T00:26:34.0778086Z,0,0,495,176,0
2026-08-17T00:26:34.0831127Z,0,0,495,176,0
2026-08-17T00:26:34.0878915Z,0,0,495,176,0
2026-08-17T00:26:34.0926109Z,0,0,495,176,0
2026-08-17T00:26:34.0981528Z,0,0,495,176,0
2026-08-17T00:26:34.102826Z,0,0,495,176,0
2026-08-17T00:26:34.1079145Z,0,0,495,176,0
2026-08-17T00:26:34.1126749Z,0,0,495,176,0
2026-08-17T00:26:34.117803Z,0,0,495,176,0
2026-08-17T00:26:34.1229747Z,0,0,495,176,0
2026-08-17T00:26:34.1277144Z,0,0,495,176,0
2026-08-17T00:26:34.1332739Z,0,0,495,176,0
2026-08-17T00:26:34.1377153Z,0,0,495,176,0
2026-08-17T00:26:34.1429087Z,0,0,495,176,0
2026-08-17T00:26:34.1479998Z,0,0,495,176,0
2026-08-17T00:26:34.1532012Z,0,0,495,176,0
2026-08-17T00:26:34.1579486Z,0,0,495,176,0
2026-08-17T00:26:34.1627288Z,0,0,495,176,0
2026-08-17T00:26:34.1678749Z,0,0,495,176,0
2026-08-17T00:26:34.1726553Z,0,0,495,176,0
2026-08-17T00:26:34.1777632Z,0,0,495,176,0
2026-08-17T00:26:34.1828672Z,0,0,495,176,0
2026-08-17T00:26:34.1880447Z,0,0,495,176,0
2026-08-17T00:26:34.1927958Z,0,0,495,176,0
2026-08-17T00:26:34.1980021Z,0,0,495,176,0
2026-08-17T00:26:34.2030405Z,0,0,495,176,0
2026-08-17T00:26:34.207659Z,0,0,495,176,0
2026-08-17T00:26:34.2128944Z,0,0,495,176,0
2026-08-17T00:26:34.217933Z,0,0,495,176,0
2026-08-17T00:26:34.2228652Z,0,0,495,176,0
2026-08-17T00:26:34.2279716Z,0,0,495,176,0
2026-08-17T00:26:34.2327643Z,0,0,495,176,0
2026-08-17T00:26:34.2377199Z,0,0,495,176,0
2026-08-17T00:26:34.2428765Z,0,0,495,176,0
2026-08-17T00:26:34.2479693Z,0,0,495,176,0
2026-08-17T00:26:34.2528873Z,0,0,495,176,0
2026-08-17T00:26:34.2583263Z,0,0,495,176,0
2026-08-17T00:26:34.2629143Z,0,0,495,176,0
2026-08-17T00:26:34.2676167Z,0,0,495,176,0
2026-08-17T00:26:34.2730187Z,0,0,495,176,0
2026-08-17T00:26:34.2776359Z,0,0,495,176,0
2026-08-17T00:26:34.2829763Z,0,0,495,176,0
2026-08-17T00:26:34.2880861Z,0,0,495,176,0
2026-08-17T00:26:34.2927764Z,0,0,495,176,0
2026-08-17T00:26:34.2979721Z,0,0,495,176,0
2026-08-17T00:26:34.3028547Z,0,0,495,176,0
2026-08-17T00:26:34.3076871Z,0,0,495,176,0
2026-08-17T00:26:34.3127206Z,0,0,495,176,0
2026-08-17T00:26:34.3178717Z,0,0,495,176,0
2026-08-17T00:26:34.3229633Z,0,0,495,176,0
2026-08-17T00:26:34.3283654Z,0,0,495,176,0
2026-08-17T00:26:34.3330298Z,0,0,495,176,0
2026-08-17T00:26:34.3381333Z,0,0,495,176,0
2026-08-17T00:26:34.3427958Z,0,0,495,176,0
2026-08-17T00:26:34.3478904Z,0,0,495,176,0
2026-08-17T00:26:34.3526355Z,0,0,495,176,0
2026-08-17T00:26:34.3575416Z,0,0,495,176,0
2026-08-17T00:26:34.3630682Z,0,0,495,176,0
2026-08-17T00:26:34.3681422Z,0,0,495,176,0
2026-08-17T00:26:34.3728178Z,0,0,495,176,0
2026-08-17T00:26:34.3779252Z,0,0,495,176,0
2026-08-17T00:26:34.3831937Z,0,0,495,176,0
2026-08-17T00:26:34.387937Z,0,0,495,176,0
2026-08-17T00:26:34.3926421Z,0,0,495,176,0
2026-08-17T00:26:34.397831Z,0,0,495,176,0
2026-08-17T00:26:34.4032515Z,0,0,495,176,0
2026-08-17T00:26:34.4081577Z,0,0,495,176,0
2026-08-17T00:26:34.4128481Z,0,0,495,176,0
2026-08-17T00:26:34.4179369Z,0,0,495,176,0
2026-08-17T00:26:34.4228241Z,0,0,495,176,0
2026-08-17T00:26:34.4279214Z,0,0,495,176,0
2026-08-17T00:26:34.4332241Z,0,0,495,176,0
2026-08-17T00:26:34.4377625Z,0,0,495,176,0
2026-08-17T00:26:34.4428952Z,0,0,495,176,0
2026-08-17T00:26:34.4479838Z,0,0,495,176,0
2026-08-17T00:26:34.4527936Z,0,0,495,176,0
2026-08-17T00:26:34.4579159Z,0,0,495,176,0
2026-08-17T00:26:34.4627405Z,0,0,495,176,0
2026-08-17T00:26:34.4679002Z,0,0,495,176,0
2026-08-17T00:26:34.4729823Z,0,0,495,176,0
2026-08-17T00:26:34.4775655Z,0,0,495,176,0
2026-08-17T00:26:34.4827747Z,0,0,495,176,0
2026-08-17T00:26:34.4879607Z,0,0,495,176,0
2026-08-17T00:26:34.4926347Z,0,0,495,176,0
2026-08-17T00:26:34.4983684Z,0,0,495,176,0
2026-08-17T00:26:34.5031585Z,0,0,495,176,0
2026-08-17T00:26:34.5078635Z,0,0,495,176,0
2026-08-17T00:26:34.5125911Z,0,0,495,176,0
2026-08-17T00:26:34.5177286Z,0,0,495,176,0
2026-08-17T00:26:34.5228186Z,0,0,495,176,0
2026-08-17T00:26:34.5280206Z,0,0,495,176,0
2026-08-17T00:26:34.5327523Z,0,0,495,176,0
2026-08-17T00:26:34.5375286Z,0,0,495,176,0
2026-08-17T00:26:34.5427174Z,0,0,495,176,0
2026-08-17T00:26:34.5478452Z,0,0,495,176,0
2026-08-17T00:26:34.5526262Z,0,0,495,176,0
2026-08-17T00:26:34.5578608Z,0,0,495,176,0
2026-08-17T00:26:34.5628243Z,0,0,495,176,0
2026-08-17T00:26:34.5675163Z,0,0,495,176,0
2026-08-17T00:26:34.5728935Z,0,0,495,176,0
2026-08-17T00:26:34.5784751Z,0,0,495,176,0
2026-08-17T00:26:34.5828138Z,0,0,495,176,0
2026-08-17T00:26:34.5879874Z,0,0,495,176,0
2026-08-17T00:26:34.5926791Z,0,0,495,176,0
2026-08-17T00:26:34.5977505Z,0,0,495,176,0
2026-08-17T00:26:34.6029476Z,0,0,495,176,0
2026-08-17T00:26:34.6075545Z,0,0,495,176,0
2026-08-17T00:26:34.6127373Z,0,0,495,176,0
2026-08-17T00:26:34.6178353Z,0,0,495,176,0
2026-08-17T00:26:34.6228769Z,0,0,495,176,0
2026-08-17T00:26:34.6274863Z,0,0,495,176,0
2026-08-17T00:26:34.6326987Z,0,0,495,176,0
2026-08-17T00:26:34.6375934Z,0,0,495,176,0
2026-08-17T00:26:34.6428089Z,0,0,495,176,0
2026-08-17T00:26:34.6479844Z,0,0,495,176,0
2026-08-17T00:26:34.6528701Z,0,0,495,176,0
2026-08-17T00:26:34.6577732Z,0,0,495,176,0
2026-08-17T00:26:34.662585Z,0,0,495,176,0
2026-08-17T00:26:34.6677353Z,0,0,495,176,0
2026-08-17T00:26:34.6728802Z,0,0,495,176,0
2026-08-17T00:26:34.6779891Z,0,0,495,176,0
2026-08-17T00:26:34.682695Z,0,0,495,176,0
2026-08-17T00:26:34.687979Z,0,0,495,176,0
2026-08-17T00:26:34.6926878Z,0,0,495,176,0
2026-08-17T00:26:34.698132Z,0,0,495,176,0
2026-08-17T00:26:34.7026985Z,0,0,495,176,0
2026-08-17T00:26:34.7078205Z,0,0,495,176,0
2026-08-17T00:26:34.7125448Z,0,0,495,176,0
2026-08-17T00:26:34.7177272Z,0,0,495,176,0
2026-08-17T00:26:34.7229607Z,0,0,495,176,0
2026-08-17T00:26:34.7276097Z,0,0,495,176,0
2026-08-17T00:26:34.7328478Z,0,0,495,176,0
2026-08-17T00:26:34.7376042Z,0,0,495,176,0
2026-08-17T00:26:34.7428216Z,0,0,495,176,0
2026-08-17T00:26:34.747887Z,0,0,495,176,0
2026-08-17T00:26:34.7528964Z,0,0,495,176,0
2026-08-17T00:26:34.7579146Z,0,0,495,176,0
2026-08-17T00:26:34.7628144Z,0,0,495,176,0
2026-08-17T00:26:34.7685451Z,0,0,495,176,0
2026-08-17T00:26:34.7727286Z,0,0,495,176,0
2026-08-17T00:26:34.7778751Z,0,0,495,176,0
2026-08-17T00:26:34.7826797Z,0,0,495,176,0
2026-08-17T00:26:34.7879259Z,0,0,495,176,0
2026-08-17T00:26:34.7926748Z,0,0,495,176,0
2026-08-17T00:26:34.7978406Z,0,0,495,176,0
2026-08-17T00:26:34.8031034Z,0,0,495,176,0
2026-08-17T00:26:34.8077113Z,0,0,495,176,0
2026-08-17T00:26:34.8125728Z,0,0,495,176,0
2026-08-17T00:26:34.8177336Z,0,0,495,176,0
2026-08-17T00:26:34.8232477Z,0,0,495,176,0
2026-08-17T00:26:34.8278905Z,0,0,495,176,0
2026-08-17T00:26:34.8326898Z,0,0,495,176,0
2026-08-17T00:26:34.83789Z,0,0,495,176,0
2026-08-17T00:26:34.8425434Z,0,0,495,176,0
2026-08-17T00:26:34.8478683Z,0,0,495,176,0
2026-08-17T00:26:34.8534211Z,0,0,495,176,0
2026-08-17T00:26:34.8577344Z,0,0,495,176,0
2026-08-17T00:26:34.863225Z,0,0,495,176,0
2026-08-17T00:26:34.8688222Z,0,0,495,176,0
2026-08-17T00:26:34.8730635Z,0,0,495,176,0
2026-08-17T00:26:34.8776726Z,0,0,495,176,0
2026-08-17T00:26:34.8829741Z,0,0,495,176,0
2026-08-17T00:26:34.8880409Z,0,0,495,176,0
2026-08-17T00:26:34.8927491Z,0,0,495,176,0
2026-08-17T00:26:34.8982206Z,0,0,495,176,0
2026-08-17T00:26:34.9027958Z,0,0,495,176,0
2026-08-17T00:26:34.9078955Z,0,0,495,176,0
2026-08-17T00:26:34.9131656Z,0,0,495,176,0
2026-08-17T00:26:34.9177851Z,0,0,495,176,0
2026-08-17T00:26:34.9233027Z,0,0,495,176,0
2026-08-17T00:26:34.9279297Z,0,0,495,176,0
2026-08-17T00:26:34.9331883Z,0,0,495,176,0
2026-08-17T00:26:34.9381798Z,0,0,495,176,0
2026-08-17T00:26:34.9429251Z,0,0,495,176,0
2026-08-17T00:26:34.9475516Z,0,0,495,176,0
2026-08-17T00:26:34.9527197Z,0,0,495,176,0
2026-08-17T00:26:34.9578514Z,0,0,495,176,0
2026-08-17T00:26:34.9633663Z,0,0,495,176,0
2026-08-17T00:26:34.9677911Z,0,0,495,176,0
2026-08-17T00:26:34.9725458Z,0,0,495,176,0
2026-08-17T00:26:34.9782404Z,0,0,495,176,0
2026-08-17T00:26:34.9833175Z,0,0,495,176,0
2026-08-17T00:26:34.9877128Z,0,0,495,176,0
2026-08-17T00:26:34.9929002Z,0,0,495,176,0
2026-08-17T00:26:34.9978516Z,0,0,495,176,0
2026-08-17T00:26:35.0027609Z,0,0,495,176,0
2026-08-17T00:26:35.0078683Z,0,0,495,176,0
2026-08-17T00:26:35.0126305Z,0,0,495,176,0
2026-08-17T00:26:35.0177585Z,0,0,495,176,0
2026-08-17T00:26:35.0228808Z,0,0,495,176,0
2026-08-17T00:26:35.0275403Z,0,0,495,176,0
2026-08-17T00:26:35.0330254Z,0,0,495,176,0
2026-08-17T00:26:35.0380943Z,0,0,495,176,0
2026-08-17T00:26:35.0427331Z,0,0,495,176,0
2026-08-17T00:26:35.048295Z,0,0,495,176,0
2026-08-17T00:26:35.0531516Z,0,0,495,176,0
2026-08-17T00:26:35.0577818Z,0,0,495,176,0
2026-08-17T00:26:35.0631105Z,0,0,495,176,0
2026-08-17T00:26:35.0684772Z,0,0,495,176,0
2026-08-17T00:26:35.073114Z,0,0,495,176,0
2026-08-17T00:26:35.0781682Z,0,0,495,176,0
2026-08-17T00:26:35.0831263Z,0,0,495,176,0
2026-08-17T00:26:35.0880101Z,0,0,495,176,0
2026-08-17T00:26:35.0926929Z,0,0,495,176,0
2026-08-17T00:26:35.098577Z,0,0,495,176,0
2026-08-17T00:26:35.1023998Z,0,0,495,176,0
2026-08-17T00:26:35.1075842Z,0,0,495,176,0
2026-08-17T00:26:35.1128167Z,0,0,495,176,0
2026-08-17T00:26:35.1179138Z,0,0,495,176,0
2026-08-17T00:26:35.1228589Z,0,0,495,176,0
2026-08-17T00:26:35.1285271Z,0,0,495,176,0
2026-08-17T00:26:35.1329862Z,0,0,495,176,0
2026-08-17T00:26:35.1386125Z,0,0,495,176,0
2026-08-17T00:26:35.1428411Z,0,0,495,176,0
2026-08-17T00:26:35.147995Z,0,0,495,176,0
2026-08-17T00:26:35.1527592Z,0,0,495,176,0
2026-08-17T00:26:35.1580408Z,0,0,495,176,0
2026-08-17T00:26:35.1630205Z,0,0,495,176,0
2026-08-17T00:26:35.1676152Z,0,0,495,176,0
2026-08-17T00:26:35.1729887Z,0,0,495,176,0
2026-08-17T00:26:35.1776121Z,0,0,495,176,0
2026-08-17T00:26:35.1827306Z,0,0,495,176,0
2026-08-17T00:26:35.1881315Z,0,0,495,176,0
2026-08-17T00:26:35.1928555Z,0,0,495,176,0
2026-08-17T00:26:35.1980555Z,0,0,495,176,0
2026-08-17T00:26:35.2035585Z,0,0,495,176,0
2026-08-17T00:26:35.207663Z,0,0,495,176,0
2026-08-17T00:26:35.2129636Z,0,0,495,176,0
2026-08-17T00:26:35.2180806Z,0,0,495,176,0
2026-08-17T00:26:35.2229106Z,0,0,495,176,0
2026-08-17T00:26:35.227865Z,0,0,495,176,0
2026-08-17T00:26:35.2329758Z,0,0,495,176,0
2026-08-17T00:26:35.2380456Z,0,0,495,176,0
2026-08-17T00:26:35.242664Z,0,0,495,176,0
2026-08-17T00:26:35.2478109Z,0,0,495,176,0
2026-08-17T00:26:35.2527686Z,0,0,495,176,0
2026-08-17T00:26:35.2577963Z,0,0,495,176,0
2026-08-17T00:26:35.262879Z,0,0,495,176,0
2026-08-17T00:26:35.2678363Z,0,0,495,176,0
2026-08-17T00:26:35.2730684Z,0,0,495,176,0
2026-08-17T00:26:35.2777161Z,0,0,495,176,0
2026-08-17T00:26:35.2830026Z,0,0,495,176,0
2026-08-17T00:26:35.2880619Z,0,0,495,176,0
2026-08-17T00:26:35.2928178Z,0,0,495,176,0
2026-08-17T00:26:35.2980245Z,0,0,495,176,0
2026-08-17T00:26:35.3031806Z,0,0,495,176,0
2026-08-17T00:26:35.3076919Z,0,0,495,176,0
2026-08-17T00:26:35.3130016Z,0,0,495,176,0
2026-08-17T00:26:35.3181002Z,0,0,495,176,0
2026-08-17T00:26:35.3226401Z,0,0,495,176,0
2026-08-17T00:26:35.3278594Z,0,0,495,176,0
2026-08-17T00:26:35.3326663Z,0,0,495,176,0
2026-08-17T00:26:35.3380836Z,0,0,495,176,0
2026-08-17T00:26:35.3427772Z,0,0,495,176,0
2026-08-17T00:26:35.3479036Z,0,0,495,176,0
2026-08-17T00:26:35.3527775Z,0,0,495,176,0
2026-08-17T00:26:35.357918Z,0,0,495,176,0
2026-08-17T00:26:35.3627177Z,0,0,495,176,0
2026-08-17T00:26:35.3679087Z,0,0,495,176,0
2026-08-17T00:26:35.3727501Z,0,0,495,176,0
2026-08-17T00:26:35.3778633Z,0,0,495,176,0
2026-08-17T00:26:35.3825243Z,0,0,495,176,0
2026-08-17T00:26:35.3881546Z,0,0,495,176,0
2026-08-17T00:26:35.3928448Z,0,0,495,176,0
2026-08-17T00:26:35.3979495Z,0,0,495,176,0
2026-08-17T00:26:35.4032437Z,0,0,495,176,0
2026-08-17T00:26:35.4077085Z,0,0,495,176,0
2026-08-17T00:26:35.4128076Z,0,0,495,176,0
2026-08-17T00:26:35.4179245Z,0,0,495,176,0
2026-08-17T00:26:35.422862Z,0,0,495,176,0
2026-08-17T00:26:35.427504Z,0,0,495,176,0
2026-08-17T00:26:35.4328051Z,0,0,495,176,0
2026-08-17T00:26:35.4379602Z,0,0,495,176,0
2026-08-17T00:26:35.4432325Z,0,0,495,176,0
2026-08-17T00:26:35.448227Z,0,0,495,176,0
2026-08-17T00:26:35.4532753Z,0,0,495,176,0
2026-08-17T00:26:35.457584Z,0,0,495,176,0
2026-08-17T00:26:35.4630123Z,0,0,495,176,0
2026-08-17T00:26:35.4677128Z,0,0,495,176,0
2026-08-17T00:26:35.4735472Z,0,0,495,176,0
2026-08-17T00:26:35.4781122Z,0,0,495,176,0
2026-08-17T00:26:35.4827624Z,0,0,495,176,0
2026-08-17T00:26:35.4883323Z,0,0,495,176,0
2026-08-17T00:26:35.4925897Z,0,0,495,176,0
2026-08-17T00:26:35.4977876Z,0,0,495,176,0
2026-08-17T00:26:35.5029422Z,0,0,495,176,0
2026-08-17T00:26:35.5076178Z,0,0,495,176,0
2026-08-17T00:26:35.51289Z,0,0,495,176,0
2026-08-17T00:26:35.5179693Z,0,0,495,176,0
2026-08-17T00:26:35.5233561Z,0,0,495,176,0
2026-08-17T00:26:35.5283602Z,0,0,495,176,0
2026-08-17T00:26:35.5333761Z,0,0,495,176,0
2026-08-17T00:26:35.53801Z,0,0,495,176,0
2026-08-17T00:26:35.542784Z,0,0,495,176,0
2026-08-17T00:26:35.5480052Z,0,0,495,176,0
2026-08-17T00:26:35.5525468Z,0,0,495,176,0
2026-08-17T00:26:35.558392Z,0,0,495,176,0
2026-08-17T00:26:35.5626912Z,0,0,495,176,0
2026-08-17T00:26:35.5674672Z,0,0,495,176,0
2026-08-17T00:26:35.5728998Z,0,0,495,176,0
2026-08-17T00:26:35.5780111Z,0,0,495,176,0
2026-08-17T00:26:35.5827396Z,0,0,495,176,0
2026-08-17T00:26:35.5880951Z,0,0,495,176,0
2026-08-17T00:26:35.5928427Z,0,0,495,176,0
2026-08-17T00:26:35.5980417Z,0,0,495,176,0
2026-08-17T00:26:35.6024806Z,0,0,495,176,0
2026-08-17T00:26:35.607596Z,0,0,495,176,0
2026-08-17T00:26:35.6133706Z,0,0,495,176,0
2026-08-17T00:26:35.6179574Z,0,0,495,176,0
2026-08-17T00:26:35.6227875Z,0,0,495,176,0
2026-08-17T00:26:35.6279192Z,0,0,495,176,0
2026-08-17T00:26:35.6328266Z,0,0,495,176,0
2026-08-17T00:26:35.6380808Z,0,0,495,176,0
2026-08-17T00:26:35.642782Z,0,0,495,176,0
2026-08-17T00:26:35.647946Z,0,0,495,176,0
2026-08-17T00:26:35.6533578Z,0,0,495,176,0
2026-08-17T00:26:35.6579322Z,0,0,495,176,0
2026-08-17T00:26:35.6626637Z,0,0,495,176,0
2026-08-17T00:26:35.6678364Z,0,0,495,176,0
2026-08-17T00:26:35.6731405Z,0,0,495,176,0
2026-08-17T00:26:35.6777491Z,0,0,495,176,0
2026-08-17T00:26:35.6830157Z,0,0,495,176,0
2026-08-17T00:26:35.6879589Z,0,0,495,176,0
2026-08-17T00:26:35.6926205Z,0,0,495,176,0
2026-08-17T00:26:35.6978116Z,0,0,495,176,0
2026-08-17T00:26:35.7028453Z,0,0,495,176,0
2026-08-17T00:26:35.7079536Z,0,0,495,176,0
2026-08-17T00:26:35.7126999Z,0,0,495,176,0
2026-08-17T00:26:35.7178744Z,0,0,495,176,0
2026-08-17T00:26:35.7228649Z,0,0,495,176,0
2026-08-17T00:26:35.7275638Z,0,0,495,176,0
2026-08-17T00:26:35.7328217Z,0,0,495,176,0
2026-08-17T00:26:35.7381297Z,0,0,495,176,0
2026-08-17T00:26:35.7428248Z,0,0,495,176,0
2026-08-17T00:26:35.7479175Z,0,0,495,176,0
2026-08-17T00:26:35.7526241Z,0,0,495,176,0
2026-08-17T00:26:35.7578589Z,0,0,495,176,0
2026-08-17T00:26:35.7625371Z,0,0,495,176,0
2026-08-17T00:26:35.7677611Z,0,0,495,176,0
2026-08-17T00:26:35.7727585Z,0,0,495,176,0
2026-08-17T00:26:35.7778591Z,0,0,495,176,0
2026-08-17T00:26:35.7827058Z,0,0,495,176,0
2026-08-17T00:26:35.7879403Z,0,0,495,176,0
2026-08-17T00:26:35.7926628Z,0,0,495,176,0
2026-08-17T00:26:35.7978988Z,0,0,495,176,0
2026-08-17T00:26:35.8027765Z,0,0,495,176,0
2026-08-17T00:26:35.8079124Z,0,0,495,176,0
2026-08-17T00:26:35.8126577Z,0,0,495,176,0
2026-08-17T00:26:35.817884Z,0,0,495,176,0
2026-08-17T00:26:35.8230213Z,0,0,495,176,0
2026-08-17T00:26:35.8279479Z,0,0,495,176,0
2026-08-17T00:26:35.8329624Z,0,0,495,176,0
2026-08-17T00:26:35.8375579Z,0,0,495,176,0
2026-08-17T00:26:35.8427595Z,0,0,495,176,0
2026-08-17T00:26:35.8478925Z,0,0,495,176,0
2026-08-17T00:26:35.8526356Z,0,0,495,176,0
2026-08-17T00:26:35.8581282Z,0,0,495,176,0
2026-08-17T00:26:35.86312Z,0,0,495,176,0
2026-08-17T00:26:35.8678949Z,0,0,495,176,0
2026-08-17T00:26:35.8727116Z,0,0,495,176,0
2026-08-17T00:26:35.8777714Z,0,0,495,176,0
2026-08-17T00:26:35.8825316Z,0,0,495,176,0
2026-08-17T00:26:35.8877917Z,0,0,495,176,0
2026-08-17T00:26:35.8925353Z,0,0,495,176,0
2026-08-17T00:26:35.8977414Z,0,0,495,176,0
2026-08-17T00:26:35.9028555Z,0,0,495,176,0
2026-08-17T00:26:35.9079313Z,0,0,495,176,0
2026-08-17T00:26:35.9126438Z,0,0,495,176,0
2026-08-17T00:26:35.9181153Z,0,0,495,176,0
2026-08-17T00:26:35.9227725Z,0,0,495,176,0
2026-08-17T00:26:35.9279635Z,0,0,495,176,0
2026-08-17T00:26:35.9331506Z,0,0,495,176,0
2026-08-17T00:26:35.9380159Z,0,0,495,176,0
2026-08-17T00:26:35.9431651Z,0,0,495,176,0
2026-08-17T00:26:35.9481796Z,0,0,495,176,0
2026-08-17T00:26:35.952613Z,0,0,495,176,0
2026-08-17T00:26:35.95822Z,0,0,495,176,0
2026-08-17T00:26:35.9632625Z,0,0,495,176,0
2026-08-17T00:26:35.9681797Z,0,0,495,176,0
2026-08-17T00:26:35.9727519Z,0,0,495,176,0
2026-08-17T00:26:35.9778998Z,0,0,495,176,0
2026-08-17T00:26:35.9831982Z,0,0,495,176,0
2026-08-17T00:26:35.9883051Z,0,0,495,176,0
2026-08-17T00:26:35.9930169Z,0,0,495,176,0
2026-08-17T00:26:35.9980499Z,0,0,495,176,0
2026-08-17T00:26:36.0031823Z,0,0,495,176,0
2026-08-17T00:26:36.0078806Z,0,0,495,176,0
2026-08-17T00:26:36.013316Z,0,0,495,176,0
2026-08-17T00:26:36.0183607Z,0,0,495,176,0
2026-08-17T00:26:36.0228843Z,0,0,495,176,0
2026-08-17T00:26:36.0275482Z,0,0,495,176,0
2026-08-17T00:26:36.0327759Z,0,0,495,176,0
2026-08-17T00:26:36.0376522Z,0,0,495,176,0
2026-08-17T00:26:36.0433047Z,0,0,495,176,0
2026-08-17T00:26:36.0479232Z,0,0,495,176,0
2026-08-17T00:26:36.0531617Z,0,0,495,176,0
2026-08-17T00:26:36.0578636Z,0,0,495,176,0
2026-08-17T00:26:36.0626668Z,0,0,495,176,0
2026-08-17T00:26:36.0675687Z,0,0,495,176,0
2026-08-17T00:26:36.0727506Z,0,0,495,176,0
2026-08-17T00:26:36.0784903Z,0,0,495,176,0
2026-08-17T00:26:36.082893Z,0,0,495,176,0
2026-08-17T00:26:36.0878756Z,0,0,495,176,0
2026-08-17T00:26:36.0926113Z,0,0,495,176,0
2026-08-17T00:26:36.0981969Z,0,0,495,176,0
2026-08-17T00:26:36.1026509Z,0,0,495,176,0
2026-08-17T00:26:36.1078806Z,0,0,495,176,0
2026-08-17T00:26:36.1126201Z,0,0,495,176,0
2026-08-17T00:26:36.1179007Z,0,0,495,176,0
2026-08-17T00:26:36.1227685Z,0,0,495,176,0
2026-08-17T00:26:36.1279289Z,0,0,495,176,0
2026-08-17T00:26:36.1328628Z,0,0,495,176,0
2026-08-17T00:26:36.1379061Z,0,0,495,176,0
2026-08-17T00:26:36.1426249Z,0,0,495,176,0
2026-08-17T00:26:36.1478754Z,0,0,495,176,0
2026-08-17T00:26:36.1530503Z,0,0,495,176,0
2026-08-17T00:26:36.1576208Z,0,0,495,176,0
2026-08-17T00:26:36.1629595Z,0,0,495,176,0
2026-08-17T00:26:36.1676303Z,0,0,495,176,0
2026-08-17T00:26:36.1729142Z,0,0,495,176,0
2026-08-17T00:26:36.1775653Z,0,0,495,176,0
2026-08-17T00:26:36.1827538Z,0,0,495,176,0
2026-08-17T00:26:36.1878652Z,0,0,495,176,0
2026-08-17T00:26:36.1928838Z,0,0,495,176,0
2026-08-17T00:26:36.1978439Z,0,0,495,176,0
2026-08-17T00:26:36.2029766Z,0,0,495,176,0
2026-08-17T00:26:36.2076303Z,0,0,495,176,0
2026-08-17T00:26:36.2128172Z,0,0,495,176,0
2026-08-17T00:26:36.2179148Z,0,0,495,176,0
2026-08-17T00:26:36.2228383Z,0,0,495,176,0
2026-08-17T00:26:36.2279298Z,0,0,495,176,0
2026-08-17T00:26:36.2331628Z,0,0,495,176,0
2026-08-17T00:26:36.2379687Z,0,0,495,176,0
2026-08-17T00:26:36.2426983Z,0,0,495,176,0
2026-08-17T00:26:36.2478389Z,0,0,495,176,0
2026-08-17T00:26:36.2532346Z,0,0,495,176,0
2026-08-17T00:26:36.258015Z,0,0,495,176,0
2026-08-17T00:26:36.2629823Z,0,0,495,176,0
2026-08-17T00:26:36.267548Z,0,0,495,176,0
2026-08-17T00:26:36.2729345Z,0,0,495,176,0
2026-08-17T00:26:36.2775547Z,0,0,495,176,0
2026-08-17T00:26:36.2828021Z,0,0,495,176,0
2026-08-17T00:26:36.287793Z,0,0,495,176,0
2026-08-17T00:26:36.2930205Z,0,0,495,176,0
2026-08-17T00:26:36.2981871Z,0,0,495,176,0
2026-08-17T00:26:36.3031674Z,0,0,495,176,0
2026-08-17T00:26:36.3077968Z,0,0,495,176,0
2026-08-17T00:26:36.313066Z,0,0,495,176,0
2026-08-17T00:26:36.3176502Z,0,0,495,176,0
2026-08-17T00:26:36.3227669Z,0,0,495,176,0
2026-08-17T00:26:36.3279347Z,0,0,495,176,0
2026-08-17T00:26:36.332756Z,0,0,495,176,0
2026-08-17T00:26:36.3379705Z,0,0,495,176,0
2026-08-17T00:26:36.3427353Z,0,0,495,176,0
2026-08-17T00:26:36.3478588Z,0,0,495,176,0
2026-08-17T00:26:36.3523834Z,0,0,495,176,0
2026-08-17T00:26:36.3580836Z,0,0,495,176,0
2026-08-17T00:26:36.363166Z,0,0,495,176,0
2026-08-17T00:26:36.3679481Z,0,0,495,176,0
2026-08-17T00:26:36.3732659Z,0,0,495,176,0
2026-08-17T00:26:36.3779115Z,0,0,495,176,0
2026-08-17T00:26:36.3828074Z,0,0,495,176,0
2026-08-17T00:26:36.3879055Z,0,0,495,176,0
2026-08-17T00:26:36.3925875Z,0,0,495,176,0
2026-08-17T00:26:36.3978503Z,0,0,495,176,0
2026-08-17T00:26:36.4029852Z,0,0,495,176,0
2026-08-17T00:26:36.4080996Z,0,0,495,176,0
2026-08-17T00:26:36.4128264Z,0,0,495,176,0
2026-08-17T00:26:36.418193Z,0,0,495,176,0
2026-08-17T00:26:36.4229214Z,0,0,495,176,0
2026-08-17T00:26:36.4275519Z,0,0,495,176,0
2026-08-17T00:26:36.4331094Z,0,0,495,176,0
2026-08-17T00:26:36.4378457Z,0,0,495,176,0
2026-08-17T00:26:36.4430926Z,0,0,495,176,0
2026-08-17T00:26:36.4481278Z,0,0,495,176,0
2026-08-17T00:26:36.4529929Z,0,0,495,176,0
2026-08-17T00:26:36.4581698Z,0,0,495,176,0
2026-08-17T00:26:36.4629171Z,0,0,495,176,0
2026-08-17T00:26:36.4680495Z,0,0,495,176,0
2026-08-17T00:26:36.4728531Z,0,0,495,176,0
2026-08-17T00:26:36.4779375Z,0,0,495,176,0
2026-08-17T00:26:36.4827858Z,0,0,495,176,0
2026-08-17T00:26:36.4879587Z,0,0,495,176,0
2026-08-17T00:26:36.4929539Z,0,0,495,176,0
2026-08-17T00:26:36.4978781Z,0,0,495,176,0
2026-08-17T00:26:36.5030831Z,0,0,495,176,0
2026-08-17T00:26:36.507709Z,0,0,495,176,0
2026-08-17T00:26:36.5130191Z,0,0,495,176,0
2026-08-17T00:26:36.5180776Z,0,0,495,176,0
2026-08-17T00:26:36.5226541Z,0,0,495,176,0
2026-08-17T00:26:36.5280174Z,0,0,495,176,0
2026-08-17T00:26:36.5332398Z,0,0,495,176,0
2026-08-17T00:26:36.5380172Z,0,0,495,176,0
2026-08-17T00:26:36.542784Z,0,0,495,176,0
2026-08-17T00:26:36.5479103Z,0,0,495,176,0
2026-08-17T00:26:36.5527867Z,0,0,495,176,0
2026-08-17T00:26:36.5578867Z,0,0,495,176,0
2026-08-17T00:26:36.5631263Z,0,0,495,176,0
2026-08-17T00:26:36.568342Z,0,0,495,176,0
2026-08-17T00:26:36.5727571Z,0,0,495,176,0
2026-08-17T00:26:36.5784189Z,0,0,495,176,0
2026-08-17T00:26:36.5827809Z,0,0,495,176,0
2026-08-17T00:26:36.5877847Z,0,0,495,176,0
2026-08-17T00:26:36.5929458Z,0,0,495,176,0
2026-08-17T00:26:36.5984595Z,0,0,495,176,0
2026-08-17T00:26:36.6030456Z,0,0,495,176,0
2026-08-17T00:26:36.6076498Z,0,0,495,176,0
2026-08-17T00:26:36.6128925Z,0,0,495,176,0
2026-08-17T00:26:36.6179986Z,0,0,495,176,0
2026-08-17T00:26:36.6235127Z,0,0,495,176,0
2026-08-17T00:26:36.6276122Z,0,0,495,176,0
2026-08-17T00:26:36.6328749Z,0,0,495,176,0
2026-08-17T00:26:36.6378793Z,0,0,495,176,0
2026-08-17T00:26:36.6434804Z,0,0,495,176,0
2026-08-17T00:26:36.6475903Z,0,0,495,176,0
2026-08-17T00:26:36.6528847Z,0,0,495,176,0
2026-08-17T00:26:36.6581283Z,0,0,495,176,0
2026-08-17T00:26:36.6628406Z,0,0,495,176,0
2026-08-17T00:26:36.6685413Z,0,0,495,176,0
2026-08-17T00:26:36.6731807Z,0,0,495,176,0
2026-08-17T00:26:36.6777958Z,0,0,495,176,0
2026-08-17T00:26:36.6826097Z,0,0,495,176,0
2026-08-17T00:26:36.6879942Z,0,0,495,176,0
2026-08-17T00:26:36.6929845Z,0,0,495,176,0
2026-08-17T00:26:36.6979351Z,0,0,495,176,0
2026-08-17T00:26:36.7029929Z,0,0,495,176,0
2026-08-17T00:26:36.7076598Z,0,0,495,176,0
2026-08-17T00:26:36.7129034Z,0,0,495,176,0
2026-08-17T00:26:36.7175391Z,0,0,495,176,0
2026-08-17T00:26:36.722997Z,0,0,495,176,0
2026-08-17T00:26:36.7276542Z,0,0,495,176,0
2026-08-17T00:26:36.7329491Z,0,0,495,176,0
2026-08-17T00:26:36.737906Z,0,0,495,176,0
2026-08-17T00:26:36.7426959Z,0,0,495,176,0
2026-08-17T00:26:36.7479308Z,0,0,495,176,0
2026-08-17T00:26:36.7530788Z,0,0,495,176,0
2026-08-17T00:26:36.7578031Z,0,0,495,176,0
2026-08-17T00:26:36.7630897Z,0,0,495,176,0
2026-08-17T00:26:36.7682397Z,0,0,495,176,0
2026-08-17T00:26:36.7728008Z,0,0,495,176,0
2026-08-17T00:26:36.7779007Z,0,0,495,176,0
2026-08-17T00:26:36.7826481Z,0,0,495,176,0
2026-08-17T00:26:36.7880914Z,0,0,495,176,0
2026-08-17T00:26:36.7927958Z,0,0,495,176,0
2026-08-17T00:26:36.7979248Z,0,0,495,176,0
2026-08-17T00:26:36.8028884Z,0,0,495,176,0
2026-08-17T00:26:36.8078549Z,0,0,495,176,0
2026-08-17T00:26:36.8130992Z,0,0,495,176,0
2026-08-17T00:26:36.8178866Z,0,0,495,176,0
2026-08-17T00:26:36.8231841Z,0,0,495,176,0
2026-08-17T00:26:36.8281757Z,0,0,495,176,0
2026-08-17T00:26:36.8331398Z,0,0,495,176,0
2026-08-17T00:26:36.8375306Z,0,0,495,176,0
2026-08-17T00:26:36.8427703Z,0,0,495,176,0
2026-08-17T00:26:36.847949Z,0,0,495,176,0
2026-08-17T00:26:36.8525443Z,0,0,495,176,0
2026-08-17T00:26:36.8576685Z,0,0,495,176,0
2026-08-17T00:26:36.8630369Z,0,0,495,176,0
2026-08-17T00:26:36.8682526Z,0,0,495,176,0
2026-08-17T00:26:36.8731527Z,0,0,495,176,0
2026-08-17T00:26:36.8779381Z,0,0,495,176,0
2026-08-17T00:26:36.8830237Z,0,0,495,176,0
2026-08-17T00:26:36.887989Z,0,0,495,176,0
2026-08-17T00:26:36.8927161Z,0,0,495,176,0
2026-08-17T00:26:36.8979291Z,0,0,495,176,0
2026-08-17T00:26:36.9028268Z,0,0,495,176,0
2026-08-17T00:26:36.9075754Z,0,0,495,176,0
2026-08-17T00:26:36.9128572Z,0,0,495,176,0
2026-08-17T00:26:36.9180139Z,0,0,495,176,0
2026-08-17T00:26:36.9228039Z,0,0,495,176,0
2026-08-17T00:26:36.9279963Z,0,0,495,176,0
2026-08-17T00:26:36.9327689Z,0,0,495,176,0
2026-08-17T00:26:36.9383201Z,0,0,495,176,0
2026-08-17T00:26:36.9428763Z,0,0,495,176,0
2026-08-17T00:26:36.947995Z,0,0,495,176,0
2026-08-17T00:26:36.9530114Z,0,0,495,176,0
2026-08-17T00:26:36.9581306Z,0,0,495,176,0
2026-08-17T00:26:36.9631743Z,0,0,495,176,0
2026-08-17T00:26:36.9678951Z,0,0,495,176,0
2026-08-17T00:26:36.973046Z,0,0,495,176,0
2026-08-17T00:26:36.9781336Z,0,0,495,176,0
2026-08-17T00:26:36.9831569Z,0,0,495,176,0
2026-08-17T00:26:36.988268Z,0,0,495,176,0
2026-08-17T00:26:36.9930403Z,0,0,495,176,0
2026-08-17T00:26:36.9976507Z,0,0,495,176,0
2026-08-17T00:26:37.0028068Z,0,0,495,176,0
2026-08-17T00:26:37.0079226Z,0,0,495,176,0
2026-08-17T00:26:37.0126678Z,0,0,495,176,0
2026-08-17T00:26:37.0179282Z,0,0,495,176,0
2026-08-17T00:26:37.022542Z,0,0,495,176,0
2026-08-17T00:26:37.0276563Z,0,0,495,176,0
2026-08-17T00:26:37.0329013Z,0,0,495,176,0
2026-08-17T00:26:37.0379744Z,0,0,495,176,0
2026-08-17T00:26:37.0426951Z,0,0,495,176,0
2026-08-17T00:26:37.0478591Z,0,0,495,176,0
2026-08-17T00:26:37.0527147Z,0,0,495,176,0
2026-08-17T00:26:37.0578848Z,0,0,495,176,0
2026-08-17T00:26:37.0630559Z,0,0,495,176,0
2026-08-17T00:26:37.0687131Z,0,0,495,176,0
2026-08-17T00:26:37.072774Z,0,0,495,176,0
2026-08-17T00:26:37.0779121Z,0,0,495,176,0
2026-08-17T00:26:37.0830479Z,0,0,495,176,0
2026-08-17T00:26:37.0877989Z,0,0,495,176,0
2026-08-17T00:26:37.0931423Z,0,0,495,176,0
2026-08-17T00:26:37.0978924Z,0,0,495,176,0
2026-08-17T00:26:37.1031016Z,0,0,495,176,0
2026-08-17T00:26:37.1078887Z,0,0,495,176,0
2026-08-17T00:26:37.112719Z,0,0,495,176,0
2026-08-17T00:26:37.118528Z,0,0,495,176,0
2026-08-17T00:26:37.1228883Z,0,0,495,176,0
2026-08-17T00:26:37.1280856Z,0,0,495,176,0
2026-08-17T00:26:37.1334953Z,0,0,495,176,0
2026-08-17T00:26:37.1375093Z,0,0,495,176,0
2026-08-17T00:26:37.1427571Z,0,0,495,176,0
2026-08-17T00:26:37.1479319Z,0,0,495,176,0
2026-08-17T00:26:37.1527547Z,0,0,495,176,0
2026-08-17T00:26:37.1575208Z,0,0,495,176,0
2026-08-17T00:26:37.1629477Z,0,0,495,176,0
2026-08-17T00:26:37.1678664Z,0,0,495,176,0
2026-08-17T00:26:37.1728736Z,0,0,495,176,0
2026-08-17T00:26:37.1779133Z,0,0,495,176,0
2026-08-17T00:26:37.1835759Z,0,0,495,176,0
2026-08-17T00:26:37.1874965Z,0,0,495,176,0
2026-08-17T00:26:37.1926584Z,0,0,495,176,0
2026-08-17T00:26:37.1985381Z,0,0,495,176,0
2026-08-17T00:26:37.2023948Z,0,0,495,176,0
2026-08-17T00:26:37.2076497Z,0,0,495,176,0
2026-08-17T00:26:37.2128595Z,0,0,495,176,0
2026-08-17T00:26:37.2179447Z,0,0,495,176,0
2026-08-17T00:26:37.2229406Z,0,0,495,176,0
2026-08-17T00:26:37.228094Z,0,0,495,176,0
2026-08-17T00:26:37.2331542Z,0,0,495,176,0
2026-08-17T00:26:37.2379518Z,0,0,495,176,0
2026-08-17T00:26:37.2426301Z,0,0,495,176,0
2026-08-17T00:26:37.2478757Z,0,0,495,176,0
2026-08-17T00:26:37.2530814Z,0,0,495,176,0
2026-08-17T00:26:37.257731Z,0,0,495,176,0
2026-08-17T00:26:37.2629186Z,0,0,495,176,0
2026-08-17T00:26:37.267988Z,0,0,495,176,0
2026-08-17T00:26:37.2729878Z,0,0,495,176,0
2026-08-17T00:26:37.2775474Z,0,0,495,176,0
2026-08-17T00:26:37.2827977Z,0,0,495,176,0
2026-08-17T00:26:37.2881648Z,0,0,495,176,0
2026-08-17T00:26:37.2928203Z,0,0,495,176,0
2026-08-17T00:26:37.2980219Z,0,0,495,176,0
2026-08-17T00:26:37.3025545Z,0,0,495,176,0
2026-08-17T00:26:37.3078973Z,0,0,495,176,0
2026-08-17T00:26:37.3129566Z,0,0,495,176,0
2026-08-17T00:26:37.3174955Z,0,0,495,176,0
2026-08-17T00:26:37.32255Z,0,0,495,176,0
2026-08-17T00:26:37.3280585Z,0,0,495,176,0
2026-08-17T00:26:37.332777Z,0,0,495,176,0
2026-08-17T00:26:37.337886Z,0,0,495,176,0
2026-08-17T00:26:37.3428675Z,0,0,495,176,0
2026-08-17T00:26:37.3475136Z,0,0,495,176,0
2026-08-17T00:26:37.352691Z,0,0,495,176,0
2026-08-17T00:26:37.357978Z,0,0,495,176,0
2026-08-17T00:26:37.3629946Z,0,0,495,176,0
2026-08-17T00:26:37.3676442Z,0,0,495,176,0
2026-08-17T00:26:37.3727309Z,0,0,495,176,0
2026-08-17T00:26:37.3779212Z,0,0,495,176,0
2026-08-17T00:26:37.383118Z,0,0,495,176,0
2026-08-17T00:26:37.38786Z,0,0,495,176,0
2026-08-17T00:26:37.3925523Z,0,0,495,176,0
2026-08-17T00:26:37.3980292Z,0,0,495,176,0
2026-08-17T00:26:37.4030109Z,0,0,495,176,0
2026-08-17T00:26:37.4076064Z,0,0,495,176,0
2026-08-17T00:26:37.4127898Z,0,0,495,176,0
2026-08-17T00:26:37.4178105Z,0,0,495,176,0
2026-08-17T00:26:37.4227475Z,0,0,495,176,0
2026-08-17T00:26:37.4280321Z,0,0,495,176,0
2026-08-17T00:26:37.4332667Z,0,0,495,176,0
2026-08-17T00:26:37.4377644Z,0,0,495,176,0
2026-08-17T00:26:37.4429933Z,0,0,495,176,0
2026-08-17T00:26:37.4480372Z,0,0,495,176,0
2026-08-17T00:26:37.4529583Z,0,0,495,176,0
2026-08-17T00:26:37.457533Z,0,0,495,176,0
2026-08-17T00:26:37.4627771Z,0,0,495,176,0
2026-08-17T00:26:37.4680294Z,0,0,495,176,0
2026-08-17T00:26:37.473172Z,0,0,495,176,0
2026-08-17T00:26:37.478185Z,0,0,495,176,0
2026-08-17T00:26:37.483333Z,0,0,495,176,0
2026-08-17T00:26:37.4881987Z,0,0,495,176,0
2026-08-17T00:26:37.492918Z,0,0,495,176,0
2026-08-17T00:26:37.498055Z,0,0,495,176,0
2026-08-17T00:26:37.5028281Z,0,0,495,176,0
2026-08-17T00:26:37.507858Z,0,0,495,176,0
2026-08-17T00:26:37.5130259Z,0,0,495,176,0
2026-08-17T00:26:37.5180529Z,0,0,495,176,0
2026-08-17T00:26:37.5228285Z,0,0,495,176,0
2026-08-17T00:26:37.5280335Z,0,0,495,176,0
2026-08-17T00:26:37.5327645Z,0,0,495,176,0
2026-08-17T00:26:37.5377906Z,0,0,495,176,0
2026-08-17T00:26:37.5429823Z,0,0,495,176,0
2026-08-17T00:26:37.5480261Z,0,0,495,176,0
2026-08-17T00:26:37.5527288Z,0,0,495,176,0
2026-08-17T00:26:37.5577206Z,0,0,495,176,0
2026-08-17T00:26:37.5628729Z,0,0,495,176,0
2026-08-17T00:26:37.568048Z,0,0,495,176,0
2026-08-17T00:26:37.5728198Z,0,0,495,176,0
2026-08-17T00:26:37.577879Z,0,0,495,176,0
2026-08-17T00:26:37.5826032Z,0,0,495,176,0
2026-08-17T00:26:37.5878022Z,0,0,495,176,0
2026-08-17T00:26:37.5932614Z,0,0,495,176,0
2026-08-17T00:26:37.5980991Z,0,0,495,176,0
2026-08-17T00:26:37.6032366Z,0,0,495,176,0
2026-08-17T00:26:37.6084284Z,0,0,495,176,0
2026-08-17T00:26:37.6125761Z,0,0,495,176,0
2026-08-17T00:26:37.6179884Z,0,0,495,176,0
2026-08-17T00:26:37.6234274Z,0,0,495,176,0
2026-08-17T00:26:37.6280601Z,0,0,495,176,0
2026-08-17T00:26:37.6332966Z,0,0,495,176,0
2026-08-17T00:26:37.6378596Z,0,0,495,176,0
2026-08-17T00:26:37.6425164Z,0,0,495,176,0
2026-08-17T00:26:37.6485547Z,0,0,495,176,0
2026-08-17T00:26:37.6528463Z,0,0,495,176,0
2026-08-17T00:26:37.657562Z,0,0,495,176,0
2026-08-17T00:26:37.6627944Z,0,0,495,176,0
2026-08-17T00:26:37.6679927Z,0,0,495,176,0
2026-08-17T00:26:37.6726428Z,0,0,495,176,0
2026-08-17T00:26:37.677935Z,0,0,495,176,0
2026-08-17T00:26:37.6828893Z,0,0,495,176,0
2026-08-17T00:26:37.6882132Z,0,0,495,176,0
2026-08-17T00:26:37.6929262Z,0,0,495,176,0
2026-08-17T00:26:37.6975846Z,0,0,495,176,0
2026-08-17T00:26:37.7034192Z,0,0,495,176,0
2026-08-17T00:26:37.7079572Z,0,0,495,176,0
2026-08-17T00:26:37.7127774Z,0,0,495,176,0
2026-08-17T00:26:37.7182854Z,0,0,495,176,0
2026-08-17T00:26:37.7236435Z,0,0,495,176,0
2026-08-17T00:26:37.7278935Z,0,0,495,176,0
2026-08-17T00:26:37.7326848Z,0,0,495,176,0
2026-08-17T00:26:37.7375271Z,0,0,495,176,0
2026-08-17T00:26:37.7428738Z,0,0,495,176,0
2026-08-17T00:26:37.747544Z,0,0,495,176,0
2026-08-17T00:26:37.7530571Z,0,0,495,176,0
2026-08-17T00:26:37.757812Z,0,0,495,176,0
2026-08-17T00:26:37.7629081Z,0,0,495,176,0
2026-08-17T00:26:37.7680665Z,0,0,495,176,0
2026-08-17T00:26:37.7729379Z,0,0,495,176,0
2026-08-17T00:26:37.7778019Z,0,0,495,176,0
2026-08-17T00:26:37.7830803Z,0,0,495,176,0
2026-08-17T00:26:37.7878765Z,0,0,495,176,0
2026-08-17T00:26:37.7928541Z,0,0,495,176,0
2026-08-17T00:26:37.7980917Z,0,0,495,176,0
2026-08-17T00:26:37.8028684Z,0,0,495,176,0
2026-08-17T00:26:37.8079598Z,0,0,495,176,0
2026-08-17T00:26:37.8130784Z,0,0,495,176,0
2026-08-17T00:26:37.8178377Z,0,0,495,176,0
2026-08-17T00:26:37.8228306Z,0,0,495,176,0
2026-08-17T00:26:37.8279287Z,0,0,495,176,0
2026-08-17T00:26:37.8326095Z,0,0,495,176,0
2026-08-17T00:26:37.8378105Z,0,0,495,176,0
2026-08-17T00:26:37.8425207Z,0,0,495,176,0
2026-08-17T00:26:37.8479072Z,0,0,495,176,0
2026-08-17T00:26:37.8527816Z,0,0,495,176,0
2026-08-17T00:26:37.8578582Z,0,0,495,176,0
2026-08-17T00:26:37.8625316Z,0,0,495,176,0
2026-08-17T00:26:37.8676477Z,0,0,495,176,0
2026-08-17T00:26:37.8728853Z,0,0,495,176,0
2026-08-17T00:26:37.8779323Z,0,0,495,176,0
2026-08-17T00:26:37.8827185Z,0,0,495,176,0
2026-08-17T00:26:37.8875573Z,0,0,495,176,0
2026-08-17T00:26:37.8928134Z,0,0,495,176,0
2026-08-17T00:26:37.8975636Z,0,0,495,176,0
2026-08-17T00:26:37.9029654Z,0,0,495,176,0
2026-08-17T00:26:37.90763Z,0,0,495,176,0
2026-08-17T00:26:37.9128083Z,0,0,495,176,0
2026-08-17T00:26:37.9178574Z,0,0,495,176,0
2026-08-17T00:26:37.9228626Z,0,0,495,176,0
2026-08-17T00:26:37.927724Z,0,0,495,176,0
2026-08-17T00:26:37.9329167Z,0,0,495,176,0
2026-08-17T00:26:37.9378803Z,0,0,495,176,0
2026-08-17T00:26:37.9430707Z,0,0,495,176,0
2026-08-17T00:26:37.9477577Z,0,0,495,176,0
2026-08-17T00:26:37.953003Z,0,0,495,176,0
2026-08-17T00:26:37.9575449Z,0,0,495,176,0
2026-08-17T00:26:37.9632869Z,0,0,495,176,0
2026-08-17T00:26:37.967861Z,0,0,495,176,0
2026-08-17T00:26:37.9725381Z,0,0,495,176,0
2026-08-17T00:26:37.9779866Z,0,0,495,176,0
2026-08-17T00:26:37.9828125Z,0,0,495,176,0
2026-08-17T00:26:37.987717Z,0,0,495,176,0
2026-08-17T00:26:37.9929237Z,0,0,495,176,0
2026-08-17T00:26:37.9981286Z,0,0,495,176,0
2026-08-17T00:26:38.0027072Z,0,0,495,176,0
2026-08-17T00:26:38.0078425Z,0,0,495,176,0
2026-08-17T00:26:38.0130689Z,0,0,495,176,0
2026-08-17T00:26:38.0179886Z,0,0,495,176,0
2026-08-17T00:26:38.022968Z,0,0,495,176,0
2026-08-17T00:26:38.0281325Z,0,0,495,176,0
2026-08-17T00:26:38.0331727Z,0,0,495,176,0
2026-08-17T00:26:38.0380578Z,0,0,495,176,0
2026-08-17T00:26:38.0426161Z,0,0,495,176,0
2026-08-17T00:26:38.0480241Z,0,0,495,176,0
2026-08-17T00:26:38.0529986Z,0,0,495,176,0
2026-08-17T00:26:38.0575497Z,0,0,495,176,0
2026-08-17T00:26:38.0627579Z,0,0,495,176,0
2026-08-17T00:26:38.0676105Z,0,0,495,176,0
2026-08-17T00:26:38.0725868Z,0,0,495,176,0
2026-08-17T00:26:38.0782966Z,0,0,495,176,0
2026-08-17T00:26:38.0829404Z,0,0,495,176,0
2026-08-17T00:26:38.0879193Z,0,0,495,176,0
2026-08-17T00:26:38.0925981Z,0,0,495,176,0
2026-08-17T00:26:38.0980493Z,0,0,495,176,0
2026-08-17T00:26:38.103008Z,0,0,495,176,0
2026-08-17T00:26:38.1075726Z,0,0,495,176,0
2026-08-17T00:26:38.1132627Z,0,0,495,176,0
2026-08-17T00:26:38.11779Z,0,0,495,176,0
2026-08-17T00:26:38.1235077Z,0,0,495,176,0
2026-08-17T00:26:38.1275746Z,0,0,495,176,0
2026-08-17T00:26:38.1332938Z,0,0,495,176,0
2026-08-17T00:26:38.1379502Z,0,0,495,176,0
2026-08-17T00:26:38.1430323Z,0,0,495,176,0
2026-08-17T00:26:38.1480731Z,0,0,495,176,0
2026-08-17T00:26:38.1528629Z,0,0,495,176,0
2026-08-17T00:26:38.1580484Z,0,0,495,176,0
2026-08-17T00:26:38.1626808Z,0,0,495,176,0
2026-08-17T00:26:38.1678907Z,0,0,495,176,0
2026-08-17T00:26:38.1727415Z,0,0,495,176,0
2026-08-17T00:26:38.1782875Z,0,0,495,176,0
2026-08-17T00:26:38.1828015Z,0,0,495,176,0
2026-08-17T00:26:38.1879348Z,0,0,495,176,0
2026-08-17T00:26:38.1929243Z,0,0,495,176,0
2026-08-17T00:26:38.1978868Z,0,0,495,176,0
2026-08-17T00:26:38.2029851Z,0,0,495,176,0
2026-08-17T00:26:38.2076143Z,0,0,495,176,0
2026-08-17T00:26:38.2129373Z,0,0,495,176,0
2026-08-17T00:26:38.2179504Z,0,0,495,176,0
2026-08-17T00:26:38.2227072Z,0,0,495,176,0
2026-08-17T00:26:38.227624Z,0,0,495,176,0
2026-08-17T00:26:38.2328395Z,0,0,495,176,0
2026-08-17T00:26:38.2377825Z,0,0,495,176,0
2026-08-17T00:26:38.2429465Z,0,0,495,176,0
2026-08-17T00:26:38.2479791Z,0,0,495,176,0
2026-08-17T00:26:38.2526731Z,0,0,495,176,0
2026-08-17T00:26:38.2578617Z,0,0,495,176,0
2026-08-17T00:26:38.2630404Z,0,0,495,176,0
2026-08-17T00:26:38.267558Z,0,0,495,176,0
2026-08-17T00:26:38.272768Z,0,0,495,176,0
2026-08-17T00:26:38.2778956Z,0,0,495,176,0
2026-08-17T00:26:38.2825702Z,0,0,495,176,0
2026-08-17T00:26:38.2877977Z,0,0,495,176,0
2026-08-17T00:26:38.2932748Z,0,0,495,176,0
2026-08-17T00:26:38.297566Z,0,0,495,176,0
2026-08-17T00:26:38.3028194Z,0,0,495,176,0
2026-08-17T00:26:38.3078609Z,0,0,495,176,0
2026-08-17T00:26:38.313018Z,0,0,495,176,0
2026-08-17T00:26:38.3175532Z,0,0,495,176,0
2026-08-17T00:26:38.3229406Z,0,0,495,176,0
2026-08-17T00:26:38.327627Z,0,0,495,176,0
2026-08-17T00:26:38.3328572Z,0,0,495,176,0
2026-08-17T00:26:38.3378924Z,0,0,495,176,0
2026-08-17T00:26:38.3426263Z,0,0,495,176,0
2026-08-17T00:26:38.347899Z,0,0,495,176,0
2026-08-17T00:26:38.3526628Z,0,0,495,176,0
2026-08-17T00:26:38.3576048Z,0,0,495,176,0
2026-08-17T00:26:38.3628048Z,0,0,495,176,0
2026-08-17T00:26:38.3679462Z,0,0,495,176,0
2026-08-17T00:26:38.3729404Z,0,0,495,176,0
2026-08-17T00:26:38.3779428Z,0,0,495,176,0
2026-08-17T00:26:38.3828742Z,0,0,495,176,0
2026-08-17T00:26:38.3879567Z,0,0,495,176,0
2026-08-17T00:26:38.3926806Z,0,0,495,176,0
2026-08-17T00:26:38.3975961Z,0,0,495,176,0
2026-08-17T00:26:38.4026829Z,0,0,495,176,0
2026-08-17T00:26:38.4079851Z,0,0,495,176,0
2026-08-17T00:26:38.4127687Z,0,0,495,176,0
2026-08-17T00:26:38.417862Z,0,0,495,176,0
2026-08-17T00:26:38.422819Z,0,0,495,176,0
2026-08-17T00:26:38.4280926Z,0,0,495,176,0
2026-08-17T00:26:38.4328832Z,0,0,495,176,0
2026-08-17T00:26:38.4382487Z,0,0,495,176,0
2026-08-17T00:26:38.4427735Z,0,0,495,176,0
2026-08-17T00:26:38.4475888Z,0,0,495,176,0
2026-08-17T00:26:38.4528488Z,0,0,495,176,0
2026-08-17T00:26:38.4575656Z,0,0,495,176,0
2026-08-17T00:26:38.4632904Z,0,0,495,176,0
2026-08-17T00:26:38.4680939Z,0,0,495,176,0
2026-08-17T00:26:38.4729167Z,0,0,495,176,0
2026-08-17T00:26:38.477991Z,0,0,495,176,0
2026-08-17T00:26:38.4827355Z,0,0,495,176,0
2026-08-17T00:26:38.4878783Z,0,0,495,176,0
2026-08-17T00:26:38.4930889Z,0,0,495,176,0
2026-08-17T00:26:38.4975583Z,0,0,495,176,0
2026-08-17T00:26:38.5032275Z,0,0,495,176,0
2026-08-17T00:26:38.5078559Z,0,0,495,176,0
2026-08-17T00:26:38.5130637Z,0,0,495,176,0
2026-08-17T00:26:38.5176264Z,0,0,495,176,0
2026-08-17T00:26:38.5225347Z,0,0,495,176,0
2026-08-17T00:26:38.5275669Z,0,0,495,176,0
2026-08-17T00:26:38.532764Z,0,0,495,176,0
2026-08-17T00:26:38.5381229Z,0,0,495,176,0
2026-08-17T00:26:38.54279Z,0,0,495,176,0
2026-08-17T00:26:38.5482227Z,0,0,495,176,0
2026-08-17T00:26:38.5529076Z,0,0,495,176,0
2026-08-17T00:26:38.5575981Z,0,0,495,176,0
2026-08-17T00:26:38.5628736Z,0,0,495,176,0
2026-08-17T00:26:38.5680019Z,0,0,495,176,0
2026-08-17T00:26:38.5725781Z,0,0,495,176,0
2026-08-17T00:26:38.5777514Z,0,0,495,176,0
2026-08-17T00:26:38.5825729Z,0,0,495,176,0
2026-08-17T00:26:38.5878074Z,0,0,495,176,0
2026-08-17T00:26:38.5925558Z,0,0,495,176,0
2026-08-17T00:26:38.598089Z,0,0,495,176,0
2026-08-17T00:26:38.6032304Z,0,0,495,176,0
2026-08-17T00:26:38.6078665Z,0,0,495,176,0
2026-08-17T00:26:38.6126229Z,0,0,495,176,0
2026-08-17T00:26:38.6178475Z,0,0,495,176,0
2026-08-17T00:26:38.6230546Z,0,0,495,176,0
2026-08-17T00:26:38.6279424Z,0,0,495,176,0
2026-08-17T00:26:38.6330041Z,0,0,495,176,0
2026-08-17T00:26:38.637747Z,0,0,495,176,0
2026-08-17T00:26:38.6429085Z,0,0,495,176,0
2026-08-17T00:26:38.6479328Z,0,0,495,176,0
2026-08-17T00:26:38.6526999Z,0,0,495,176,0
2026-08-17T00:26:38.6578531Z,0,0,495,176,0
2026-08-17T00:26:38.6628602Z,0,0,495,176,0
2026-08-17T00:26:38.6677628Z,0,0,495,176,0
2026-08-17T00:26:38.6726097Z,0,0,495,176,0
2026-08-17T00:26:38.6784581Z,0,0,495,176,0
2026-08-17T00:26:38.6826822Z,0,0,495,176,0
2026-08-17T00:26:38.6877163Z,0,0,495,176,0
2026-08-17T00:26:38.6935139Z,0,0,495,176,0
2026-08-17T00:26:38.6979102Z,0,0,495,176,0
2026-08-17T00:26:38.7029143Z,0,0,495,176,0
2026-08-17T00:26:38.7080054Z,0,0,495,176,0
2026-08-17T00:26:38.7128352Z,0,0,495,176,0
2026-08-17T00:26:38.7179701Z,0,0,495,176,0
2026-08-17T00:26:38.7229405Z,0,0,495,176,0
2026-08-17T00:26:38.7275688Z,0,0,495,176,0
2026-08-17T00:26:38.7327665Z,0,0,495,176,0
2026-08-17T00:26:38.7376904Z,0,0,495,176,0
2026-08-17T00:26:38.7428281Z,0,0,495,176,0
2026-08-17T00:26:38.7479413Z,0,0,495,176,0
2026-08-17T00:26:38.7524059Z,0,0,495,176,0
2026-08-17T00:26:38.7577002Z,0,0,495,176,0
2026-08-17T00:26:38.7629273Z,0,0,495,176,0
2026-08-17T00:26:38.7677682Z,0,0,495,176,0
2026-08-17T00:26:38.7736739Z,0,0,495,176,0
2026-08-17T00:26:38.7777411Z,0,0,495,176,0
2026-08-17T00:26:38.7829275Z,0,0,495,176,0
2026-08-17T00:26:38.7879392Z,0,0,495,176,0
2026-08-17T00:26:38.792656Z,0,0,495,176,0
2026-08-17T00:26:38.7976483Z,0,0,495,176,0
2026-08-17T00:26:38.8028778Z,0,0,495,176,0
2026-08-17T00:26:38.8078411Z,0,0,495,176,0
2026-08-17T00:26:38.8130455Z,0,0,495,176,0
2026-08-17T00:26:38.8181108Z,0,0,495,176,0
2026-08-17T00:26:38.8225443Z,0,0,495,176,0
2026-08-17T00:26:38.8275975Z,0,0,495,176,0
2026-08-17T00:26:38.8327304Z,0,0,495,176,0
2026-08-17T00:26:38.8375087Z,0,0,495,176,0
2026-08-17T00:26:38.8425573Z,0,0,495,176,0
2026-08-17T00:26:38.8488357Z,0,0,495,176,0
2026-08-17T00:26:38.852595Z,0,0,495,176,0
2026-08-17T00:26:38.8577194Z,0,0,495,176,0
2026-08-17T00:26:38.8630678Z,0,0,495,176,0
2026-08-17T00:26:38.867933Z,0,0,495,176,0
2026-08-17T00:26:38.8725404Z,0,0,495,176,0
2026-08-17T00:26:38.8776669Z,0,0,495,176,0
2026-08-17T00:26:38.8828225Z,0,0,495,176,0
2026-08-17T00:26:38.8876323Z,0,0,495,176,0
2026-08-17T00:26:38.8927832Z,0,0,495,176,0
2026-08-17T00:26:38.8975871Z,0,0,495,176,0
2026-08-17T00:26:38.9026923Z,0,0,495,176,0
2026-08-17T00:26:38.9078861Z,0,0,495,176,0
2026-08-17T00:26:38.9129885Z,0,0,495,176,0
2026-08-17T00:26:38.9175115Z,0,0,495,176,0
2026-08-17T00:26:38.9231368Z,0,0,495,176,0
2026-08-17T00:26:38.9281437Z,0,0,495,176,0
2026-08-17T00:26:38.9328608Z,0,0,495,176,0
2026-08-17T00:26:38.9378549Z,0,0,495,176,0
2026-08-17T00:26:38.9430334Z,0,0,495,176,0
2026-08-17T00:26:38.9480562Z,0,0,495,176,0
2026-08-17T00:26:38.9526312Z,0,0,495,176,0
2026-08-17T00:26:38.9576171Z,0,0,495,176,0
2026-08-17T00:26:38.9629068Z,0,0,495,176,0
2026-08-17T00:26:38.9679875Z,0,0,495,176,0
2026-08-17T00:26:38.9731254Z,0,0,495,176,0
2026-08-17T00:26:38.9781644Z,0,0,495,176,0
2026-08-17T00:26:38.9828566Z,0,0,495,176,0
2026-08-17T00:26:38.9878885Z,0,0,495,176,0
2026-08-17T00:26:38.9930446Z,0,0,495,176,0
2026-08-17T00:26:38.9980848Z,0,0,495,176,0
2026-08-17T00:26:39.0033828Z,0,0,495,176,0
2026-08-17T00:26:39.0082212Z,0,0,495,176,0
2026-08-17T00:26:39.0129857Z,0,0,495,176,0
2026-08-17T00:26:39.0185357Z,0,0,495,176,0
2026-08-17T00:26:39.022571Z,0,0,495,176,0
2026-08-17T00:26:39.028201Z,0,0,495,176,0
2026-08-17T00:26:39.0331713Z,0,0,495,176,0
2026-08-17T00:26:39.0380305Z,0,0,495,176,0
2026-08-17T00:26:39.0426539Z,0,0,495,176,0
2026-08-17T00:26:39.0478076Z,0,0,495,176,0
2026-08-17T00:26:39.0527851Z,0,0,495,176,0
2026-08-17T00:26:39.0575795Z,0,0,495,176,0
2026-08-17T00:26:39.0633126Z,0,0,495,176,0
2026-08-17T00:26:39.06809Z,0,0,495,176,0
2026-08-17T00:26:39.0730505Z,0,0,495,176,0
2026-08-17T00:26:39.0776084Z,0,0,495,176,0
2026-08-17T00:26:39.0831694Z,0,0,495,176,0
2026-08-17T00:26:39.0879954Z,0,0,495,176,0
2026-08-17T00:26:39.0932192Z,0,0,495,176,0
2026-08-17T00:26:39.0978238Z,0,0,495,176,0
2026-08-17T00:26:39.1027926Z,0,0,495,176,0
2026-08-17T00:26:39.1075737Z,0,0,495,176,0
2026-08-17T00:26:39.1126395Z,0,0,495,176,0
2026-08-17T00:26:39.1178279Z,0,0,495,176,0
2026-08-17T00:26:39.1227243Z,0,0,495,176,0
2026-08-17T00:26:39.1283895Z,0,0,495,176,0
2026-08-17T00:26:39.132894Z,0,0,495,176,0
2026-08-17T00:26:39.1379225Z,0,0,495,176,0
2026-08-17T00:26:39.1426881Z,0,0,495,176,0
2026-08-17T00:26:39.1479952Z,0,0,495,176,0
2026-08-17T00:26:39.1527028Z,0,0,495,176,0
2026-08-17T00:26:39.1579301Z,0,0,495,176,0
2026-08-17T00:26:39.162629Z,0,0,495,176,0
2026-08-17T00:26:39.1677982Z,0,0,495,176,0
2026-08-17T00:26:39.1735487Z,0,0,495,176,0
2026-08-17T00:26:39.1776694Z,0,0,495,176,0
2026-08-17T00:26:39.1834165Z,0,0,495,176,0
2026-08-17T00:26:39.1879359Z,0,0,495,176,0
2026-08-17T00:26:39.193045Z,0,0,495,176,0
2026-08-17T00:26:39.197695Z,0,0,495,176,0
2026-08-17T00:26:39.2027756Z,0,0,495,176,0
2026-08-17T00:26:39.2080106Z,0,0,495,176,0
2026-08-17T00:26:39.212689Z,0,0,495,176,0
2026-08-17T00:26:39.2180097Z,0,0,495,176,0
2026-08-17T00:26:39.2226278Z,0,0,495,176,0
2026-08-17T00:26:39.2279022Z,0,0,495,176,0
2026-08-17T00:26:39.2327504Z,0,0,495,176,0
2026-08-17T00:26:39.2382424Z,0,0,495,176,0
2026-08-17T00:26:39.2429114Z,0,0,495,176,0
2026-08-17T00:26:39.2485582Z,0,0,495,176,0
2026-08-17T00:26:39.252602Z,0,0,495,176,0
2026-08-17T00:26:39.2577019Z,0,0,495,176,0
2026-08-17T00:26:39.2636322Z,0,0,495,176,0
2026-08-17T00:26:39.267955Z,0,0,495,176,0
2026-08-17T00:26:39.2727938Z,0,0,495,176,0
2026-08-17T00:26:39.2779747Z,0,0,495,176,0
2026-08-17T00:26:39.2827491Z,0,0,495,176,0
2026-08-17T00:26:39.2875716Z,0,0,495,176,0
2026-08-17T00:26:39.2928866Z,0,0,495,176,0
2026-08-17T00:26:39.2983315Z,0,0,495,176,0
2026-08-17T00:26:39.3029011Z,0,0,495,176,0
2026-08-17T00:26:39.3080345Z,0,0,495,176,0
2026-08-17T00:26:39.3130649Z,0,0,495,176,0
2026-08-17T00:26:39.3179532Z,0,0,495,176,0
2026-08-17T00:26:39.3230053Z,0,0,495,176,0
2026-08-17T00:26:39.3277481Z,0,0,495,176,0
2026-08-17T00:26:39.3330606Z,0,0,495,176,0
2026-08-17T00:26:39.337942Z,0,0,495,176,0
2026-08-17T00:26:39.3426652Z,0,0,495,176,0
2026-08-17T00:26:39.3479378Z,0,0,495,176,0
2026-08-17T00:26:39.3525565Z,0,0,495,176,0
2026-08-17T00:26:39.3580459Z,0,0,495,176,0
2026-08-17T00:26:39.3630783Z,0,0,495,176,0
2026-08-17T00:26:39.3678768Z,0,0,495,176,0
2026-08-17T00:26:39.3728539Z,0,0,495,176,0
2026-08-17T00:26:39.3779853Z,0,0,495,176,0
2026-08-17T00:26:39.3827364Z,0,0,495,176,0
2026-08-17T00:26:39.3876856Z,0,0,495,176,0
2026-08-17T00:26:39.3928699Z,0,0,495,176,0
2026-08-17T00:26:39.3975555Z,0,0,495,176,0
2026-08-17T00:26:39.4028834Z,0,0,495,176,0
2026-08-17T00:26:39.4076615Z,0,0,495,176,0
2026-08-17T00:26:39.4129187Z,0,0,495,176,0
2026-08-17T00:26:39.4182622Z,0,0,495,176,0
2026-08-17T00:26:39.4229994Z,0,0,495,176,0
2026-08-17T00:26:39.4278025Z,0,0,495,176,0
2026-08-17T00:26:39.4325717Z,0,0,495,176,0
2026-08-17T00:26:39.4380504Z,0,0,495,176,0
2026-08-17T00:26:39.4432587Z,0,0,495,176,0
2026-08-17T00:26:39.4478834Z,0,0,495,176,0
2026-08-17T00:26:39.4529935Z,0,0,495,176,0
2026-08-17T00:26:39.4576121Z,0,0,495,176,0
2026-08-17T00:26:39.462894Z,0,0,495,176,0
2026-08-17T00:26:39.4679358Z,0,0,495,176,0
2026-08-17T00:26:39.473088Z,0,0,495,176,0
2026-08-17T00:26:39.4778888Z,0,0,495,176,0
2026-08-17T00:26:39.4830215Z,0,0,495,176,0
2026-08-17T00:26:39.4878734Z,0,0,495,176,0
2026-08-17T00:26:39.4933762Z,0,0,495,176,0
2026-08-17T00:26:39.4981031Z,0,0,495,176,0
2026-08-17T00:26:39.5027249Z,0,0,495,176,0
2026-08-17T00:26:39.5079717Z,0,0,495,176,0
2026-08-17T00:26:39.5127027Z,0,0,495,176,0
2026-08-17T00:26:39.5178165Z,0,0,495,176,0
2026-08-17T00:26:39.5231821Z,0,0,495,176,0
2026-08-17T00:26:39.5282118Z,0,0,495,176,0
2026-08-17T00:26:39.5332026Z,0,0,495,176,0
2026-08-17T00:26:39.5378984Z,0,0,495,176,0
2026-08-17T00:26:39.5427019Z,0,0,495,176,0
2026-08-17T00:26:39.548001Z,0,0,495,176,0
2026-08-17T00:26:39.5534476Z,0,0,495,176,0
2026-08-17T00:26:39.5582529Z,0,0,495,176,0
2026-08-17T00:26:39.5630514Z,0,0,495,176,0
2026-08-17T00:26:39.5682899Z,0,0,495,176,0
2026-08-17T00:26:39.5729495Z,0,0,495,176,0
2026-08-17T00:26:39.5780775Z,0,0,495,176,0
2026-08-17T00:26:39.5833959Z,0,0,495,176,0
2026-08-17T00:26:39.5877477Z,0,0,495,176,0
2026-08-17T00:26:39.5928251Z,0,0,495,176,0
2026-08-17T00:26:39.5978365Z,0,0,495,176,0
2026-08-17T00:26:39.6026381Z,0,0,495,176,0
2026-08-17T00:26:39.6078808Z,0,0,495,176,0
2026-08-17T00:26:39.6127092Z,0,0,495,176,0
2026-08-17T00:26:39.6178991Z,0,0,495,176,0
2026-08-17T00:26:39.622997Z,0,0,495,176,0
2026-08-17T00:26:39.6276397Z,0,0,495,176,0
2026-08-17T00:26:39.6333478Z,0,0,495,176,0
2026-08-17T00:26:39.6380502Z,0,0,495,176,0
2026-08-17T00:26:39.6427202Z,0,0,495,176,0
2026-08-17T00:26:39.6483456Z,0,0,495,176,0
2026-08-17T00:26:39.652827Z,0,0,495,176,0
2026-08-17T00:26:39.6584173Z,0,0,495,176,0
2026-08-17T00:26:39.6629199Z,0,0,495,176,0
2026-08-17T00:26:39.6674014Z,0,0,495,176,0
2026-08-17T00:26:39.6725472Z,0,0,495,176,0
2026-08-17T00:26:39.6784515Z,0,0,495,176,0
2026-08-17T00:26:39.6826763Z,0,0,495,176,0
2026-08-17T00:26:39.6880484Z,0,0,495,176,0
2026-08-17T00:26:39.6930216Z,0,0,495,176,0
2026-08-17T00:26:39.6979922Z,0,0,495,176,0
2026-08-17T00:26:39.703192Z,0,0,495,176,0
2026-08-17T00:26:39.7079454Z,0,0,495,176,0
2026-08-17T00:26:39.7127403Z,0,0,495,176,0
2026-08-17T00:26:39.7178281Z,0,0,495,176,0
2026-08-17T00:26:39.7235337Z,0,0,495,176,0
2026-08-17T00:26:39.7276774Z,0,0,495,176,0
2026-08-17T00:26:39.7329865Z,0,0,495,176,0
2026-08-17T00:26:39.7383374Z,0,0,495,176,0
2026-08-17T00:26:39.7427437Z,0,0,495,176,0
2026-08-17T00:26:39.748202Z,0,0,495,176,0
2026-08-17T00:26:39.7527263Z,0,0,495,176,0
2026-08-17T00:26:39.7578567Z,0,0,495,176,0
2026-08-17T00:26:39.7635322Z,0,0,495,176,0
2026-08-17T00:26:39.7679176Z,0,0,495,176,0
2026-08-17T00:26:39.7729497Z,0,0,495,176,0
2026-08-17T00:26:39.7775884Z,0,0,495,176,0
2026-08-17T00:26:39.7829382Z,0,0,495,176,0
2026-08-17T00:26:39.7877718Z,0,0,495,176,0
2026-08-17T00:26:39.7930715Z,0,0,495,176,0
2026-08-17T00:26:39.7979523Z,0,0,495,176,0
2026-08-17T00:26:39.8029978Z,0,0,495,176,0
2026-08-17T00:26:39.8074762Z,0,0,495,176,0
2026-08-17T00:26:39.8127315Z,0,0,495,176,0
2026-08-17T00:26:39.8177256Z,0,0,495,176,0
2026-08-17T00:26:39.8231147Z,0,0,495,176,0
2026-08-17T00:26:39.828278Z,0,0,495,176,0
2026-08-17T00:26:39.8333072Z,0,0,495,176,0
2026-08-17T00:26:39.8378295Z,0,0,495,176,0
2026-08-17T00:26:39.8430236Z,0,0,495,176,0
2026-08-17T00:26:39.8486436Z,0,0,495,176,0
2026-08-17T00:26:39.8525936Z,0,0,495,176,0
2026-08-17T00:26:39.8576548Z,0,0,495,176,0
2026-08-17T00:26:39.8629815Z,0,0,495,176,0
2026-08-17T00:26:39.8679429Z,0,0,495,176,0
2026-08-17T00:26:39.872845Z,0,0,495,176,0
2026-08-17T00:26:39.8780086Z,0,0,495,176,0
2026-08-17T00:26:39.8828142Z,0,0,495,176,0
2026-08-17T00:26:39.8878163Z,0,0,495,176,0
2026-08-17T00:26:39.8926039Z,0,0,495,176,0
2026-08-17T00:26:39.8979466Z,0,0,495,176,0
2026-08-17T00:26:39.9032999Z,0,0,495,176,0
2026-08-17T00:26:39.9080472Z,0,0,495,176,0
2026-08-17T00:26:39.9128073Z,0,0,495,176,0
2026-08-17T00:26:39.9177366Z,0,0,495,176,0
2026-08-17T00:26:39.9224959Z,0,0,495,176,0
2026-08-17T00:26:39.9283349Z,0,0,495,176,0
2026-08-17T00:26:39.9331814Z,0,0,495,176,0
2026-08-17T00:26:39.9378724Z,0,0,495,176,0
2026-08-17T00:26:39.9429536Z,0,0,495,176,0
2026-08-17T00:26:39.9477789Z,0,0,495,176,0
2026-08-17T00:26:39.953038Z,0,0,495,176,0
2026-08-17T00:26:39.9579336Z,0,0,495,176,0
2026-08-17T00:26:39.9630073Z,0,0,495,176,0
2026-08-17T00:26:39.9677002Z,0,0,495,176,0
2026-08-17T00:26:39.9729331Z,0,0,495,176,0
2026-08-17T00:26:39.9775176Z,0,0,495,176,0
2026-08-17T00:26:39.9830882Z,0,0,495,176,0
2026-08-17T00:26:39.9877842Z,0,0,495,176,0
2026-08-17T00:26:39.9933515Z,0,0,495,176,0
2026-08-17T00:26:39.9981447Z,0,0,495,176,0
2026-08-17T00:26:40.0029602Z,0,0,495,176,0
2026-08-17T00:26:40.0075993Z,0,0,495,176,0
2026-08-17T00:26:40.0128685Z,0,0,495,176,0
2026-08-17T00:26:40.0179574Z,0,0,495,176,0
2026-08-17T00:26:40.0228142Z,0,0,495,176,0
2026-08-17T00:26:40.027991Z,0,0,495,176,0
2026-08-17T00:26:40.0327098Z,0,0,495,176,0
2026-08-17T00:26:40.0376515Z,0,0,495,176,0
2026-08-17T00:26:40.042842Z,0,0,495,176,0
2026-08-17T00:26:40.0479594Z,0,0,495,176,0
2026-08-17T00:26:40.0528219Z,0,0,495,176,0
2026-08-17T00:26:40.0575333Z,0,0,495,176,0
2026-08-17T00:26:40.0628355Z,0,0,495,176,0
2026-08-17T00:26:40.0677182Z,0,0,495,176,0
2026-08-17T00:26:40.0731418Z,0,0,495,176,0
2026-08-17T00:26:40.078178Z,0,0,495,176,0
2026-08-17T00:26:40.0828809Z,0,0,495,176,0
2026-08-17T00:26:40.0881007Z,0,0,495,176,0
2026-08-17T00:26:40.0932542Z,0,0,495,176,0
2026-08-17T00:26:40.0982702Z,0,0,495,176,0
2026-08-17T00:26:40.1027653Z,0,0,495,176,0
2026-08-17T00:26:40.1082776Z,0,0,495,176,0
2026-08-17T00:26:40.1129307Z,0,0,495,176,0
2026-08-17T00:26:40.1179996Z,0,0,495,176,0
2026-08-17T00:26:40.1233245Z,0,0,495,176,0
2026-08-17T00:26:40.1278217Z,0,0,495,176,0
2026-08-17T00:26:40.1328261Z,0,0,495,176,0
2026-08-17T00:26:40.1379927Z,0,0,495,176,0
2026-08-17T00:26:40.1427145Z,0,0,495,176,0
2026-08-17T00:26:40.1483576Z,0,0,495,176,0
2026-08-17T00:26:40.1529096Z,0,0,495,176,0
2026-08-17T00:26:40.1575576Z,0,0,495,176,0
2026-08-17T00:26:40.1628669Z,0,0,495,176,0
2026-08-17T00:26:40.1680278Z,0,0,495,176,0
2026-08-17T00:26:40.1727582Z,0,0,495,176,0
2026-08-17T00:26:40.177961Z,0,0,495,176,0
2026-08-17T00:26:40.1826372Z,0,0,495,176,0
2026-08-17T00:26:40.1881864Z,0,0,495,176,0
2026-08-17T00:26:40.1928115Z,0,0,495,176,0
2026-08-17T00:26:40.1980153Z,0,0,495,176,0
2026-08-17T00:26:40.2032333Z,0,0,495,176,0
2026-08-17T00:26:40.2084704Z,0,0,495,176,0
2026-08-17T00:26:40.2127054Z,0,0,495,176,0
2026-08-17T00:26:40.2177366Z,0,0,495,176,0
2026-08-17T00:26:40.2228018Z,0,0,495,176,0
2026-08-17T00:26:40.2284566Z,0,0,495,176,0
2026-08-17T00:26:40.2329162Z,0,0,495,176,0
2026-08-17T00:26:40.2377557Z,0,0,495,176,0
2026-08-17T00:26:40.242507Z,0,0,495,176,0
2026-08-17T00:26:40.2476566Z,0,0,495,176,0
2026-08-17T00:26:40.2528977Z,0,0,495,176,0
2026-08-17T00:26:40.2585452Z,0,0,495,176,0
2026-08-17T00:26:40.2627739Z,0,0,495,176,0
2026-08-17T00:26:40.2679126Z,0,0,495,176,0
2026-08-17T00:26:40.2729531Z,0,0,495,176,0
2026-08-17T00:26:40.2777643Z,0,0,495,176,0
2026-08-17T00:26:40.2835402Z,0,0,495,176,0
2026-08-17T00:26:40.2878778Z,0,0,495,176,0
2026-08-17T00:26:40.292544Z,0,0,495,176,0
2026-08-17T00:26:40.2978048Z,0,0,495,176,0
2026-08-17T00:26:40.3030775Z,0,0,495,176,0
2026-08-17T00:26:40.3078764Z,0,0,495,176,0
2026-08-17T00:26:40.3131449Z,0,0,495,176,0
2026-08-17T00:26:40.3177569Z,0,0,495,176,0
2026-08-17T00:26:40.3227038Z,0,0,495,176,0
2026-08-17T00:26:40.3275484Z,0,0,495,176,0
2026-08-17T00:26:40.332898Z,0,0,495,176,0
2026-08-17T00:26:40.3377967Z,0,0,495,176,0
2026-08-17T00:26:40.3424781Z,0,0,495,176,0
2026-08-17T00:26:40.348081Z,0,0,495,176,0
2026-08-17T00:26:40.3526768Z,0,0,495,176,0
2026-08-17T00:26:40.3581421Z,0,0,495,176,0
2026-08-17T00:26:40.3631244Z,0,0,495,176,0
2026-08-17T00:26:40.3678474Z,0,0,495,176,0
2026-08-17T00:26:40.3728528Z,0,0,495,176,0
2026-08-17T00:26:40.377975Z,0,0,495,176,0
2026-08-17T00:26:40.382744Z,0,0,495,176,0
2026-08-17T00:26:40.388173Z,0,0,495,176,0
2026-08-17T00:26:40.3928421Z,0,0,495,176,0
2026-08-17T00:26:40.3982402Z,0,0,495,176,0
2026-08-17T00:26:40.4029275Z,0,0,495,176,0
2026-08-17T00:26:40.4076374Z,0,0,495,176,0
2026-08-17T00:26:40.41283Z,0,0,495,176,0
2026-08-17T00:26:40.4177013Z,0,0,495,176,0
2026-08-17T00:26:40.422561Z,0,0,495,176,0
2026-08-17T00:26:40.4276358Z,0,0,495,176,0
2026-08-17T00:26:40.4327901Z,0,0,495,176,0
2026-08-17T00:26:40.4379771Z,0,0,495,176,0
2026-08-17T00:26:40.4426913Z,0,0,495,176,0
2026-08-17T00:26:40.4479388Z,0,0,495,176,0
2026-08-17T00:26:40.4529351Z,0,0,495,176,0
2026-08-17T00:26:40.4575683Z,0,0,495,176,0
2026-08-17T00:26:40.4628367Z,0,0,495,176,0
2026-08-17T00:26:40.4680201Z,0,0,495,176,0
2026-08-17T00:26:40.4730549Z,0,0,495,176,0
2026-08-17T00:26:40.4778683Z,0,0,495,176,0
2026-08-17T00:26:40.4829601Z,0,0,495,176,0
2026-08-17T00:26:40.4880052Z,0,0,495,176,0
2026-08-17T00:26:40.492761Z,0,0,495,176,0
2026-08-17T00:26:40.4983267Z,0,0,495,176,0
2026-08-17T00:26:40.5030071Z,0,0,495,176,0
2026-08-17T00:26:40.507659Z,0,0,495,176,0
2026-08-17T00:26:40.5129557Z,0,0,495,176,0
2026-08-17T00:26:40.5180942Z,0,0,495,176,0
2026-08-17T00:26:40.5227647Z,0,0,495,176,0
2026-08-17T00:26:40.5280509Z,0,0,495,176,0
2026-08-17T00:26:40.5333061Z,0,0,495,176,0
2026-08-17T00:26:40.5380936Z,0,0,495,176,0
2026-08-17T00:26:40.5428252Z,0,0,495,176,0
2026-08-17T00:26:40.5480128Z,0,0,495,176,0
2026-08-17T00:26:40.5531382Z,0,0,495,176,0
2026-08-17T00:26:40.5582171Z,0,0,495,176,0
2026-08-17T00:26:40.5631272Z,0,0,495,176,0
2026-08-17T00:26:40.5681334Z,0,0,495,176,0
2026-08-17T00:26:40.5728389Z,0,0,495,176,0
2026-08-17T00:26:40.577967Z,0,0,495,176,0
2026-08-17T00:26:40.5832372Z,0,0,495,176,0
2026-08-17T00:26:40.5878738Z,0,0,495,176,0
2026-08-17T00:26:40.5928183Z,0,0,495,176,0
2026-08-17T00:26:40.5980259Z,0,0,495,176,0
2026-08-17T00:26:40.6031682Z,0,0,495,176,0
2026-08-17T00:26:40.6079242Z,0,0,495,176,0
2026-08-17T00:26:40.6132655Z,0,0,495,176,0
2026-08-17T00:26:40.6175938Z,0,0,495,176,0
2026-08-17T00:26:40.6227088Z,0,0,495,176,0
2026-08-17T00:26:40.6280081Z,0,0,495,176,0
2026-08-17T00:26:40.6332011Z,0,0,495,176,0
2026-08-17T00:26:40.6380212Z,0,0,495,176,0
2026-08-17T00:26:40.6431101Z,0,0,495,176,0
2026-08-17T00:26:40.6480435Z,0,0,495,176,0
2026-08-17T00:26:40.6527138Z,0,0,495,176,0
2026-08-17T00:26:40.6579512Z,0,0,495,176,0
2026-08-17T00:26:40.6631691Z,0,0,495,176,0
2026-08-17T00:26:40.667829Z,0,0,495,176,0
2026-08-17T00:26:40.6729695Z,0,0,495,176,0
2026-08-17T00:26:40.6780875Z,0,0,495,176,0
2026-08-17T00:26:40.6826301Z,0,0,495,176,0
2026-08-17T00:26:40.687964Z,0,0,495,176,0
2026-08-17T00:26:40.6929705Z,0,0,495,176,0
2026-08-17T00:26:40.6978399Z,0,0,495,176,0
2026-08-17T00:26:40.7030253Z,0,0,495,176,0
2026-08-17T00:26:40.7076294Z,0,0,495,176,0
2026-08-17T00:26:40.7133343Z,0,0,495,176,0
2026-08-17T00:26:40.7176657Z,0,0,495,176,0
2026-08-17T00:26:40.7225771Z,0,0,495,176,0
2026-08-17T00:26:40.7280755Z,0,0,495,176,0
2026-08-17T00:26:40.7328003Z,0,0,495,176,0
2026-08-17T00:26:40.737898Z,0,0,495,176,0
2026-08-17T00:26:40.7426907Z,0,0,495,176,0
2026-08-17T00:26:40.7485443Z,0,0,495,176,0
2026-08-17T00:26:40.75292Z,0,0,495,176,0
2026-08-17T00:26:40.7578248Z,0,0,495,176,0
2026-08-17T00:26:40.7628474Z,0,0,495,176,0
2026-08-17T00:26:40.767587Z,0,0,495,176,0
2026-08-17T00:26:40.7729539Z,0,0,495,176,0
2026-08-17T00:26:40.7786371Z,0,0,495,176,0
2026-08-17T00:26:40.7828791Z,0,0,495,176,0
2026-08-17T00:26:40.7880398Z,0,0,495,176,0
2026-08-17T00:26:40.7927316Z,0,0,495,176,0
2026-08-17T00:26:40.7985578Z,0,0,495,176,0
2026-08-17T00:26:40.8026853Z,0,0,495,176,0
2026-08-17T00:26:40.8079094Z,0,0,495,176,0
2026-08-17T00:26:40.8126622Z,0,0,495,176,0
2026-08-17T00:26:40.8176016Z,0,0,495,176,0
2026-08-17T00:26:40.8228817Z,0,0,495,176,0
2026-08-17T00:26:40.828566Z,0,0,495,176,0
2026-08-17T00:26:40.8328198Z,0,0,495,176,0
2026-08-17T00:26:40.8376981Z,0,0,495,176,0
2026-08-17T00:26:40.8428545Z,0,0,495,176,0
2026-08-17T00:26:40.8480307Z,0,0,495,176,0
2026-08-17T00:26:40.8531998Z,0,0,495,176,0
2026-08-17T00:26:40.8579682Z,0,0,495,176,0
2026-08-17T00:26:40.863209Z,0,0,495,176,0
2026-08-17T00:26:40.8678816Z,0,0,495,176,0
2026-08-17T00:26:40.8728207Z,0,0,495,176,0
2026-08-17T00:26:40.8780095Z,0,0,495,176,0
2026-08-17T00:26:40.8827706Z,0,0,495,176,0
2026-08-17T00:26:40.8882366Z,0,0,495,176,0
2026-08-17T00:26:40.893319Z,0,0,495,176,0
2026-08-17T00:26:40.8978385Z,0,0,495,176,0
2026-08-17T00:26:40.9029276Z,0,0,495,176,0
2026-08-17T00:26:40.9075419Z,0,0,495,176,0
2026-08-17T00:26:40.9127342Z,0,0,495,176,0
2026-08-17T00:26:40.9176598Z,0,0,495,176,0
2026-08-17T00:26:40.9230692Z,0,0,495,176,0
2026-08-17T00:26:40.928226Z,0,0,495,176,0
2026-08-17T00:26:40.9327468Z,0,0,495,176,0
2026-08-17T00:26:40.9381Z,0,0,495,176,0
2026-08-17T00:26:40.9427297Z,0,0,495,176,0
2026-08-17T00:26:40.9478843Z,0,0,495,176,0
2026-08-17T00:26:40.952717Z,0,0,495,176,0
2026-08-17T00:26:40.9575969Z,0,0,495,176,0
2026-08-17T00:26:40.9628504Z,0,0,495,176,0
2026-08-17T00:26:40.9678455Z,0,0,495,176,0
2026-08-17T00:26:40.9728854Z,0,0,495,176,0
2026-08-17T00:26:40.9778884Z,0,0,495,176,0
2026-08-17T00:26:40.9826809Z,0,0,495,176,0
2026-08-17T00:26:40.988154Z,0,0,495,176,0
2026-08-17T00:26:40.9926938Z,0,0,495,176,0
2026-08-17T00:26:40.9983929Z,0,0,495,176,0
2026-08-17T00:26:41.0026387Z,0,0,495,176,0
2026-08-17T00:26:41.007894Z,0,0,495,176,0
2026-08-17T00:26:41.0125774Z,0,0,495,176,0
2026-08-17T00:26:41.0180119Z,0,0,495,176,0
2026-08-17T00:26:41.0228778Z,0,0,495,176,0
2026-08-17T00:26:41.0280908Z,0,0,495,176,0
2026-08-17T00:26:41.0328729Z,0,0,495,176,0
2026-08-17T00:26:41.0378972Z,0,0,495,176,0
2026-08-17T00:26:41.0427183Z,0,0,495,176,0
2026-08-17T00:26:41.0480493Z,0,0,495,176,0
2026-08-17T00:26:41.053063Z,0,0,495,176,0
2026-08-17T00:26:41.0577786Z,0,0,495,176,0
2026-08-17T00:26:41.0631301Z,0,0,495,176,0
2026-08-17T00:26:41.0678356Z,0,0,495,176,0
2026-08-17T00:26:41.0729057Z,0,0,495,176,0
2026-08-17T00:26:41.078029Z,0,0,495,176,0
2026-08-17T00:26:41.0827295Z,0,0,495,176,0
2026-08-17T00:26:41.0876811Z,0,0,495,176,0
2026-08-17T00:26:41.0926478Z,0,0,495,176,0
2026-08-17T00:26:41.0979858Z,0,0,495,176,0
2026-08-17T00:26:41.1031108Z,0,0,495,176,0
2026-08-17T00:26:41.1077742Z,0,0,495,176,0
2026-08-17T00:26:41.113143Z,0,0,495,176,0
2026-08-17T00:26:41.1181771Z,0,0,495,176,0
2026-08-17T00:26:41.1232689Z,0,0,495,176,0
2026-08-17T00:26:41.1282628Z,0,0,495,176,0
2026-08-17T00:26:41.1332672Z,0,0,495,176,0
2026-08-17T00:26:41.1375953Z,0,0,495,176,0
2026-08-17T00:26:41.1433042Z,0,0,495,176,0
2026-08-17T00:26:41.1483312Z,0,0,495,176,0
2026-08-17T00:26:41.1527663Z,0,0,495,176,0
2026-08-17T00:26:41.1583433Z,0,0,495,176,0
2026-08-17T00:26:41.1629119Z,0,0,495,176,0
2026-08-17T00:26:41.1676366Z,0,0,495,176,0
2026-08-17T00:26:41.1728267Z,0,0,495,176,0
2026-08-17T00:26:41.1784337Z,0,0,495,176,0
2026-08-17T00:26:41.1827013Z,0,0,495,176,0
2026-08-17T00:26:41.1879967Z,0,0,495,176,0
2026-08-17T00:26:41.1927437Z,0,0,495,176,0
2026-08-17T00:26:41.1980495Z,0,0,495,176,0
2026-08-17T00:26:41.2030114Z,0,0,495,176,0
2026-08-17T00:26:41.2076666Z,0,0,495,176,0
2026-08-17T00:26:41.2133842Z,0,0,495,176,0
2026-08-17T00:26:41.2176665Z,0,0,495,176,0
2026-08-17T00:26:41.222561Z,0,0,495,176,0
2026-08-17T00:26:41.228457Z,0,0,495,176,0
2026-08-17T00:26:41.2327557Z,0,0,495,176,0
2026-08-17T00:26:41.2375848Z,0,0,495,176,0
2026-08-17T00:26:41.2428551Z,0,0,495,176,0
2026-08-17T00:26:41.2475989Z,0,0,495,176,0
2026-08-17T00:26:41.252752Z,0,0,495,176,0
2026-08-17T00:26:41.2584229Z,0,0,495,176,0
2026-08-17T00:26:41.2626577Z,0,0,495,176,0
2026-08-17T00:26:41.2678781Z,0,0,495,176,0
2026-08-17T00:26:41.2731705Z,0,0,495,176,0
2026-08-17T00:26:41.2782244Z,0,0,495,176,0
2026-08-17T00:26:41.2830279Z,0,0,495,176,0
2026-08-17T00:26:41.2880318Z,0,0,495,176,0
2026-08-17T00:26:41.2927859Z,0,0,495,176,0
2026-08-17T00:26:41.297586Z,0,0,495,176,0
2026-08-17T00:26:41.302905Z,0,0,495,176,0
2026-08-17T00:26:41.3080477Z,0,0,495,176,0
2026-08-17T00:26:41.3133856Z,0,0,495,176,0
2026-08-17T00:26:41.3175238Z,0,0,495,176,0
2026-08-17T00:26:41.3235569Z,0,0,495,176,0
2026-08-17T00:26:41.3277227Z,0,0,495,176,0
2026-08-17T00:26:41.3325304Z,0,0,495,176,0
2026-08-17T00:26:41.3379903Z,0,0,495,176,0
2026-08-17T00:26:41.3427759Z,0,0,495,176,0
2026-08-17T00:26:41.3476067Z,0,0,495,176,0
2026-08-17T00:26:41.3527638Z,0,0,495,176,0
2026-08-17T00:26:41.3575635Z,0,0,495,176,0
2026-08-17T00:26:41.3626671Z,0,0,495,176,0
2026-08-17T00:26:41.3678459Z,0,0,495,176,0
2026-08-17T00:26:41.3728978Z,0,0,495,176,0
2026-08-17T00:26:41.3780377Z,0,0,495,176,0
2026-08-17T00:26:41.3828999Z,0,0,495,176,0
2026-08-17T00:26:41.3879339Z,0,0,495,176,0
2026-08-17T00:26:41.3927484Z,0,0,495,176,0
2026-08-17T00:26:41.3976083Z,0,0,495,176,0
2026-08-17T00:26:41.4030107Z,0,0,495,176,0
2026-08-17T00:26:41.407606Z,0,0,495,176,0
2026-08-17T00:26:41.4128557Z,0,0,495,176,0
2026-08-17T00:26:41.4176784Z,0,0,495,176,0
2026-08-17T00:26:41.4229403Z,0,0,495,176,0
2026-08-17T00:26:41.4284184Z,0,0,495,176,0
2026-08-17T00:26:41.4328862Z,0,0,495,176,0
2026-08-17T00:26:41.4380007Z,0,0,495,176,0
2026-08-17T00:26:41.4427699Z,0,0,495,176,0
2026-08-17T00:26:41.4475866Z,0,0,495,176,0
2026-08-17T00:26:41.4527065Z,0,0,495,176,0
2026-08-17T00:26:41.4579419Z,0,0,495,176,0
2026-08-17T00:26:41.46262Z,0,0,495,176,0
2026-08-17T00:26:41.467772Z,0,0,495,176,0
2026-08-17T00:26:41.4730433Z,0,0,495,176,0
2026-08-17T00:26:41.4776349Z,0,0,495,176,0
2026-08-17T00:26:41.4829253Z,0,0,495,176,0
2026-08-17T00:26:41.4883142Z,0,0,495,176,0
2026-08-17T00:26:41.493046Z,0,0,495,176,0
2026-08-17T00:26:41.4976857Z,0,0,495,176,0
2026-08-17T00:26:41.5030409Z,0,0,495,176,0
2026-08-17T00:26:41.5076489Z,0,0,495,176,0
2026-08-17T00:26:41.5129584Z,0,0,495,176,0
2026-08-17T00:26:41.5175415Z,0,0,495,176,0
2026-08-17T00:26:41.5231087Z,0,0,495,176,0
2026-08-17T00:26:41.5281759Z,0,0,495,176,0
2026-08-17T00:26:41.5332171Z,0,0,495,176,0
2026-08-17T00:26:41.5379362Z,0,0,495,176,0
2026-08-17T00:26:41.5430926Z,0,0,495,176,0
2026-08-17T00:26:41.5481878Z,0,0,495,176,0
2026-08-17T00:26:41.5529384Z,0,0,495,176,0
2026-08-17T00:26:41.5580559Z,0,0,495,176,0
2026-08-17T00:26:41.5631186Z,0,0,495,176,0
2026-08-17T00:26:41.567567Z,0,0,495,176,0
2026-08-17T00:26:41.5729086Z,0,0,495,176,0
2026-08-17T00:26:41.5780551Z,0,0,495,176,0
2026-08-17T00:26:41.5828525Z,0,0,495,176,0
2026-08-17T00:26:41.5879827Z,0,0,495,176,0
2026-08-17T00:26:41.5927134Z,0,0,495,176,0
2026-08-17T00:26:41.5976167Z,0,0,495,176,0
2026-08-17T00:26:41.6029727Z,0,0,495,176,0
2026-08-17T00:26:41.6075937Z,0,0,495,176,0
2026-08-17T00:26:41.6129279Z,0,0,495,176,0
2026-08-17T00:26:41.6176001Z,0,0,495,176,0
2026-08-17T00:26:41.6225944Z,0,0,495,176,0
2026-08-17T00:26:41.6279425Z,0,0,495,176,0
2026-08-17T00:26:41.6327564Z,0,0,495,176,0
2026-08-17T00:26:41.6379841Z,0,0,495,176,0
2026-08-17T00:26:41.643297Z,0,0,495,176,0
2026-08-17T00:26:41.6475463Z,0,0,495,176,0
2026-08-17T00:26:41.6526679Z,0,0,495,176,0
2026-08-17T00:26:41.6579254Z,0,0,495,176,0
2026-08-17T00:26:41.6630917Z,0,0,495,176,0
2026-08-17T00:26:41.667817Z,0,0,495,176,0
2026-08-17T00:26:41.6732338Z,0,0,495,176,0
2026-08-17T00:26:41.6780947Z,0,0,495,176,0
2026-08-17T00:26:41.6832864Z,0,0,495,176,0
2026-08-17T00:26:41.6881744Z,0,0,495,176,0
2026-08-17T00:26:41.692615Z,0,0,495,176,0
2026-08-17T00:26:41.6983322Z,0,0,495,176,0
2026-08-17T00:26:41.7029416Z,0,0,495,176,0
2026-08-17T00:26:41.7075484Z,0,0,495,176,0
2026-08-17T00:26:41.7128137Z,0,0,495,176,0
2026-08-17T00:26:41.717629Z,0,0,495,176,0
2026-08-17T00:26:41.7229234Z,0,0,495,176,0
2026-08-17T00:26:41.7276529Z,0,0,495,176,0
2026-08-17T00:26:41.7329916Z,0,0,495,176,0
2026-08-17T00:26:41.7378666Z,0,0,495,176,0
2026-08-17T00:26:41.742789Z,0,0,495,176,0
2026-08-17T00:26:41.7481008Z,0,0,495,176,0
2026-08-17T00:26:41.753119Z,0,0,495,176,0
2026-08-17T00:26:41.7581408Z,0,0,495,176,0
2026-08-17T00:26:41.7631874Z,0,0,495,176,0
2026-08-17T00:26:41.767612Z,0,0,495,176,0
2026-08-17T00:26:41.7735492Z,0,0,495,176,0
2026-08-17T00:26:41.7776155Z,0,0,495,176,0
2026-08-17T00:26:41.78278Z,0,0,495,176,0
2026-08-17T00:26:41.78799Z,0,0,495,176,0
2026-08-17T00:26:41.7928204Z,0,0,495,176,0
2026-08-17T00:26:41.7980155Z,0,0,495,176,0
2026-08-17T00:26:41.8032251Z,0,0,495,176,0
2026-08-17T00:26:41.8079048Z,0,0,495,176,0
2026-08-17T00:26:41.8126755Z,0,0,495,176,0
2026-08-17T00:26:41.8179392Z,0,0,495,176,0
2026-08-17T00:26:41.8227052Z,0,0,495,176,0
2026-08-17T00:26:41.8275934Z,0,0,495,176,0
2026-08-17T00:26:41.8332414Z,0,0,495,176,0
2026-08-17T00:26:41.8378577Z,0,0,495,176,0
2026-08-17T00:26:41.8425631Z,0,0,495,176,0
2026-08-17T00:26:41.8477451Z,0,0,495,176,0
2026-08-17T00:26:41.8530642Z,0,0,495,176,0
2026-08-17T00:26:41.8577518Z,0,0,495,176,0
2026-08-17T00:26:41.863001Z,0,0,495,176,0
2026-08-17T00:26:41.8676225Z,0,0,495,176,0
2026-08-17T00:26:41.8728517Z,0,0,495,176,0
2026-08-17T00:26:41.8779666Z,0,0,495,176,0
2026-08-17T00:26:41.8827609Z,0,0,495,176,0
2026-08-17T00:26:41.8879639Z,0,0,495,176,0
2026-08-17T00:26:41.8927125Z,0,0,495,176,0
2026-08-17T00:26:41.8979999Z,0,0,495,176,0
2026-08-17T00:26:41.9028827Z,0,0,495,176,0
2026-08-17T00:26:41.9075502Z,0,0,495,176,0
2026-08-17T00:26:41.9127429Z,0,0,495,176,0
2026-08-17T00:26:41.9176056Z,0,0,495,176,0
2026-08-17T00:26:41.9227647Z,0,0,495,176,0
2026-08-17T00:26:41.9278449Z,0,0,495,176,0
2026-08-17T00:26:41.9325479Z,0,0,495,176,0
2026-08-17T00:26:41.9376319Z,0,0,495,176,0
2026-08-17T00:26:41.9428002Z,0,0,495,176,0
2026-08-17T00:26:41.9477855Z,0,0,495,176,0
2026-08-17T00:26:41.9527555Z,0,0,495,176,0
2026-08-17T00:26:41.9575226Z,0,0,495,176,0
2026-08-17T00:26:41.9628709Z,0,0,495,176,0
2026-08-17T00:26:41.9677093Z,0,0,495,176,0
2026-08-17T00:26:41.9729177Z,0,0,495,176,0
2026-08-17T00:26:41.978032Z,0,0,495,176,0
2026-08-17T00:26:41.9827622Z,0,0,495,176,0
2026-08-17T00:26:41.9877387Z,0,0,495,176,0
2026-08-17T00:26:41.9925994Z,0,0,495,176,0
2026-08-17T00:26:41.9979475Z,0,0,495,176,0
2026-08-17T00:26:42.0030421Z,0,0,495,176,0
2026-08-17T00:26:42.0076512Z,0,0,495,176,0
2026-08-17T00:26:42.0128772Z,0,0,495,176,0
2026-08-17T00:26:42.0176701Z,0,0,495,176,0
2026-08-17T00:26:42.0225829Z,0,0,495,176,0
2026-08-17T00:26:42.0279638Z,0,0,495,176,0
2026-08-17T00:26:42.0326753Z,0,0,495,176,0
2026-08-17T00:26:42.0383234Z,0,0,495,176,0
2026-08-17T00:26:42.0430265Z,0,0,495,176,0
2026-08-17T00:26:42.0480983Z,0,0,495,176,0
2026-08-17T00:26:42.0526586Z,0,0,495,176,0
2026-08-17T00:26:42.0579426Z,0,0,495,176,0
2026-08-17T00:26:42.0632073Z,0,0,495,176,0
2026-08-17T00:26:42.0679913Z,0,0,495,176,0
2026-08-17T00:26:42.0728466Z,0,0,495,176,0
2026-08-17T00:26:42.078079Z,0,0,495,176,0
2026-08-17T00:26:42.0827638Z,0,0,495,176,0
2026-08-17T00:26:42.0881078Z,0,0,495,176,0
2026-08-17T00:26:42.0929201Z,0,0,495,176,0
2026-08-17T00:26:42.0975495Z,0,0,495,176,0
2026-08-17T00:26:42.1031042Z,0,0,495,176,0
2026-08-17T00:26:42.1078122Z,0,0,495,176,0
2026-08-17T00:26:42.1125357Z,0,0,495,176,0
2026-08-17T00:26:42.1175523Z,0,0,495,176,0
2026-08-17T00:26:42.1226989Z,0,0,495,176,0
2026-08-17T00:26:42.1279462Z,0,0,495,176,0
2026-08-17T00:26:42.1328276Z,0,0,495,176,0
2026-08-17T00:26:42.1377856Z,0,0,495,176,0
2026-08-17T00:26:42.1425633Z,0,0,495,176,0
2026-08-17T00:26:42.1478716Z,0,0,495,176,0
2026-08-17T00:26:42.1530067Z,0,0,495,176,0
2026-08-17T00:26:42.1576204Z,0,0,495,176,0
2026-08-17T00:26:42.162934Z,0,0,495,176,0
2026-08-17T00:26:42.1676497Z,0,0,495,176,0
2026-08-17T00:26:42.1727839Z,0,0,495,176,0
2026-08-17T00:26:42.1775653Z,0,0,495,176,0
2026-08-17T00:26:42.1829065Z,0,0,495,176,0
2026-08-17T00:26:42.1880254Z,0,0,495,176,0
2026-08-17T00:26:42.1928556Z,0,0,495,176,0
2026-08-17T00:26:42.1979082Z,0,0,495,176,0
2026-08-17T00:26:42.2033636Z,0,0,495,176,0
2026-08-17T00:26:42.2075852Z,0,0,495,176,0
2026-08-17T00:26:42.213407Z,0,0,495,176,0
2026-08-17T00:26:42.2176445Z,0,0,495,176,0
2026-08-17T00:26:42.2226523Z,0,0,495,176,0
2026-08-17T00:26:42.2280559Z,0,0,495,176,0
2026-08-17T00:26:42.2333172Z,0,0,495,176,0
2026-08-17T00:26:42.2379911Z,0,0,495,176,0
2026-08-17T00:26:42.2429097Z,0,0,495,176,0
2026-08-17T00:26:42.2476072Z,0,0,495,176,0
2026-08-17T00:26:42.2529921Z,0,0,495,176,0
2026-08-17T00:26:42.2578551Z,0,0,495,176,0
2026-08-17T00:26:42.2634851Z,0,0,495,176,0
2026-08-17T00:26:42.2677592Z,0,0,495,176,0
2026-08-17T00:26:42.2728372Z,0,0,495,176,0
2026-08-17T00:26:42.2775691Z,0,0,495,176,0
2026-08-17T00:26:42.2828476Z,0,0,495,176,0
2026-08-17T00:26:42.2881602Z,0,0,495,176,0
2026-08-17T00:26:42.2933504Z,0,0,495,176,0
2026-08-17T00:26:42.2979735Z,0,0,495,176,0
2026-08-17T00:26:42.3030703Z,0,0,495,176,0
2026-08-17T00:26:42.3077216Z,0,0,495,176,0
2026-08-17T00:26:42.3125551Z,0,0,495,176,0
2026-08-17T00:26:42.3179894Z,0,0,495,176,0
2026-08-17T00:26:42.3229507Z,0,0,495,176,0
2026-08-17T00:26:42.3281822Z,0,0,495,176,0
2026-08-17T00:26:42.3329637Z,0,0,495,176,0
2026-08-17T00:26:42.3378552Z,0,0,495,176,0
2026-08-17T00:26:42.342742Z,0,0,495,176,0
2026-08-17T00:26:42.3485924Z,0,0,495,176,0
2026-08-17T00:26:42.3531633Z,0,0,495,176,0
2026-08-17T00:26:42.3577836Z,0,0,495,176,0
2026-08-17T00:26:42.3635842Z,0,0,495,176,0
2026-08-17T00:26:42.3677253Z,0,0,495,176,0
2026-08-17T00:26:42.3728201Z,0,0,495,176,0
2026-08-17T00:26:42.3779604Z,0,0,495,176,0
2026-08-17T00:26:42.3827777Z,0,0,495,176,0
2026-08-17T00:26:42.3878986Z,0,0,495,176,0
2026-08-17T00:26:42.3927245Z,0,0,495,176,0
2026-08-17T00:26:42.3978334Z,0,0,495,176,0
2026-08-17T00:26:42.4029661Z,0,0,495,176,0
2026-08-17T00:26:42.407547Z,0,0,495,176,0
2026-08-17T00:26:42.4128434Z,0,0,495,176,0
2026-08-17T00:26:42.4179853Z,0,0,495,176,0
2026-08-17T00:26:42.4226912Z,0,0,495,176,0
2026-08-17T00:26:42.4280351Z,0,0,495,176,0
2026-08-17T00:26:42.4332827Z,0,0,495,176,0
2026-08-17T00:26:42.4380273Z,0,0,495,176,0
2026-08-17T00:26:42.4427964Z,0,0,495,176,0
2026-08-17T00:26:42.4479303Z,0,0,495,176,0
2026-08-17T00:26:42.4531659Z,0,0,495,176,0
2026-08-17T00:26:42.4578104Z,0,0,495,176,0
2026-08-17T00:26:42.4630609Z,0,0,495,176,0
2026-08-17T00:26:42.4681126Z,0,0,495,176,0
2026-08-17T00:26:42.4725662Z,0,0,495,176,0
2026-08-17T00:26:42.4778243Z,0,0,495,176,0
2026-08-17T00:26:42.4828586Z,0,0,495,176,0
2026-08-17T00:26:42.4880467Z,0,0,495,176,0
2026-08-17T00:26:42.4929505Z,0,0,495,176,0
2026-08-17T00:26:42.4975828Z,0,0,495,176,0
2026-08-17T00:26:42.5029434Z,0,0,495,176,0
2026-08-17T00:26:42.5080743Z,0,0,495,176,0
2026-08-17T00:26:42.5128166Z,0,0,495,176,0
2026-08-17T00:26:42.5179993Z,0,0,495,176,0
2026-08-17T00:26:42.5230774Z,0,0,495,176,0
2026-08-17T00:26:42.5281614Z,0,0,495,176,0
2026-08-17T00:26:42.5332051Z,0,0,495,176,0
2026-08-17T00:26:42.5380404Z,0,0,495,176,0
2026-08-17T00:26:42.5430664Z,0,0,495,176,0
2026-08-17T00:26:42.5480039Z,0,0,495,176,0
2026-08-17T00:26:42.5527922Z,0,0,495,176,0
2026-08-17T00:26:42.5580508Z,0,0,495,176,0
2026-08-17T00:26:42.5630677Z,0,0,495,176,0
2026-08-17T00:26:42.5674669Z,0,0,495,176,0
2026-08-17T00:26:42.5724957Z,0,0,495,176,0
2026-08-17T00:26:42.5782433Z,0,0,495,176,0
2026-08-17T00:26:42.5829874Z,0,0,495,176,0
2026-08-17T00:26:42.5878372Z,0,0,495,176,0
2026-08-17T00:26:42.5931049Z,0,0,495,176,0
2026-08-17T00:26:42.5982759Z,0,0,495,176,0
2026-08-17T00:26:42.6028543Z,0,0,495,176,0
2026-08-17T00:26:42.6081181Z,0,0,495,176,0
2026-08-17T00:26:42.6128379Z,0,0,495,176,0
2026-08-17T00:26:42.617997Z,0,0,495,176,0
2026-08-17T00:26:42.6229121Z,0,0,495,176,0
2026-08-17T00:26:42.6282575Z,0,0,495,176,0
2026-08-17T00:26:42.6332925Z,0,0,495,176,0
2026-08-17T00:26:42.6378871Z,0,0,495,176,0
2026-08-17T00:26:42.6426272Z,0,0,495,176,0
2026-08-17T00:26:42.6479234Z,0,0,495,176,0
2026-08-17T00:26:42.6537617Z,0,0,495,176,0
2026-08-17T00:26:42.657852Z,0,0,495,176,0
2026-08-17T00:26:42.6631216Z,0,0,495,176,0
2026-08-17T00:26:42.668036Z,0,0,495,176,0
2026-08-17T00:26:42.6725435Z,0,0,495,176,0
2026-08-17T00:26:42.6781076Z,0,0,495,176,0
2026-08-17T00:26:42.6831117Z,0,0,495,176,0
2026-08-17T00:26:42.6880628Z,0,0,495,176,0
2026-08-17T00:26:42.6927868Z,0,0,495,176,0
2026-08-17T00:26:42.698119Z,0,0,495,176,0
2026-08-17T00:26:42.7033403Z,0,0,495,176,0
2026-08-17T00:26:42.7079815Z,0,0,495,176,0
2026-08-17T00:26:42.7127714Z,0,0,495,176,0
2026-08-17T00:26:42.7176924Z,0,0,495,176,0
2026-08-17T00:26:42.722634Z,0,0,495,176,0
2026-08-17T00:26:42.7284057Z,0,0,495,176,0
2026-08-17T00:26:42.7329629Z,0,0,495,176,0
2026-08-17T00:26:42.7378608Z,0,0,495,176,0
2026-08-17T00:26:42.7426045Z,0,0,495,176,0
2026-08-17T00:26:42.748415Z,0,0,495,176,0
2026-08-17T00:26:42.752921Z,0,0,495,176,0
2026-08-17T00:26:42.7575448Z,0,0,495,176,0
2026-08-17T00:26:42.7628988Z,0,0,495,176,0
2026-08-17T00:26:42.7681283Z,0,0,495,176,0
2026-08-17T00:26:42.772926Z,0,0,495,176,0
2026-08-17T00:26:42.7780593Z,0,0,495,176,0
2026-08-17T00:26:42.7833041Z,0,0,495,176,0
2026-08-17T00:26:42.7880836Z,0,0,495,176,0
2026-08-17T00:26:42.7928064Z,0,0,495,176,0
2026-08-17T00:26:42.7979046Z,0,0,495,176,0
2026-08-17T00:26:42.8028888Z,0,0,495,176,0
2026-08-17T00:26:42.8076205Z,0,0,495,176,0
2026-08-17T00:26:42.812806Z,0,0,495,176,0
2026-08-17T00:26:42.8179301Z,0,0,495,176,0
2026-08-17T00:26:42.8227442Z,0,0,495,176,0
2026-08-17T00:26:42.82791Z,0,0,495,176,0
2026-08-17T00:26:42.8327353Z,0,0,495,176,0
2026-08-17T00:26:42.837649Z,0,0,495,176,0
2026-08-17T00:26:42.84285Z,0,0,495,176,0
2026-08-17T00:26:42.8476205Z,0,0,495,176,0
2026-08-17T00:26:42.8525651Z,0,0,495,176,0
2026-08-17T00:26:42.8578337Z,0,0,495,176,0
2026-08-17T00:26:42.8625602Z,0,0,495,176,0
2026-08-17T00:26:42.8676436Z,0,0,495,176,0
2026-08-17T00:26:42.8728244Z,0,0,495,176,0
2026-08-17T00:26:42.8776187Z,0,0,495,176,0
2026-08-17T00:26:42.8828041Z,0,0,495,176,0
2026-08-17T00:26:42.8879955Z,0,0,495,176,0
2026-08-17T00:26:42.8927237Z,0,0,495,176,0
2026-08-17T00:26:42.8980439Z,0,0,495,176,0
2026-08-17T00:26:42.9029428Z,0,0,495,176,0
2026-08-17T00:26:42.9075399Z,0,0,495,176,0
2026-08-17T00:26:42.9129592Z,0,0,495,176,0
2026-08-17T00:26:42.917482Z,0,0,495,176,0
2026-08-17T00:26:42.9228511Z,0,0,495,176,0
2026-08-17T00:26:42.9275101Z,0,0,495,176,0
2026-08-17T00:26:42.9327499Z,0,0,495,176,0
2026-08-17T00:26:42.9377755Z,0,0,495,176,0
2026-08-17T00:26:42.9428864Z,0,0,495,176,0
2026-08-17T00:26:42.9475515Z,0,0,495,176,0
2026-08-17T00:26:42.9528495Z,0,0,495,176,0
2026-08-17T00:26:42.9579604Z,0,0,495,176,0
2026-08-17T00:26:42.9626905Z,0,0,495,176,0
2026-08-17T00:26:42.9676031Z,0,0,495,176,0
2026-08-17T00:26:42.9727965Z,0,0,495,176,0
2026-08-17T00:26:42.977531Z,0,0,495,176,0
2026-08-17T00:26:42.9826387Z,0,0,495,176,0
2026-08-17T00:26:42.9878501Z,0,0,495,176,0
2026-08-17T00:26:42.9928082Z,0,0,495,176,0
2026-08-17T00:26:42.9975991Z,0,0,495,176,0
2026-08-17T00:26:43.002811Z,0,0,495,176,0
2026-08-17T00:26:43.0075074Z,0,0,495,176,0
2026-08-17T00:26:43.0126784Z,0,0,495,176,0
2026-08-17T00:26:43.0175295Z,0,0,495,176,0
2026-08-17T00:26:43.0229124Z,0,0,495,176,0
2026-08-17T00:26:43.0279077Z,0,0,495,176,0
2026-08-17T00:26:43.032676Z,0,0,495,176,0
2026-08-17T00:26:43.037794Z,0,0,495,176,0
2026-08-17T00:26:43.0426454Z,0,0,495,176,0
2026-08-17T00:26:43.0479206Z,0,0,495,176,0
2026-08-17T00:26:43.0529234Z,0,0,495,176,0
2026-08-17T00:26:43.0579641Z,0,0,495,176,0
2026-08-17T00:26:43.062867Z,0,0,495,176,0
2026-08-17T00:26:43.0675918Z,0,0,495,176,0
2026-08-17T00:26:43.0728067Z,0,0,495,176,0
2026-08-17T00:26:43.0779694Z,0,0,495,176,0
2026-08-17T00:26:43.0826436Z,0,0,495,176,0
2026-08-17T00:26:43.087853Z,0,0,495,176,0
2026-08-17T00:26:43.0927066Z,0,0,495,176,0
2026-08-17T00:26:43.0975854Z,0,0,495,176,0
2026-08-17T00:26:43.1028974Z,0,0,495,176,0
2026-08-17T00:26:43.1076162Z,0,0,495,176,0
2026-08-17T00:26:43.1128993Z,0,0,495,176,0
2026-08-17T00:26:43.1179304Z,0,0,495,176,0
2026-08-17T00:26:43.1228202Z,0,0,495,176,0
2026-08-17T00:26:43.1276222Z,0,0,495,176,0
2026-08-17T00:26:43.1327679Z,0,0,495,176,0
2026-08-17T00:26:43.1381089Z,0,0,495,176,0
2026-08-17T00:26:43.1427802Z,0,0,495,176,0
2026-08-17T00:26:43.1475121Z,0,0,495,176,0
2026-08-17T00:26:43.1529276Z,0,0,495,176,0
2026-08-17T00:26:43.1575849Z,0,0,495,176,0
2026-08-17T00:26:43.162848Z,0,0,495,176,0
2026-08-17T00:26:43.1676228Z,0,0,495,176,0
2026-08-17T00:26:43.1727411Z,0,0,495,176,0
2026-08-17T00:26:43.1775712Z,0,0,495,176,0
2026-08-17T00:26:43.183022Z,0,0,495,176,0
2026-08-17T00:26:43.1882461Z,0,0,495,176,0
2026-08-17T00:26:43.1932969Z,0,0,495,176,0
2026-08-17T00:26:43.1980262Z,0,0,495,176,0
2026-08-17T00:26:43.2025578Z,0,0,495,176,0
2026-08-17T00:26:43.2075612Z,0,0,495,176,0
2026-08-17T00:26:43.2128176Z,0,0,495,176,0
2026-08-17T00:26:43.2175544Z,0,0,495,176,0
2026-08-17T00:26:43.22274Z,0,0,495,176,0
2026-08-17T00:26:43.2279675Z,0,0,495,176,0
2026-08-17T00:26:43.2327015Z,0,0,495,176,0
2026-08-17T00:26:43.2378517Z,0,0,495,176,0
2026-08-17T00:26:43.2425339Z,0,0,495,176,0
2026-08-17T00:26:43.2484133Z,0,0,495,176,0
2026-08-17T00:26:43.2530353Z,0,0,495,176,0
2026-08-17T00:26:43.257635Z,0,0,495,176,0
2026-08-17T00:26:43.2629798Z,0,0,495,176,0
2026-08-17T00:26:43.267668Z,0,0,495,176,0
2026-08-17T00:26:43.2727686Z,0,0,495,176,0
2026-08-17T00:26:43.2780388Z,0,0,495,176,0
2026-08-17T00:26:43.2828154Z,0,0,495,176,0
2026-08-17T00:26:43.287612Z,0,0,495,176,0
2026-08-17T00:26:43.2929145Z,0,0,495,176,0
2026-08-17T00:26:43.2976837Z,0,0,495,176,0
2026-08-17T00:26:43.3029543Z,0,0,495,176,0
2026-08-17T00:26:43.3075082Z,0,0,495,176,0
2026-08-17T00:26:43.3127773Z,0,0,495,176,0
2026-08-17T00:26:43.3181185Z,0,0,495,176,0
2026-08-17T00:26:43.3228279Z,0,0,495,176,0
2026-08-17T00:26:43.3276138Z,0,0,495,176,0
2026-08-17T00:26:43.3328961Z,0,0,495,176,0
2026-08-17T00:26:43.3377423Z,0,0,495,176,0
2026-08-17T00:26:43.3428754Z,0,0,495,176,0
2026-08-17T00:26:43.3476198Z,0,0,495,176,0
2026-08-17T00:26:43.3530065Z,0,0,495,176,0
2026-08-17T00:26:43.357794Z,0,0,495,176,0
2026-08-17T00:26:43.3627797Z,0,0,495,176,0
2026-08-17T00:26:43.3675504Z,0,0,495,176,0
2026-08-17T00:26:43.3727558Z,0,0,495,176,0
2026-08-17T00:26:43.3779659Z,0,0,495,176,0
2026-08-17T00:26:43.3826659Z,0,0,495,176,0
2026-08-17T00:26:43.3878132Z,0,0,495,176,0
2026-08-17T00:26:43.3926486Z,0,0,495,176,0
2026-08-17T00:26:43.3977608Z,0,0,495,176,0
2026-08-17T00:26:43.4028441Z,0,0,495,176,0
2026-08-17T00:26:43.4076217Z,0,0,495,176,0
2026-08-17T00:26:43.4129012Z,0,0,495,176,0
2026-08-17T00:26:43.417423Z,0,0,495,176,0
2026-08-17T00:26:43.4226713Z,0,0,495,176,0
2026-08-17T00:26:43.4275174Z,0,0,495,176,0
2026-08-17T00:26:43.4324668Z,0,0,495,176,0
2026-08-17T00:26:43.4378422Z,0,0,495,176,0
2026-08-17T00:26:43.4426221Z,0,0,495,176,0
2026-08-17T00:26:43.4479177Z,0,0,495,176,0
2026-08-17T00:26:43.4528543Z,0,0,495,176,0
2026-08-17T00:26:43.4576716Z,0,0,495,176,0
2026-08-17T00:26:43.4629126Z,0,0,495,176,0
2026-08-17T00:26:43.4675945Z,0,0,495,176,0
2026-08-17T00:26:43.4727369Z,0,0,495,176,0
2026-08-17T00:26:43.4775622Z,0,0,495,176,0
2026-08-17T00:26:43.4829008Z,0,0,495,176,0
2026-08-17T00:26:43.4881459Z,0,0,495,176,0
2026-08-17T00:26:43.4929646Z,0,0,495,176,0
2026-08-17T00:26:43.4976735Z,0,0,495,176,0
2026-08-17T00:26:43.5028486Z,0,0,495,176,0
2026-08-17T00:26:43.5078309Z,0,0,495,176,0
2026-08-17T00:26:43.5126651Z,0,0,495,176,0
2026-08-17T00:26:43.5174587Z,0,0,495,176,0
2026-08-17T00:26:43.5226282Z,0,0,495,176,0
2026-08-17T00:26:43.5283689Z,0,0,495,176,0
2026-08-17T00:26:43.5329227Z,0,0,495,176,0
2026-08-17T00:26:43.5377834Z,0,0,495,176,0
2026-08-17T00:26:43.542955Z,0,0,495,176,0
2026-08-17T00:26:43.5475236Z,0,0,495,176,0
2026-08-17T00:26:43.5526131Z,0,0,495,176,0
2026-08-17T00:26:43.5576496Z,0,0,495,176,0
2026-08-17T00:26:43.5629641Z,0,0,495,176,0
2026-08-17T00:26:43.5676814Z,0,0,495,176,0
2026-08-17T00:26:43.5729222Z,0,0,495,176,0
2026-08-17T00:26:43.5780629Z,0,0,495,176,0
2026-08-17T00:26:43.5826151Z,0,0,495,176,0
2026-08-17T00:26:43.5880552Z,0,0,495,176,0
2026-08-17T00:26:43.5930683Z,0,0,495,176,0
2026-08-17T00:26:43.598032Z,0,0,495,176,0
2026-08-17T00:26:43.6031516Z,0,0,495,176,0
2026-08-17T00:26:43.6079273Z,0,0,495,176,0
2026-08-17T00:26:43.6131228Z,0,0,495,176,0
2026-08-17T00:26:43.6178227Z,0,0,495,176,0
2026-08-17T00:26:43.622788Z,0,0,495,176,0
2026-08-17T00:26:43.6275829Z,0,0,495,176,0
2026-08-17T00:26:43.633152Z,0,0,495,176,0
2026-08-17T00:26:43.6381631Z,0,0,495,176,0
2026-08-17T00:26:43.6432522Z,0,0,495,176,0
2026-08-17T00:26:43.6475249Z,0,0,495,176,0
2026-08-17T00:26:43.6532201Z,0,0,495,176,0
2026-08-17T00:26:43.6578693Z,0,0,495,176,0
2026-08-17T00:26:43.6626084Z,0,0,495,176,0
2026-08-17T00:26:43.6676793Z,0,0,495,176,0
2026-08-17T00:26:43.6729359Z,0,0,495,176,0
2026-08-17T00:26:43.6780703Z,0,0,495,176,0
2026-08-17T00:26:43.6832628Z,0,0,495,176,0
2026-08-17T00:26:43.6881575Z,0,0,495,176,0
2026-08-17T00:26:43.6929509Z,0,0,495,176,0
2026-08-17T00:26:43.6981346Z,0,0,495,176,0
2026-08-17T00:26:43.7033005Z,0,0,495,176,0
2026-08-17T00:26:43.7075071Z,0,0,495,176,0
2026-08-17T00:26:43.7129235Z,0,0,495,176,0
2026-08-17T00:26:43.7180184Z,0,0,495,176,0
2026-08-17T00:26:43.7233434Z,0,0,495,176,0
2026-08-17T00:26:43.7279015Z,0,0,495,176,0
2026-08-17T00:26:43.7333321Z,0,0,495,176,0
2026-08-17T00:26:43.7380738Z,0,0,495,176,0
2026-08-17T00:26:43.7433138Z,0,0,495,176,0
2026-08-17T00:26:43.7475577Z,0,0,495,176,0
2026-08-17T00:26:43.7527793Z,0,0,495,176,0
2026-08-17T00:26:43.7584333Z,0,0,495,176,0
2026-08-17T00:26:43.7630186Z,0,0,495,176,0
2026-08-17T00:26:43.7678294Z,0,0,495,176,0
2026-08-17T00:26:43.7728005Z,0,0,495,176,0
2026-08-17T00:26:43.7779396Z,0,0,495,176,0
2026-08-17T00:26:43.7826713Z,0,0,495,176,0
2026-08-17T00:26:43.7876055Z,0,0,495,176,0
2026-08-17T00:26:43.7935117Z,0,0,495,176,0
2026-08-17T00:26:43.7980122Z,0,0,495,176,0
2026-08-17T00:26:43.8026986Z,0,0,495,176,0
2026-08-17T00:26:43.8074581Z,0,0,495,176,0
2026-08-17T00:26:43.813181Z,0,0,495,176,0
2026-08-17T00:26:43.8178186Z,0,0,495,176,0
2026-08-17T00:26:43.8225737Z,0,0,495,176,0
2026-08-17T00:26:43.8279195Z,0,0,495,176,0
2026-08-17T00:26:43.8328168Z,0,0,495,176,0
2026-08-17T00:26:43.8377943Z,0,0,495,176,0
2026-08-17T00:26:43.8425141Z,0,0,495,176,0
2026-08-17T00:26:43.8479285Z,0,0,495,176,0
2026-08-17T00:26:43.8529434Z,0,0,495,176,0
2026-08-17T00:26:43.8575726Z,0,0,495,176,0
2026-08-17T00:26:43.8628968Z,0,0,495,176,0
2026-08-17T00:26:43.8675402Z,0,0,495,176,0
2026-08-17T00:26:43.8726537Z,0,0,495,176,0
2026-08-17T00:26:43.878033Z,0,0,495,176,0
2026-08-17T00:26:43.8829387Z,0,0,495,176,0
2026-08-17T00:26:43.8879267Z,0,0,495,176,0
2026-08-17T00:26:43.8926444Z,0,0,495,176,0
2026-08-17T00:26:43.8979066Z,0,0,495,176,0
2026-08-17T00:26:43.902995Z,0,0,495,176,0
2026-08-17T00:26:43.9075952Z,0,0,495,176,0
2026-08-17T00:26:43.9127982Z,0,0,495,176,0
2026-08-17T00:26:43.9173881Z,0,0,495,176,0
2026-08-17T00:26:43.9228124Z,0,0,495,176,0
2026-08-17T00:26:43.9281645Z,0,0,495,176,0
2026-08-17T00:26:43.9334085Z,0,0,495,176,0
2026-08-17T00:26:43.9379126Z,0,0,495,176,0
2026-08-17T00:26:43.942583Z,0,0,495,176,0
2026-08-17T00:26:43.9480112Z,0,0,495,176,0
2026-08-17T00:26:43.9529257Z,0,0,495,176,0
2026-08-17T00:26:43.9575475Z,0,0,495,176,0
2026-08-17T00:26:43.9628866Z,0,0,495,176,0
2026-08-17T00:26:43.9674965Z,0,0,495,176,0
2026-08-17T00:26:43.9727414Z,0,0,495,176,0
2026-08-17T00:26:43.9781287Z,0,0,495,176,0
2026-08-17T00:26:43.9828436Z,0,0,495,176,0
2026-08-17T00:26:43.9877965Z,0,0,495,176,0
2026-08-17T00:26:43.9933567Z,0,0,495,176,0
2026-08-17T00:26:43.9979205Z,0,0,495,176,0
2026-08-17T00:26:44.0025989Z,0,0,495,176,0
2026-08-17T00:26:44.0077304Z,0,0,495,176,0
2026-08-17T00:26:44.0130247Z,0,0,495,176,0
2026-08-17T00:26:44.0179671Z,0,0,495,176,0
2026-08-17T00:26:44.0267315Z,0,0,495,176,0
2026-08-17T00:26:44.0277031Z,0,0,495,176,0
2026-08-17T00:26:44.0329162Z,0,0,495,176,0
2026-08-17T00:26:44.0381326Z,0,0,495,176,0
2026-08-17T00:26:44.0432071Z,0,0,495,176,0
2026-08-17T00:26:44.0478402Z,0,0,495,176,0
2026-08-17T00:26:44.0529145Z,0,0,495,176,0
2026-08-17T00:26:44.0576905Z,0,0,495,176,0
2026-08-17T00:26:44.0627503Z,0,0,495,176,0
2026-08-17T00:26:44.0675416Z,0,0,495,176,0
2026-08-17T00:26:44.0726745Z,0,0,495,176,0
2026-08-17T00:26:44.0777573Z,0,0,495,176,0
2026-08-17T00:26:44.0829233Z,0,0,495,176,0
2026-08-17T00:26:44.0878101Z,0,0,495,176,0
2026-08-17T00:26:44.092979Z,0,0,495,176,0
2026-08-17T00:26:44.0977444Z,0,0,495,176,0
2026-08-17T00:26:44.1027219Z,0,0,495,176,0
2026-08-17T00:26:44.1079186Z,0,0,495,176,0
2026-08-17T00:26:44.1130745Z,0,0,495,176,0
2026-08-17T00:26:44.1178863Z,0,0,495,176,0
2026-08-17T00:26:44.1225218Z,0,0,495,176,0
2026-08-17T00:26:44.1277479Z,0,0,495,176,0
2026-08-17T00:26:44.1329341Z,0,0,495,176,0
2026-08-17T00:26:44.1378688Z,0,0,495,176,0
2026-08-17T00:26:44.1430409Z,0,0,495,176,0
2026-08-17T00:26:44.1475676Z,0,0,495,176,0
2026-08-17T00:26:44.1525906Z,0,0,495,176,0
2026-08-17T00:26:44.1577512Z,0,0,495,176,0
2026-08-17T00:26:44.1629233Z,0,0,495,176,0
2026-08-17T00:26:44.1677877Z,0,0,495,176,0
2026-08-17T00:26:44.172651Z,0,0,495,176,0
2026-08-17T00:26:44.1778641Z,0,0,495,176,0
2026-08-17T00:26:44.1830244Z,0,0,495,176,0
2026-08-17T00:26:44.188153Z,0,0,495,176,0
2026-08-17T00:26:44.192929Z,0,0,495,176,0
2026-08-17T00:26:44.1982468Z,0,0,495,176,0
2026-08-17T00:26:44.2026475Z,0,0,495,176,0
2026-08-17T00:26:44.2079011Z,0,0,495,176,0
2026-08-17T00:26:44.2125554Z,0,0,495,176,0
2026-08-17T00:26:44.2179308Z,0,0,495,176,0
2026-08-17T00:26:44.2227901Z,0,0,495,176,0
2026-08-17T00:26:44.2277565Z,0,0,495,176,0
2026-08-17T00:26:44.2329871Z,0,0,495,176,0
2026-08-17T00:26:44.2379433Z,0,0,495,176,0
2026-08-17T00:26:44.242605Z,0,0,495,176,0
2026-08-17T00:26:44.2479636Z,0,0,495,176,0
2026-08-17T00:26:44.2527017Z,0,0,495,176,0
2026-08-17T00:26:44.2579541Z,0,0,495,176,0
2026-08-17T00:26:44.2626276Z,0,0,495,176,0
2026-08-17T00:26:44.2677979Z,0,0,495,176,0
2026-08-17T00:26:44.2725426Z,0,0,495,176,0
2026-08-17T00:26:44.2779649Z,0,0,495,176,0
2026-08-17T00:26:44.2826432Z,0,0,495,176,0
2026-08-17T00:26:44.2876049Z,0,0,495,176,0
2026-08-17T00:26:44.2925788Z,0,0,495,176,0
2026-08-17T00:26:44.2977559Z,0,0,495,176,0
2026-08-17T00:26:44.3027714Z,0,0,495,176,0
2026-08-17T00:26:44.307809Z,0,0,495,176,0
2026-08-17T00:26:44.3129458Z,0,0,495,176,0
2026-08-17T00:26:44.3179416Z,0,0,495,176,0
2026-08-17T00:26:44.3229413Z,0,0,495,176,0
2026-08-17T00:26:44.3279423Z,0,0,495,176,0
2026-08-17T00:26:44.3327447Z,0,0,495,176,0
2026-08-17T00:26:44.3378291Z,0,0,495,176,0
2026-08-17T00:26:44.3429704Z,0,0,495,176,0
2026-08-17T00:26:44.3479968Z,0,0,495,176,0
2026-08-17T00:26:44.3530882Z,0,0,495,176,0
2026-08-17T00:26:44.3577875Z,0,0,495,176,0
2026-08-17T00:26:44.3626553Z,0,0,495,176,0
2026-08-17T00:26:44.3678202Z,0,0,495,176,0
2026-08-17T00:26:44.3725722Z,0,0,495,176,0
2026-08-17T00:26:44.3775937Z,0,0,495,176,0
2026-08-17T00:26:44.3827467Z,0,0,495,176,0
2026-08-17T00:26:44.3879705Z,0,0,495,176,0
2026-08-17T00:26:44.3927124Z,0,0,495,176,0
2026-08-17T00:26:44.3977896Z,0,0,495,176,0
2026-08-17T00:26:44.4026469Z,0,0,495,176,0
2026-08-17T00:26:44.4078255Z,0,0,495,176,0
2026-08-17T00:26:44.4129538Z,0,0,495,176,0
2026-08-17T00:26:44.417786Z,0,0,495,176,0
2026-08-17T00:26:44.422727Z,0,0,495,176,0
2026-08-17T00:26:44.4277577Z,0,0,495,176,0
2026-08-17T00:26:44.4329163Z,0,0,495,176,0
2026-08-17T00:26:44.4377024Z,0,0,495,176,0
2026-08-17T00:26:44.4428011Z,0,0,495,176,0
2026-08-17T00:26:44.4479747Z,0,0,495,176,0
2026-08-17T00:26:44.4528058Z,0,0,495,176,0
2026-08-17T00:26:44.4580228Z,0,0,495,176,0
2026-08-17T00:26:44.4630082Z,0,0,495,176,0
2026-08-17T00:26:44.4676498Z,0,0,495,176,0
2026-08-17T00:26:44.4727241Z,0,0,495,176,0
2026-08-17T00:26:44.4779037Z,0,0,495,176,0
2026-08-17T00:26:44.4825588Z,0,0,495,176,0
2026-08-17T00:26:44.4878106Z,0,0,495,176,0
2026-08-17T00:26:44.4930106Z,0,0,495,176,0
2026-08-17T00:26:44.4979846Z,0,0,495,176,0
2026-08-17T00:26:44.502701Z,0,0,495,176,0
2026-08-17T00:26:44.5079476Z,0,0,495,176,0
2026-08-17T00:26:44.5126768Z,0,0,495,176,0
2026-08-17T00:26:44.517717Z,0,0,495,176,0
2026-08-17T00:26:44.5227325Z,0,0,495,176,0
2026-08-17T00:26:44.5282961Z,0,0,495,176,0
2026-08-17T00:26:44.5335797Z,0,0,495,176,0
2026-08-17T00:26:44.5382684Z,0,0,495,176,0
2026-08-17T00:26:44.5429473Z,0,0,495,176,0
2026-08-17T00:26:44.5476349Z,0,0,495,176,0
2026-08-17T00:26:44.5526384Z,0,0,495,176,0
2026-08-17T00:26:44.5578077Z,0,0,495,176,0
2026-08-17T00:26:44.5629841Z,0,0,495,176,0
2026-08-17T00:26:44.5675271Z,0,0,495,176,0
2026-08-17T00:26:44.5726937Z,0,0,495,176,0
2026-08-17T00:26:44.5779274Z,0,0,495,176,0
2026-08-17T00:26:44.582574Z,0,0,495,176,0
2026-08-17T00:26:44.5877907Z,0,0,495,176,0
2026-08-17T00:26:44.5929418Z,0,0,495,176,0
2026-08-17T00:26:44.598287Z,0,0,495,176,0
2026-08-17T00:26:44.6026316Z,0,0,495,176,0
2026-08-17T00:26:44.6077667Z,0,0,495,176,0
2026-08-17T00:26:44.6129746Z,0,0,495,176,0
2026-08-17T00:26:44.6178416Z,0,0,495,176,0
2026-08-17T00:26:44.6228517Z,0,0,495,176,0
2026-08-17T00:26:44.6277614Z,0,0,495,176,0
2026-08-17T00:26:44.6329275Z,0,0,495,176,0
2026-08-17T00:26:44.6379172Z,0,0,495,176,0
2026-08-17T00:26:44.6426183Z,0,0,495,176,0
2026-08-17T00:26:44.647892Z,0,0,495,176,0
2026-08-17T00:26:44.6530655Z,0,0,495,176,0
2026-08-17T00:26:44.6577685Z,0,0,495,176,0
2026-08-17T00:26:44.6628889Z,0,0,495,176,0
2026-08-17T00:26:44.6679096Z,0,0,495,176,0
2026-08-17T00:26:44.6727528Z,0,0,495,176,0
2026-08-17T00:26:44.6780203Z,0,0,495,176,0
2026-08-17T00:26:44.6827118Z,0,0,495,176,0
2026-08-17T00:26:44.6881761Z,0,0,495,176,0
2026-08-17T00:26:44.6929456Z,0,0,495,176,0
2026-08-17T00:26:44.6982806Z,0,0,495,176,0
2026-08-17T00:26:44.7029072Z,0,0,495,176,0
2026-08-17T00:26:44.7076284Z,0,0,495,176,0
2026-08-17T00:26:44.7128358Z,0,0,495,176,0
2026-08-17T00:26:44.7180111Z,0,0,495,176,0
2026-08-17T00:26:44.7226191Z,0,0,495,176,0
2026-08-17T00:26:44.7277821Z,0,0,495,176,0
2026-08-17T00:26:44.7328467Z,0,0,495,176,0
2026-08-17T00:26:44.7378743Z,0,0,495,176,0
2026-08-17T00:26:44.7430507Z,0,0,495,176,0
2026-08-17T00:26:44.7483228Z,0,0,495,176,0
2026-08-17T00:26:44.7526139Z,0,0,495,176,0
2026-08-17T00:26:44.7583108Z,0,0,495,176,0
2026-08-17T00:26:44.763028Z,0,0,495,176,0
2026-08-17T00:26:44.7678754Z,0,0,495,176,0
2026-08-17T00:26:44.7726395Z,0,0,495,176,0
2026-08-17T00:26:44.777878Z,0,0,495,176,0
2026-08-17T00:26:44.7826887Z,0,0,495,176,0
2026-08-17T00:26:44.7878542Z,0,0,495,176,0
2026-08-17T00:26:44.7926234Z,0,0,495,176,0
2026-08-17T00:26:44.7978351Z,0,0,495,176,0
2026-08-17T00:26:44.8027977Z,0,0,495,176,0
2026-08-17T00:26:44.8075638Z,0,0,495,176,0
2026-08-17T00:26:44.8125782Z,0,0,495,176,0
2026-08-17T00:26:44.8179028Z,0,0,495,176,0
2026-08-17T00:26:44.8231205Z,0,0,495,176,0
2026-08-17T00:26:44.8282083Z,0,0,495,176,0
2026-08-17T00:26:44.8329111Z,0,0,495,176,0
2026-08-17T00:26:44.83778Z,0,0,495,176,0
2026-08-17T00:26:44.8429472Z,0,0,495,176,0
2026-08-17T00:26:44.8476442Z,0,0,495,176,0
2026-08-17T00:26:44.8529849Z,0,0,495,176,0
2026-08-17T00:26:44.8576356Z,0,0,495,176,0
2026-08-17T00:26:44.8629929Z,0,0,495,176,0
2026-08-17T00:26:44.8675119Z,0,0,495,176,0
2026-08-17T00:26:44.8728669Z,0,0,495,176,0
2026-08-17T00:26:44.8776574Z,0,0,495,176,0
2026-08-17T00:26:44.8828483Z,0,0,495,176,0
2026-08-17T00:26:44.8882181Z,0,0,495,176,0
2026-08-17T00:26:44.8927115Z,0,0,495,176,0
2026-08-17T00:26:44.8979042Z,0,0,495,176,0
2026-08-17T00:26:44.9029817Z,0,0,495,176,0
2026-08-17T00:26:44.907636Z,0,0,495,176,0
2026-08-17T00:26:44.9128124Z,0,0,495,176,0
2026-08-17T00:26:44.917905Z,0,0,495,176,0
2026-08-17T00:26:44.922728Z,0,0,495,176,0
2026-08-17T00:26:44.9279648Z,0,0,495,176,0
2026-08-17T00:26:44.9326798Z,0,0,495,176,0
2026-08-17T00:26:44.9381562Z,0,0,495,176,0
2026-08-17T00:26:44.9427626Z,0,0,495,176,0
2026-08-17T00:26:44.947529Z,0,0,495,176,0
2026-08-17T00:26:44.952661Z,0,0,495,176,0
2026-08-17T00:26:44.9576899Z,0,0,495,176,0
2026-08-17T00:26:44.9625295Z,0,0,495,176,0
2026-08-17T00:26:44.967903Z,0,0,495,176,0
2026-08-17T00:26:44.9725933Z,0,0,495,176,0
2026-08-17T00:26:44.9777729Z,0,0,495,176,0
2026-08-17T00:26:44.9826456Z,0,0,495,176,0
2026-08-17T00:26:44.9878882Z,0,0,495,176,0
2026-08-17T00:26:44.9926613Z,0,0,495,176,0
2026-08-17T00:26:44.9975008Z,0,0,495,176,0
2026-08-17T00:26:45.0029862Z,0,0,495,176,0
2026-08-17T00:26:45.0078646Z,0,0,495,176,0
2026-08-17T00:26:45.0129513Z,0,0,495,176,0
2026-08-17T00:26:45.0176288Z,0,0,495,176,0
2026-08-17T00:26:45.0228865Z,0,0,495,176,0
2026-08-17T00:26:45.0281449Z,0,0,495,176,0
2026-08-17T00:26:45.0325737Z,0,0,495,176,0
2026-08-17T00:26:45.0376809Z,0,0,495,176,0
2026-08-17T00:26:45.0429658Z,0,0,495,176,0
2026-08-17T00:26:45.0478454Z,0,0,495,176,0
2026-08-17T00:26:45.0530226Z,0,0,495,176,0
2026-08-17T00:26:45.057628Z,0,0,495,176,0
2026-08-17T00:26:45.0628469Z,0,0,495,176,0
2026-08-17T00:26:45.0677318Z,0,0,495,176,0
2026-08-17T00:26:45.072597Z,0,0,495,176,0
2026-08-17T00:26:45.0779477Z,0,0,495,176,0
2026-08-17T00:26:45.0834449Z,0,0,495,176,0
2026-08-17T00:26:45.0879567Z,0,0,495,176,0
2026-08-17T00:26:45.0928772Z,0,0,495,176,0
2026-08-17T00:26:45.0977116Z,0,0,495,176,0
2026-08-17T00:26:45.1028092Z,0,0,495,176,0
2026-08-17T00:26:45.1074508Z,0,0,495,176,0
2026-08-17T00:26:45.1127416Z,0,0,495,176,0
2026-08-17T00:26:45.1178989Z,0,0,495,176,0
2026-08-17T00:26:45.1225497Z,0,0,495,176,0
2026-08-17T00:26:45.1275576Z,0,0,495,176,0
2026-08-17T00:26:45.1327545Z,0,0,495,176,0
2026-08-17T00:26:45.1377188Z,0,0,495,176,0
2026-08-17T00:26:45.1428583Z,0,0,495,176,0
2026-08-17T00:26:45.1475257Z,0,0,495,176,0
2026-08-17T00:26:45.1530496Z,0,0,495,176,0
2026-08-17T00:26:45.1577851Z,0,0,495,176,0
2026-08-17T00:26:45.1630263Z,0,0,495,176,0
2026-08-17T00:26:45.1677454Z,0,0,495,176,0
2026-08-17T00:26:45.1729307Z,0,0,495,176,0
2026-08-17T00:26:45.177633Z,0,0,495,176,0
2026-08-17T00:26:45.1828138Z,0,0,495,176,0
2026-08-17T00:26:45.1880663Z,0,0,495,176,0
2026-08-17T00:26:45.1926326Z,0,0,495,176,0
2026-08-17T00:26:45.197926Z,0,0,495,176,0
2026-08-17T00:26:45.2025829Z,0,0,495,176,0
2026-08-17T00:26:45.2077573Z,0,0,495,176,0
2026-08-17T00:26:45.212925Z,0,0,495,176,0
2026-08-17T00:26:45.2176922Z,0,0,495,176,0
2026-08-17T00:26:45.2227398Z,0,0,495,176,0
2026-08-17T00:26:45.2279776Z,0,0,495,176,0
2026-08-17T00:26:45.2327522Z,0,0,495,176,0
2026-08-17T00:26:45.23802Z,0,0,495,176,0
2026-08-17T00:26:45.2427114Z,0,0,495,176,0
2026-08-17T00:26:45.2478902Z,0,0,495,176,0
2026-08-17T00:26:45.253298Z,0,0,495,176,0
2026-08-17T00:26:45.2579923Z,0,0,495,176,0
2026-08-17T00:26:45.2629651Z,0,0,495,176,0
2026-08-17T00:26:45.2674775Z,0,0,495,176,0
2026-08-17T00:26:45.2726307Z,0,0,495,176,0
2026-08-17T00:26:45.2778491Z,0,0,495,176,0
2026-08-17T00:26:45.283066Z,0,0,495,176,0
2026-08-17T00:26:45.2876578Z,0,0,495,176,0
2026-08-17T00:26:45.2930178Z,0,0,495,176,0
2026-08-17T00:26:45.2979068Z,0,0,495,176,0
2026-08-17T00:26:45.3026272Z,0,0,495,176,0
2026-08-17T00:26:45.3078292Z,0,0,495,176,0
2026-08-17T00:26:45.3125144Z,0,0,495,176,0
2026-08-17T00:26:45.3175351Z,0,0,495,176,0
2026-08-17T00:26:45.3227666Z,0,0,495,176,0
2026-08-17T00:26:45.327836Z,0,0,495,176,0
2026-08-17T00:26:45.3326827Z,0,0,495,176,0
2026-08-17T00:26:45.3380923Z,0,0,495,176,0
2026-08-17T00:26:45.3427527Z,0,0,495,176,0
2026-08-17T00:26:45.3479674Z,0,0,495,176,0
2026-08-17T00:26:45.3527293Z,0,0,495,176,0
2026-08-17T00:26:45.3579541Z,0,0,495,176,0
2026-08-17T00:26:45.362749Z,0,0,495,176,0
2026-08-17T00:26:45.3677489Z,0,0,495,176,0
2026-08-17T00:26:45.3725657Z,0,0,495,176,0
2026-08-17T00:26:45.3777973Z,0,0,495,176,0
2026-08-17T00:26:45.3825871Z,0,0,495,176,0
2026-08-17T00:26:45.3881594Z,0,0,495,176,0
2026-08-17T00:26:45.3928822Z,0,0,495,176,0
2026-08-17T00:26:45.3977884Z,0,0,495,176,0
2026-08-17T00:26:45.4030835Z,0,0,495,176,0
2026-08-17T00:26:45.4077633Z,0,0,495,176,0
2026-08-17T00:26:45.4125281Z,0,0,495,176,0
2026-08-17T00:26:45.4177302Z,0,0,495,176,0
2026-08-17T00:26:45.4226881Z,0,0,495,176,0
2026-08-17T00:26:45.4279357Z,0,0,495,176,0
2026-08-17T00:26:45.4329726Z,0,0,495,176,0
2026-08-17T00:26:45.4380231Z,0,0,495,176,0
2026-08-17T00:26:45.4426767Z,0,0,495,176,0
2026-08-17T00:26:45.4479784Z,0,0,495,176,0
2026-08-17T00:26:45.4525233Z,0,0,495,176,0
2026-08-17T00:26:45.4579212Z,0,0,495,176,0
2026-08-17T00:26:45.462569Z,0,0,495,176,0
2026-08-17T00:26:45.4674652Z,0,0,495,176,0
2026-08-17T00:26:45.4726781Z,0,0,495,176,0
2026-08-17T00:26:45.4779109Z,0,0,495,176,0
2026-08-17T00:26:45.4827196Z,0,0,495,176,0
2026-08-17T00:26:45.4880521Z,0,0,495,176,0
2026-08-17T00:26:45.4927725Z,0,0,495,176,0
2026-08-17T00:26:45.4976134Z,0,0,495,176,0
2026-08-17T00:26:45.5027032Z,0,0,495,176,0
2026-08-17T00:26:45.5075798Z,0,0,495,176,0
2026-08-17T00:26:45.512801Z,0,0,495,176,0
2026-08-17T00:26:45.5178258Z,0,0,495,176,0
2026-08-17T00:26:45.5227841Z,0,0,495,176,0
2026-08-17T00:26:45.5276943Z,0,0,495,176,0
2026-08-17T00:26:45.5330958Z,0,0,495,176,0
2026-08-17T00:26:45.5380908Z,0,0,495,176,0
2026-08-17T00:26:45.5427923Z,0,0,495,176,0
2026-08-17T00:26:45.5476071Z,0,0,495,176,0
2026-08-17T00:26:45.5525508Z,0,0,495,176,0
2026-08-17T00:26:45.5577077Z,0,0,495,176,0
2026-08-17T00:26:45.5630533Z,0,0,495,176,0
2026-08-17T00:26:45.5678094Z,0,0,495,176,0
2026-08-17T00:26:45.5726547Z,0,0,495,176,0
2026-08-17T00:26:45.5780263Z,0,0,495,176,0
2026-08-17T00:26:45.5827798Z,0,0,495,176,0
2026-08-17T00:26:45.5880781Z,0,0,495,176,0
2026-08-17T00:26:45.5929326Z,0,0,495,176,0
2026-08-17T00:26:45.59802Z,0,0,495,176,0
2026-08-17T00:26:45.6027306Z,0,0,495,176,0
2026-08-17T00:26:45.6079489Z,0,0,495,176,0
2026-08-17T00:26:45.6125976Z,0,0,495,176,0
2026-08-17T00:26:45.6176785Z,0,0,495,176,0
2026-08-17T00:26:45.6229653Z,0,0,495,176,0
2026-08-17T00:26:45.6276273Z,0,0,495,176,0
2026-08-17T00:26:45.6328351Z,0,0,495,176,0
2026-08-17T00:26:45.6377629Z,0,0,495,176,0
2026-08-17T00:26:45.642936Z,0,0,495,176,0
2026-08-17T00:26:45.6476191Z,0,0,495,176,0
2026-08-17T00:26:45.6528673Z,0,0,495,176,0
2026-08-17T00:26:45.6578769Z,0,0,495,176,0
2026-08-17T00:26:45.6625289Z,0,0,495,176,0
2026-08-17T00:26:45.6679364Z,0,0,495,176,0
2026-08-17T00:26:45.6725967Z,0,0,495,176,0
2026-08-17T00:26:45.6778017Z,0,0,495,176,0
2026-08-17T00:26:45.6824982Z,0,0,495,176,0
2026-08-17T00:26:45.6880569Z,0,0,495,176,0
2026-08-17T00:26:45.6927465Z,0,0,495,176,0
2026-08-17T00:26:45.6974917Z,0,0,495,176,0
2026-08-17T00:26:45.7026837Z,0,0,495,176,0
2026-08-17T00:26:45.7077329Z,0,0,495,176,0
2026-08-17T00:26:45.7129182Z,0,0,495,176,0
2026-08-17T00:26:45.7180425Z,0,0,495,176,0
2026-08-17T00:26:45.7227607Z,0,0,495,176,0
2026-08-17T00:26:45.7276256Z,0,0,495,176,0
2026-08-17T00:26:45.7329689Z,0,0,495,176,0
2026-08-17T00:26:45.7380592Z,0,0,495,176,0
2026-08-17T00:26:45.7427424Z,0,0,495,176,0
2026-08-17T00:26:45.7480138Z,0,0,495,176,0
2026-08-17T00:26:45.7531092Z,0,0,495,176,0
2026-08-17T00:26:45.7578446Z,0,0,495,176,0
2026-08-17T00:26:45.7629248Z,0,0,495,176,0
2026-08-17T00:26:45.7683786Z,0,0,495,176,0
2026-08-17T00:26:45.7725381Z,0,0,495,176,0
2026-08-17T00:26:45.7776731Z,0,0,495,176,0
2026-08-17T00:26:45.7825637Z,0,0,495,176,0
2026-08-17T00:26:45.7882537Z,0,0,495,176,0
2026-08-17T00:26:45.7932867Z,0,0,495,176,0
2026-08-17T00:26:45.7979663Z,0,0,495,176,0
2026-08-17T00:26:45.8026071Z,0,0,495,176,0
2026-08-17T00:26:45.8077043Z,0,0,495,176,0
2026-08-17T00:26:45.8129663Z,0,0,495,176,0
2026-08-17T00:26:45.8177386Z,0,0,495,176,0
2026-08-17T00:26:45.822956Z,0,0,495,176,0
2026-08-17T00:26:45.8279649Z,0,0,495,176,0
2026-08-17T00:26:45.8330431Z,0,0,495,176,0
2026-08-17T00:26:45.8377782Z,0,0,495,176,0
2026-08-17T00:26:45.842968Z,0,0,495,176,0
2026-08-17T00:26:45.8477255Z,0,0,495,176,0
2026-08-17T00:26:45.8528254Z,0,0,495,176,0
2026-08-17T00:26:45.8578608Z,0,0,495,176,0
2026-08-17T00:26:45.8628846Z,0,0,495,176,0
2026-08-17T00:26:45.8674744Z,0,0,495,176,0
2026-08-17T00:26:45.8726555Z,0,0,495,176,0
2026-08-17T00:26:45.8775693Z,0,0,495,176,0
2026-08-17T00:26:45.8828222Z,0,0,495,176,0
2026-08-17T00:26:45.8877513Z,0,0,495,176,0
2026-08-17T00:26:45.8930042Z,0,0,495,176,0
2026-08-17T00:26:45.8977206Z,0,0,495,176,0
2026-08-17T00:26:45.9026138Z,0,0,495,176,0
2026-08-17T00:26:45.907696Z,0,0,495,176,0
2026-08-17T00:26:45.9129523Z,0,0,495,176,0
2026-08-17T00:26:45.9179451Z,0,0,495,176,0
2026-08-17T00:26:45.9229263Z,0,0,495,176,0
2026-08-17T00:26:45.9282103Z,0,0,495,176,0
2026-08-17T00:26:45.9333088Z,0,0,495,176,0
2026-08-17T00:26:45.9379398Z,0,0,495,176,0
2026-08-17T00:26:45.9429299Z,0,0,495,176,0
2026-08-17T00:26:45.9480367Z,0,0,495,176,0
2026-08-17T00:26:45.953097Z,0,0,495,176,0
2026-08-17T00:26:45.9577038Z,0,0,495,176,0
2026-08-17T00:26:45.9635556Z,0,0,495,176,0
2026-08-17T00:26:45.9678059Z,0,0,495,176,0
2026-08-17T00:26:45.9726097Z,0,0,495,176,0
2026-08-17T00:26:45.9779663Z,0,0,495,176,0
2026-08-17T00:26:45.9827705Z,0,0,495,176,0
2026-08-17T00:26:45.9880545Z,0,0,495,176,0
2026-08-17T00:26:45.9930718Z,0,0,495,176,0
2026-08-17T00:26:45.9980911Z,0,0,495,176,0
2026-08-17T00:26:46.0031245Z,0,0,495,176,0
2026-08-17T00:26:46.0077252Z,0,0,495,176,0
2026-08-17T00:26:46.0128225Z,0,0,495,176,0
2026-08-17T00:26:46.0177171Z,0,0,495,176,0
2026-08-17T00:26:46.0229729Z,0,0,495,176,0
2026-08-17T00:26:46.0276628Z,0,0,495,176,0
2026-08-17T00:26:46.0330165Z,0,0,495,176,0
2026-08-17T00:26:46.0381873Z,0,0,495,176,0
2026-08-17T00:26:46.0428273Z,0,0,495,176,0
2026-08-17T00:26:46.0476121Z,0,0,495,176,0
2026-08-17T00:26:46.0531098Z,0,0,495,176,0
2026-08-17T00:26:46.0579194Z,0,0,495,176,0
2026-08-17T00:26:46.0626797Z,0,0,495,176,0
2026-08-17T00:26:46.0682207Z,0,0,495,176,0
2026-08-17T00:26:46.0728375Z,0,0,495,176,0
2026-08-17T00:26:46.0780056Z,0,0,495,176,0
2026-08-17T00:26:46.0826871Z,0,0,495,176,0
2026-08-17T00:26:46.0880575Z,0,0,495,176,0
2026-08-17T00:26:46.0926725Z,0,0,495,176,0
2026-08-17T00:26:46.0979277Z,0,0,495,176,0
2026-08-17T00:26:46.1026923Z,0,0,495,176,0
2026-08-17T00:26:46.1079283Z,0,0,495,176,0
2026-08-17T00:26:46.1126838Z,0,0,495,176,0
2026-08-17T00:26:46.1176527Z,0,0,495,176,0
2026-08-17T00:26:46.1229078Z,0,0,495,176,0
2026-08-17T00:26:46.1277287Z,0,0,495,176,0
2026-08-17T00:26:46.1324488Z,0,0,495,176,0
2026-08-17T00:26:46.1380347Z,0,0,495,176,0
2026-08-17T00:26:46.1426895Z,0,0,495,176,0
2026-08-17T00:26:46.1478481Z,0,0,495,176,0
2026-08-17T00:26:46.1531143Z,0,0,495,176,0
2026-08-17T00:26:46.1577179Z,0,0,495,176,0
2026-08-17T00:26:46.1627391Z,0,0,495,176,0
2026-08-17T00:26:46.1676514Z,0,0,495,176,0
2026-08-17T00:26:46.1725764Z,0,0,495,176,0
2026-08-17T00:26:46.1776241Z,0,0,495,176,0
2026-08-17T00:26:46.1828012Z,0,0,495,176,0
2026-08-17T00:26:46.1879415Z,0,0,495,176,0
2026-08-17T00:26:46.192743Z,0,0,495,176,0
2026-08-17T00:26:46.1975869Z,0,0,495,176,0
2026-08-17T00:26:46.2026371Z,0,0,495,176,0
2026-08-17T00:26:46.2078628Z,0,0,495,176,0
2026-08-17T00:26:46.2125184Z,0,0,495,176,0
2026-08-17T00:26:46.2174733Z,0,0,495,176,0
2026-08-17T00:26:46.2227425Z,0,0,495,176,0
2026-08-17T00:26:46.2276892Z,0,0,495,176,0
2026-08-17T00:26:46.2327826Z,0,0,495,176,0
2026-08-17T00:26:46.23807Z,0,0,495,176,0
2026-08-17T00:26:46.2432936Z,0,0,495,176,0
2026-08-17T00:26:46.2479475Z,0,0,495,176,0
2026-08-17T00:26:46.253005Z,0,0,495,176,0
2026-08-17T00:26:46.2577263Z,0,0,495,176,0
2026-08-17T00:26:46.2625659Z,0,0,495,176,0
2026-08-17T00:26:46.2681875Z,0,0,495,176,0
2026-08-17T00:26:46.2728657Z,0,0,495,176,0
2026-08-17T00:26:46.2775856Z,0,0,495,176,0
2026-08-17T00:26:46.28274Z,0,0,495,176,0
2026-08-17T00:26:46.2879931Z,0,0,495,176,0
2026-08-17T00:26:46.2926185Z,0,0,495,176,0
2026-08-17T00:26:46.2980115Z,0,0,495,176,0
2026-08-17T00:26:46.302639Z,0,0,495,176,0
2026-08-17T00:26:46.3078697Z,0,0,495,176,0
2026-08-17T00:26:46.3125706Z,0,0,495,176,0
2026-08-17T00:26:46.317628Z,0,0,495,176,0
2026-08-17T00:26:46.3226466Z,0,0,495,176,0
2026-08-17T00:26:46.3275932Z,0,0,495,176,0
2026-08-17T00:26:46.332608Z,0,0,495,176,0
2026-08-17T00:26:46.3379858Z,0,0,495,176,0
2026-08-17T00:26:46.3426689Z,0,0,495,176,0
2026-08-17T00:26:46.3478643Z,0,0,495,176,0
2026-08-17T00:26:46.3528938Z,0,0,495,176,0
2026-08-17T00:26:46.3576692Z,0,0,495,176,0
2026-08-17T00:26:46.3629844Z,0,0,495,176,0
2026-08-17T00:26:46.3678971Z,0,0,495,176,0
2026-08-17T00:26:46.3727581Z,0,0,495,176,0
2026-08-17T00:26:46.3779815Z,0,0,495,176,0
2026-08-17T00:26:46.3826593Z,0,0,495,176,0
2026-08-17T00:26:46.3880075Z,0,0,495,176,0
2026-08-17T00:26:46.3927355Z,0,0,495,176,0
2026-08-17T00:26:46.3975221Z,0,0,495,176,0
2026-08-17T00:26:46.4028921Z,0,0,495,176,0
2026-08-17T00:26:46.4076481Z,0,0,495,176,0
2026-08-17T00:26:46.4128476Z,0,0,495,176,0
2026-08-17T00:26:46.4178666Z,0,0,495,176,0
2026-08-17T00:26:46.4226823Z,0,0,495,176,0
2026-08-17T00:26:46.4278777Z,0,0,495,176,0
2026-08-17T00:26:46.4329654Z,0,0,495,176,0
2026-08-17T00:26:46.4379236Z,0,0,495,176,0
2026-08-17T00:26:46.4426009Z,0,0,495,176,0
2026-08-17T00:26:46.4477687Z,0,0,495,176,0
2026-08-17T00:26:46.4533611Z,0,0,495,176,0
2026-08-17T00:26:46.457782Z,0,0,495,176,0
2026-08-17T00:26:46.4626686Z,0,0,495,176,0
2026-08-17T00:26:46.4677443Z,0,0,495,176,0
2026-08-17T00:26:46.4727073Z,0,0,495,176,0
2026-08-17T00:26:46.4778931Z,0,0,495,176,0
2026-08-17T00:26:46.4825452Z,0,0,495,176,0
2026-08-17T00:26:46.4878232Z,0,0,495,176,0
2026-08-17T00:26:46.4924862Z,0,0,495,176,0
2026-08-17T00:26:46.4977466Z,0,0,495,176,0
2026-08-17T00:26:46.5027931Z,0,0,495,176,0
2026-08-17T00:26:46.5075379Z,0,0,495,176,0
2026-08-17T00:26:46.5126843Z,0,0,495,176,0
2026-08-17T00:26:46.5176112Z,0,0,495,176,0
2026-08-17T00:26:46.5227363Z,0,0,495,176,0
2026-08-17T00:26:46.5277647Z,0,0,495,176,0
2026-08-17T00:26:46.5329642Z,0,0,495,176,0
2026-08-17T00:26:46.5381261Z,0,0,495,176,0
2026-08-17T00:26:46.5429957Z,0,0,495,176,0
2026-08-17T00:26:46.5477013Z,0,0,495,176,0
2026-08-17T00:26:46.552599Z,0,0,495,176,0
2026-08-17T00:26:46.5577598Z,0,0,495,176,0
2026-08-17T00:26:46.5625412Z,0,0,495,176,0
2026-08-17T00:26:46.5682822Z,0,0,495,176,0
2026-08-17T00:26:46.5728898Z,0,0,495,176,0
2026-08-17T00:26:46.577557Z,0,0,495,176,0
2026-08-17T00:26:46.5828495Z,0,0,495,176,0
2026-08-17T00:26:46.5876317Z,0,0,495,176,0
2026-08-17T00:26:46.5927824Z,0,0,495,176,0
2026-08-17T00:26:46.5979089Z,0,0,495,176,0
2026-08-17T00:26:46.6027383Z,0,0,495,176,0
2026-08-17T00:26:46.6075103Z,0,0,495,176,0
2026-08-17T00:26:46.6125868Z,0,0,495,176,0
2026-08-17T00:26:46.6178185Z,0,0,495,176,0
2026-08-17T00:26:46.6230761Z,0,0,495,176,0
2026-08-17T00:26:46.6278983Z,0,0,495,176,0
2026-08-17T00:26:46.6326919Z,0,0,495,176,0
2026-08-17T00:26:46.6379361Z,0,0,495,176,0
2026-08-17T00:26:46.6426342Z,0,0,495,176,0
2026-08-17T00:26:46.6478732Z,0,0,495,176,0
2026-08-17T00:26:46.6531552Z,0,0,495,176,0
2026-08-17T00:26:46.6578383Z,0,0,495,176,0
2026-08-17T00:26:46.6629413Z,0,0,495,176,0
2026-08-17T00:26:46.6682124Z,0,0,495,176,0
2026-08-17T00:26:46.6728864Z,0,0,495,176,0
2026-08-17T00:26:46.6775494Z,0,0,495,176,0
2026-08-17T00:26:46.6827286Z,0,0,495,176,0
2026-08-17T00:26:46.6879741Z,0,0,495,176,0
2026-08-17T00:26:46.6927888Z,0,0,495,176,0
2026-08-17T00:26:46.6975773Z,0,0,495,176,0
2026-08-17T00:26:46.7029546Z,0,0,495,176,0
2026-08-17T00:26:46.7076162Z,0,0,495,176,0
2026-08-17T00:26:46.7127878Z,0,0,495,176,0
2026-08-17T00:26:46.7174824Z,0,0,495,176,0
2026-08-17T00:26:46.7225274Z,0,0,495,176,0
2026-08-17T00:26:46.7277644Z,0,0,495,176,0
2026-08-17T00:26:46.7325159Z,0,0,495,176,0
2026-08-17T00:26:46.7378747Z,0,0,495,176,0
2026-08-17T00:26:46.7425518Z,0,0,495,176,0
2026-08-17T00:26:46.7477208Z,0,0,495,176,0
2026-08-17T00:26:46.7530996Z,0,0,495,176,0
2026-08-17T00:26:46.7578099Z,0,0,495,176,0
2026-08-17T00:26:46.7628305Z,0,0,495,176,0
2026-08-17T00:26:46.7683724Z,0,0,495,176,0
2026-08-17T00:26:46.7729808Z,0,0,495,176,0
2026-08-17T00:26:46.7776446Z,0,0,495,176,0
2026-08-17T00:26:46.7827884Z,0,0,495,176,0
2026-08-17T00:26:46.7879019Z,0,0,495,176,0
2026-08-17T00:26:46.7925764Z,0,0,495,176,0
2026-08-17T00:26:46.7977928Z,0,0,495,176,0
2026-08-17T00:26:46.8030602Z,0,0,495,176,0
2026-08-17T00:26:46.8077299Z,0,0,495,176,0
2026-08-17T00:26:46.8128499Z,0,0,495,176,0
2026-08-17T00:26:46.8175743Z,0,0,495,176,0
2026-08-17T00:26:46.8228158Z,0,0,495,176,0
2026-08-17T00:26:46.8279256Z,0,0,495,176,0
2026-08-17T00:26:46.8325149Z,0,0,495,176,0
2026-08-17T00:26:46.8375012Z,0,0,495,176,0
2026-08-17T00:26:46.8426619Z,0,0,495,176,0
2026-08-17T00:26:46.8478496Z,0,0,495,176,0
2026-08-17T00:26:46.852579Z,0,0,495,176,0
2026-08-17T00:26:46.8578273Z,0,0,495,176,0
2026-08-17T00:26:46.8627934Z,0,0,495,176,0
2026-08-17T00:26:46.8674254Z,0,0,495,176,0
2026-08-17T00:26:46.8725826Z,0,0,495,176,0
2026-08-17T00:26:46.8776244Z,0,0,495,176,0
2026-08-17T00:26:46.8827601Z,0,0,495,176,0
2026-08-17T00:26:46.8882069Z,0,0,495,176,0
2026-08-17T00:26:46.892672Z,0,0,495,176,0
2026-08-17T00:26:46.8978957Z,0,0,495,176,0
2026-08-17T00:26:46.9026967Z,0,0,495,176,0
2026-08-17T00:26:46.907903Z,0,0,495,176,0
2026-08-17T00:26:46.9125506Z,0,0,495,176,0
2026-08-17T00:26:46.9175347Z,0,0,495,176,0
2026-08-17T00:26:46.9227065Z,0,0,495,176,0
2026-08-17T00:26:46.9278626Z,0,0,495,176,0
2026-08-17T00:26:46.9327213Z,0,0,495,176,0
2026-08-17T00:26:46.9378685Z,0,0,495,176,0
2026-08-17T00:26:46.9425047Z,0,0,495,176,0
2026-08-17T00:26:46.9475449Z,0,0,495,176,0
2026-08-17T00:26:46.953145Z,0,0,495,176,0
2026-08-17T00:26:46.9576308Z,0,0,495,176,0
2026-08-17T00:26:46.9627584Z,0,0,495,176,0
2026-08-17T00:26:46.9681812Z,0,0,495,176,0
2026-08-17T00:26:46.972808Z,0,0,495,176,0
2026-08-17T00:26:46.9779525Z,0,0,495,176,0
2026-08-17T00:26:46.9826539Z,0,0,495,176,0
2026-08-17T00:26:46.988091Z,0,0,495,176,0
2026-08-17T00:26:46.9927834Z,0,0,495,176,0
2026-08-17T00:26:46.9975024Z,0,0,495,176,0
2026-08-17T00:26:47.0034199Z,0,0,495,176,0
2026-08-17T00:26:47.0076092Z,0,0,495,176,0
2026-08-17T00:26:47.0127766Z,0,0,495,176,0
2026-08-17T00:26:47.0179396Z,0,0,495,176,0
2026-08-17T00:26:47.0226019Z,0,0,495,176,0
2026-08-17T00:26:47.027954Z,0,0,495,176,0
2026-08-17T00:26:47.032831Z,0,0,495,176,0
2026-08-17T00:26:47.0380789Z,0,0,495,176,0
2026-08-17T00:26:47.0429523Z,0,0,495,176,0
2026-08-17T00:26:47.0476939Z,0,0,495,176,0
2026-08-17T00:26:47.0529526Z,0,0,495,176,0
2026-08-17T00:26:47.0575939Z,0,0,495,176,0
2026-08-17T00:26:47.0628768Z,0,0,495,176,0
2026-08-17T00:26:47.0675882Z,0,0,495,176,0
2026-08-17T00:26:47.0729386Z,0,0,495,176,0
2026-08-17T00:26:47.0776654Z,0,0,495,176,0
2026-08-17T00:26:47.0828677Z,0,0,495,176,0
2026-08-17T00:26:47.0878328Z,0,0,495,176,0
2026-08-17T00:26:47.0929693Z,0,0,495,176,0
2026-08-17T00:26:47.0976608Z,0,0,495,176,0
2026-08-17T00:26:47.102967Z,0,0,495,176,0
2026-08-17T00:26:47.1076737Z,0,0,495,176,0
2026-08-17T00:26:47.1128685Z,0,0,495,176,0
2026-08-17T00:26:47.11767Z,0,0,495,176,0
2026-08-17T00:26:47.1226821Z,0,0,495,176,0
2026-08-17T00:26:47.1281172Z,0,0,495,176,0
2026-08-17T00:26:47.1326744Z,0,0,495,176,0
2026-08-17T00:26:47.1378603Z,0,0,495,176,0
2026-08-17T00:26:47.1425126Z,0,0,495,176,0
2026-08-17T00:26:47.1477193Z,0,0,495,176,0
2026-08-17T00:26:47.1532237Z,0,0,495,176,0
2026-08-17T00:26:47.1578997Z,0,0,495,176,0
2026-08-17T00:26:47.1626909Z,0,0,495,176,0
2026-08-17T00:26:47.1676488Z,0,0,495,176,0
2026-08-17T00:26:47.1729149Z,0,0,495,176,0
2026-08-17T00:26:47.1782809Z,0,0,495,176,0
2026-08-17T00:26:47.1833158Z,0,0,495,176,0
2026-08-17T00:26:47.1881396Z,0,0,495,176,0
2026-08-17T00:26:47.1927752Z,0,0,495,176,0
2026-08-17T00:26:47.1980155Z,0,0,495,176,0
2026-08-17T00:26:47.2031105Z,0,0,495,176,0
2026-08-17T00:26:47.208134Z,0,0,495,176,0
2026-08-17T00:26:47.2127276Z,0,0,495,176,0
2026-08-17T00:26:47.2179203Z,0,0,495,176,0
2026-08-17T00:26:47.2224882Z,0,0,495,176,0
2026-08-17T00:26:47.2276839Z,0,0,495,176,0
2026-08-17T00:26:47.2328536Z,0,0,495,176,0
2026-08-17T00:26:47.2379499Z,0,0,495,176,0
2026-08-17T00:26:47.2431971Z,0,0,495,176,0
2026-08-17T00:26:47.2480172Z,0,0,495,176,0
2026-08-17T00:26:47.2530914Z,0,0,495,176,0
2026-08-17T00:26:47.258255Z,0,0,495,176,0
2026-08-17T00:26:47.2632055Z,0,0,495,176,0
2026-08-17T00:26:47.2680022Z,0,0,495,176,0
2026-08-17T00:26:47.2728121Z,0,0,495,176,0
2026-08-17T00:26:47.2781187Z,0,0,495,176,0
2026-08-17T00:26:47.2828516Z,0,0,495,176,0
2026-08-17T00:26:47.287751Z,0,0,495,176,0
2026-08-17T00:26:47.2929932Z,0,0,495,176,0
2026-08-17T00:26:47.2980359Z,0,0,495,176,0
2026-08-17T00:26:47.302933Z,0,0,495,176,0
2026-08-17T00:26:47.3077856Z,0,0,495,176,0
2026-08-17T00:26:47.313024Z,0,0,495,176,0
2026-08-17T00:26:47.3176438Z,0,0,495,176,0
2026-08-17T00:26:47.3228461Z,0,0,495,176,0
2026-08-17T00:26:47.3282995Z,0,0,495,176,0
2026-08-17T00:26:47.3330486Z,0,0,495,176,0
2026-08-17T00:26:47.3378384Z,0,0,495,176,0
2026-08-17T00:26:47.3425907Z,0,0,495,176,0
2026-08-17T00:26:47.3483243Z,0,0,495,176,0
2026-08-17T00:26:47.3527168Z,0,0,495,176,0
2026-08-17T00:26:47.357788Z,0,0,495,176,0
2026-08-17T00:26:47.3625692Z,0,0,495,176,0
2026-08-17T00:26:47.3676883Z,0,0,495,176,0
2026-08-17T00:26:47.3726061Z,0,0,495,176,0
2026-08-17T00:26:47.378506Z,0,0,495,176,0
2026-08-17T00:26:47.382793Z,0,0,495,176,0
2026-08-17T00:26:47.3877491Z,0,0,495,176,0
2026-08-17T00:26:47.3925782Z,0,0,495,176,0
2026-08-17T00:26:47.3975524Z,0,0,495,176,0
2026-08-17T00:26:47.4024899Z,0,0,495,176,0
2026-08-17T00:26:47.4078395Z,0,0,495,176,0
2026-08-17T00:26:47.4125505Z,0,0,495,176,0
2026-08-17T00:26:47.4174983Z,0,0,495,176,0
2026-08-17T00:26:47.4234429Z,0,0,495,176,0
2026-08-17T00:26:47.4281159Z,0,0,495,176,0
2026-08-17T00:26:47.4332301Z,0,0,495,176,0
2026-08-17T00:26:47.4380411Z,0,0,495,176,0
2026-08-17T00:26:47.4428452Z,0,0,495,176,0
2026-08-17T00:26:47.44771Z,0,0,495,176,0
2026-08-17T00:26:47.4533323Z,0,0,495,176,0
2026-08-17T00:26:47.4576718Z,0,0,495,176,0
2026-08-17T00:26:47.4629933Z,0,0,495,176,0
2026-08-17T00:26:47.4679032Z,0,0,495,176,0
2026-08-17T00:26:47.4727462Z,0,0,495,176,0
2026-08-17T00:26:47.4781174Z,0,0,495,176,0
2026-08-17T00:26:47.4828625Z,0,0,495,176,0
2026-08-17T00:26:47.4877468Z,0,0,495,176,0
2026-08-17T00:26:47.4925799Z,0,0,495,176,0
2026-08-17T00:26:47.4978449Z,0,0,495,176,0
2026-08-17T00:26:47.5031269Z,0,0,495,176,0
2026-08-17T00:26:47.5076728Z,0,0,495,176,0
2026-08-17T00:26:47.5129476Z,0,0,495,176,0
2026-08-17T00:26:47.5175391Z,0,0,495,176,0
2026-08-17T00:26:47.5227259Z,0,0,495,176,0
2026-08-17T00:26:47.5276111Z,0,0,495,176,0
2026-08-17T00:26:47.5328854Z,0,0,495,176,0
2026-08-17T00:26:47.5379722Z,0,0,495,176,0
2026-08-17T00:26:47.5431175Z,0,0,495,176,0
2026-08-17T00:26:47.5476558Z,0,0,495,176,0
2026-08-17T00:26:47.5529926Z,0,0,495,176,0
2026-08-17T00:26:47.5577067Z,0,0,495,176,0
2026-08-17T00:26:47.5633423Z,0,0,495,176,0
2026-08-17T00:26:47.5682286Z,0,0,495,176,0
2026-08-17T00:26:47.5729169Z,0,0,495,176,0
2026-08-17T00:26:47.5776506Z,0,0,495,176,0
2026-08-17T00:26:47.5824662Z,0,0,495,176,0
2026-08-17T00:26:47.5875734Z,0,0,495,176,0
2026-08-17T00:26:47.592893Z,0,0,495,176,0
2026-08-17T00:26:47.5978299Z,0,0,495,176,0
2026-08-17T00:26:47.6033602Z,0,0,495,176,0
2026-08-17T00:26:47.6079495Z,0,0,495,176,0
2026-08-17T00:26:47.6128097Z,0,0,495,176,0
2026-08-17T00:26:47.6177311Z,0,0,495,176,0
2026-08-17T00:26:47.6227319Z,0,0,495,176,0
2026-08-17T00:26:47.6280784Z,0,0,495,176,0
2026-08-17T00:26:47.6329756Z,0,0,495,176,0
2026-08-17T00:26:47.6381435Z,0,0,495,176,0
2026-08-17T00:26:47.6428766Z,0,0,495,176,0
2026-08-17T00:26:47.6481693Z,0,0,495,176,0
2026-08-17T00:26:47.6529186Z,0,0,495,176,0
2026-08-17T00:26:47.6576739Z,0,0,495,176,0
2026-08-17T00:26:47.6629521Z,0,0,495,176,0
2026-08-17T00:26:47.6682565Z,0,0,495,176,0
2026-08-17T00:26:47.6729446Z,0,0,495,176,0
2026-08-17T00:26:47.6776756Z,0,0,495,176,0
2026-08-17T00:26:47.6828563Z,0,0,495,176,0
2026-08-17T00:26:47.6878345Z,0,0,495,176,0
2026-08-17T00:26:47.6929963Z,0,0,495,176,0
2026-08-17T00:26:47.6978169Z,0,0,495,176,0
2026-08-17T00:26:47.7031016Z,0,0,495,176,0
2026-08-17T00:26:47.7081248Z,0,0,495,176,0
2026-08-17T00:26:47.7128267Z,0,0,495,176,0
2026-08-17T00:26:47.717496Z,0,0,495,176,0
2026-08-17T00:26:47.7231833Z,0,0,495,176,0
2026-08-17T00:26:47.7282652Z,0,0,495,176,0
2026-08-17T00:26:47.733318Z,0,0,495,176,0
2026-08-17T00:26:47.7380611Z,0,0,495,176,0
2026-08-17T00:26:47.7429176Z,0,0,495,176,0
2026-08-17T00:26:47.747711Z,0,0,495,176,0
2026-08-17T00:26:47.7528773Z,0,0,495,176,0
2026-08-17T00:26:47.7582073Z,0,0,495,176,0
2026-08-17T00:26:47.7629751Z,0,0,495,176,0
2026-08-17T00:26:47.7677389Z,0,0,495,176,0
2026-08-17T00:26:47.773269Z,0,0,495,176,0
2026-08-17T00:26:47.7775731Z,0,0,495,176,0
2026-08-17T00:26:47.7832517Z,0,0,495,176,0
2026-08-17T00:26:47.7877904Z,0,0,495,176,0
2026-08-17T00:26:47.7928786Z,0,0,495,176,0
2026-08-17T00:26:47.7988421Z,0,0,495,176,0
2026-08-17T00:26:47.802826Z,0,0,495,176,0
2026-08-17T00:26:47.807535Z,0,0,495,176,0
2026-08-17T00:26:47.81288Z,0,0,495,176,0
2026-08-17T00:26:47.8180139Z,0,0,495,176,0
2026-08-17T00:26:47.8228807Z,0,0,495,176,0
2026-08-17T00:26:47.8281084Z,0,0,495,176,0
2026-08-17T00:26:47.8333394Z,0,0,495,176,0
2026-08-17T00:26:47.8376957Z,0,0,495,176,0
2026-08-17T00:26:47.8428678Z,0,0,495,176,0
2026-08-17T00:26:47.8475136Z,0,0,495,176,0
2026-08-17T00:26:47.853208Z,0,0,495,176,0
2026-08-17T00:26:47.8578265Z,0,0,495,176,0
2026-08-17T00:26:47.8630451Z,0,0,495,176,0
2026-08-17T00:26:47.8677529Z,0,0,495,176,0
2026-08-17T00:26:47.8730097Z,0,0,495,176,0
2026-08-17T00:26:47.8777326Z,0,0,495,176,0
2026-08-17T00:26:47.8826445Z,0,0,495,176,0
2026-08-17T00:26:47.8879258Z,0,0,495,176,0
2026-08-17T00:26:47.8929722Z,0,0,495,176,0
2026-08-17T00:26:47.8977587Z,0,0,495,176,0
2026-08-17T00:26:47.9029119Z,0,0,495,176,0
2026-08-17T00:26:47.9076508Z,0,0,495,176,0
2026-08-17T00:26:47.9125425Z,0,0,495,176,0
2026-08-17T00:26:47.9175029Z,0,0,495,176,0
2026-08-17T00:26:47.9229264Z,0,0,495,176,0
2026-08-17T00:26:47.9277907Z,0,0,495,176,0
2026-08-17T00:26:47.9330588Z,0,0,495,176,0
2026-08-17T00:26:47.9380918Z,0,0,495,176,0
2026-08-17T00:26:47.9426457Z,0,0,495,176,0
2026-08-17T00:26:47.9485479Z,0,0,495,176,0
2026-08-17T00:26:47.9527205Z,0,0,495,176,0
2026-08-17T00:26:47.9585391Z,0,0,495,176,0
2026-08-17T00:26:47.9628504Z,0,0,495,176,0
2026-08-17T00:26:47.9676581Z,0,0,495,176,0
2026-08-17T00:26:47.9725133Z,0,0,495,176,0
2026-08-17T00:26:47.9780968Z,0,0,495,176,0
2026-08-17T00:26:47.9832874Z,0,0,495,176,0
2026-08-17T00:26:47.9878402Z,0,0,495,176,0
2026-08-17T00:26:47.9926093Z,0,0,495,176,0
2026-08-17T00:26:47.9977341Z,0,0,495,176,0
2026-08-17T00:26:48.0027272Z,0,0,495,176,0
2026-08-17T00:26:48.0079363Z,0,0,495,176,0
2026-08-17T00:26:48.0126853Z,0,0,495,176,0
2026-08-17T00:26:48.0175665Z,0,0,495,176,0
2026-08-17T00:26:48.0231355Z,0,0,495,176,0
2026-08-17T00:26:48.0278286Z,0,0,495,176,0
2026-08-17T00:26:48.0326235Z,0,0,495,176,0
2026-08-17T00:26:48.0379308Z,0,0,495,176,0
2026-08-17T00:26:48.0426343Z,0,0,495,176,0
2026-08-17T00:26:48.0479673Z,0,0,495,176,0
2026-08-17T00:26:48.0530689Z,0,0,495,176,0
2026-08-17T00:26:48.0578246Z,0,0,495,176,0
2026-08-17T00:26:48.0625701Z,0,0,495,176,0
2026-08-17T00:26:48.0677051Z,0,0,495,176,0
2026-08-17T00:26:48.0730171Z,0,0,495,176,0
2026-08-17T00:26:48.0778327Z,0,0,495,176,0
2026-08-17T00:26:48.0824601Z,0,0,495,176,0
2026-08-17T00:26:48.0877166Z,0,0,495,176,0
2026-08-17T00:26:48.0926666Z,0,0,495,176,0
2026-08-17T00:26:48.0982186Z,0,0,495,176,0
2026-08-17T00:26:48.1030374Z,0,0,495,176,0
2026-08-17T00:26:48.107773Z,0,0,495,176,0
2026-08-17T00:26:48.113033Z,0,0,495,176,0
2026-08-17T00:26:48.1180492Z,0,0,495,176,0
2026-08-17T00:26:48.1230217Z,0,0,495,176,0
2026-08-17T00:26:48.1280585Z,0,0,495,176,0
2026-08-17T00:26:48.1328393Z,0,0,495,176,0
2026-08-17T00:26:48.137798Z,0,0,495,176,0
2026-08-17T00:26:48.142595Z,0,0,495,176,0
2026-08-17T00:26:48.1479012Z,0,0,495,176,0
2026-08-17T00:26:48.1527512Z,0,0,495,176,0
2026-08-17T00:26:48.1576291Z,0,0,495,176,0
2026-08-17T00:26:48.1631536Z,0,0,495,176,0
2026-08-17T00:26:48.1680774Z,0,0,495,176,0
2026-08-17T00:26:48.172851Z,0,0,495,176,0
2026-08-17T00:26:48.1776035Z,0,0,495,176,0
2026-08-17T00:26:48.1833889Z,0,0,495,176,0
2026-08-17T00:26:48.1877911Z,0,0,495,176,0
2026-08-17T00:26:48.1925245Z,0,0,495,176,0
2026-08-17T00:26:48.197794Z,0,0,495,176,0
2026-08-17T00:26:48.202748Z,0,0,495,176,0
2026-08-17T00:26:48.2079015Z,0,0,495,176,0
2026-08-17T00:26:48.2126318Z,0,0,495,176,0
2026-08-17T00:26:48.2176312Z,0,0,495,176,0
2026-08-17T00:26:48.2228892Z,0,0,495,176,0
2026-08-17T00:26:48.2277428Z,0,0,495,176,0
2026-08-17T00:26:48.2326393Z,0,0,495,176,0
2026-08-17T00:26:48.2378861Z,0,0,495,176,0
2026-08-17T00:26:48.2425991Z,0,0,495,176,0
2026-08-17T00:26:48.2478658Z,0,0,495,176,0
2026-08-17T00:26:48.2530986Z,0,0,495,176,0
2026-08-17T00:26:48.257814Z,0,0,495,176,0
2026-08-17T00:26:48.2625717Z,0,0,495,176,0
2026-08-17T00:26:48.2677914Z,0,0,495,176,0
2026-08-17T00:26:48.2730073Z,0,0,495,176,0
2026-08-17T00:26:48.2777515Z,0,0,495,176,0
2026-08-17T00:26:48.2829531Z,0,0,495,176,0
2026-08-17T00:26:48.2879502Z,0,0,495,176,0
2026-08-17T00:26:48.2927128Z,0,0,495,176,0
2026-08-17T00:26:48.2979473Z,0,0,495,176,0
2026-08-17T00:26:48.3028083Z,0,0,495,176,0
2026-08-17T00:26:48.3079601Z,0,0,495,176,0
2026-08-17T00:26:48.312709Z,0,0,495,176,0
2026-08-17T00:26:48.3179452Z,0,0,495,176,0
2026-08-17T00:26:48.3229603Z,0,0,495,176,0
2026-08-17T00:26:48.3278629Z,0,0,495,176,0
2026-08-17T00:26:48.3330859Z,0,0,495,176,0
2026-08-17T00:26:48.3377371Z,0,0,495,176,0
2026-08-17T00:26:48.3430025Z,0,0,495,176,0
2026-08-17T00:26:48.347733Z,0,0,495,176,0
2026-08-17T00:26:48.3528241Z,0,0,495,176,0
2026-08-17T00:26:48.3576306Z,0,0,495,176,0
2026-08-17T00:26:48.3633581Z,0,0,495,176,0
2026-08-17T00:26:48.368047Z,0,0,495,176,0
2026-08-17T00:26:48.3727666Z,0,0,495,176,0
2026-08-17T00:26:48.3783288Z,0,0,495,176,0
2026-08-17T00:26:48.3830134Z,0,0,495,176,0
2026-08-17T00:26:48.3877559Z,0,0,495,176,0
2026-08-17T00:26:48.3929206Z,0,0,495,176,0
2026-08-17T00:26:48.3975902Z,0,0,495,176,0
2026-08-17T00:26:48.4028302Z,0,0,495,176,0
2026-08-17T00:26:48.4075024Z,0,0,495,176,0
2026-08-17T00:26:48.4127142Z,0,0,495,176,0
2026-08-17T00:26:48.4174793Z,0,0,495,176,0
2026-08-17T00:26:48.4226658Z,0,0,495,176,0
2026-08-17T00:26:48.4279916Z,0,0,495,176,0
2026-08-17T00:26:48.433013Z,0,0,495,176,0
2026-08-17T00:26:48.4378619Z,0,0,495,176,0
2026-08-17T00:26:48.4426186Z,0,0,495,176,0
2026-08-17T00:26:48.4479338Z,0,0,495,176,0
2026-08-17T00:26:48.4526478Z,0,0,495,176,0
2026-08-17T00:26:48.4584596Z,0,0,495,176,0
2026-08-17T00:26:48.4627842Z,0,0,495,176,0
2026-08-17T00:26:48.4676907Z,0,0,495,176,0
2026-08-17T00:26:48.473531Z,0,0,495,176,0
2026-08-17T00:26:48.4777445Z,0,0,495,176,0
2026-08-17T00:26:48.4825072Z,0,0,495,176,0
2026-08-17T00:26:48.4881086Z,0,0,495,176,0
2026-08-17T00:26:48.4928634Z,0,0,495,176,0
2026-08-17T00:26:48.497587Z,0,0,495,176,0
2026-08-17T00:26:48.5028611Z,0,0,495,176,0
2026-08-17T00:26:48.5076438Z,0,0,495,176,0
2026-08-17T00:26:48.512882Z,0,0,495,176,0
2026-08-17T00:26:48.517936Z,0,0,495,176,0
2026-08-17T00:26:48.5226376Z,0,0,495,176,0
2026-08-17T00:26:48.5276497Z,0,0,495,176,0
2026-08-17T00:26:48.532908Z,0,0,495,176,0
2026-08-17T00:26:48.537865Z,0,0,495,176,0
2026-08-17T00:26:48.542643Z,0,0,495,176,0
2026-08-17T00:26:48.5475775Z,0,0,495,176,0
2026-08-17T00:26:48.5530274Z,0,0,495,176,0
2026-08-17T00:26:48.5576624Z,0,0,495,176,0
2026-08-17T00:26:48.5631184Z,0,0,495,176,0
2026-08-17T00:26:48.5673858Z,0,0,495,176,0
2026-08-17T00:26:48.5727382Z,0,0,495,176,0
2026-08-17T00:26:48.5774962Z,0,0,495,176,0
2026-08-17T00:26:48.582568Z,0,0,495,176,0
2026-08-17T00:26:48.5877047Z,0,0,495,176,0
2026-08-17T00:26:48.5929437Z,0,0,495,176,0
2026-08-17T00:26:48.5977453Z,0,0,495,176,0
2026-08-17T00:26:48.6028799Z,0,0,495,176,0
2026-08-17T00:26:48.6076294Z,0,0,495,176,0
2026-08-17T00:26:48.612902Z,0,0,495,176,0
2026-08-17T00:26:48.6177014Z,0,0,495,176,0
2026-08-17T00:26:48.6229338Z,0,0,495,176,0
2026-08-17T00:26:48.6277496Z,0,0,495,176,0
2026-08-17T00:26:48.63301Z,0,0,495,176,0
2026-08-17T00:26:48.6379453Z,0,0,495,176,0
2026-08-17T00:26:48.6429861Z,0,0,495,176,0
2026-08-17T00:26:48.6477598Z,0,0,495,176,0
2026-08-17T00:26:48.6529397Z,0,0,495,176,0
2026-08-17T00:26:48.6574899Z,0,0,495,176,0
2026-08-17T00:26:48.6627575Z,0,0,495,176,0
2026-08-17T00:26:48.6678265Z,0,0,495,176,0
2026-08-17T00:26:48.6725303Z,0,0,495,176,0
2026-08-17T00:26:48.6776891Z,0,0,495,176,0
2026-08-17T00:26:48.6828215Z,0,0,495,176,0
2026-08-17T00:26:48.6879175Z,0,0,495,176,0
2026-08-17T00:26:48.692612Z,0,0,495,176,0
2026-08-17T00:26:48.698189Z,0,0,495,176,0
2026-08-17T00:26:48.7033025Z,0,0,495,176,0
2026-08-17T00:26:48.7075169Z,0,0,495,176,0
2026-08-17T00:26:48.7127776Z,0,0,495,176,0
2026-08-17T00:26:48.7178851Z,0,0,495,176,0
2026-08-17T00:26:48.7225856Z,0,0,495,176,0
2026-08-17T00:26:48.7279524Z,0,0,495,176,0
2026-08-17T00:26:48.7326585Z,0,0,495,176,0
2026-08-17T00:26:48.7377483Z,0,0,495,176,0
2026-08-17T00:26:48.7426698Z,0,0,495,176,0
2026-08-17T00:26:48.747939Z,0,0,495,176,0
2026-08-17T00:26:48.753139Z,0,0,495,176,0
2026-08-17T00:26:48.7578783Z,0,0,495,176,0
2026-08-17T00:26:48.7631424Z,0,0,495,176,0
2026-08-17T00:26:48.7676033Z,0,0,495,176,0
2026-08-17T00:26:48.7727949Z,0,0,495,176,0
2026-08-17T00:26:48.7780287Z,0,0,495,176,0
2026-08-17T00:26:48.7827226Z,0,0,495,176,0
2026-08-17T00:26:48.7877448Z,0,0,495,176,0
2026-08-17T00:26:48.7932835Z,0,0,495,176,0
2026-08-17T00:26:48.7975872Z,0,0,495,176,0
2026-08-17T00:26:48.8029357Z,0,0,495,176,0
2026-08-17T00:26:48.8076776Z,0,0,495,176,0
2026-08-17T00:26:48.8129679Z,0,0,495,176,0
2026-08-17T00:26:48.8175021Z,0,0,495,176,0
2026-08-17T00:26:48.8232243Z,0,0,495,176,0
2026-08-17T00:26:48.8279979Z,0,0,495,176,0
2026-08-17T00:26:48.8327451Z,0,0,495,176,0
2026-08-17T00:26:48.8378028Z,0,0,495,176,0
2026-08-17T00:26:48.8425474Z,0,0,495,176,0
2026-08-17T00:26:48.8479369Z,0,0,495,176,0
2026-08-17T00:26:48.8533198Z,0,0,495,176,0
2026-08-17T00:26:48.857598Z,0,0,495,176,0
2026-08-17T00:26:48.8629363Z,0,0,495,176,0
2026-08-17T00:26:48.8676053Z,0,0,495,176,0
2026-08-17T00:26:48.8731467Z,0,0,495,176,0
2026-08-17T00:26:48.8783557Z,0,0,495,176,0
2026-08-17T00:26:48.8825556Z,0,0,495,176,0
2026-08-17T00:26:48.8878068Z,0,0,495,176,0
2026-08-17T00:26:48.8926523Z,0,0,495,176,0
2026-08-17T00:26:48.8975264Z,0,0,495,176,0
2026-08-17T00:26:48.9027264Z,0,0,495,176,0
2026-08-17T00:26:48.9077456Z,0,0,495,176,0
2026-08-17T00:26:48.9129607Z,0,0,495,176,0
2026-08-17T00:26:48.9180642Z,0,0,495,176,0
2026-08-17T00:26:48.9232067Z,0,0,495,176,0
2026-08-17T00:26:48.9284038Z,0,0,495,176,0
2026-08-17T00:26:48.932976Z,0,0,495,176,0
2026-08-17T00:26:48.9379278Z,0,0,495,176,0
2026-08-17T00:26:48.9426791Z,0,0,495,176,0
2026-08-17T00:26:48.9475107Z,0,0,495,176,0
2026-08-17T00:26:48.9528022Z,0,0,495,176,0
2026-08-17T00:26:48.9575705Z,0,0,495,176,0
2026-08-17T00:26:48.9630123Z,0,0,495,176,0
2026-08-17T00:26:48.9680692Z,0,0,495,176,0
2026-08-17T00:26:48.9727451Z,0,0,495,176,0
2026-08-17T00:26:48.9775719Z,0,0,495,176,0
2026-08-17T00:26:48.9829237Z,0,0,495,176,0
2026-08-17T00:26:48.9880714Z,0,0,495,176,0
2026-08-17T00:26:48.992813Z,0,0,495,176,0
2026-08-17T00:26:48.9973762Z,0,0,495,176,0
2026-08-17T00:26:49.0024549Z,0,0,495,176,0
2026-08-17T00:26:49.0077246Z,0,0,495,176,0
2026-08-17T00:26:49.0135421Z,0,0,495,176,0
2026-08-17T00:26:49.0178442Z,0,0,495,176,0
2026-08-17T00:26:49.0225888Z,0,0,495,176,0
2026-08-17T00:26:49.0286199Z,0,0,495,176,0
2026-08-17T00:26:49.0328506Z,0,0,495,176,0
2026-08-17T00:26:49.0379052Z,0,0,495,176,0
2026-08-17T00:26:49.0425748Z,0,0,495,176,0
2026-08-17T00:26:49.0478809Z,0,0,495,176,0
2026-08-17T00:26:49.0528317Z,0,0,495,176,0
2026-08-17T00:26:49.0578322Z,0,0,495,176,0
2026-08-17T00:26:49.0629658Z,0,0,495,176,0
2026-08-17T00:26:49.0680355Z,0,0,495,176,0
2026-08-17T00:26:49.0726755Z,0,0,495,176,0
2026-08-17T00:26:49.0782575Z,0,0,495,176,0
2026-08-17T00:26:49.0824323Z,0,0,495,176,0
2026-08-17T00:26:49.0874927Z,0,0,495,176,0
2026-08-17T00:26:49.0928058Z,0,0,495,176,0
2026-08-17T00:26:49.0977905Z,0,0,495,176,0
2026-08-17T00:26:49.1028442Z,0,0,495,176,0
2026-08-17T00:26:49.1080905Z,0,0,495,176,0
2026-08-17T00:26:49.1128231Z,0,0,495,176,0
2026-08-17T00:26:49.1177218Z,0,0,495,176,0
2026-08-17T00:26:49.1226495Z,0,0,495,176,0
2026-08-17T00:26:49.1279567Z,0,0,495,176,0
2026-08-17T00:26:49.1335627Z,0,0,495,176,0
2026-08-17T00:26:49.1380052Z,0,0,495,176,0
2026-08-17T00:26:49.1427843Z,0,0,495,176,0
2026-08-17T00:26:49.1481433Z,0,0,495,176,0
2026-08-17T00:26:49.1528982Z,0,0,495,176,0
2026-08-17T00:26:49.1578524Z,0,0,495,176,0
2026-08-17T00:26:49.162877Z,0,0,495,176,0
2026-08-17T00:26:49.1681033Z,0,0,495,176,0
2026-08-17T00:26:49.1727816Z,0,0,495,176,0
2026-08-17T00:26:49.1775992Z,0,0,495,176,0
2026-08-17T00:26:49.1828282Z,0,0,495,176,0
2026-08-17T00:26:49.1881334Z,0,0,495,176,0
2026-08-17T00:26:49.1928716Z,0,0,495,176,0
2026-08-17T00:26:49.1979523Z,0,0,495,176,0
2026-08-17T00:26:49.2029668Z,0,0,495,176,0
2026-08-17T00:26:49.2077419Z,0,0,495,176,0
2026-08-17T00:26:49.2129412Z,0,0,495,176,0
2026-08-17T00:26:49.2179045Z,0,0,495,176,0
2026-08-17T00:26:49.2226393Z,0,0,495,176,0
2026-08-17T00:26:49.227981Z,0,0,495,176,0
2026-08-17T00:26:49.2327042Z,0,0,495,176,0
2026-08-17T00:26:49.2377469Z,0,0,495,176,0
2026-08-17T00:26:49.2431316Z,0,0,495,176,0
2026-08-17T00:26:49.247883Z,0,0,495,176,0
2026-08-17T00:26:49.252705Z,0,0,495,176,0
2026-08-17T00:26:49.2578949Z,0,0,495,176,0
2026-08-17T00:26:49.26315Z,0,0,495,176,0
2026-08-17T00:26:49.2679602Z,0,0,495,176,0
2026-08-17T00:26:49.2726048Z,0,0,495,176,0
2026-08-17T00:26:49.2778375Z,0,0,495,176,0
2026-08-17T00:26:49.2825317Z,0,0,495,176,0
2026-08-17T00:26:49.2880444Z,0,0,495,176,0
2026-08-17T00:26:49.292784Z,0,0,495,176,0
2026-08-17T00:26:49.2977501Z,0,0,495,176,0
2026-08-17T00:26:49.3033634Z,0,0,495,176,0
2026-08-17T00:26:49.3076063Z,0,0,495,176,0
2026-08-17T00:26:49.3128434Z,0,0,495,176,0
2026-08-17T00:26:49.3179893Z,0,0,495,176,0
2026-08-17T00:26:49.3227766Z,0,0,495,176,0
2026-08-17T00:26:49.3277762Z,0,0,495,176,0
2026-08-17T00:26:49.3330435Z,0,0,495,176,0
2026-08-17T00:26:49.3381196Z,0,0,495,176,0
2026-08-17T00:26:49.342855Z,0,0,495,176,0
2026-08-17T00:26:49.3475997Z,0,0,495,176,0
2026-08-17T00:26:49.3530248Z,0,0,495,176,0
2026-08-17T00:26:49.3577044Z,0,0,495,176,0
2026-08-17T00:26:49.3628149Z,0,0,495,176,0
2026-08-17T00:26:49.3680373Z,0,0,495,176,0
2026-08-17T00:26:49.3726748Z,0,0,495,176,0
2026-08-17T00:26:49.3779328Z,0,0,495,176,0
2026-08-17T00:26:49.3825929Z,0,0,495,176,0
2026-08-17T00:26:49.3879685Z,0,0,495,176,0
2026-08-17T00:26:49.3927253Z,0,0,495,176,0
2026-08-17T00:26:49.3980052Z,0,0,495,176,0
2026-08-17T00:26:49.4027789Z,0,0,495,176,0
2026-08-17T00:26:49.4079747Z,0,0,495,176,0
2026-08-17T00:26:49.4126743Z,0,0,495,176,0
2026-08-17T00:26:49.417608Z,0,0,495,176,0
2026-08-17T00:26:49.4228237Z,0,0,495,176,0
2026-08-17T00:26:49.4276278Z,0,0,495,176,0
2026-08-17T00:26:49.4329209Z,0,0,495,176,0
2026-08-17T00:26:49.4378763Z,0,0,495,176,0
2026-08-17T00:26:49.4425901Z,0,0,495,176,0
2026-08-17T00:26:49.4479217Z,0,0,495,176,0
2026-08-17T00:26:49.4527576Z,0,0,495,176,0
2026-08-17T00:26:49.4575553Z,0,0,495,176,0
2026-08-17T00:26:49.4629357Z,0,0,495,176,0
2026-08-17T00:26:49.4676003Z,0,0,495,176,0
2026-08-17T00:26:49.4763903Z,0,0,495,176,0
2026-08-17T00:26:49.477729Z,0,0,495,176,0
2026-08-17T00:26:49.4825545Z,0,0,495,176,0
2026-08-17T00:26:49.4876683Z,0,0,495,176,0
2026-08-17T00:26:49.4925825Z,0,0,495,176,0
2026-08-17T00:26:49.4976116Z,0,0,495,176,0
2026-08-17T00:26:49.5025829Z,0,0,495,176,0
2026-08-17T00:26:49.507874Z,0,0,495,176,0
2026-08-17T00:26:49.5126006Z,0,0,495,176,0
2026-08-17T00:26:49.5178737Z,0,0,495,176,0
2026-08-17T00:26:49.5229845Z,0,0,495,176,0
2026-08-17T00:26:49.5279817Z,0,0,495,176,0
2026-08-17T00:26:49.532738Z,0,0,495,176,0
2026-08-17T00:26:49.5387298Z,0,0,495,176,0
2026-08-17T00:26:49.5430492Z,0,0,495,176,0
2026-08-17T00:26:49.5478356Z,0,0,495,176,0
2026-08-17T00:26:49.5528493Z,0,0,495,176,0
2026-08-17T00:26:49.5575906Z,0,0,495,176,0
2026-08-17T00:26:49.5628485Z,0,0,495,176,0
2026-08-17T00:26:49.5680436Z,0,0,495,176,0
2026-08-17T00:26:49.5727295Z,0,0,495,176,0
2026-08-17T00:26:49.5779982Z,0,0,495,176,0
2026-08-17T00:26:49.5827094Z,0,0,495,176,0
2026-08-17T00:26:49.587654Z,0,0,495,176,0
2026-08-17T00:26:49.5929233Z,0,0,495,176,0
2026-08-17T00:26:49.597744Z,0,0,495,176,0
2026-08-17T00:26:49.6032569Z,0,0,495,176,0
2026-08-17T00:26:49.6074906Z,0,0,495,176,0
2026-08-17T00:26:49.6128239Z,0,0,495,176,0
2026-08-17T00:26:49.6175759Z,0,0,495,176,0
2026-08-17T00:26:49.6227978Z,0,0,495,176,0
2026-08-17T00:26:49.6277262Z,0,0,495,176,0
2026-08-17T00:26:49.6328918Z,0,0,495,176,0
2026-08-17T00:26:49.6378686Z,0,0,495,176,0
2026-08-17T00:26:49.6426317Z,0,0,495,176,0
2026-08-17T00:26:49.647952Z,0,0,495,176,0
2026-08-17T00:26:49.6525711Z,0,0,495,176,0
2026-08-17T00:26:49.6579297Z,0,0,495,176,0
2026-08-17T00:26:49.6628723Z,0,0,495,176,0
2026-08-17T00:26:49.6678632Z,0,0,495,176,0
2026-08-17T00:26:49.6728506Z,0,0,495,176,0
2026-08-17T00:26:49.6781485Z,0,0,495,176,0
2026-08-17T00:26:49.6827394Z,0,0,495,176,0
2026-08-17T00:26:49.6881293Z,0,0,495,176,0
2026-08-17T00:26:49.6928799Z,0,0,495,176,0
2026-08-17T00:26:49.6976251Z,0,0,495,176,0
2026-08-17T00:26:49.7028324Z,0,0,495,176,0
2026-08-17T00:26:49.7080583Z,0,0,495,176,0
2026-08-17T00:26:49.7128011Z,0,0,495,176,0
2026-08-17T00:26:49.7178527Z,0,0,495,176,0
2026-08-17T00:26:49.7230275Z,0,0,495,176,0
2026-08-17T00:26:49.7275445Z,0,0,495,176,0
2026-08-17T00:26:49.7330117Z,0,0,495,176,0
2026-08-17T00:26:49.7381143Z,0,0,495,176,0
2026-08-17T00:26:49.7427205Z,0,0,495,176,0
2026-08-17T00:26:49.7478734Z,0,0,495,176,0
2026-08-17T00:26:49.7526845Z,0,0,495,176,0
2026-08-17T00:26:49.7578764Z,0,0,495,176,0
2026-08-17T00:26:49.7630971Z,0,0,495,176,0
2026-08-17T00:26:49.7679466Z,0,0,495,176,0
2026-08-17T00:26:49.7726321Z,0,0,495,176,0
